update,steps,return_mean,return_std,best
1,2048,23.51517105102539,12.814209938049316,23.51517105102539
2,4096,34.54039001464844,5.8416852951049805,34.54039001464844
3,6144,36.71715545654297,8.291566848754883,36.71715545654297
4,8192,30.328292846679688,7.709927558898926,36.71715545654297
5,10240,32.46111297607422,4.848909378051758,36.71715545654297
6,12288,26.8724308013916,6.831658363342285,36.71715545654297
7,14336,31.333242416381836,2.86191987991333,36.71715545654297
8,16384,22.449071884155273,3.3983395099639893,36.71715545654297
9,18432,21.82097816467285,3.604184150695801,36.71715545654297
10,20480,20.703794479370117,3.7108817100524902,36.71715545654297
11,22528,21.242013931274414,4.135262966156006,36.71715545654297
12,24576,18.82215690612793,2.9719691276550293,36.71715545654297
13,26624,22.126422882080078,3.419851541519165,36.71715545654297
14,28672,22.222904205322266,0.4865000247955322,36.71715545654297
15,30720,21.77964210510254,1.3520704507827759,36.71715545654297
16,32768,21.036022186279297,1.607189655303955,36.71715545654297
17,34816,22.92630958557129,0.17413826286792755,36.71715545654297
18,36864,20.4046688079834,0.4532450735569,36.71715545654297
19,38912,21.452945709228516,3.4419541358947754,36.71715545654297
20,40960,21.238040924072266,0.6280474066734314,36.71715545654297
21,43008,21.17854881286621,1.2772367000579834,36.71715545654297
22,45056,19.075305938720703,2.1552369594573975,36.71715545654297
23,47104,20.62099838256836,0.8860717415809631,36.71715545654297
24,49152,18.70564842224121,5.026436805725098,36.71715545654297
25,51200,20.934337615966797,1.951318621635437,36.71715545654297
26,53248,21.20748519897461,1.1499634981155396,36.71715545654297
27,55296,18.7790584564209,1.6493849754333496,36.71715545654297
28,57344,17.867225646972656,0.8839972019195557,36.71715545654297
29,59392,18.757291793823242,1.274756669998169,36.71715545654297
30,61440,20.027624130249023,0.9381715059280396,36.71715545654297
31,63488,18.12587547302246,1.0040183067321777,36.71715545654297
32,65536,17.656944274902344,4.306562900543213,36.71715545654297
33,67584,18.291187286376953,1.4079331159591675,36.71715545654297
34,69632,19.266185760498047,0.8663004636764526,36.71715545654297
35,71680,19.11547088623047,0.465755820274353,36.71715545654297
36,73728,18.64374542236328,1.4064408540725708,36.71715545654297
37,75776,17.667150497436523,1.5083441734313965,36.71715545654297
38,77824,18.5518798828125,2.4139559268951416,36.71715545654297
39,79872,18.98818588256836,1.231459140777588,36.71715545654297
40,81920,16.75070571899414,1.6802942752838135,36.71715545654297
41,83968,19.510141372680664,0.8130791783332825,36.71715545654297
42,86016,18.316003799438477,1.9198014736175537,36.71715545654297
43,88064,18.672801971435547,1.417900800704956,36.71715545654297
44,90112,15.540308952331543,6.741917133331299,36.71715545654297
45,92160,18.116901397705078,1.7399518489837646,36.71715545654297
46,94208,16.145418167114258,6.95822286605835,36.71715545654297
47,96256,17.01736831665039,3.151939868927002,36.71715545654297
48,98304,11.44054889678955,9.179234504699707,36.71715545654297
49,100352,18.299488067626953,1.7396970987319946,36.71715545654297
50,102400,14.644230842590332,5.7535576820373535,36.71715545654297
51,104448,17.737462997436523,1.4150753021240234,36.71715545654297
52,106496,18.26793670654297,1.7106361389160156,36.71715545654297
53,108544,17.778064727783203,3.670954704284668,36.71715545654297
54,110592,17.82832145690918,1.1338024139404297,36.71715545654297
55,112640,16.79569435119629,1.83542799949646,36.71715545654297
56,114688,18.90550994873047,1.115395426750183,36.71715545654297
57,116736,16.26763153076172,4.3930745124816895,36.71715545654297
58,118784,18.096452713012695,0.42509475350379944,36.71715545654297
59,120832,17.707571029663086,1.4247578382492065,36.71715545654297
60,122880,17.30097770690918,1.0542808771133423,36.71715545654297
61,124928,18.41126251220703,1.8742350339889526,36.71715545654297
62,126976,16.232065200805664,5.007594108581543,36.71715545654297
63,129024,19.371095657348633,0.7428181767463684,36.71715545654297
64,131072,12.876935005187988,6.9108991622924805,36.71715545654297
65,133120,18.03731346130371,1.2937661409378052,36.71715545654297
66,135168,18.13332176208496,1.6222189664840698,36.71715545654297
67,137216,18.642345428466797,1.1186424493789673,36.71715545654297
68,139264,18.841928482055664,1.1977111101150513,36.71715545654297
69,141312,15.815668106079102,6.828436374664307,36.71715545654297
70,143360,18.069595336914062,1.4789423942565918,36.71715545654297
71,145408,15.005925178527832,4.555494785308838,36.71715545654297
72,147456,19.023910522460938,1.3344544172286987,36.71715545654297
73,149504,15.008195877075195,4.378830432891846,36.71715545654297
74,151552,17.769119262695312,1.9642993211746216,36.71715545654297
75,153600,18.830917358398438,1.1510182619094849,36.71715545654297
76,155648,16.641155242919922,5.001689910888672,36.71715545654297
77,157696,17.870288848876953,1.1151784658432007,36.71715545654297
78,159744,18.907886505126953,1.0904377698898315,36.71715545654297
79,161792,19.086551666259766,0.8850932121276855,36.71715545654297
80,163840,15.545062065124512,4.0787763595581055,36.71715545654297
81,165888,18.558147430419922,0.7034538388252258,36.71715545654297
82,167936,15.728808403015137,5.383747577667236,36.71715545654297
83,169984,18.41898536682129,1.1748641729354858,36.71715545654297
84,172032,17.49838638305664,1.9760879278182983,36.71715545654297
85,174080,17.208051681518555,1.5411454439163208,36.71715545654297
86,176128,18.672290802001953,1.0818942785263062,36.71715545654297
87,178176,17.924495697021484,1.5012835264205933,36.71715545654297
88,180224,14.97376537322998,4.702920913696289,36.71715545654297
89,182272,17.1671142578125,0.8346896171569824,36.71715545654297
90,184320,17.952545166015625,1.5294485092163086,36.71715545654297
91,186368,17.247316360473633,1.5774457454681396,36.71715545654297
92,188416,18.652738571166992,1.824986219406128,36.71715545654297
93,190464,18.288049697875977,1.274111270904541,36.71715545654297
94,192512,19.113521575927734,0.6811684966087341,36.71715545654297
95,194560,18.386018753051758,1.1865307092666626,36.71715545654297
96,196608,18.985240936279297,0.7665718197822571,36.71715545654297
97,198656,19.05630874633789,1.2108216285705566,36.71715545654297
98,200704,18.811504364013672,0.9019252061843872,36.71715545654297
99,202752,17.104915618896484,3.6400845050811768,36.71715545654297
100,204800,18.094940185546875,1.357530951499939,36.71715545654297
101,206848,17.150814056396484,3.811662435531616,36.71715545654297
102,208896,17.68948745727539,1.6702916622161865,36.71715545654297
103,210944,17.927104949951172,2.0061516761779785,36.71715545654297
104,212992,17.48491859436035,0.8068466782569885,36.71715545654297
105,215040,16.664587020874023,3.5520548820495605,36.71715545654297
106,217088,17.644393920898438,3.2359459400177,36.71715545654297
107,219136,19.16292381286621,1.0849138498306274,36.71715545654297
108,221184,18.427003860473633,0.5351318120956421,36.71715545654297
109,223232,19.077373504638672,0.7353767156600952,36.71715545654297
110,225280,18.74481201171875,1.162410855293274,36.71715545654297
111,227328,17.269861221313477,2.116194486618042,36.71715545654297
112,229376,18.842012405395508,0.9992300271987915,36.71715545654297
113,231424,18.58614158630371,0.9261580109596252,36.71715545654297
114,233472,19.533803939819336,0.6097127795219421,36.71715545654297
115,235520,19.579517364501953,0.9933463931083679,36.71715545654297
116,237568,18.575679779052734,0.6621197462081909,36.71715545654297
117,239616,18.077640533447266,1.2280499935150146,36.71715545654297
118,241664,17.833171844482422,1.612680435180664,36.71715545654297
119,243712,18.8280029296875,1.6562234163284302,36.71715545654297
120,245760,17.369176864624023,2.568615198135376,36.71715545654297
121,247808,17.92376136779785,1.468841314315796,36.71715545654297
122,249856,17.85651206970215,1.4637093544006348,36.71715545654297
123,251904,18.618358612060547,0.9092523455619812,36.71715545654297
124,253952,18.13739013671875,1.2046915292739868,36.71715545654297
125,256000,18.984283447265625,0.4937509000301361,36.71715545654297
126,258048,18.754680633544922,1.3528378009796143,36.71715545654297
127,260096,17.682340621948242,1.0922629833221436,36.71715545654297
128,262144,17.261775970458984,1.0082818269729614,36.71715545654297
129,264192,18.948200225830078,1.254058599472046,36.71715545654297
130,266240,18.00777244567871,1.189094066619873,36.71715545654297
131,268288,18.335773468017578,1.1378992795944214,36.71715545654297
132,270336,19.267963409423828,0.9786493182182312,36.71715545654297
133,272384,18.36887550354004,0.7216095924377441,36.71715545654297
134,274432,17.220603942871094,0.6304857134819031,36.71715545654297
135,276480,16.29975700378418,1.6140391826629639,36.71715545654297
136,278528,17.69504165649414,1.034547209739685,36.71715545654297
137,280576,19.602340698242188,1.2550855875015259,36.71715545654297
138,282624,18.73036766052246,0.6731998324394226,36.71715545654297
139,284672,18.22840118408203,1.6724520921707153,36.71715545654297
140,286720,19.727985382080078,1.0968443155288696,36.71715545654297
141,288768,18.027759552001953,0.5464498996734619,36.71715545654297
142,290816,19.064655303955078,0.3988877236843109,36.71715545654297
143,292864,19.087677001953125,0.9425800442695618,36.71715545654297
144,294912,18.660179138183594,1.3461500406265259,36.71715545654297
145,296960,19.478260040283203,1.145302653312683,36.71715545654297
146,299008,19.00661277770996,0.599100649356842,36.71715545654297
147,301056,18.3402099609375,1.4181872606277466,36.71715545654297
148,303104,19.12530517578125,0.7383590936660767,36.71715545654297
149,305152,18.607219696044922,0.8278710842132568,36.71715545654297
150,307200,18.705509185791016,0.9711232781410217,36.71715545654297
151,309248,19.535446166992188,1.0536185503005981,36.71715545654297
152,311296,18.733043670654297,1.0367639064788818,36.71715545654297
153,313344,18.747426986694336,1.5440369844436646,36.71715545654297
154,315392,18.960439682006836,1.168030023574829,36.71715545654297
155,317440,18.950593948364258,1.2062468528747559,36.71715545654297
156,319488,18.841150283813477,0.6309756636619568,36.71715545654297
157,321536,18.982667922973633,1.0830336809158325,36.71715545654297
158,323584,18.813365936279297,1.5657432079315186,36.71715545654297
159,325632,19.388561248779297,0.43131425976753235,36.71715545654297
160,327680,19.44955825805664,0.6028085350990295,36.71715545654297
161,329728,19.46959686279297,1.1182371377944946,36.71715545654297
162,331776,20.00455093383789,0.7374913096427917,36.71715545654297
163,333824,18.46414566040039,1.1672570705413818,36.71715545654297
164,335872,19.585887908935547,1.071075439453125,36.71715545654297
165,337920,19.124797821044922,0.5091937780380249,36.71715545654297
166,339968,17.723716735839844,0.6307858824729919,36.71715545654297
167,342016,18.870397567749023,0.7272500991821289,36.71715545654297
168,344064,17.94333839416504,1.2722378969192505,36.71715545654297
169,346112,18.714351654052734,1.3457129001617432,36.71715545654297
170,348160,18.94572639465332,0.6269442439079285,36.71715545654297
171,350208,17.99258804321289,1.0131995677947998,36.71715545654297
172,352256,17.70475196838379,1.9179798364639282,36.71715545654297
173,354304,17.852445602416992,2.7878329753875732,36.71715545654297
174,356352,19.127880096435547,1.3390215635299683,36.71715545654297
175,358400,19.09187126159668,0.9982781410217285,36.71715545654297
176,360448,18.710174560546875,0.5336481332778931,36.71715545654297
177,362496,16.895402908325195,3.248640537261963,36.71715545654297
178,364544,18.56448745727539,1.3341412544250488,36.71715545654297
179,366592,18.353187561035156,2.3548271656036377,36.71715545654297
180,368640,18.93084144592285,1.3738924264907837,36.71715545654297
181,370688,18.222339630126953,3.105098247528076,36.71715545654297
182,372736,18.258525848388672,2.7127525806427,36.71715545654297
183,374784,19.123462677001953,0.4662013649940491,36.71715545654297
184,376832,17.63351821899414,3.293344259262085,36.71715545654297
185,378880,19.221572875976562,0.3783490061759949,36.71715545654297
186,380928,18.722124099731445,1.0227818489074707,36.71715545654297
187,382976,18.918109893798828,0.9571210145950317,36.71715545654297
188,385024,18.212419509887695,1.5213910341262817,36.71715545654297
189,387072,19.0203914642334,0.8391902446746826,36.71715545654297
190,389120,17.535493850708008,1.9948785305023193,36.71715545654297
191,391168,18.669158935546875,0.6947809457778931,36.71715545654297
192,393216,18.393848419189453,0.8171496391296387,36.71715545654297
193,395264,18.802040100097656,1.8092759847640991,36.71715545654297
194,397312,18.40311622619629,0.8117586970329285,36.71715545654297
195,399360,18.330644607543945,2.515594482421875,36.71715545654297
196,401408,18.784793853759766,1.0628472566604614,36.71715545654297
197,403456,18.45423698425293,2.2291600704193115,36.71715545654297
198,405504,17.822580337524414,3.072695732116699,36.71715545654297
199,407552,18.472400665283203,0.9587894678115845,36.71715545654297
200,409600,18.91269302368164,1.8138096332550049,36.71715545654297
201,411648,20.56308364868164,0.7484535574913025,36.71715545654297
202,413696,19.318458557128906,0.4475972354412079,36.71715545654297
203,415744,19.55570411682129,0.26582765579223633,36.71715545654297
204,417792,19.687175750732422,0.8157662749290466,36.71715545654297
205,419840,18.42171287536621,0.4820484519004822,36.71715545654297
206,421888,18.551897048950195,0.7462843656539917,36.71715545654297
207,423936,18.61391830444336,1.206636905670166,36.71715545654297
208,425984,19.42412757873535,0.8674749732017517,36.71715545654297
209,428032,19.41965675354004,0.9051997661590576,36.71715545654297
210,430080,18.204309463500977,2.206347942352295,36.71715545654297
211,432128,18.595535278320312,1.2080329656600952,36.71715545654297
212,434176,18.32686996459961,1.7555859088897705,36.71715545654297
213,436224,18.100887298583984,2.9737491607666016,36.71715545654297
214,438272,18.218788146972656,0.7097610235214233,36.71715545654297
215,440320,19.38936424255371,0.8753678798675537,36.71715545654297
216,442368,19.15788459777832,0.8646636009216309,36.71715545654297
217,444416,18.885927200317383,1.3183445930480957,36.71715545654297
218,446464,17.628705978393555,2.3397397994995117,36.71715545654297
219,448512,19.085407257080078,1.3175984621047974,36.71715545654297
220,450560,19.119922637939453,1.0760414600372314,36.71715545654297
221,452608,18.011581420898438,1.6084799766540527,36.71715545654297
222,454656,18.213130950927734,1.2912107706069946,36.71715545654297
223,456704,18.48540687561035,1.703757405281067,36.71715545654297
224,458752,17.805938720703125,0.9025264978408813,36.71715545654297
225,460800,18.860761642456055,1.5776094198226929,36.71715545654297
226,462848,19.44382095336914,0.8263741731643677,36.71715545654297
227,464896,18.82712745666504,0.477863073348999,36.71715545654297
228,466944,19.301084518432617,0.9498236775398254,36.71715545654297
229,468992,18.737600326538086,0.7209330797195435,36.71715545654297
230,471040,17.766677856445312,2.222292184829712,36.71715545654297
231,473088,20.295595169067383,1.09601628780365,36.71715545654297
232,475136,19.511526107788086,1.1047828197479248,36.71715545654297
233,477184,19.97152328491211,0.7525214552879333,36.71715545654297
234,479232,20.70913314819336,0.5390214323997498,36.71715545654297
235,481280,19.074039459228516,1.0660951137542725,36.71715545654297
236,483328,18.449155807495117,1.4093043804168701,36.71715545654297
237,485376,18.709651947021484,0.9905363321304321,36.71715545654297
238,487424,18.965457916259766,1.0383007526397705,36.71715545654297
239,489472,18.693679809570312,2.2749569416046143,36.71715545654297
240,491520,18.928768157958984,0.5822739005088806,36.71715545654297
241,493568,19.64142608642578,0.4492703676223755,36.71715545654297
242,495616,19.051952362060547,1.4001469612121582,36.71715545654297
243,497664,18.905317306518555,0.8442466259002686,36.71715545654297
244,499712,18.062400817871094,0.3784444332122803,36.71715545654297
245,501760,18.12507438659668,1.2296544313430786,36.71715545654297
246,503808,18.975914001464844,1.098344326019287,36.71715545654297
247,505856,19.48830795288086,0.9479221105575562,36.71715545654297
248,507904,18.647899627685547,1.8278135061264038,36.71715545654297
249,509952,19.126033782958984,1.0649698972702026,36.71715545654297
250,512000,19.09060287475586,0.8135429620742798,36.71715545654297
251,514048,19.274627685546875,0.9746671915054321,36.71715545654297
252,516096,18.39267921447754,0.9762593507766724,36.71715545654297
253,518144,19.061105728149414,0.5995229482650757,36.71715545654297
254,520192,20.528980255126953,1.4504778385162354,36.71715545654297
255,522240,17.68356704711914,1.6695595979690552,36.71715545654297
256,524288,19.377492904663086,1.5283317565917969,36.71715545654297
257,526336,19.591812133789062,0.8834537863731384,36.71715545654297
258,528384,18.951406478881836,1.198698878288269,36.71715545654297
259,530432,18.729225158691406,0.7081409096717834,36.71715545654297
260,532480,17.362714767456055,2.097299575805664,36.71715545654297
261,534528,19.368877410888672,1.136041522026062,36.71715545654297
262,536576,19.441165924072266,0.31312161684036255,36.71715545654297
263,538624,16.049861907958984,3.8499298095703125,36.71715545654297
264,540672,17.035634994506836,2.3250954151153564,36.71715545654297
265,542720,19.0455265045166,1.227856159210205,36.71715545654297
266,544768,19.547300338745117,1.396368384361267,36.71715545654297
267,546816,19.183584213256836,0.9748809933662415,36.71715545654297
268,548864,18.893482208251953,1.0223727226257324,36.71715545654297
269,550912,18.809329986572266,0.8317203521728516,36.71715545654297
270,552960,19.725860595703125,2.013230562210083,36.71715545654297
271,555008,18.885671615600586,1.3520621061325073,36.71715545654297
272,557056,18.812883377075195,0.6407302618026733,36.71715545654297
273,559104,19.157527923583984,3.273066997528076,36.71715545654297
274,561152,16.396459579467773,2.7654786109924316,36.71715545654297
275,563200,18.510011672973633,1.34278404712677,36.71715545654297
276,565248,17.689903259277344,1.979308843612671,36.71715545654297
277,567296,19.80413818359375,0.8740456104278564,36.71715545654297
278,569344,16.8547420501709,4.171009540557861,36.71715545654297
279,571392,17.450881958007812,4.336714744567871,36.71715545654297
280,573440,15.031270980834961,4.549808979034424,36.71715545654297
281,575488,17.635997772216797,2.7475600242614746,36.71715545654297
282,577536,20.215852737426758,1.5082917213439941,36.71715545654297
283,579584,19.34368324279785,1.3667250871658325,36.71715545654297
284,581632,19.63756561279297,0.705105185508728,36.71715545654297
285,583680,19.219539642333984,0.7388105392456055,36.71715545654297
286,585728,19.059465408325195,1.4942632913589478,36.71715545654297
287,587776,18.207239151000977,1.5629347562789917,36.71715545654297
288,589824,19.283222198486328,1.4711412191390991,36.71715545654297
289,591872,18.025177001953125,2.436359405517578,36.71715545654297
290,593920,19.05101776123047,0.6814430356025696,36.71715545654297
291,595968,18.48959732055664,0.9150229096412659,36.71715545654297
292,598016,17.636768341064453,0.997484028339386,36.71715545654297
293,600064,18.462841033935547,0.9982758164405823,36.71715545654297
294,602112,18.767635345458984,1.5630130767822266,36.71715545654297
295,604160,19.641109466552734,1.5645852088928223,36.71715545654297
296,606208,18.647998809814453,0.38745105266571045,36.71715545654297
297,608256,19.316181182861328,1.3553823232650757,36.71715545654297
298,610304,19.403589248657227,0.6218856573104858,36.71715545654297
299,612352,19.129276275634766,0.9654319286346436,36.71715545654297
300,614400,18.936309814453125,1.0899738073349,36.71715545654297
301,616448,19.412965774536133,1.1875404119491577,36.71715545654297
302,618496,18.6979923248291,0.4238523244857788,36.71715545654297
303,620544,19.22785186767578,0.879894495010376,36.71715545654297
304,622592,18.513538360595703,1.061490774154663,36.71715545654297
305,624640,18.255115509033203,0.39906075596809387,36.71715545654297
306,626688,18.096927642822266,0.5596302151679993,36.71715545654297
307,628736,19.037044525146484,1.5385451316833496,36.71715545654297
308,630784,19.05624771118164,1.490580677986145,36.71715545654297
309,632832,18.51797103881836,1.481945514678955,36.71715545654297
310,634880,19.742746353149414,1.0245705842971802,36.71715545654297
311,636928,18.31521224975586,1.8581490516662598,36.71715545654297
312,638976,17.092823028564453,1.9859763383865356,36.71715545654297
313,641024,19.20661163330078,0.8478941917419434,36.71715545654297
314,643072,18.78230857849121,2.5913736820220947,36.71715545654297
315,645120,18.492990493774414,2.402401924133301,36.71715545654297
316,647168,19.235559463500977,1.5962982177734375,36.71715545654297
317,649216,19.099538803100586,0.9707080721855164,36.71715545654297
318,651264,18.71241569519043,0.9908790588378906,36.71715545654297
319,653312,18.726943969726562,1.8942549228668213,36.71715545654297
320,655360,17.820430755615234,0.9854984879493713,36.71715545654297
321,657408,18.10447883605957,1.5746625661849976,36.71715545654297
322,659456,17.2108154296875,1.1292946338653564,36.71715545654297
323,661504,18.485624313354492,2.3015904426574707,36.71715545654297
324,663552,19.159936904907227,1.331951379776001,36.71715545654297
325,665600,17.93233299255371,1.2873717546463013,36.71715545654297
326,667648,18.034269332885742,0.9109328985214233,36.71715545654297
327,669696,17.58268165588379,0.8246892690658569,36.71715545654297
328,671744,18.860111236572266,1.0007480382919312,36.71715545654297
329,673792,19.333560943603516,0.8046026825904846,36.71715545654297
330,675840,19.678070068359375,0.9090777635574341,36.71715545654297
331,677888,18.382083892822266,0.769167959690094,36.71715545654297
332,679936,17.86153793334961,1.6822128295898438,36.71715545654297
333,681984,18.442245483398438,0.8575150966644287,36.71715545654297
334,684032,19.03605842590332,1.7365161180496216,36.71715545654297
335,686080,18.873754501342773,1.4036637544631958,36.71715545654297
336,688128,18.556827545166016,1.8394763469696045,36.71715545654297
337,690176,20.192073822021484,0.9465814232826233,36.71715545654297
338,692224,19.28055763244629,1.3217523097991943,36.71715545654297
339,694272,17.790395736694336,1.0718690156936646,36.71715545654297
340,696320,18.17245864868164,1.2638887166976929,36.71715545654297
341,698368,16.937175750732422,1.2069811820983887,36.71715545654297
342,700416,18.606273651123047,1.5973771810531616,36.71715545654297
343,702464,19.13995361328125,1.0045593976974487,36.71715545654297
344,704512,18.98678970336914,1.1968634128570557,36.71715545654297
345,706560,18.752826690673828,0.656757116317749,36.71715545654297
346,708608,19.202608108520508,1.045056939125061,36.71715545654297
347,710656,18.559789657592773,0.8011789321899414,36.71715545654297
348,712704,18.7843017578125,0.7417489290237427,36.71715545654297
349,714752,18.80617904663086,1.9219176769256592,36.71715545654297
350,716800,18.33384132385254,1.0092730522155762,36.71715545654297
351,718848,19.425060272216797,0.791235089302063,36.71715545654297
352,720896,19.490224838256836,1.046170711517334,36.71715545654297
353,722944,18.94102668762207,1.5250650644302368,36.71715545654297
354,724992,19.269763946533203,1.193167805671692,36.71715545654297
355,727040,19.409738540649414,1.056352972984314,36.71715545654297
356,729088,18.289020538330078,1.692333459854126,36.71715545654297
357,731136,18.938358306884766,1.1344268321990967,36.71715545654297
358,733184,19.740793228149414,1.6003289222717285,36.71715545654297
359,735232,20.572429656982422,1.031011700630188,36.71715545654297
360,737280,19.837398529052734,1.236191749572754,36.71715545654297
361,739328,18.902015686035156,0.7371557950973511,36.71715545654297
362,741376,18.65795135498047,1.8877605199813843,36.71715545654297
363,743424,17.67733383178711,1.4956670999526978,36.71715545654297
364,745472,19.49669075012207,0.8006709814071655,36.71715545654297
365,747520,19.034135818481445,2.372636556625366,36.71715545654297
366,749568,18.86309242248535,0.924469530582428,36.71715545654297
367,751616,18.34075355529785,1.3691574335098267,36.71715545654297
368,753664,18.590669631958008,0.7873755693435669,36.71715545654297
369,755712,17.894805908203125,0.9471643567085266,36.71715545654297
370,757760,18.65287971496582,1.4518874883651733,36.71715545654297
371,759808,18.777278900146484,1.8815417289733887,36.71715545654297
372,761856,17.54335594177246,1.3800392150878906,36.71715545654297
373,763904,19.182405471801758,1.7773069143295288,36.71715545654297
374,765952,16.822769165039062,1.9723937511444092,36.71715545654297
375,768000,18.449148178100586,1.805022954940796,36.71715545654297
376,770048,16.575347900390625,1.460707426071167,36.71715545654297
377,772096,16.94576072692871,1.3517818450927734,36.71715545654297
378,774144,17.324743270874023,2.806934356689453,36.71715545654297
379,776192,19.75032615661621,1.2450175285339355,36.71715545654297
380,778240,19.351491928100586,0.8590989708900452,36.71715545654297
381,780288,18.40494728088379,0.7123451828956604,36.71715545654297
382,782336,19.07866859436035,0.9349852204322815,36.71715545654297
383,784384,19.4274845123291,0.6837162971496582,36.71715545654297
384,786432,17.78994369506836,0.731453537940979,36.71715545654297
385,788480,18.36290740966797,0.5538070797920227,36.71715545654297
386,790528,17.902944564819336,1.164887547492981,36.71715545654297
387,792576,18.633554458618164,0.8831655979156494,36.71715545654297
388,794624,18.80303192138672,0.8916859030723572,36.71715545654297
389,796672,19.60354995727539,0.6319268345832825,36.71715545654297
390,798720,19.384984970092773,1.4256449937820435,36.71715545654297
391,800768,18.876184463500977,1.4106591939926147,36.71715545654297
392,802816,19.636362075805664,0.929283082485199,36.71715545654297
393,804864,19.696102142333984,1.3324857950210571,36.71715545654297
394,806912,20.172637939453125,1.2227033376693726,36.71715545654297
395,808960,17.929304122924805,1.147692322731018,36.71715545654297
396,811008,19.043468475341797,0.721611738204956,36.71715545654297
397,813056,18.370901107788086,1.426622986793518,36.71715545654297
398,815104,19.519298553466797,1.5887196063995361,36.71715545654297
399,817152,20.012126922607422,0.7454611659049988,36.71715545654297
400,819200,18.481019973754883,0.9801701903343201,36.71715545654297
401,821248,18.758258819580078,1.077810287475586,36.71715545654297
402,823296,19.077392578125,1.2867215871810913,36.71715545654297
403,825344,18.486745834350586,0.9415460228919983,36.71715545654297
404,827392,18.16477394104004,1.6834049224853516,36.71715545654297
405,829440,18.174400329589844,2.064103603363037,36.71715545654297
406,831488,20.155004501342773,0.928117036819458,36.71715545654297
407,833536,18.488218307495117,2.4532759189605713,36.71715545654297
408,835584,17.93937110900879,2.101935863494873,36.71715545654297
409,837632,17.700607299804688,2.711348533630371,36.71715545654297
410,839680,17.949453353881836,1.002445936203003,36.71715545654297
411,841728,18.92369842529297,1.4173864126205444,36.71715545654297
412,843776,19.748973846435547,2.1977336406707764,36.71715545654297
413,845824,18.528718948364258,1.9977424144744873,36.71715545654297
414,847872,20.39636993408203,0.8646510243415833,36.71715545654297
415,849920,19.814884185791016,1.1015608310699463,36.71715545654297
416,851968,20.176904678344727,1.4207308292388916,36.71715545654297
417,854016,19.99419403076172,1.4871606826782227,36.71715545654297
418,856064,18.650279998779297,0.9825695157051086,36.71715545654297
419,858112,19.72696304321289,1.9964731931686401,36.71715545654297
420,860160,19.446826934814453,1.1748969554901123,36.71715545654297
421,862208,19.2995548248291,1.1924357414245605,36.71715545654297
422,864256,19.57840347290039,1.501495361328125,36.71715545654297
423,866304,19.95375633239746,1.056753158569336,36.71715545654297
424,868352,18.751951217651367,1.0599100589752197,36.71715545654297
425,870400,18.150693893432617,1.9316531419754028,36.71715545654297
426,872448,19.008880615234375,1.3577529191970825,36.71715545654297
427,874496,20.553728103637695,1.1782796382904053,36.71715545654297
428,876544,19.627153396606445,1.920943021774292,36.71715545654297
429,878592,20.56803321838379,1.2630314826965332,36.71715545654297
430,880640,18.835010528564453,1.2919303178787231,36.71715545654297
431,882688,20.53409194946289,2.3747122287750244,36.71715545654297
432,884736,18.51403045654297,1.5214053392410278,36.71715545654297
433,886784,19.124629974365234,0.9006234407424927,36.71715545654297
434,888832,18.490938186645508,1.61528742313385,36.71715545654297
435,890880,19.66229248046875,0.864963948726654,36.71715545654297
436,892928,19.565837860107422,1.2117258310317993,36.71715545654297
437,894976,19.961318969726562,1.5073184967041016,36.71715545654297
438,897024,18.690340042114258,1.1050642728805542,36.71715545654297
439,899072,19.527795791625977,0.5458425283432007,36.71715545654297
440,901120,19.694753646850586,0.6670776605606079,36.71715545654297
441,903168,19.06749725341797,1.5858454704284668,36.71715545654297
442,905216,19.455142974853516,0.5177593231201172,36.71715545654297
443,907264,19.361995697021484,1.6139057874679565,36.71715545654297
444,909312,18.752870559692383,1.359608769416809,36.71715545654297
445,911360,18.865327835083008,1.8468055725097656,36.71715545654297
446,913408,19.620304107666016,1.6624864339828491,36.71715545654297
447,915456,19.12936782836914,1.1842925548553467,36.71715545654297
448,917504,19.467220306396484,1.032641887664795,36.71715545654297
449,919552,19.88749885559082,0.33678707480430603,36.71715545654297
450,921600,19.62512969970703,1.2272478342056274,36.71715545654297
451,923648,19.7175235748291,1.3722665309906006,36.71715545654297
452,925696,20.999191284179688,1.4355543851852417,36.71715545654297
453,927744,18.986772537231445,2.3470399379730225,36.71715545654297
454,929792,19.037845611572266,1.9133814573287964,36.71715545654297
455,931840,19.921823501586914,1.2457655668258667,36.71715545654297
456,933888,18.692428588867188,2.1281893253326416,36.71715545654297
457,935936,19.477720260620117,1.5786553621292114,36.71715545654297
458,937984,19.114151000976562,1.409245252609253,36.71715545654297
459,940032,19.0519962310791,2.3023719787597656,36.71715545654297
460,942080,19.78091049194336,1.5355854034423828,36.71715545654297
461,944128,20.229801177978516,0.5507307052612305,36.71715545654297
462,946176,18.720516204833984,1.2482815980911255,36.71715545654297
463,948224,15.60890007019043,2.5299997329711914,36.71715545654297
464,950272,19.722335815429688,1.0012601613998413,36.71715545654297
465,952320,20.442214965820312,0.6628672480583191,36.71715545654297
466,954368,19.765979766845703,0.6816449165344238,36.71715545654297
467,956416,20.17727279663086,0.7147097587585449,36.71715545654297
468,958464,19.891225814819336,0.31832918524742126,36.71715545654297
469,960512,18.951847076416016,1.3528097867965698,36.71715545654297
470,962560,19.621654510498047,1.1806581020355225,36.71715545654297
471,964608,17.940185546875,1.5931639671325684,36.71715545654297
472,966656,19.53944969177246,0.9754794836044312,36.71715545654297
473,968704,18.788787841796875,1.5213358402252197,36.71715545654297
474,970752,19.458158493041992,0.7566758394241333,36.71715545654297
475,972800,20.321853637695312,0.4648597538471222,36.71715545654297
476,974848,18.66962432861328,1.807698130607605,36.71715545654297
477,976896,18.287830352783203,1.982879400253296,36.71715545654297
478,978944,19.297021865844727,0.8635209202766418,36.71715545654297
479,980992,18.976713180541992,1.6378650665283203,36.71715545654297
480,983040,18.962417602539062,2.1348795890808105,36.71715545654297
481,985088,20.408817291259766,0.7721652984619141,36.71715545654297
482,987136,19.211767196655273,0.7052597403526306,36.71715545654297
483,989184,19.041866302490234,1.910642385482788,36.71715545654297
484,991232,19.81210708618164,2.3184759616851807,36.71715545654297
485,993280,19.56361198425293,0.5985609889030457,36.71715545654297
486,995328,19.227596282958984,0.8842073082923889,36.71715545654297
487,997376,20.050039291381836,2.189296245574951,36.71715545654297
488,999424,19.946884155273438,1.32221257686615,36.71715545654297
489,1001472,21.164142608642578,0.7821216583251953,36.71715545654297
490,1003520,18.748859405517578,0.8533739447593689,36.71715545654297
491,1005568,19.985980987548828,1.7932162284851074,36.71715545654297
492,1007616,19.07039451599121,2.100597620010376,36.71715545654297
493,1009664,18.119619369506836,2.21191668510437,36.71715545654297
494,1011712,19.285171508789062,1.2207634449005127,36.71715545654297
495,1013760,20.019912719726562,0.8893786072731018,36.71715545654297
496,1015808,20.161951065063477,1.0655654668807983,36.71715545654297
497,1017856,20.07697296142578,1.5284900665283203,36.71715545654297
498,1019904,18.657306671142578,1.3387805223464966,36.71715545654297
499,1021952,19.083345413208008,1.5038310289382935,36.71715545654297
500,1024000,20.04448890686035,0.8494703769683838,36.71715545654297
501,1026048,18.565195083618164,1.1567349433898926,36.71715545654297
502,1028096,18.618457794189453,1.856680154800415,36.71715545654297
503,1030144,17.819814682006836,3.0849454402923584,36.71715545654297
504,1032192,17.400798797607422,1.2834528684616089,36.71715545654297
505,1034240,18.322874069213867,1.9311976432800293,36.71715545654297
506,1036288,19.631343841552734,1.8431682586669922,36.71715545654297
507,1038336,18.394628524780273,2.4641051292419434,36.71715545654297
508,1040384,18.372745513916016,1.9162073135375977,36.71715545654297
509,1042432,19.2063045501709,0.9240944385528564,36.71715545654297
510,1044480,18.11679458618164,2.4066615104675293,36.71715545654297
511,1046528,18.07925033569336,1.5849343538284302,36.71715545654297
512,1048576,18.71368980407715,0.30116572976112366,36.71715545654297
513,1050624,17.87205696105957,2.2142350673675537,36.71715545654297
514,1052672,18.557899475097656,1.887698769569397,36.71715545654297
515,1054720,19.34408187866211,2.452948570251465,36.71715545654297
516,1056768,17.744861602783203,3.0213520526885986,36.71715545654297
517,1058816,19.141765594482422,0.7585861086845398,36.71715545654297
518,1060864,20.169933319091797,1.315166711807251,36.71715545654297
519,1062912,18.198360443115234,1.9797853231430054,36.71715545654297
520,1064960,18.601577758789062,2.5930910110473633,36.71715545654297
521,1067008,20.183252334594727,1.1935847997665405,36.71715545654297
522,1069056,20.126047134399414,0.7936872243881226,36.71715545654297
523,1071104,17.804271697998047,2.2036209106445312,36.71715545654297
524,1073152,17.774927139282227,1.4366334676742554,36.71715545654297
525,1075200,18.648670196533203,1.3382593393325806,36.71715545654297
526,1077248,18.995290756225586,1.7385168075561523,36.71715545654297
527,1079296,20.337940216064453,0.8303495645523071,36.71715545654297
528,1081344,19.67036247253418,1.6477863788604736,36.71715545654297
529,1083392,18.818687438964844,1.8656049966812134,36.71715545654297
530,1085440,19.248821258544922,1.6888277530670166,36.71715545654297
531,1087488,19.427553176879883,0.45878228545188904,36.71715545654297
532,1089536,18.12283706665039,1.6455302238464355,36.71715545654297
533,1091584,19.8330020904541,0.6059496998786926,36.71715545654297
534,1093632,18.415456771850586,0.8352856040000916,36.71715545654297
535,1095680,17.961044311523438,1.7658554315567017,36.71715545654297
536,1097728,18.895587921142578,0.8917656540870667,36.71715545654297
537,1099776,18.96853256225586,0.9921732544898987,36.71715545654297
538,1101824,18.525684356689453,1.0662288665771484,36.71715545654297
539,1103872,18.93218421936035,1.126861572265625,36.71715545654297
540,1105920,18.449748992919922,1.7840876579284668,36.71715545654297
541,1107968,18.789133071899414,0.8585478067398071,36.71715545654297
542,1110016,18.10004425048828,3.0310842990875244,36.71715545654297
543,1112064,18.26817512512207,2.0791053771972656,36.71715545654297
544,1114112,19.791149139404297,0.9721524715423584,36.71715545654297
545,1116160,18.09638786315918,1.538120985031128,36.71715545654297
546,1118208,18.625253677368164,2.8024227619171143,36.71715545654297
547,1120256,20.396793365478516,0.8485311269760132,36.71715545654297
548,1122304,19.52054786682129,1.2594749927520752,36.71715545654297
549,1124352,17.528257369995117,2.784871816635132,36.71715545654297
550,1126400,19.773733139038086,0.7509113550186157,36.71715545654297
551,1128448,19.83924674987793,1.1322338581085205,36.71715545654297
552,1130496,19.74355125427246,0.3942607343196869,36.71715545654297
553,1132544,19.73189926147461,1.1876169443130493,36.71715545654297
1,1134592,20.582929611206055,3.092784881591797,20.582929611206055
2,1136640,18.6755313873291,1.520274043083191,20.582929611206055
3,1138688,20.506864547729492,1.8774874210357666,20.582929611206055
4,1140736,19.173208236694336,1.6686862707138062,20.582929611206055
5,1142784,20.243572235107422,2.480862855911255,20.582929611206055
6,1144832,19.478384017944336,3.0819904804229736,20.582929611206055
7,1146880,19.46660614013672,1.502771258354187,20.582929611206055
8,1148928,19.722244262695312,1.2476063966751099,20.582929611206055
9,1150976,19.750194549560547,0.7272281050682068,20.582929611206055
10,1153024,16.910337448120117,1.0937925577163696,20.582929611206055
11,1155072,18.19656753540039,2.0941250324249268,20.582929611206055
12,1157120,15.705680847167969,2.1675891876220703,20.582929611206055
13,1159168,18.392379760742188,1.327308177947998,20.582929611206055
14,1161216,19.039464950561523,1.3409456014633179,20.582929611206055
15,1163264,19.93903350830078,0.9717714786529541,20.582929611206055
16,1165312,18.326457977294922,2.725060224533081,20.582929611206055
17,1167360,15.076173782348633,1.2901513576507568,20.582929611206055
18,1169408,17.29918670654297,2.6302554607391357,20.582929611206055
19,1171456,17.278079986572266,3.8729422092437744,20.582929611206055
20,1173504,16.384441375732422,3.372224807739258,20.582929611206055
21,1175552,18.57663345336914,1.3646165132522583,20.582929611206055
22,1177600,17.88601303100586,2.716991424560547,20.582929611206055
23,1179648,16.614084243774414,2.98642635345459,20.582929611206055
24,1181696,18.88509750366211,1.224805235862732,20.582929611206055
25,1183744,16.096675872802734,3.49908185005188,20.582929611206055
26,1185792,17.906803131103516,2.6711907386779785,20.582929611206055
27,1187840,20.030019760131836,1.21645987033844,20.582929611206055
28,1189888,16.56195640563965,2.3249573707580566,20.582929611206055
29,1191936,17.388586044311523,1.7758793830871582,20.582929611206055
30,1193984,18.704254150390625,1.426788330078125,20.582929611206055
31,1196032,18.774364471435547,1.2690321207046509,20.582929611206055
32,1198080,18.097728729248047,0.9893044829368591,20.582929611206055
33,1200128,16.452640533447266,2.2749712467193604,20.582929611206055
34,1202176,17.817707061767578,3.347229242324829,20.582929611206055
35,1204224,17.081016540527344,3.3201422691345215,20.582929611206055
36,1206272,17.87473487854004,3.259639024734497,20.582929611206055
37,1208320,17.080598831176758,2.6908280849456787,20.582929611206055
38,1210368,17.36122703552246,3.249725103378296,20.582929611206055
39,1212416,16.413162231445312,3.4412152767181396,20.582929611206055
40,1214464,17.325902938842773,1.6029428243637085,20.582929611206055
41,1216512,14.0795316696167,3.973259449005127,20.582929611206055
42,1218560,18.32880401611328,2.053415060043335,20.582929611206055
43,1220608,14.160848617553711,3.85186767578125,20.582929611206055
44,1222656,14.418458938598633,4.604464530944824,20.582929611206055
45,1224704,18.732276916503906,3.308974266052246,20.582929611206055
46,1226752,12.14240550994873,5.140229225158691,20.582929611206055
47,1228800,13.425954818725586,4.897396564483643,20.582929611206055
48,1230848,12.773356437683105,4.756640911102295,20.582929611206055
49,1232896,17.888473510742188,1.1920371055603027,20.582929611206055
50,1234944,18.23581314086914,2.135051965713501,20.582929611206055
51,1236992,18.1334285736084,2.2566728591918945,20.582929611206055
52,1239040,18.190170288085938,1.620619535446167,20.582929611206055
53,1241088,17.78327178955078,1.7420560121536255,20.582929611206055
54,1243136,19.81450843811035,0.6497180461883545,20.582929611206055
55,1245184,19.53812026977539,1.2765932083129883,20.582929611206055
56,1247232,18.763595581054688,1.1721296310424805,20.582929611206055
57,1249280,19.110864639282227,1.3333139419555664,20.582929611206055
58,1251328,18.669265747070312,1.342948317527771,20.582929611206055
59,1253376,18.27538299560547,1.0629346370697021,20.582929611206055
60,1255424,18.033964157104492,1.163741111755371,20.582929611206055
61,1257472,18.843618392944336,1.0081136226654053,20.582929611206055
62,1259520,17.605966567993164,3.8396143913269043,20.582929611206055
63,1261568,19.39651870727539,1.0860899686813354,20.582929611206055
64,1263616,19.87997055053711,1.126953125,20.582929611206055
65,1265664,18.039758682250977,2.18068265914917,20.582929611206055
66,1267712,19.310474395751953,1.2982949018478394,20.582929611206055
67,1269760,19.132057189941406,1.2306597232818604,20.582929611206055
68,1271808,19.142139434814453,1.1752228736877441,20.582929611206055
69,1273856,19.463428497314453,0.9916154742240906,20.582929611206055
70,1275904,19.78765296936035,1.2981349229812622,20.582929611206055
71,1277952,19.41826057434082,0.9692997336387634,20.582929611206055
72,1280000,19.911584854125977,0.9835556745529175,20.582929611206055
73,1282048,19.450037002563477,1.1305478811264038,20.582929611206055
74,1284096,17.790302276611328,1.9198442697525024,20.582929611206055
75,1286144,19.294166564941406,0.780847430229187,20.582929611206055
76,1288192,18.560270309448242,2.2276992797851562,20.582929611206055
77,1290240,18.122304916381836,1.8337430953979492,20.582929611206055
78,1292288,19.165119171142578,0.48654183745384216,20.582929611206055
79,1294336,18.96473503112793,1.292480707168579,20.582929611206055
80,1296384,18.440488815307617,2.1044540405273438,20.582929611206055
81,1298432,19.254924774169922,2.184544563293457,20.582929611206055
82,1300480,18.414379119873047,1.0901063680648804,20.582929611206055
83,1302528,18.967317581176758,0.8659961819648743,20.582929611206055
84,1304576,18.94906997680664,1.056931734085083,20.582929611206055
85,1306624,19.554805755615234,0.664842426776886,20.582929611206055
86,1308672,20.329143524169922,1.0856965780258179,20.582929611206055
87,1310720,19.234731674194336,1.266512393951416,20.582929611206055
88,1312768,17.50244140625,1.6529152393341064,20.582929611206055
89,1314816,18.81507110595703,1.5606181621551514,20.582929611206055
90,1316864,18.11528205871582,1.3863083124160767,20.582929611206055
91,1318912,18.437427520751953,1.6970336437225342,20.582929611206055
92,1320960,18.923391342163086,0.7815904021263123,20.582929611206055
93,1323008,19.73135757446289,2.507295846939087,20.582929611206055
94,1325056,20.168254852294922,1.1635899543762207,20.582929611206055
95,1327104,15.5215425491333,2.341073989868164,20.582929611206055
96,1329152,19.176258087158203,1.263709306716919,20.582929611206055
97,1331200,18.274568557739258,1.9014475345611572,20.582929611206055
98,1333248,18.5408878326416,2.1213502883911133,20.582929611206055
99,1335296,18.17621421813965,1.6719845533370972,20.582929611206055
100,1337344,17.845739364624023,2.3401923179626465,20.582929611206055
101,1339392,19.674646377563477,0.7085143327713013,20.582929611206055
102,1341440,17.513547897338867,2.699767827987671,20.582929611206055
103,1343488,17.13192367553711,2.1364974975585938,20.582929611206055
104,1345536,17.27292251586914,2.4049432277679443,20.582929611206055
105,1347584,17.232784271240234,2.0386340618133545,20.582929611206055
106,1349632,18.133289337158203,2.9827611446380615,20.582929611206055
107,1351680,19.785436630249023,0.9482671022415161,20.582929611206055
108,1353728,18.58233070373535,2.313115358352661,20.582929611206055
109,1355776,17.445934295654297,2.9222524166107178,20.582929611206055
110,1357824,17.612857818603516,2.9442858695983887,20.582929611206055
111,1359872,17.8901424407959,3.369448184967041,20.582929611206055
112,1361920,19.22183609008789,1.36014723777771,20.582929611206055
113,1363968,18.130279541015625,1.1578516960144043,20.582929611206055
114,1366016,18.5168514251709,1.59664785861969,20.582929611206055
115,1368064,19.125274658203125,0.49335095286369324,20.582929611206055
116,1370112,18.77723503112793,1.1934447288513184,20.582929611206055
1,1372160,22.056499481201172,1.652363657951355,22.056499481201172
2,1374208,20.847909927368164,1.3505909442901611,22.056499481201172
3,1376256,21.758224487304688,1.2373605966567993,22.056499481201172
4,1378304,19.696596145629883,1.540730357170105,22.056499481201172
5,1380352,20.88473129272461,0.8470080494880676,22.056499481201172
6,1382400,19.75428009033203,2.3893229961395264,22.056499481201172
7,1384448,20.193313598632812,1.2013505697250366,22.056499481201172
8,1386496,20.60425567626953,0.5855162739753723,22.056499481201172
9,1388544,19.146595001220703,0.8248856067657471,22.056499481201172
10,1390592,19.04963493347168,1.2875773906707764,22.056499481201172
11,1392640,19.048797607421875,2.245201587677002,22.056499481201172
12,1394688,19.357463836669922,1.2296299934387207,22.056499481201172
13,1396736,18.116453170776367,3.287644863128662,22.056499481201172
14,1398784,17.14858627319336,3.600271463394165,22.056499481201172
15,1400832,19.39975357055664,1.0386922359466553,22.056499481201172
16,1402880,18.348411560058594,1.3786526918411255,22.056499481201172
17,1404928,16.824432373046875,3.707322597503662,22.056499481201172
18,1406976,17.6835994720459,2.669721841812134,22.056499481201172
19,1409024,17.116100311279297,3.529106855392456,22.056499481201172
20,1411072,16.43158531188965,1.708266258239746,22.056499481201172
21,1413120,16.623830795288086,4.097997188568115,22.056499481201172
22,1415168,18.46700668334961,3.538529396057129,22.056499481201172
23,1417216,18.531335830688477,2.346245527267456,22.056499481201172
24,1419264,19.259798049926758,1.505853295326233,22.056499481201172
25,1421312,17.146984100341797,4.144940376281738,22.056499481201172
26,1423360,19.503772735595703,1.3747867345809937,22.056499481201172
27,1425408,19.05437660217285,2.2738072872161865,22.056499481201172
28,1427456,15.240081787109375,3.2504160404205322,22.056499481201172
29,1429504,19.48209571838379,1.3195855617523193,22.056499481201172
30,1431552,18.022363662719727,3.2090861797332764,22.056499481201172
31,1433600,18.333011627197266,2.878878116607666,22.056499481201172
32,1435648,19.35201644897461,0.6773832440376282,22.056499481201172
33,1437696,18.89147186279297,2.9406192302703857,22.056499481201172
34,1439744,20.30755615234375,0.6788346171379089,22.056499481201172
35,1441792,20.386430740356445,1.358385682106018,22.056499481201172
36,1443840,20.311912536621094,1.3859663009643555,22.056499481201172
37,1445888,17.259429931640625,2.5262081623077393,22.056499481201172
38,1447936,18.94217300415039,0.6031239032745361,22.056499481201172
39,1449984,19.81382942199707,1.056692361831665,22.056499481201172
40,1452032,18.681901931762695,2.5600192546844482,22.056499481201172
41,1454080,18.343944549560547,2.1240363121032715,22.056499481201172
42,1456128,18.811376571655273,1.3581271171569824,22.056499481201172
43,1458176,18.04217529296875,1.6159863471984863,22.056499481201172
44,1460224,17.915199279785156,2.465531349182129,22.056499481201172
45,1462272,20.287548065185547,1.008238434791565,22.056499481201172
46,1464320,18.056957244873047,2.130678415298462,22.056499481201172
47,1466368,20.176136016845703,0.9498980641365051,22.056499481201172
48,1468416,20.028167724609375,1.0381709337234497,22.056499481201172
49,1470464,19.50786781311035,1.3241724967956543,22.056499481201172
50,1472512,19.73751449584961,0.7165543437004089,22.056499481201172
51,1474560,19.802120208740234,2.2225522994995117,22.056499481201172
52,1476608,18.703516006469727,2.1028785705566406,22.056499481201172
53,1478656,18.75497055053711,1.6261184215545654,22.056499481201172
54,1480704,19.904861450195312,1.4747848510742188,22.056499481201172
                                                                     1,2048,17.57939338684082,23.219030380249023,17.57939338684082
2,4096,37.135955810546875,16.42667007446289,37.135955810546875
3,6144,42.771854400634766,1.64939284324646,42.771854400634766
4,8192,31.55900001525879,4.874607563018799,42.771854400634766
5,10240,28.969898223876953,10.473397254943848,42.771854400634766
6,12288,21.827571868896484,5.253487586975098,42.771854400634766
7,14336,18.616838455200195,12.004101753234863,42.771854400634766
8,16384,23.073028564453125,8.147123336791992,42.771854400634766
9,18432,23.295663833618164,3.4888532161712646,42.771854400634766
10,20480,23.365819931030273,3.4276647567749023,42.771854400634766
11,22528,22.7863712310791,1.0122336149215698,42.771854400634766
12,24576,22.957469940185547,1.957092523574829,42.771854400634766
13,26624,19.982105255126953,1.9339771270751953,42.771854400634766
14,28672,21.70088768005371,1.2112195491790771,42.771854400634766
15,30720,21.42929458618164,0.9476789832115173,42.771854400634766
16,32768,20.18619155883789,1.1958369016647339,42.771854400634766
17,34816,20.942487716674805,1.16609525680542,42.771854400634766
18,36864,18.968578338623047,1.2682864665985107,42.771854400634766
19,38912,19.37242889404297,1.242111325263977,42.771854400634766
20,40960,18.968042373657227,1.1823817491531372,42.771854400634766
21,43008,19.587223052978516,1.3051354885101318,42.771854400634766
22,45056,18.705921173095703,0.7505693435668945,42.771854400634766
23,47104,18.95150375366211,0.7804268598556519,42.771854400634766
24,49152,19.099044799804688,0.9467814564704895,42.771854400634766
25,51200,18.61955451965332,1.0241849422454834,42.771854400634766
26,53248,19.37784767150879,0.44529780745506287,42.771854400634766
27,55296,18.882429122924805,0.6580495834350586,42.771854400634766
28,57344,19.022212982177734,0.5541086792945862,42.771854400634766
29,59392,19.250011444091797,0.81999671459198,42.771854400634766
30,61440,18.762950897216797,1.0427989959716797,42.771854400634766
31,63488,18.895816802978516,0.7597916126251221,42.771854400634766
32,65536,19.308849334716797,0.5333639979362488,42.771854400634766
33,67584,20.024211883544922,0.37952879071235657,42.771854400634766
34,69632,19.30653953552246,1.5688501596450806,42.771854400634766
35,71680,19.655925750732422,1.6312010288238525,42.771854400634766
36,73728,19.531070709228516,1.0361385345458984,42.771854400634766
37,75776,19.621780395507812,1.4302585124969482,42.771854400634766
38,77824,18.908496856689453,0.9576082229614258,42.771854400634766
39,79872,18.971895217895508,0.3516974151134491,42.771854400634766
40,81920,19.047842025756836,0.6558624505996704,42.771854400634766
41,83968,19.372608184814453,1.5994844436645508,42.771854400634766
42,86016,18.57822608947754,0.8102128505706787,42.771854400634766
43,88064,18.789276123046875,0.4560178816318512,42.771854400634766
44,90112,18.93218231201172,0.8435659408569336,42.771854400634766
45,92160,18.642810821533203,1.2575998306274414,42.771854400634766
46,94208,19.338031768798828,1.0713324546813965,42.771854400634766
47,96256,18.744735717773438,1.9682612419128418,42.771854400634766
48,98304,18.964136123657227,1.174044132232666,42.771854400634766
49,100352,19.227426528930664,1.6228277683258057,42.771854400634766
50,102400,17.40619468688965,2.295579195022583,42.771854400634766
51,104448,18.594120025634766,2.2150983810424805,42.771854400634766
52,106496,17.8984375,1.575217843055725,42.771854400634766
53,108544,18.826194763183594,1.2015591859817505,42.771854400634766
54,110592,19.297054290771484,1.3185542821884155,42.771854400634766
55,112640,18.41046142578125,1.093766689300537,42.771854400634766
56,114688,17.136051177978516,1.8156483173370361,42.771854400634766
57,116736,18.809715270996094,0.932593047618866,42.771854400634766
58,118784,18.4636287689209,3.091384172439575,42.771854400634766
59,120832,16.531381607055664,6.97041130065918,42.771854400634766
60,122880,17.71555519104004,5.0323710441589355,42.771854400634766
61,124928,17.087448120117188,6.416552543640137,42.771854400634766
62,126976,20.750734329223633,0.8998475074768066,42.771854400634766
63,129024,18.683382034301758,1.6244046688079834,42.771854400634766
64,131072,20.23940086364746,0.3778795599937439,42.771854400634766
65,133120,18.950204849243164,0.6187732219696045,42.771854400634766
66,135168,19.42890167236328,2.5105249881744385,42.771854400634766
67,137216,19.806547164916992,0.5303832292556763,42.771854400634766
68,139264,18.54049301147461,2.329026937484741,42.771854400634766
69,141312,19.52508544921875,0.9918535351753235,42.771854400634766
70,143360,19.11918067932129,0.9538456201553345,42.771854400634766
71,145408,19.936935424804688,1.0441875457763672,42.771854400634766
72,147456,19.283695220947266,0.3195440471172333,42.771854400634766
73,149504,19.655611038208008,0.9106239676475525,42.771854400634766
74,151552,20.53092384338379,0.7450498938560486,42.771854400634766
75,153600,20.055757522583008,0.6378875970840454,42.771854400634766
76,155648,19.38922691345215,0.9216209053993225,42.771854400634766
77,157696,20.197402954101562,1.1003022193908691,42.771854400634766
78,159744,19.354976654052734,0.9457783699035645,42.771854400634766
79,161792,19.561107635498047,0.8224232196807861,42.771854400634766
80,163840,19.87468910217285,0.5977970957756042,42.771854400634766
81,165888,19.579694747924805,0.8417398929595947,42.771854400634766
82,167936,20.75155258178711,1.145143985748291,42.771854400634766
83,169984,19.782894134521484,0.40230676531791687,42.771854400634766
84,172032,19.86301040649414,1.1481095552444458,42.771854400634766
85,174080,19.262409210205078,0.25811922550201416,42.771854400634766
86,176128,19.937376022338867,0.9152859449386597,42.771854400634766
87,178176,18.914051055908203,0.547843873500824,42.771854400634766
88,180224,19.736713409423828,0.7306235432624817,42.771854400634766
89,182272,18.614425659179688,2.2978432178497314,42.771854400634766
90,184320,18.583370208740234,2.156651735305786,42.771854400634766
91,186368,20.045841217041016,0.7251755595207214,42.771854400634766
92,188416,19.43792724609375,0.9409737586975098,42.771854400634766
93,190464,19.734294891357422,1.477944016456604,42.771854400634766
94,192512,18.540023803710938,0.8281198143959045,42.771854400634766
95,194560,19.864389419555664,1.218668818473816,42.771854400634766
96,196608,20.01230239868164,0.7745991349220276,42.771854400634766
97,198656,18.985660552978516,0.8754223585128784,42.771854400634766
98,200704,18.603090286254883,0.723675012588501,42.771854400634766
99,202752,19.522687911987305,1.1035478115081787,42.771854400634766
100,204800,19.195104598999023,1.195497989654541,42.771854400634766
101,206848,18.604148864746094,1.3630626201629639,42.771854400634766
102,208896,19.224153518676758,0.8098058104515076,42.771854400634766
103,210944,19.120349884033203,0.906302273273468,42.771854400634766
104,212992,19.442195892333984,0.6375964879989624,42.771854400634766
105,215040,19.30303955078125,1.1626499891281128,42.771854400634766
106,217088,17.973003387451172,1.6532984972000122,42.771854400634766
107,219136,18.706485748291016,1.4888979196548462,42.771854400634766
108,221184,19.16781997680664,0.8652433753013611,42.771854400634766
109,223232,18.3822021484375,1.901826024055481,42.771854400634766
110,225280,18.816818237304688,1.100819706916809,42.771854400634766
111,227328,18.5107421875,1.117021083831787,42.771854400634766
112,229376,19.000503540039062,0.5164796710014343,42.771854400634766
113,231424,19.870288848876953,1.751091718673706,42.771854400634766
114,233472,20.710643768310547,0.9984409809112549,42.771854400634766
115,235520,19.502788543701172,0.9965733885765076,42.771854400634766
116,237568,18.819406509399414,0.9038972854614258,42.771854400634766
117,239616,18.33846664428711,1.5066883563995361,42.771854400634766
118,241664,17.305255889892578,3.0320327281951904,42.771854400634766
119,243712,20.053272247314453,0.5148119330406189,42.771854400634766
120,245760,17.865324020385742,1.397410273551941,42.771854400634766
121,247808,19.661699295043945,0.7339220643043518,42.771854400634766
122,249856,19.312524795532227,0.8602607250213623,42.771854400634766
123,251904,19.220699310302734,1.999840497970581,42.771854400634766
124,253952,18.179615020751953,1.4057899713516235,42.771854400634766
125,256000,19.364482879638672,1.121539831161499,42.771854400634766
126,258048,19.449092864990234,1.2288345098495483,42.771854400634766
127,260096,18.97167205810547,0.9868878126144409,42.771854400634766
128,262144,19.362993240356445,0.8264022469520569,42.771854400634766
129,264192,19.14087677001953,0.9492913484573364,42.771854400634766
130,266240,18.94003677368164,0.4734303653240204,42.771854400634766
131,268288,19.824981689453125,1.4056521654129028,42.771854400634766
132,270336,19.019786834716797,1.3374454975128174,42.771854400634766
133,272384,20.313085556030273,0.20386306941509247,42.771854400634766
134,274432,19.041650772094727,0.726361870765686,42.771854400634766
135,276480,19.186365127563477,0.7354745864868164,42.771854400634766
136,278528,19.688894271850586,1.1054437160491943,42.771854400634766
137,280576,19.451061248779297,1.321055293083191,42.771854400634766
138,282624,18.604642868041992,0.8528695702552795,42.771854400634766
139,284672,19.772850036621094,0.8999471664428711,42.771854400634766
140,286720,19.250411987304688,0.6810324192047119,42.771854400634766
141,288768,18.96096420288086,0.9731553196907043,42.771854400634766
142,290816,19.424007415771484,1.1530636548995972,42.771854400634766
143,292864,19.835826873779297,0.37330591678619385,42.771854400634766
144,294912,19.629056930541992,0.7228198051452637,42.771854400634766
145,296960,19.100500106811523,1.442149043083191,42.771854400634766
146,299008,19.213119506835938,1.1012816429138184,42.771854400634766
147,301056,19.299449920654297,0.9951886534690857,42.771854400634766
148,303104,19.159847259521484,0.9176047444343567,42.771854400634766
149,305152,18.322383880615234,1.2321220636367798,42.771854400634766
150,307200,18.355876922607422,0.31222593784332275,42.771854400634766
151,309248,19.384822845458984,0.5143382549285889,42.771854400634766
152,311296,18.98773956298828,1.3197022676467896,42.771854400634766
1,313344,17.596759796142578,0.7662147879600525,17.596759796142578
2,315392,19.783710479736328,0.2523703873157501,19.783710479736328
3,317440,19.581130981445312,1.3686469793319702,19.783710479736328
4,319488,21.256221771240234,0.686611533164978,21.256221771240234
5,321536,19.683629989624023,0.4608616232872009,21.256221771240234
6,323584,19.130346298217773,2.198275327682495,21.256221771240234
7,325632,20.471607208251953,1.3719468116760254,21.256221771240234
8,327680,20.24673843383789,1.1836148500442505,21.256221771240234
9,329728,19.329011917114258,1.7434591054916382,21.256221771240234
10,331776,20.096097946166992,1.2425419092178345,21.256221771240234
11,333824,20.16693878173828,0.531143069267273,21.256221771240234
12,335872,18.719493865966797,2.4614362716674805,21.256221771240234
13,337920,17.97098159790039,2.6930782794952393,21.256221771240234
14,339968,20.1334285736084,1.2073036432266235,21.256221771240234
15,342016,17.546398162841797,3.5930957794189453,21.256221771240234
16,344064,18.801511764526367,0.6993074417114258,21.256221771240234
17,346112,19.902647018432617,1.121370553970337,21.256221771240234
18,348160,18.844186782836914,2.615010976791382,21.256221771240234
19,350208,18.374753952026367,1.9992681741714478,21.256221771240234
20,352256,19.745962142944336,0.3125109374523163,21.256221771240234
21,354304,20.510129928588867,1.315268874168396,21.256221771240234
22,356352,19.63731575012207,1.9491075277328491,21.256221771240234
23,358400,19.13051414489746,1.143095850944519,21.256221771240234
24,360448,18.84185218811035,1.5087131261825562,21.256221771240234
25,362496,19.352325439453125,1.1059850454330444,21.256221771240234
26,364544,19.633983612060547,1.0543344020843506,21.256221771240234
27,366592,19.304162979125977,0.8239991068840027,21.256221771240234
28,368640,18.628549575805664,2.2826080322265625,21.256221771240234
29,370688,19.17034339904785,0.7848235964775085,21.256221771240234
30,372736,19.739669799804688,0.8042433857917786,21.256221771240234
31,374784,18.69232177734375,0.523809015750885,21.256221771240234
32,376832,19.294227600097656,1.672472357749939,21.256221771240234
33,378880,19.6462345123291,1.382725477218628,21.256221771240234
34,380928,19.161535263061523,1.0749619007110596,21.256221771240234
35,382976,19.174213409423828,1.252745509147644,21.256221771240234
36,385024,19.70937728881836,1.0015841722488403,21.256221771240234
37,387072,19.219375610351562,1.7520204782485962,21.256221771240234
38,389120,18.237085342407227,1.1429626941680908,21.256221771240234
39,391168,19.135417938232422,1.2008103132247925,21.256221771240234
40,393216,17.76883316040039,1.72841477394104,21.256221771240234
41,395264,19.237014770507812,1.4536911249160767,21.256221771240234
42,397312,20.091299057006836,0.7982854843139648,21.256221771240234
43,399360,19.846744537353516,0.30351993441581726,21.256221771240234
44,401408,19.251306533813477,1.2073509693145752,21.256221771240234
45,403456,18.72905921936035,1.9563159942626953,21.256221771240234
46,405504,18.61308479309082,1.288986325263977,21.256221771240234
47,407552,18.34822654724121,3.929277181625366,21.256221771240234
48,409600,20.01974105834961,1.1475625038146973,21.256221771240234
49,411648,19.743022918701172,0.8642723560333252,21.256221771240234
50,413696,19.236682891845703,0.853611409664154,21.256221771240234
51,415744,19.9910831451416,0.7215105891227722,21.256221771240234
52,417792,20.041057586669922,0.8705235123634338,21.256221771240234
53,419840,18.572101593017578,1.579985499382019,21.256221771240234
54,421888,19.894155502319336,1.478493571281433,21.256221771240234
55,423936,19.83676528930664,1.0011740922927856,21.256221771240234
56,425984,19.615812301635742,0.5426249504089355,21.256221771240234
57,428032,18.54860496520996,1.539900541305542,21.256221771240234
58,430080,19.790742874145508,1.380493402481079,21.256221771240234
59,432128,19.07237434387207,1.2509398460388184,21.256221771240234
60,434176,21.000812530517578,1.387521505355835,21.256221771240234
61,436224,20.150501251220703,0.6794562935829163,21.256221771240234
62,438272,19.098115921020508,1.351063847541809,21.256221771240234
63,440320,19.823514938354492,1.3269633054733276,21.256221771240234
64,442368,19.948802947998047,0.7472435235977173,21.256221771240234
65,444416,20.218582153320312,1.5592271089553833,21.256221771240234
66,446464,20.460208892822266,0.7474852204322815,21.256221771240234
67,448512,19.836286544799805,1.2984424829483032,21.256221771240234
68,450560,20.47722816467285,1.1223111152648926,21.256221771240234
69,452608,20.304248809814453,1.7054802179336548,21.256221771240234
70,454656,19.876813888549805,0.4538746178150177,21.256221771240234
71,456704,19.326152801513672,1.0772522687911987,21.256221771240234
72,458752,19.792510986328125,2.1219542026519775,21.256221771240234
73,460800,21.112640380859375,0.9753217697143555,21.256221771240234
74,462848,19.865991592407227,1.1707077026367188,21.256221771240234
75,464896,19.335758209228516,1.2601497173309326,21.256221771240234
76,466944,20.18946075439453,0.2304053157567978,21.256221771240234
77,468992,19.828012466430664,0.4467069208621979,21.256221771240234
78,471040,20.4554500579834,1.3322261571884155,21.256221771240234
79,473088,18.096847534179688,3.002288818359375,21.256221771240234
80,475136,18.798688888549805,1.325344443321228,21.256221771240234
81,477184,20.08945083618164,0.9181832671165466,21.256221771240234
82,479232,18.31210708618164,2.275742769241333,21.256221771240234
83,481280,17.899398803710938,1.332981824874878,21.256221771240234
84,483328,17.384654998779297,2.4134960174560547,21.256221771240234
85,485376,19.76403045654297,1.1709022521972656,21.256221771240234
86,487424,18.814205169677734,1.111197590827942,21.256221771240234
87,489472,20.669586181640625,0.741118311882019,21.256221771240234
88,491520,18.88808822631836,1.6296699047088623,21.256221771240234
89,493568,19.544471740722656,1.4927492141723633,21.256221771240234
90,495616,19.91901206970215,1.1850045919418335,21.256221771240234
91,497664,19.291683197021484,0.5133919715881348,21.256221771240234
92,499712,17.21293067932129,3.764915704727173,21.256221771240234
93,501760,20.826610565185547,1.5444920063018799,21.256221771240234
94,503808,18.6003475189209,2.3080286979675293,21.256221771240234
95,505856,19.02557373046875,1.910012125968933,21.256221771240234
96,507904,19.741287231445312,1.5961508750915527,21.256221771240234
97,509952,19.59412956237793,1.0027140378952026,21.256221771240234
98,512000,20.401851654052734,2.0605368614196777,21.256221771240234
99,514048,17.357219696044922,2.222740650177002,21.256221771240234
100,516096,19.76358985900879,0.678112804889679,21.256221771240234
101,518144,18.66799545288086,1.6680411100387573,21.256221771240234
102,520192,19.41348648071289,1.8243215084075928,21.256221771240234
103,522240,18.562326431274414,0.6981786489486694,21.256221771240234
104,524288,20.205036163330078,1.0298655033111572,21.256221771240234
105,526336,18.359243392944336,2.470343828201294,21.256221771240234
106,528384,19.349498748779297,0.9041942358016968,21.256221771240234
107,530432,17.673105239868164,0.8562610745429993,21.256221771240234
108,532480,19.30348777770996,2.174163341522217,21.256221771240234
109,534528,18.596792221069336,1.3764996528625488,21.256221771240234
110,536576,19.654150009155273,0.7757234573364258,21.256221771240234
111,538624,19.6385440826416,1.4454796314239502,21.256221771240234
112,540672,18.419403076171875,1.2609697580337524,21.256221771240234
113,542720,20.566057205200195,1.177355408668518,21.256221771240234
114,544768,18.897233963012695,1.7176158428192139,21.256221771240234
115,546816,19.50289535522461,1.2960762977600098,21.256221771240234
116,548864,18.549495697021484,1.7071961164474487,21.256221771240234
117,550912,18.9090518951416,1.7681721448898315,21.256221771240234
118,552960,18.32196617126465,2.7872698307037354,21.256221771240234
119,555008,18.61893081665039,1.6539802551269531,21.256221771240234
120,557056,18.039047241210938,0.811797022819519,21.256221771240234
121,559104,18.70016860961914,0.7740292549133301,21.256221771240234
122,561152,19.08051109313965,1.9609334468841553,21.256221771240234
123,563200,18.992115020751953,1.1617610454559326,21.256221771240234
124,565248,17.219959259033203,2.8437654972076416,21.256221771240234
125,567296,17.820068359375,0.7908504605293274,21.256221771240234
126,569344,19.71036148071289,1.0726169347763062,21.256221771240234
127,571392,18.701108932495117,0.9638463258743286,21.256221771240234
128,573440,18.520973205566406,2.3850748538970947,21.256221771240234
129,575488,18.98940086364746,0.9245410561561584,21.256221771240234
130,577536,18.91053581237793,1.18285071849823,21.256221771240234
131,579584,20.238357543945312,1.2177778482437134,21.256221771240234
132,581632,18.817739486694336,0.9833796620368958,21.256221771240234
133,583680,19.31563377380371,1.9729856252670288,21.256221771240234
134,585728,19.828418731689453,0.6293185949325562,21.256221771240234
135,587776,19.109493255615234,1.0623294115066528,21.256221771240234
136,589824,20.53341293334961,0.5208566784858704,21.256221771240234
137,591872,19.854997634887695,1.5667098760604858,21.256221771240234
138,593920,20.15469741821289,0.654521107673645,21.256221771240234
139,595968,19.160459518432617,2.0049171447753906,21.256221771240234
140,598016,18.71558952331543,1.4009946584701538,21.256221771240234
141,600064,17.44131088256836,2.8030827045440674,21.256221771240234
142,602112,19.841110229492188,0.9002370238304138,21.256221771240234
143,604160,18.88213539123535,3.2139506340026855,21.256221771240234
144,606208,19.483373641967773,2.1458795070648193,21.256221771240234
145,608256,16.645265579223633,2.540499687194824,21.256221771240234
146,610304,19.965652465820312,1.5884636640548706,21.256221771240234
147,612352,18.991483688354492,1.393649935722351,21.256221771240234
148,614400,19.5687198638916,1.079787254333496,21.256221771240234
149,616448,17.943700790405273,3.316361904144287,21.256221771240234
150,618496,20.330585479736328,0.7692278623580933,21.256221771240234
151,620544,20.33506965637207,0.7069795727729797,21.256221771240234
152,622592,19.1253662109375,1.1632992029190063,21.256221771240234
153,624640,17.33103370666504,3.2772836685180664,21.256221771240234
154,626688,20.03970718383789,1.0540565252304077,21.256221771240234
155,628736,19.370006561279297,2.2712700366973877,21.256221771240234
156,630784,20.51249885559082,0.9344438314437866,21.256221771240234
157,632832,19.29050636291504,1.6767346858978271,21.256221771240234
158,634880,19.685379028320312,1.1615626811981201,21.256221771240234
159,636928,17.71318244934082,2.266179084777832,21.256221771240234
160,638976,19.603473663330078,1.168553113937378,21.256221771240234
161,641024,19.151859283447266,2.1770570278167725,21.256221771240234
162,643072,17.527978897094727,2.0129973888397217,21.256221771240234
163,645120,17.933557510375977,0.83290696144104,21.256221771240234
164,647168,19.156763076782227,1.018940806388855,21.256221771240234
165,649216,21.22640037536621,0.6775484085083008,21.256221771240234
166,651264,17.942113876342773,2.0609071254730225,21.256221771240234
167,653312,18.636905670166016,1.355364441871643,21.256221771240234
168,655360,20.85890769958496,0.8825650811195374,21.256221771240234
169,657408,19.954729080200195,1.460983395576477,21.256221771240234
170,659456,18.63340187072754,1.139243245124817,21.256221771240234
171,661504,20.685222625732422,0.9140082597732544,21.256221771240234
172,663552,19.681486129760742,1.4448087215423584,21.256221771240234
173,665600,20.097820281982422,1.554416537284851,21.256221771240234
174,667648,17.992544174194336,2.6125240325927734,21.256221771240234
175,669696,17.751211166381836,2.2711825370788574,21.256221771240234
176,671744,19.97754669189453,0.7101344466209412,21.256221771240234
177,673792,20.382347106933594,0.971735954284668,21.256221771240234
178,675840,19.467992782592773,0.9229590892791748,21.256221771240234
179,677888,19.927303314208984,1.6831947565078735,21.256221771240234
180,679936,20.057212829589844,1.2086114883422852,21.256221771240234
181,681984,20.279537200927734,0.9281384944915771,21.256221771240234
182,684032,19.510395050048828,1.080695390701294,21.256221771240234
183,686080,20.013288497924805,1.560866355895996,21.256221771240234
184,688128,20.52761459350586,1.2286489009857178,21.256221771240234
185,690176,19.720027923583984,1.669664740562439,21.256221771240234
186,692224,19.872312545776367,0.8720656633377075,21.256221771240234
187,694272,19.11941909790039,2.734511137008667,21.256221771240234
188,696320,20.535810470581055,1.411304235458374,21.256221771240234
189,698368,19.522235870361328,2.5551609992980957,21.256221771240234
190,700416,20.00564956665039,0.7389482259750366,21.256221771240234
191,702464,20.111286163330078,1.2124241590499878,21.256221771240234
192,704512,19.001983642578125,2.0389492511749268,21.256221771240234
193,706560,19.36134910583496,1.527489423751831,21.256221771240234
194,708608,20.298751831054688,1.1426421403884888,21.256221771240234
195,710656,20.615266799926758,1.2360713481903076,21.256221771240234
196,712704,20.6254940032959,0.809908390045166,21.256221771240234
197,714752,19.948749542236328,1.419606328010559,21.256221771240234
198,716800,18.918685913085938,1.138057827949524,21.256221771240234
199,718848,18.184682846069336,1.8486469984054565,21.256221771240234
200,720896,18.591392517089844,2.776404857635498,21.256221771240234
201,722944,19.337825775146484,1.526267409324646,21.256221771240234
202,724992,19.664377212524414,2.044797658920288,21.256221771240234
203,727040,18.738725662231445,1.2654054164886475,21.256221771240234
204,729088,18.515012741088867,1.7355862855911255,21.256221771240234
205,731136,20.313182830810547,0.9069664478302002,21.256221771240234
206,733184,19.182170867919922,1.8334324359893799,21.256221771240234
207,735232,18.31166648864746,1.54917573928833,21.256221771240234
208,737280,17.818418502807617,2.0198304653167725,21.256221771240234
209,739328,19.145103454589844,2.931920051574707,21.256221771240234
210,741376,19.40082550048828,0.2373751699924469,21.256221771240234
211,743424,20.383325576782227,0.7378877997398376,21.256221771240234
212,745472,19.39765167236328,1.4953933954238892,21.256221771240234
213,747520,18.067764282226562,2.5574722290039062,21.256221771240234
214,749568,18.830181121826172,1.149906039237976,21.256221771240234
215,751616,18.506229400634766,2.0413968563079834,21.256221771240234
216,753664,18.413639068603516,1.2160075902938843,21.256221771240234
217,755712,19.078922271728516,2.7218809127807617,21.256221771240234
218,757760,19.110687255859375,1.9662175178527832,21.256221771240234
219,759808,19.349498748779297,0.9290735125541687,21.256221771240234
220,761856,19.799758911132812,0.7200353145599365,21.256221771240234
221,763904,19.33810043334961,1.57551109790802,21.256221771240234
222,765952,20.68865966796875,0.25499263405799866,21.256221771240234
223,768000,19.699228286743164,0.9422498941421509,21.256221771240234
224,770048,19.517322540283203,0.7541829943656921,21.256221771240234
225,772096,18.583290100097656,2.3583786487579346,21.256221771240234
226,774144,20.434595108032227,0.931911289691925,21.256221771240234
227,776192,19.82802391052246,1.7080632448196411,21.256221771240234
228,778240,18.766508102416992,1.401620626449585,21.256221771240234
229,780288,18.574142456054688,1.7688360214233398,21.256221771240234
230,782336,19.96519660949707,1.171911597251892,21.256221771240234
231,784384,18.837581634521484,1.6440659761428833,21.256221771240234
232,786432,19.656116485595703,1.4884231090545654,21.256221771240234
233,788480,19.67099380493164,1.3187216520309448,21.256221771240234
234,790528,18.77536964416504,1.6255055665969849,21.256221771240234
235,792576,18.341585159301758,1.2345823049545288,21.256221771240234
236,794624,20.25423812866211,0.8753200173377991,21.256221771240234
237,796672,20.28929901123047,1.9676426649093628,21.256221771240234
238,798720,19.552249908447266,0.4466207027435303,21.256221771240234
239,800768,19.69720458984375,0.6863306164741516,21.256221771240234
240,802816,19.565181732177734,1.5665295124053955,21.256221771240234
241,804864,19.17336082458496,1.2593096494674683,21.256221771240234
242,806912,20.06123161315918,0.7817819118499756,21.256221771240234
243,808960,20.074962615966797,1.2425702810287476,21.256221771240234
244,811008,20.00031852722168,0.8438300490379333,21.256221771240234
245,813056,18.749431610107422,1.119840383529663,21.256221771240234
246,815104,19.978778839111328,0.47600018978118896,21.256221771240234
247,817152,20.213848114013672,1.1450159549713135,21.256221771240234
248,819200,20.03162956237793,1.2383618354797363,21.256221771240234
249,821248,19.70977210998535,0.7317247986793518,21.256221771240234
250,823296,20.568614959716797,0.9878673553466797,21.256221771240234
251,825344,20.15858268737793,0.7435595989227295,21.256221771240234
252,827392,19.112300872802734,1.6407164335250854,21.256221771240234
253,829440,20.56285858154297,1.7461491823196411,21.256221771240234
254,831488,19.720495223999023,1.7599257230758667,21.256221771240234
255,833536,18.800554275512695,1.3066253662109375,21.256221771240234
256,835584,20.52067756652832,0.7603213787078857,21.256221771240234
257,837632,18.30452537536621,1.8001235723495483,21.256221771240234
258,839680,18.22195816040039,2.7812845706939697,21.256221771240234
259,841728,19.281044006347656,1.3759403228759766,21.256221771240234
260,843776,17.484386444091797,1.7836705446243286,21.256221771240234
261,845824,17.719493865966797,2.241821527481079,21.256221771240234
262,847872,19.06195068359375,2.066105365753174,21.256221771240234
263,849920,20.01674461364746,0.8876808881759644,21.256221771240234
264,851968,19.670066833496094,0.4647602140903473,21.256221771240234
265,854016,19.471725463867188,1.3187458515167236,21.256221771240234
266,856064,19.897470474243164,0.9281458258628845,21.256221771240234
267,858112,19.42957305908203,1.5475214719772339,21.256221771240234
268,860160,19.42550277709961,0.5730118155479431,21.256221771240234
269,862208,20.121845245361328,0.954852283000946,21.256221771240234
270,864256,19.887819290161133,1.0150316953659058,21.256221771240234
271,866304,18.643911361694336,1.0328065156936646,21.256221771240234
272,868352,19.699951171875,1.6375325918197632,21.256221771240234
273,870400,20.260311126708984,1.2454913854599,21.256221771240234
274,872448,20.746402740478516,0.7713496088981628,21.256221771240234
275,874496,20.449954986572266,0.880790650844574,21.256221771240234
276,876544,19.55683708190918,1.020727276802063,21.256221771240234
277,878592,20.0659122467041,0.8702961802482605,21.256221771240234
278,880640,20.35361671447754,1.100460410118103,21.256221771240234
279,882688,21.247417449951172,0.914020836353302,21.256221771240234
280,884736,18.57477569580078,1.280283808708191,21.256221771240234
281,886784,19.589649200439453,0.914989709854126,21.256221771240234
282,888832,18.468032836914062,0.8232811093330383,21.256221771240234
283,890880,20.531951904296875,1.0884217023849487,21.256221771240234
284,892928,20.168094635009766,1.099185585975647,21.256221771240234
285,894976,20.647356033325195,1.0178751945495605,21.256221771240234
286,897024,18.829904556274414,1.5369333028793335,21.256221771240234
287,899072,20.064157485961914,0.9685519337654114,21.256221771240234
288,901120,19.724002838134766,1.3436694145202637,21.256221771240234
289,903168,19.127893447875977,0.5093904137611389,21.256221771240234
290,905216,20.14301109313965,1.151094675064087,21.256221771240234
291,907264,19.247722625732422,1.435975193977356,21.256221771240234
292,909312,20.129966735839844,0.746099054813385,21.256221771240234
293,911360,19.005661010742188,2.137054443359375,21.256221771240234
294,913408,19.110092163085938,1.08211350440979,21.256221771240234
295,915456,19.808561325073242,1.1800954341888428,21.256221771240234
296,917504,19.561429977416992,0.6086271405220032,21.256221771240234
297,919552,20.674434661865234,0.7303023338317871,21.256221771240234
298,921600,19.77374839782715,1.4147642850875854,21.256221771240234
299,923648,19.12934112548828,1.014667272567749,21.256221771240234
300,925696,19.624513626098633,0.6686765551567078,21.256221771240234
301,927744,20.46563720703125,0.7731195688247681,21.256221771240234
302,929792,20.08469009399414,1.2286237478256226,21.256221771240234
303,931840,20.220317840576172,1.2826191186904907,21.256221771240234
304,933888,19.988752365112305,0.8175761699676514,21.256221771240234
305,935936,19.98079490661621,0.9730943441390991,21.256221771240234
306,937984,20.744470596313477,1.3385396003723145,21.256221771240234
307,940032,20.509458541870117,1.4819293022155762,21.256221771240234
308,942080,17.67593002319336,2.962566375732422,21.256221771240234
309,944128,19.86639404296875,1.2908148765563965,21.256221771240234
310,946176,18.069488525390625,3.2866618633270264,21.256221771240234
311,948224,19.61727523803711,2.0429983139038086,21.256221771240234
312,950272,19.312137603759766,1.3420989513397217,21.256221771240234
313,952320,20.207609176635742,1.6608679294586182,21.256221771240234
314,954368,19.762977600097656,0.6117345094680786,21.256221771240234
315,956416,18.629539489746094,1.3972647190093994,21.256221771240234
316,958464,18.07493019104004,0.7241690754890442,21.256221771240234
317,960512,20.552749633789062,0.8787723779678345,21.256221771240234
318,962560,19.749906539916992,0.888168454170227,21.256221771240234
319,964608,19.840145111083984,0.5756949186325073,21.256221771240234
320,966656,19.508708953857422,1.348118782043457,21.256221771240234
321,968704,19.68909454345703,0.8196102380752563,21.256221771240234
322,970752,19.649463653564453,1.753326654434204,21.256221771240234
323,972800,20.209814071655273,0.948806643486023,21.256221771240234
324,974848,19.41168212890625,1.294716238975525,21.256221771240234
325,976896,18.719181060791016,1.2719025611877441,21.256221771240234
326,978944,19.605419158935547,1.6062421798706055,21.256221771240234
327,980992,18.62386703491211,1.4969631433486938,21.256221771240234
328,983040,20.477245330810547,1.423425316810608,21.256221771240234
329,985088,20.202472686767578,1.0829757452011108,21.256221771240234
330,987136,20.10807228088379,1.5223984718322754,21.256221771240234
331,989184,19.182357788085938,0.45872771739959717,21.256221771240234
332,991232,19.61957359313965,1.4325404167175293,21.256221771240234
333,993280,19.08220863342285,2.414076805114746,21.256221771240234
334,995328,19.562664031982422,1.1730235815048218,21.256221771240234
335,997376,19.490345001220703,1.379021167755127,21.256221771240234
336,999424,20.06450843811035,0.6156774163246155,21.256221771240234
337,1001472,19.41802406311035,1.316554307937622,21.256221771240234
338,1003520,19.862747192382812,0.9637947678565979,21.256221771240234
339,1005568,19.37021255493164,0.7102207541465759,21.256221771240234
340,1007616,19.343225479125977,0.6503707766532898,21.256221771240234
341,1009664,18.514951705932617,1.840820074081421,21.256221771240234
342,1011712,18.269908905029297,1.5047041177749634,21.256221771240234
343,1013760,17.98482894897461,3.0273401737213135,21.256221771240234
344,1015808,20.135826110839844,0.753197968006134,21.256221771240234
345,1017856,19.503755569458008,1.0633060932159424,21.256221771240234
346,1019904,17.7547550201416,1.0079699754714966,21.256221771240234
347,1021952,17.560823440551758,2.3502607345581055,21.256221771240234
348,1024000,19.218307495117188,1.3715075254440308,21.256221771240234
349,1026048,17.819843292236328,1.780444622039795,21.256221771240234
350,1028096,18.532190322875977,1.995558261871338,21.256221771240234
351,1030144,20.22841453552246,0.6186511516571045,21.256221771240234
352,1032192,18.778610229492188,0.9975472092628479,21.256221771240234
353,1034240,19.523548126220703,1.1417597532272339,21.256221771240234
354,1036288,19.960474014282227,0.9719874262809753,21.256221771240234
355,1038336,19.5227108001709,1.6060280799865723,21.256221771240234
356,1040384,18.802127838134766,1.0339322090148926,21.256221771240234
357,1042432,19.25899887084961,0.7520949244499207,21.256221771240234
358,1044480,19.758548736572266,0.4746801555156708,21.256221771240234
359,1046528,18.043750762939453,3.2213613986968994,21.256221771240234
360,1048576,17.79507064819336,2.6715056896209717,21.256221771240234
361,1050624,18.109813690185547,1.776404619216919,21.256221771240234
362,1052672,18.846500396728516,1.3262134790420532,21.256221771240234
363,1054720,19.64047622680664,1.2956126928329468,21.256221771240234
364,1056768,19.288799285888672,1.6426187753677368,21.256221771240234
365,1058816,20.0782527923584,1.186877965927124,21.256221771240234
366,1060864,19.86393165588379,1.537148356437683,21.256221771240234
367,1062912,16.79555892944336,3.847856044769287,21.256221771240234
368,1064960,21.087657928466797,0.9402687549591064,21.256221771240234
369,1067008,18.62209701538086,2.674973487854004,21.256221771240234
370,1069056,20.589736938476562,1.365572214126587,21.256221771240234
371,1071104,19.713132858276367,1.5849934816360474,21.256221771240234
372,1073152,20.129844665527344,2.0153446197509766,21.256221771240234
373,1075200,19.562461853027344,1.1605373620986938,21.256221771240234
374,1077248,18.716833114624023,1.5038422346115112,21.256221771240234
375,1079296,19.21755027770996,1.968487024307251,21.256221771240234
376,1081344,19.725114822387695,0.5111484527587891,21.256221771240234
377,1083392,19.304561614990234,1.4779438972473145,21.256221771240234
378,1085440,18.560087203979492,0.7336187362670898,21.256221771240234
379,1087488,18.8883113861084,0.9392465353012085,21.256221771240234
380,1089536,19.708560943603516,1.0810215473175049,21.256221771240234
381,1091584,19.023513793945312,1.920815348625183,21.256221771240234
382,1093632,19.272979736328125,0.4064653217792511,21.256221771240234
383,1095680,18.17294692993164,1.020139217376709,21.256221771240234
384,1097728,18.21839141845703,2.2843964099884033,21.256221771240234
385,1099776,17.61692237854004,2.1613943576812744,21.256221771240234
386,1101824,18.726116180419922,2.5730979442596436,21.256221771240234
387,1103872,19.21658706665039,1.389247179031372,21.256221771240234
388,1105920,18.289207458496094,1.5172209739685059,21.256221771240234
389,1107968,19.323591232299805,1.4886200428009033,21.256221771240234
390,1110016,20.010730743408203,0.9879176020622253,21.256221771240234
391,1112064,19.12378692626953,0.6431912183761597,21.256221771240234
392,1114112,20.111454010009766,1.080904245376587,21.256221771240234
393,1116160,18.97372817993164,1.674999475479126,21.256221771240234
394,1118208,19.166934967041016,1.3151464462280273,21.256221771240234
395,1120256,18.470256805419922,2.192379951477051,21.256221771240234
396,1122304,19.231884002685547,1.4536031484603882,21.256221771240234
397,1124352,17.461275100708008,2.3707809448242188,21.256221771240234
398,1126400,19.169591903686523,2.43454909324646,21.256221771240234
399,1128448,19.183177947998047,1.8455100059509277,21.256221771240234
400,1130496,19.73444175720215,0.4990779757499695,21.256221771240234
401,1132544,19.338134765625,1.0089625120162964,21.256221771240234
402,1134592,19.57298469543457,1.3423142433166504,21.256221771240234
403,1136640,18.621692657470703,2.5326650142669678,21.256221771240234
404,1138688,19.85038185119629,0.44761303067207336,21.256221771240234
405,1140736,19.665714263916016,0.712352991104126,21.256221771240234
406,1142784,20.51239585876465,1.1521754264831543,21.256221771240234
407,1144832,19.74949073791504,1.0935256481170654,21.256221771240234
408,1146880,19.862987518310547,1.138867974281311,21.256221771240234
409,1148928,20.027551651000977,1.716490387916565,21.256221771240234
410,1150976,19.194774627685547,1.0481951236724854,21.256221771240234
411,1153024,18.620433807373047,1.9714196920394897,21.256221771240234
412,1155072,19.449678421020508,1.37233304977417,21.256221771240234
413,1157120,17.784543991088867,2.9796814918518066,21.256221771240234
414,1159168,19.520837783813477,1.4796836376190186,21.256221771240234
415,1161216,21.207231521606445,0.41709908843040466,21.256221771240234
416,1163264,16.157318115234375,1.9762872457504272,21.256221771240234
417,1165312,19.979900360107422,0.649364173412323,21.256221771240234
418,1167360,18.473905563354492,2.270512104034424,21.256221771240234
419,1169408,18.449874877929688,2.096426248550415,21.256221771240234
420,1171456,19.761810302734375,1.0476596355438232,21.256221771240234
421,1173504,20.186138153076172,0.9023177623748779,21.256221771240234
422,1175552,19.136011123657227,1.8461966514587402,21.256221771240234
423,1177600,18.96697425842285,1.7832990884780884,21.256221771240234
424,1179648,20.52569580078125,0.7980570197105408,21.256221771240234
425,1181696,19.559345245361328,1.865646243095398,21.256221771240234
426,1183744,19.68636703491211,0.7060297131538391,21.256221771240234
427,1185792,20.123313903808594,0.6726848483085632,21.256221771240234
428,1187840,19.65203857421875,1.832694411277771,21.256221771240234
429,1189888,19.689489364624023,0.7242693305015564,21.256221771240234
430,1191936,20.031078338623047,0.5042728781700134,21.256221771240234
431,1193984,18.963268280029297,2.0289628505706787,21.256221771240234
432,1196032,17.964609146118164,1.6197938919067383,21.256221771240234
433,1198080,19.712085723876953,1.456910490989685,21.256221771240234
434,1200128,16.162988662719727,2.832688093185425,21.256221771240234
435,1202176,19.437673568725586,0.9546961188316345,21.256221771240234
436,1204224,19.07135581970215,1.7680308818817139,21.256221771240234
437,1206272,19.629722595214844,1.5164027214050293,21.256221771240234
438,1208320,19.69855499267578,1.1846351623535156,21.256221771240234
439,1210368,19.925870895385742,0.9672515988349915,21.256221771240234
440,1212416,19.034683227539062,0.7985410094261169,21.256221771240234
441,1214464,19.961328506469727,1.1867440938949585,21.256221771240234
442,1216512,19.89832878112793,1.8363168239593506,21.256221771240234
443,1218560,20.560298919677734,1.4968641996383667,21.256221771240234
444,1220608,19.309314727783203,0.8161183595657349,21.256221771240234
445,1222656,19.385116577148438,1.8188414573669434,21.256221771240234
446,1224704,19.157621383666992,0.4131399095058441,21.256221771240234
447,1226752,18.78470230102539,1.453421950340271,21.256221771240234
448,1228800,19.477352142333984,1.2736401557922363,21.256221771240234
449,1230848,20.4715633392334,1.241487979888916,21.256221771240234
450,1232896,19.558061599731445,1.539108395576477,21.256221771240234
451,1234944,19.80498695373535,1.5185095071792603,21.256221771240234
452,1236992,19.989397048950195,1.104414701461792,21.256221771240234
453,1239040,20.018037796020508,1.9237909317016602,21.256221771240234
454,1241088,19.508623123168945,1.2438915967941284,21.256221771240234
455,1243136,18.507694244384766,2.4141626358032227,21.256221771240234
456,1245184,18.317766189575195,1.7086173295974731,21.256221771240234
457,1247232,19.153125762939453,1.454148292541504,21.256221771240234
458,1249280,18.221248626708984,1.5668225288391113,21.256221771240234
459,1251328,17.97713279724121,2.327495574951172,21.256221771240234
460,1253376,19.250286102294922,1.5631988048553467,21.256221771240234
461,1255424,21.04956817626953,1.0852077007293701,21.256221771240234
462,1257472,19.066911697387695,1.5356736183166504,21.256221771240234
463,1259520,19.023075103759766,0.9625895619392395,21.256221771240234
464,1261568,19.882299423217773,1.0588626861572266,21.256221771240234
465,1263616,19.677854537963867,0.6408411860466003,21.256221771240234
466,1265664,19.933813095092773,0.8677287697792053,21.256221771240234
467,1267712,19.35371208190918,1.4835522174835205,21.256221771240234
468,1269760,18.065458297729492,2.070538282394409,21.256221771240234
469,1271808,19.481849670410156,0.9802926778793335,21.256221771240234
470,1273856,18.656719207763672,0.9064940214157104,21.256221771240234
471,1275904,17.420948028564453,1.9438167810440063,21.256221771240234
472,1277952,17.949710845947266,4.1711506843566895,21.256221771240234
473,1280000,19.691654205322266,0.6413282752037048,21.256221771240234
474,1282048,19.4931697845459,1.0668853521347046,21.256221771240234
475,1284096,17.94300651550293,0.8252633213996887,21.256221771240234
476,1286144,20.42198944091797,1.0425081253051758,21.256221771240234
477,1288192,18.264131546020508,2.653397560119629,21.256221771240234
478,1290240,19.284061431884766,1.401062250137329,21.256221771240234
479,1292288,19.108579635620117,2.063140392303467,21.256221771240234
480,1294336,17.811954498291016,3.074589967727661,21.256221771240234
481,1296384,18.92462921142578,1.8159259557724,21.256221771240234
482,1298432,20.56524085998535,1.0996155738830566,21.256221771240234
483,1300480,21.252904891967773,0.4744456708431244,21.256221771240234
484,1302528,19.372848510742188,0.5736758708953857,21.256221771240234
485,1304576,19.156415939331055,1.7466256618499756,21.256221771240234
486,1306624,19.687164306640625,1.3575018644332886,21.256221771240234
487,1308672,19.64456558227539,1.5471220016479492,21.256221771240234
488,1310720,19.13920021057129,1.5837981700897217,21.256221771240234
489,1312768,19.62545394897461,0.8003872036933899,21.256221771240234
490,1314816,19.842121124267578,1.010909080505371,21.256221771240234
491,1316864,19.1768798828125,3.238002300262451,21.256221771240234
492,1318912,19.753070831298828,1.3083535432815552,21.256221771240234
493,1320960,20.1302433013916,0.7992437481880188,21.256221771240234
494,1323008,19.8583984375,1.338141679763794,21.256221771240234
495,1325056,18.869678497314453,1.0535080432891846,21.256221771240234
496,1327104,19.973522186279297,0.6680306792259216,21.256221771240234
497,1329152,19.393619537353516,1.1702603101730347,21.256221771240234
498,1331200,20.877269744873047,0.9736526012420654,21.256221771240234
499,1333248,18.01605796813965,2.0078654289245605,21.256221771240234
500,1335296,20.326753616333008,0.8937386870384216,21.256221771240234
501,1337344,19.888870239257812,0.3532879650592804,21.256221771240234
502,1339392,19.718965530395508,1.9720098972320557,21.256221771240234
503,1341440,20.281204223632812,0.9363431930541992,21.256221771240234
504,1343488,17.32350730895996,2.50990629196167,21.256221771240234
505,1345536,19.1387882232666,0.8438630104064941,21.256221771240234
506,1347584,19.89679527282715,0.9406964778900146,21.256221771240234
507,1349632,19.9613037109375,1.2613778114318848,21.256221771240234
508,1351680,18.252267837524414,2.229423761367798,21.256221771240234
509,1353728,20.605098724365234,1.7298030853271484,21.256221771240234
510,1355776,19.846967697143555,1.3223412036895752,21.256221771240234
511,1357824,20.47675132751465,1.1490873098373413,21.256221771240234
512,1359872,20.3520450592041,0.9894797801971436,21.256221771240234
513,1361920,20.067611694335938,0.8830171227455139,21.256221771240234
1,1363968,18.335079193115234,6.110498905181885,18.335079193115234
2,1366016,18.423810958862305,1.544852614402771,18.423810958862305
3,1368064,19.95852279663086,1.1566197872161865,19.95852279663086
4,1370112,18.752887725830078,1.891049861907959,19.95852279663086
5,1372160,19.169147491455078,1.8336845636367798,19.95852279663086
6,1374208,17.86395835876465,1.1255680322647095,19.95852279663086
7,1376256,18.841960906982422,0.3415107727050781,19.95852279663086
8,1378304,20.598495483398438,1.4602359533309937,20.598495483398438
9,1380352,19.600631713867188,1.5336201190948486,20.598495483398438
10,1382400,20.51189422607422,1.4943559169769287,20.598495483398438
11,1384448,20.099925994873047,0.9905059933662415,20.598495483398438
12,1386496,19.961463928222656,1.382872223854065,20.598495483398438
13,1388544,20.100021362304688,1.1037341356277466,20.598495483398438
14,1390592,20.576383590698242,0.5330197215080261,20.598495483398438
15,1392640,20.342662811279297,1.316616177558899,20.598495483398438
16,1394688,19.812389373779297,1.1735634803771973,20.598495483398438
17,1396736,19.266620635986328,2.398902177810669,20.598495483398438
18,1398784,18.67987060546875,3.1125783920288086,20.598495483398438
19,1400832,20.347484588623047,1.416329026222229,20.598495483398438
20,1402880,18.921646118164062,1.5768533945083618,20.598495483398438
21,1404928,19.534564971923828,1.5115293264389038,20.598495483398438
22,1406976,20.180179595947266,1.3687517642974854,20.598495483398438
23,1409024,18.64504623413086,1.6233409643173218,20.598495483398438
24,1411072,19.179363250732422,0.850078284740448,20.598495483398438
25,1413120,19.32498550415039,0.9830237030982971,20.598495483398438
26,1415168,18.676706314086914,1.674795150756836,20.598495483398438
27,1417216,20.039997100830078,1.1841661930084229,20.598495483398438
28,1419264,19.646907806396484,1.4213662147521973,20.598495483398438
29,1421312,19.9998779296875,1.7233610153198242,20.598495483398438
30,1423360,18.603984832763672,0.49258843064308167,20.598495483398438
31,1425408,19.04572105407715,2.0122318267822266,20.598495483398438
32,1427456,18.24279022216797,1.920494794845581,20.598495483398438
33,1429504,17.89719581604004,1.0099983215332031,20.598495483398438
34,1431552,19.648141860961914,1.1631684303283691,20.598495483398438
35,1433600,20.061975479125977,1.420811653137207,20.598495483398438
36,1435648,18.59505844116211,3.207639455795288,20.598495483398438
37,1437696,20.655654907226562,1.5838837623596191,20.655654907226562
38,1439744,18.822437286376953,2.4270851612091064,20.655654907226562
39,1441792,17.700695037841797,5.735505104064941,20.655654907226562
40,1443840,20.01248550415039,0.9439993500709534,20.655654907226562
41,1445888,17.425851821899414,3.7990529537200928,20.655654907226562
42,1447936,18.782861709594727,2.4201083183288574,20.655654907226562
43,1449984,18.886159896850586,1.3906168937683105,20.655654907226562
44,1452032,18.686574935913086,1.3112167119979858,20.655654907226562
45,1454080,19.143718719482422,1.0648316144943237,20.655654907226562
46,1456128,19.320959091186523,1.133609414100647,20.655654907226562
47,1458176,19.458080291748047,1.1006181240081787,20.655654907226562
48,1460224,19.753337860107422,1.6840009689331055,20.655654907226562
49,1462272,19.200237274169922,1.999989628791809,20.655654907226562
50,1464320,19.496471405029297,1.3528155088424683,20.655654907226562
51,1466368,20.37394905090332,1.00437331199646,20.655654907226562
52,1468416,18.88192367553711,0.5240509510040283,20.655654907226562
53,1470464,18.998178482055664,0.7476398348808289,20.655654907226562
54,1472512,19.02483558654785,0.7381946444511414,20.655654907226562
55,1474560,20.24936294555664,1.110837459564209,20.655654907226562
56,1476608,20.408985137939453,1.1919982433319092,20.655654907226562
57,1478656,20.310890197753906,1.5372787714004517,20.655654907226562
58,1480704,20.11466407775879,1.322659969329834,20.655654907226562
59,1482752,19.91535758972168,1.295214295387268,20.655654907226562
60,1484800,20.658571243286133,0.8515485525131226,20.658571243286133
61,1486848,20.39361572265625,1.0019785165786743,20.658571243286133
62,1488896,19.90909767150879,1.174344778060913,20.658571243286133
63,1490944,19.29021644592285,1.9484584331512451,20.658571243286133
64,1492992,20.967199325561523,0.7551154494285583,20.967199325561523
65,1495040,20.364194869995117,0.8596240282058716,20.967199325561523
66,1497088,20.354846954345703,0.5757147073745728,20.967199325561523
67,1499136,19.167247772216797,0.9989659190177917,20.967199325561523
68,1501184,19.414794921875,1.5543229579925537,20.967199325561523
69,1503232,19.43825912475586,1.5634446144104004,20.967199325561523
70,1505280,19.462526321411133,1.5984309911727905,20.967199325561523
71,1507328,19.801416397094727,0.7724805474281311,20.967199325561523
72,1509376,20.316783905029297,0.943073034286499,20.967199325561523
73,1511424,19.18413734436035,2.027538537979126,20.967199325561523
74,1513472,20.36587142944336,0.5392792820930481,20.967199325561523
75,1515520,19.879318237304688,0.9412181973457336,20.967199325561523
76,1517568,20.192092895507812,0.8567889928817749,20.967199325561523
77,1519616,17.882125854492188,2.5515456199645996,20.967199325561523
78,1521664,18.388742446899414,1.3206967115402222,20.967199325561523
79,1523712,18.940975189208984,1.2174211740493774,20.967199325561523
80,1525760,18.11789894104004,2.388148784637451,20.967199325561523
81,1527808,18.582162857055664,1.2401641607284546,20.967199325561523
82,1529856,20.144664764404297,0.45910513401031494,20.967199325561523
83,1531904,19.47846031188965,0.5425987839698792,20.967199325561523
84,1533952,20.334001541137695,0.8813454508781433,20.967199325561523
85,1536000,20.14596939086914,0.4320361614227295,20.967199325561523
86,1538048,19.786754608154297,1.2638047933578491,20.967199325561523
87,1540096,20.276147842407227,0.920673668384552,20.967199325561523
88,1542144,19.776168823242188,1.9239449501037598,20.967199325561523
89,1544192,19.92726707458496,2.0401134490966797,20.967199325561523
90,1546240,19.789947509765625,0.9445253610610962,20.967199325561523
91,1548288,19.794681549072266,1.8396979570388794,20.967199325561523
92,1550336,20.812965393066406,0.2672840654850006,20.967199325561523
93,1552384,20.22301483154297,1.0370557308197021,20.967199325561523
94,1554432,20.158178329467773,0.8988300561904907,20.967199325561523
95,1556480,19.618183135986328,0.6322983503341675,20.967199325561523
96,1558528,20.877840042114258,0.9507150053977966,20.967199325561523
97,1560576,20.168066024780273,1.2597020864486694,20.967199325561523
98,1562624,19.873523712158203,1.151537537574768,20.967199325561523
99,1564672,20.277278900146484,1.33773934841156,20.967199325561523
100,1566720,20.322120666503906,0.6919861435890198,20.967199325561523
101,1568768,18.337820053100586,1.805403470993042,20.967199325561523
102,1570816,19.560810089111328,1.2838088274002075,20.967199325561523
103,1572864,19.356843948364258,2.266193151473999,20.967199325561523
104,1574912,19.30967140197754,1.187172770500183,20.967199325561523
105,1576960,18.840694427490234,1.5785605907440186,20.967199325561523
106,1579008,19.493783950805664,2.2707321643829346,20.967199325561523
107,1581056,20.182449340820312,1.8325144052505493,20.967199325561523
108,1583104,19.91451072692871,1.8367875814437866,20.967199325561523
109,1585152,20.494525909423828,2.250950336456299,20.967199325561523
110,1587200,20.342300415039062,0.9270697236061096,20.967199325561523
111,1589248,20.900936126708984,1.0338943004608154,20.967199325561523
112,1591296,19.948606491088867,1.39749276638031,20.967199325561523
113,1593344,18.68784523010254,1.339769959449768,20.967199325561523
114,1595392,20.283504486083984,0.9140005111694336,20.967199325561523
115,1597440,20.909679412841797,1.2628930807113647,20.967199325561523
116,1599488,20.895957946777344,1.8449037075042725,20.967199325561523
117,1601536,20.529733657836914,0.9922127723693848,20.967199325561523
118,1603584,20.399038314819336,1.388869285583496,20.967199325561523
119,1605632,20.30451774597168,1.3243348598480225,20.967199325561523
120,1607680,19.308753967285156,1.4746519327163696,20.967199325561523
121,1609728,19.1825008392334,2.3866360187530518,20.967199325561523
122,1611776,20.71781349182129,1.2449519634246826,20.967199325561523
123,1613824,18.754322052001953,0.8719022870063782,20.967199325561523
124,1615872,20.572864532470703,0.3367844223976135,20.967199325561523
125,1617920,20.0975341796875,2.41607928276062,20.967199325561523
126,1619968,21.161245346069336,0.9977705478668213,21.161245346069336
127,1622016,20.09785270690918,1.3389064073562622,21.161245346069336
128,1624064,19.758668899536133,2.3306424617767334,21.161245346069336
129,1626112,19.65761947631836,1.232975959777832,21.161245346069336
130,1628160,20.55121421813965,1.4895763397216797,21.161245346069336
131,1630208,19.815988540649414,0.971566915512085,21.161245346069336
132,1632256,19.85396385192871,0.6976321935653687,21.161245346069336
133,1634304,19.65536880493164,2.8698644638061523,21.161245346069336
134,1636352,19.940078735351562,0.7429945468902588,21.161245346069336
135,1638400,20.736764907836914,0.9025121927261353,21.161245346069336
136,1640448,18.02156639099121,2.3585927486419678,21.161245346069336
137,1642496,20.029037475585938,1.0888142585754395,21.161245346069336
138,1644544,18.79391860961914,1.9044978618621826,21.161245346069336
139,1646592,20.041351318359375,1.7598450183868408,21.161245346069336
140,1648640,18.398242950439453,1.3552824258804321,21.161245346069336
141,1650688,20.55380630493164,1.659669041633606,21.161245346069336
142,1652736,17.54439926147461,2.4699923992156982,21.161245346069336
143,1654784,20.391916275024414,2.357564926147461,21.161245346069336
144,1656832,20.05350112915039,1.8603929281234741,21.161245346069336
145,1658880,20.34836196899414,1.2136387825012207,21.161245346069336
146,1660928,19.471946716308594,1.8207595348358154,21.161245346069336
147,1662976,20.686786651611328,0.9585617184638977,21.161245346069336
148,1665024,17.754135131835938,2.7661056518554688,21.161245346069336
149,1667072,18.610498428344727,2.171072006225586,21.161245346069336
150,1669120,20.30259895324707,1.1898812055587769,21.161245346069336
151,1671168,18.29366683959961,2.3607609272003174,21.161245346069336
152,1673216,16.6126651763916,1.823344349861145,21.161245346069336
153,1675264,18.21307373046875,3.000976800918579,21.161245346069336
154,1677312,20.070642471313477,0.8759073615074158,21.161245346069336
155,1679360,18.504878997802734,2.3087234497070312,21.161245346069336
156,1681408,18.95798110961914,2.668983221054077,21.161245346069336
157,1683456,18.94455337524414,1.9989838600158691,21.161245346069336
158,1685504,17.31576919555664,0.9010590314865112,21.161245346069336
159,1687552,17.853540420532227,0.883725106716156,21.161245346069336
160,1689600,17.510549545288086,2.6395907402038574,21.161245346069336
161,1691648,19.086305618286133,1.7071770429611206,21.161245346069336
162,1693696,18.583417892456055,3.0968313217163086,21.161245346069336
163,1695744,19.903963088989258,0.949878990650177,21.161245346069336
164,1697792,20.44062614440918,1.231005072593689,21.161245346069336
165,1699840,19.83114242553711,0.7042571902275085,21.161245346069336
166,1701888,19.98819923400879,0.296902596950531,21.161245346069336
167,1703936,18.807893753051758,1.0841361284255981,21.161245346069336
168,1705984,19.350494384765625,1.0951873064041138,21.161245346069336
169,1708032,19.32253646850586,1.334312081336975,21.161245346069336
170,1710080,19.44189453125,0.7774885892868042,21.161245346069336
171,1712128,20.528369903564453,1.2898210287094116,21.161245346069336
172,1714176,19.91473388671875,1.566199779510498,21.161245346069336
173,1716224,19.101070404052734,1.9080685377120972,21.161245346069336
174,1718272,18.63725471496582,1.5092875957489014,21.161245346069336
175,1720320,19.82573699951172,1.2855288982391357,21.161245346069336
176,1722368,19.985559463500977,1.3151352405548096,21.161245346069336
177,1724416,18.81106185913086,1.2723041772842407,21.161245346069336
178,1726464,20.175161361694336,0.45565664768218994,21.161245346069336
179,1728512,18.85293960571289,1.5031085014343262,21.161245346069336
180,1730560,18.92178726196289,1.7802491188049316,21.161245346069336
181,1732608,18.938762664794922,1.0884369611740112,21.161245346069336
182,1734656,18.236858367919922,1.7640942335128784,21.161245346069336
183,1736704,19.15509796142578,1.4893885850906372,21.161245346069336
184,1738752,17.51015281677246,2.034034252166748,21.161245346069336
185,1740800,18.712289810180664,3.0092737674713135,21.161245346069336
186,1742848,19.706401824951172,1.0339033603668213,21.161245346069336
187,1744896,18.639820098876953,1.1352663040161133,21.161245346069336
188,1746944,19.083194732666016,1.4047377109527588,21.161245346069336
189,1748992,18.49612808227539,0.8568220734596252,21.161245346069336
190,1751040,19.034101486206055,1.6163275241851807,21.161245346069336
191,1753088,17.902141571044922,2.4683310985565186,21.161245346069336
192,1755136,17.463375091552734,2.137885808944702,21.161245346069336
193,1757184,18.980566024780273,1.7480818033218384,21.161245346069336
194,1759232,19.207218170166016,0.7190180420875549,21.161245346069336
195,1761280,19.16637420654297,0.8589532971382141,21.161245346069336
196,1763328,19.247814178466797,1.1021820306777954,21.161245346069336
197,1765376,20.48909568786621,1.1887273788452148,21.161245346069336
198,1767424,19.961910247802734,1.0743862390518188,21.161245346069336
199,1769472,18.562055587768555,2.1815872192382812,21.161245346069336
200,1771520,19.237056732177734,1.6741273403167725,21.161245346069336
201,1773568,19.281944274902344,0.6861521601676941,21.161245346069336
202,1775616,19.25136947631836,1.5974998474121094,21.161245346069336
203,1777664,20.117399215698242,1.1750212907791138,21.161245346069336
204,1779712,19.257152557373047,1.992047905921936,21.161245346069336
205,1781760,20.303630828857422,0.7182830572128296,21.161245346069336
206,1783808,20.145483016967773,0.9356305003166199,21.161245346069336
207,1785856,20.111122131347656,1.1537644863128662,21.161245346069336
208,1787904,18.871618270874023,0.9897201657295227,21.161245346069336
209,1789952,19.720678329467773,1.2198820114135742,21.161245346069336
210,1792000,19.341249465942383,1.257752776145935,21.161245346069336
211,1794048,18.596296310424805,1.9669041633605957,21.161245346069336
212,1796096,20.123767852783203,0.6704734563827515,21.161245346069336
213,1798144,20.4517822265625,0.33881545066833496,21.161245346069336
214,1800192,18.623947143554688,1.24168860912323,21.161245346069336
215,1802240,20.299165725708008,0.8322112560272217,21.161245346069336
216,1804288,20.084327697753906,1.1937023401260376,21.161245346069336
217,1806336,20.690378189086914,0.7975950837135315,21.161245346069336
218,1808384,18.41751480102539,1.551912546157837,21.161245346069336
219,1810432,18.05902862548828,2.4690310955047607,21.161245346069336
220,1812480,17.921289443969727,0.8933575749397278,21.161245346069336
221,1814528,17.965970993041992,1.7696659564971924,21.161245346069336
222,1816576,19.939083099365234,1.2083615064620972,21.161245346069336
223,1818624,18.585750579833984,1.9234787225723267,21.161245346069336
224,1820672,19.95134162902832,1.2560102939605713,21.161245346069336
225,1822720,19.485836029052734,0.487358957529068,21.161245346069336
226,1824768,19.055240631103516,1.2818812131881714,21.161245346069336
227,1826816,19.773534774780273,1.5717731714248657,21.161245346069336
228,1828864,19.35406494140625,2.288233518600464,21.161245346069336
229,1830912,18.63624382019043,1.331708550453186,21.161245346069336
230,1832960,18.313241958618164,2.015692949295044,21.161245346069336
231,1835008,19.51978302001953,1.3029508590698242,21.161245346069336
232,1837056,19.445362091064453,1.263217568397522,21.161245346069336
233,1839104,16.3553466796875,3.908992052078247,21.161245346069336
234,1841152,18.729843139648438,1.6680431365966797,21.161245346069336
235,1843200,18.62636375427246,1.7094297409057617,21.161245346069336
236,1845248,19.273740768432617,0.6973549127578735,21.161245346069336
237,1847296,18.196435928344727,2.8538455963134766,21.161245346069336
238,1849344,17.869564056396484,1.878256916999817,21.161245346069336
239,1851392,18.228591918945312,1.6361186504364014,21.161245346069336
240,1853440,20.296749114990234,0.7678114175796509,21.161245346069336
241,1855488,19.32094955444336,1.6671345233917236,21.161245346069336
242,1857536,17.214439392089844,2.2251224517822266,21.161245346069336
243,1859584,16.80958366394043,3.1283555030822754,21.161245346069336
244,1861632,20.007099151611328,0.9900394082069397,21.161245346069336
245,1863680,20.46502685546875,1.1462453603744507,21.161245346069336
246,1865728,18.665538787841797,3.058440685272217,21.161245346069336
247,1867776,18.64438819885254,3.0042388439178467,21.161245346069336
248,1869824,19.30343246459961,1.1300327777862549,21.161245346069336
249,1871872,20.169727325439453,0.9309697151184082,21.161245346069336
250,1873920,20.194185256958008,0.39428743720054626,21.161245346069336
251,1875968,20.074148178100586,1.7127635478973389,21.161245346069336
252,1878016,21.193347930908203,1.0262714624404907,21.193347930908203
253,1880064,20.181921005249023,1.1457197666168213,21.193347930908203
254,1882112,19.93684196472168,2.1442770957946777,21.193347930908203
255,1884160,20.76369857788086,0.9095653891563416,21.193347930908203
256,1886208,19.80678939819336,0.9976882934570312,21.193347930908203
257,1888256,19.58847427368164,1.080834984779358,21.193347930908203
258,1890304,18.0157413482666,2.1633009910583496,21.193347930908203
259,1892352,18.84333610534668,1.7844469547271729,21.193347930908203
260,1894400,20.112924575805664,1.1040467023849487,21.193347930908203
261,1896448,19.5766544342041,2.179600477218628,21.193347930908203
262,1898496,18.129968643188477,2.236050605773926,21.193347930908203
263,1900544,19.49271011352539,1.6977304220199585,21.193347930908203
264,1902592,19.918970108032227,1.0102779865264893,21.193347930908203
265,1904640,17.18952751159668,1.2989346981048584,21.193347930908203
266,1906688,19.384193420410156,1.0346871614456177,21.193347930908203
267,1908736,18.683242797851562,1.7022508382797241,21.193347930908203
268,1910784,20.826675415039062,0.8104743361473083,21.193347930908203
269,1912832,19.94585418701172,0.7843751311302185,21.193347930908203
270,1914880,20.122142791748047,1.8762012720108032,21.193347930908203
271,1916928,20.35677719116211,1.1898596286773682,21.193347930908203
272,1918976,19.294708251953125,1.8537324666976929,21.193347930908203
273,1921024,18.805709838867188,1.5325777530670166,21.193347930908203
274,1923072,19.229637145996094,2.0182530879974365,21.193347930908203
275,1925120,21.658945083618164,0.7165690660476685,21.658945083618164
276,1927168,19.495975494384766,1.348989725112915,21.658945083618164
277,1929216,19.283763885498047,1.9872714281082153,21.658945083618164
278,1931264,18.59651756286621,2.12630558013916,21.658945083618164
279,1933312,18.396915435791016,1.9117432832717896,21.658945083618164
280,1935360,19.73773956298828,1.3641401529312134,21.658945083618164
281,1937408,18.227127075195312,1.6258126497268677,21.658945083618164
282,1939456,20.493885040283203,1.1557484865188599,21.658945083618164
283,1941504,18.13957977294922,2.8500378131866455,21.658945083618164
284,1943552,18.147994995117188,3.174961566925049,21.658945083618164
285,1945600,19.910654067993164,1.148443341255188,21.658945083618164
286,1947648,17.00632095336914,2.4659197330474854,21.658945083618164
287,1949696,19.125625610351562,0.7989333868026733,21.658945083618164
288,1951744,19.759572982788086,1.1262222528457642,21.658945083618164
289,1953792,19.239761352539062,0.9474344849586487,21.658945083618164
290,1955840,19.740148544311523,1.192732810974121,21.658945083618164
291,1957888,19.964750289916992,0.603890061378479,21.658945083618164
292,1959936,17.741390228271484,1.7967246770858765,21.658945083618164
293,1961984,18.40191650390625,2.443148136138916,21.658945083618164
294,1964032,19.606975555419922,2.0176854133605957,21.658945083618164
295,1966080,18.444904327392578,1.5983716249465942,21.658945083618164
296,1968128,19.220386505126953,2.7527148723602295,21.658945083618164
297,1970176,18.3927059173584,2.6532344818115234,21.658945083618164
298,1972224,20.336772918701172,0.6453726887702942,21.658945083618164
299,1974272,19.490320205688477,3.561800479888916,21.658945083618164
300,1976320,20.829824447631836,0.9335126280784607,21.658945083618164
301,1978368,20.910051345825195,1.0270476341247559,21.658945083618164
302,1980416,20.302940368652344,0.9974424839019775,21.658945083618164
303,1982464,19.714885711669922,1.1709219217300415,21.658945083618164
304,1984512,20.997404098510742,0.769263505935669,21.658945083618164
305,1986560,17.670719146728516,3.981560707092285,21.658945083618164
306,1988608,18.956457138061523,1.4185816049575806,21.658945083618164
307,1990656,19.790321350097656,1.9190473556518555,21.658945083618164
308,1992704,18.062768936157227,2.1212868690490723,21.658945083618164
309,1994752,17.241212844848633,3.5735411643981934,21.658945083618164
310,1996800,17.06705093383789,3.434469223022461,21.658945083618164
311,1998848,18.330541610717773,3.1848950386047363,21.658945083618164
312,2000896,19.60305404663086,1.4502971172332764,21.658945083618164
313,2002944,14.307844161987305,2.091514825820923,21.658945083618164
314,2004992,21.098583221435547,0.8595004081726074,21.658945083618164
315,2007040,17.427104949951172,3.304891586303711,21.658945083618164
316,2009088,16.69735336303711,2.512378215789795,21.658945083618164
317,2011136,15.703536987304688,3.3471012115478516,21.658945083618164
318,2013184,19.046260833740234,2.8213789463043213,21.658945083618164
319,2015232,15.3436279296875,4.337553977966309,21.658945083618164
320,2017280,16.97222900390625,5.856593132019043,21.658945083618164
321,2019328,16.164878845214844,4.607598304748535,21.658945083618164
322,2021376,17.44667625427246,3.254634141921997,21.658945083618164
323,2023424,19.157756805419922,1.543255090713501,21.658945083618164
324,2025472,18.040422439575195,2.0381438732147217,21.658945083618164
325,2027520,18.996490478515625,0.8906506299972534,21.658945083618164
326,2029568,17.11461639404297,1.3501107692718506,21.658945083618164
327,2031616,19.416671752929688,2.2906501293182373,21.658945083618164
328,2033664,17.853195190429688,2.4244003295898438,21.658945083618164
329,2035712,19.737295150756836,1.0945254564285278,21.658945083618164
330,2037760,18.43010902404785,1.9702880382537842,21.658945083618164
331,2039808,18.987653732299805,2.658759355545044,21.658945083618164
332,2041856,19.46967887878418,1.6849592924118042,21.658945083618164
333,2043904,20.3778076171875,1.0337655544281006,21.658945083618164
334,2045952,20.505111694335938,1.2270722389221191,21.658945083618164
335,2048000,20.333087921142578,0.8922989964485168,21.658945083618164
