time,p_long,p_short
2017-08-17 04:59:59.999,0.5,0.7310585786300049
2017-08-17 09:59:59.999,0.5,0.7310585786300049
2017-08-17 17:59:59.999,0.7310585786300049,0.7310585786300049
2017-08-17 18:59:59.999,0.7310585786300049,0.7310585786300049
2017-08-17 19:59:59.999,0.7310585786300049,0.7310585786300049
2017-08-17 20:59:59.999,0.7310585786300049,0.7310585786300049
2017-08-17 21:59:59.999,0.7310585786300049,0.7310585786300049
2017-08-17 22:59:59.999,0.7310585786300049,0.7310585786300049
2017-08-17 23:59:59.999,0.7310585786300049,0.7310585786300049
2017-08-18 00:59:59.999,0.7310585786300049,0.7310585786300049
2017-08-18 01:59:59.999,0.7310585786300049,0.7310585786300049
2017-08-18 02:59:59.999,0.7310585786300049,0.7310585786300049
2017-08-18 03:59:59.999,0.7310585786300049,0.7310585786300049
2017-08-18 04:59:59.999,0.7310585786300049,0.7310585786300049
2017-08-18 05:59:59.999,0.7310585786300049,0.7310585786300049
2017-08-18 06:59:59.999,0.7310585786300049,0.7310585786300049
2017-08-18 07:59:59.999,0.7310585786300049,0.7310585786300049
2017-08-18 08:59:59.999,0.7310585786300049,0.7310585786300049
2017-08-18 09:59:59.999,0.7310585786300049,0.7310585786300049
2017-08-18 10:59:59.999,0.7310585786300049,0.7310585786300049
2017-08-18 11:59:59.999,0.7310585786300049,0.7310585786300049
2017-08-18 12:59:59.999,0.7310585786300049,0.7310585786300049
2017-08-18 13:59:59.999,0.7310585786300049,0.7310585786300049
2017-08-18 14:59:59.999,0.7310585786300049,0.7310585786300049
2017-08-18 15:59:59.999,0.7310585786300049,0.7310585786300049
2017-08-18 16:59:59.999,0.7310585786300049,0.7310585786300049
2017-08-18 17:59:59.999,0.7310585786300049,0.7310585786300049
2017-08-18 18:59:59.999,0.7310585786300049,0.7310585786300049
2017-08-18 19:59:59.999,0.7310585786300049,0.7310585786300049
2017-08-18 20:59:59.999,0.7310585786300049,0.7310585786300049
2017-08-18 21:59:59.999,0.7310585786300049,0.7310585786300049
2017-08-18 22:59:59.999,0.7310585786300049,0.7310585786300049
2017-08-18 23:59:59.999,0.7310585786300049,0.7310585786300049
2017-08-19 00:59:59.999,0.7310585786300049,0.7310585786300049
2017-08-19 01:59:59.999,0.7310585786300049,0.7310585786300049
2017-08-19 02:59:59.999,0.7310585786300049,0.7310585786300049
2017-08-19 03:59:59.999,0.7310585786300049,0.7310585786300049
2017-08-19 04:59:59.999,0.7310585786300049,0.7310585786300049
2017-08-19 05:59:59.999,0.7310585786300049,0.7310585786300049
2017-08-19 06:59:59.999,0.7310585786300049,0.7310585786300049
2017-08-19 07:59:59.999,0.7310585786300049,0.7310585786300049
2017-08-19 08:59:59.999,0.7310585786300049,0.7310585786300049
2017-08-19 09:59:59.999,0.7310585786300049,0.7310585786300049
2017-08-19 10:59:59.999,0.7310585786300049,0.7310585786300049
2017-08-19 11:59:59.999,0.7310585786300049,0.7310585786300049
2017-08-19 12:59:59.999,0.7310585786300049,0.7310585786300049
2017-08-19 13:59:59.999,0.7310585786300049,0.7310585786300049
2017-08-19 14:59:59.999,0.7310585786300049,0.7310585786300049
2017-08-19 15:59:59.999,0.7310585786300049,0.7310585786300049
2017-08-19 16:59:59.999,0.7310585786300049,0.7310585786300049
2017-08-19 17:59:59.999,0.7310585786300049,0.7310585786300049
2017-08-19 18:59:59.999,0.7310585786300049,0.7310585786300049
2017-08-19 19:59:59.999,0.7310585786300049,0.7310585786300049
2017-08-19 20:59:59.999,0.7310585786300049,0.7310585786300049
2017-08-19 21:59:59.999,0.7310585786300049,0.7310585786300049
2017-08-19 22:59:59.999,0.7310585786300049,0.7310585786300049
2017-08-19 23:59:59.999,0.7310585786300049,0.7310585786300049
2017-08-20 00:59:59.999,0.7310585786300049,0.7310585786300049
2017-08-20 01:59:59.999,0.7310585786300049,0.7310585786300049
2017-08-20 02:59:59.999,0.7310585786300049,0.7310585786300049
2017-08-20 03:59:59.999,0.7310585786300049,0.7310585786300049
2017-08-20 04:59:59.999,0.7310585786300049,0.7310585786300049
2017-08-20 05:59:59.999,0.7310585786300049,0.7310585786300049
2017-08-20 06:59:59.999,0.7310585786300049,0.7310585786300049
2017-08-20 07:59:59.999,0.7310585786300049,0.7310585786300049
2017-08-20 08:59:59.999,0.7310585786300049,0.7310585786300049
2017-08-20 09:59:59.999,0.7310585786300049,0.7310585786300049
2017-08-20 10:59:59.999,0.7310585786300049,0.7310585786300049
2017-08-20 11:59:59.999,0.7310585786300049,0.7310585786300049
2017-08-20 12:59:59.999,0.7310585786300049,0.7310585786300049
2017-08-20 13:59:59.999,0.7310585786300049,0.7310585786300049
2017-08-20 14:59:59.999,0.7310585786300049,0.7310585786300049
2017-08-20 15:59:59.999,0.7310585786300049,0.7310585786300049
2017-08-20 16:59:59.999,0.7310585786300049,0.7310585786300049
2017-08-20 17:59:59.999,0.7310585786300049,0.7310585786300049
2017-08-20 18:59:59.999,0.7310585786300049,0.7310585786300049
2017-08-20 19:59:59.999,0.7310585786300049,0.7310585786300049
2017-08-20 20:59:59.999,0.7310585786300049,0.7310585786300049
2017-08-20 21:59:59.999,0.7310585786300049,0.7310585786300049
2017-08-20 22:59:59.999,0.7310585786300049,0.7310585786300049
2017-08-20 23:59:59.999,0.7310585786300049,0.7310585786300049
2017-08-21 00:59:59.999,0.7310585786300049,0.7310585786300049
2017-08-21 01:59:59.999,0.7310585786300049,0.7310585786300049
2017-08-21 02:59:59.999,0.7310585786300049,0.7310585786300049
2017-08-21 03:59:59.999,0.7310585786300049,0.7310585786300049
2017-08-21 04:59:59.999,0.7310585786300049,0.7310585786300049
2017-08-21 05:59:59.999,0.7310585786300049,0.7310585786300049
2017-08-21 06:59:59.999,0.7310585786300049,0.7310585786300049
2017-08-21 07:59:59.999,0.7310585786300049,0.7310585786300049
2017-08-21 08:59:59.999,0.7310585786300049,0.7310585786300049
2017-08-21 09:59:59.999,0.7310585786300049,0.7310585786300049
2017-08-21 10:59:59.999,0.7310585786300049,0.7310585786300049
2017-08-21 11:59:59.999,0.7310585786300049,0.7310585786300049
2017-08-21 12:59:59.999,0.7310585786300049,0.7310585786300049
2017-08-21 13:59:59.999,0.7310585786300049,0.7310585786300049
2017-08-21 14:59:59.999,0.7310585786300049,0.7310585786300049
2017-08-21 15:59:59.999,0.7310585786300049,0.7310585786300049
2017-08-21 16:59:59.999,0.7310585786300049,0.7310585786300049
2017-08-21 17:59:59.999,0.7310585786300049,0.7310585786300049
2017-08-21 18:59:59.999,0.7310585786300049,0.7310585786300049
2017-08-21 19:59:59.999,0.7310585786300049,0.7310585786300049
2017-08-21 20:59:59.999,0.7310585786300049,0.7310585786300049
2017-08-21 21:59:59.999,0.7310585786300049,0.7310585786300049
2017-08-21 22:59:59.999,0.7310585786300049,0.7310585786300049
2017-08-21 23:59:59.999,0.7310585786300049,0.7310585786300049
2017-08-22 00:59:59.999,0.7310585786300049,0.7310585786300049
2017-08-22 01:59:59.999,0.7310585786300049,0.7310585786300049
2017-08-22 02:59:59.999,0.7310585786300049,0.7310585786300049
2017-08-22 03:59:59.999,0.7310585786300049,0.7310585786300049
2017-08-22 04:59:59.999,0.7310585786300049,0.7310585786300049
2017-08-22 05:59:59.999,0.7310585786300049,0.7310585786300049
2017-08-22 06:59:59.999,0.7310585786300049,0.7310585786300049
2017-08-22 07:59:59.999,0.7310585786300049,0.7310585786300049
2017-08-22 08:59:59.999,0.7310585786300049,0.7310585786300049
2017-08-22 09:59:59.999,0.7310585786300049,0.7310585786300049
2017-08-22 10:59:59.999,0.7310585786300049,0.7310585786300049
2017-08-22 11:59:59.999,0.7310585786300049,0.7310585786300049
2017-08-22 12:59:59.999,0.7310585786300049,0.7310585786300049
2017-08-22 13:59:59.999,0.7310585786300049,0.7310585786300049
2017-08-22 14:59:59.999,0.7310585786300049,0.7310585786300049
2017-08-22 15:59:59.999,0.7310585786300049,0.7310585786300049
2017-08-22 16:59:59.999,0.7310585786300049,0.7310585786300049
2017-08-22 17:59:59.999,0.7310585786300049,0.7310585786300049
2017-08-22 18:59:59.999,0.7310585786300049,0.7310585786300049
2017-08-22 19:59:59.999,0.7310585786300049,0.7310585786300049
2017-08-22 20:59:59.999,0.7310585786300049,0.7310585786300049
2017-08-22 21:59:59.999,0.7310585786300049,0.7310585786300049
2017-08-22 22:59:59.999,0.7310585786300049,0.7310585786300049
2017-08-22 23:59:59.999,0.7310585786300049,0.7310585786300049
2017-08-23 00:59:59.999,0.7310585786300049,0.7310585786300049
2017-08-23 01:59:59.999,0.7310585786300049,0.7310585786300049
2017-08-23 02:59:59.999,0.7310585786300049,0.7310585786300049
2017-08-23 03:59:59.999,0.7310585786300049,0.7310585786300049
2017-08-23 04:59:59.999,0.7310585786300049,0.7310585786300049
2017-08-23 05:59:59.999,0.7310585786300049,0.7310585786300049
2017-08-23 06:59:59.999,0.7310585786300049,0.7310585786300049
2017-08-23 07:59:59.999,0.7310585786300049,0.7310585786300049
2017-08-23 08:59:59.999,0.7310585786300049,0.7310585786300049
2017-08-23 09:59:59.999,0.7310585786300049,0.7310585786300049
2017-08-23 10:59:59.999,0.7310585786300049,0.7310585786300049
2017-08-23 11:59:59.999,0.7310585786300049,0.7310585786300049
2017-08-23 12:59:59.999,0.7310585786300049,0.7310585786300049
2017-08-23 13:59:59.999,0.7310585786300049,0.7310585786300049
2017-08-23 14:59:59.999,0.7310585786300049,0.7310585786300049
2017-08-23 15:59:59.999,0.7310585786300049,0.7310585786300049
2017-08-23 16:59:59.999,0.7310585786300049,0.7310585786300049
2017-08-23 17:59:59.999,0.7310585786300049,0.7310585786300049
2017-08-23 18:59:59.999,0.7310585786300049,0.7310585786300049
2017-08-23 19:59:59.999,0.7310585786300049,0.7310585786300049
2017-08-23 20:59:59.999,0.7310585786300049,0.7310585786300049
2017-08-23 21:59:59.999,0.7310585786300049,0.7310585786300049
2017-08-23 22:59:59.999,0.7310585786300049,0.7310585786300049
2017-08-23 23:59:59.999,0.7310585786300049,0.7310585786300049
2017-08-24 00:59:59.999,0.7310585786300049,0.7310585786300049
2017-08-24 01:59:59.999,0.7310585786300049,0.7310585786300049
2017-08-24 02:59:59.999,0.7310585786300049,0.7310585786300049
2017-08-24 03:59:59.999,0.7310585786300049,0.7310585786300049
2017-08-24 04:59:59.999,0.7310585786300049,0.7310585786300049
2017-08-24 05:59:59.999,0.7310585786300049,0.7310585786300049
2017-08-24 06:59:59.999,0.7310585786300049,0.7310585786300049
2017-08-24 07:59:59.999,0.7310585786300049,0.7310585786300049
2017-08-24 08:59:59.999,0.7310585786300049,0.7310585786300049
2017-08-24 09:59:59.999,0.7310585786300049,0.7310585786300049
2017-08-24 10:59:59.999,0.7310585786300049,0.7310585786300049
2017-08-24 11:59:59.999,0.7310585786300049,0.7310585786300049
2017-08-24 12:59:59.999,0.7310585786300049,0.7310585786300049
2017-08-24 13:59:59.999,0.7310585786300049,0.7310585786300049
2017-08-24 14:59:59.999,0.7310585786300049,0.7310585786300049
2017-08-24 15:59:59.999,0.7310585786300049,0.7310585786300049
2017-08-24 16:59:59.999,0.7310585786300049,0.7310585786300049
2017-08-24 17:59:59.999,0.7310585786300049,0.7310585786300049
2017-08-24 18:59:59.999,0.7310585786300049,0.7310585786300049
2017-08-24 19:59:59.999,0.7310585786300049,0.7310585786300049
2017-08-24 20:59:59.999,0.7310585786300049,0.7310585786300049
2017-08-24 21:59:59.999,0.7310585786300049,0.7310585786300049
2017-08-24 22:59:59.999,0.7310585786300049,0.7310585786300049
2017-08-24 23:59:59.999,0.7310585786300049,0.7310585786300049
2017-08-25 00:59:59.999,0.7310585786300049,0.7310585786300049
2017-08-25 01:59:59.999,0.7310585786300049,0.7310585786300049
2017-08-25 02:59:59.999,0.7310585786300049,0.7310585786300049
2017-08-25 03:59:59.999,0.7310585786300049,0.7310585786300049
2017-08-25 04:59:59.999,0.7310585786300049,0.7310585786300049
2017-08-25 05:59:59.999,0.7310585786300049,0.7310585786300049
2017-08-25 06:59:59.999,0.7310585786300049,0.7310585786300049
2017-08-25 07:59:59.999,0.7310585786300049,0.7310585786300049
2017-08-25 08:59:59.999,0.7310585786300049,0.7310585786300049
2017-08-25 09:59:59.999,0.7310585786300049,0.7310585786300049
2017-08-25 10:59:59.999,0.7310585786300049,0.7310585786300049
2017-08-25 11:59:59.999,0.7310585786300049,0.7310585786300049
2017-08-25 12:59:59.999,0.7310585786300049,0.7310585786300049
2017-08-25 13:59:59.999,0.7310585786300049,0.7310585786300049
2017-08-25 14:59:59.999,0.7310585786300049,0.7310585786300049
2017-08-25 15:59:59.999,0.7310585786300049,0.7310585786300049
2017-08-25 16:59:59.999,0.7310585786300049,0.7310585786300049
2017-08-25 17:59:59.999,0.7310585786300049,0.7310585786300049
2017-08-25 18:59:59.999,0.7310585786300049,0.7310585786300049
2017-08-25 19:59:59.999,0.7310585786300049,0.7310585786300049
2017-08-25 20:59:59.999,0.7310585786300049,0.7310585786300049
2017-08-25 21:59:59.999,0.7310585786300049,0.7310585786300049
2017-08-25 22:59:59.999,0.7310585786300049,0.7310585786300049
2017-08-25 23:59:59.999,0.7310585786300049,0.7310585786300049
2017-08-26 00:59:59.999,0.7310585786300049,0.7310585786300049
2017-08-26 01:59:59.999,0.7310585786300049,0.7310585786300049
2017-08-26 02:59:59.999,0.7310585786300049,0.7310585786300049
2017-08-26 03:59:59.999,0.7310585786300049,0.7310585786300049
2017-08-26 04:59:59.999,0.7310585786300049,0.7310585786300049
2017-08-26 05:59:59.999,0.7310585786300049,0.7310585786300049
2017-08-26 06:59:59.999,0.7310585786300049,0.7310585786300049
2017-08-26 07:59:59.999,0.7310585786300049,0.7310585786300049
2017-08-26 08:59:59.999,0.7310585786300049,0.7310585786300049
2017-08-26 09:59:59.999,0.7310585786300049,0.7310585786300049
2017-08-26 10:59:59.999,0.7310585786300049,0.7310585786300049
2017-08-26 11:59:59.999,0.7310585786300049,0.7310585786300049
2017-08-26 12:59:59.999,0.7310585786300049,0.7310585786300049
2017-08-26 13:59:59.999,0.7310585786300049,0.7310585786300049
2017-08-26 14:59:59.999,0.7310585786300049,0.7310585786300049
2017-08-26 15:59:59.999,0.7310585786300049,0.7310585786300049
2017-08-26 16:59:59.999,0.7310585786300049,0.7310585786300049
2017-08-26 17:59:59.999,0.7310585786300049,0.7310585786300049
2017-08-26 18:59:59.999,0.7310585786300049,0.7310585786300049
2017-08-26 19:59:59.999,0.7310585786300049,0.7310585786300049
2017-08-26 20:59:59.999,0.7310585786300049,0.7310585786300049
2017-08-26 21:59:59.999,0.7310585786300049,0.7310585786300049
2017-08-26 22:59:59.999,0.7310585786300049,0.7310585786300049
2017-08-26 23:59:59.999,0.7310585786300049,0.7310585786300049
2017-08-27 00:59:59.999,0.7310585786300049,0.7310585786300049
2017-08-27 01:59:59.999,0.7310585786300049,0.7310585786300049
2017-08-27 02:59:59.999,0.7310585786300049,0.7310585786300049
2017-08-27 03:59:59.999,0.7310585786300049,0.7310585786300049
2017-08-27 04:59:59.999,0.7310585786300049,0.7310585786300049
2017-08-27 05:59:59.999,0.7310585786300049,0.7310585786300049
2017-08-27 06:59:59.999,0.7310585786300049,0.7310585786300049
2017-08-27 07:59:59.999,0.7310585786300049,0.7310585786300049
2017-08-27 08:59:59.999,0.7310585786300049,0.7310585786300049
2017-08-27 09:59:59.999,0.7310585786300049,0.7310585786300049
2017-08-27 10:59:59.999,0.7310585786300049,0.7310585786300049
2017-08-27 11:59:59.999,0.7310585786300049,0.7310585786300049
2017-08-27 12:59:59.999,0.7310585786300049,0.7310585786300049
2017-08-27 13:59:59.999,0.7310585786300049,0.7310585786300049
2017-08-27 14:59:59.999,0.7310585786300049,0.7310585786300049
2017-08-27 15:59:59.999,0.7310585786300049,0.7310585786300049
2017-08-27 16:59:59.999,0.7310585786300049,0.7310585786300049
2017-08-27 17:59:59.999,0.7310585786300049,0.7310585786300049
2017-08-27 18:59:59.999,0.7310585786300049,0.7310585786300049
2017-08-27 19:59:59.999,0.7310585786300049,0.7310585786300049
2017-08-27 20:59:59.999,0.7310585786300049,0.7310585786300049
2017-08-27 21:59:59.999,0.7310585786300049,0.7310585786300049
2017-08-27 22:59:59.999,0.7310585786300049,0.7310585786300049
2017-08-27 23:59:59.999,0.7310585786300049,0.7310585786300049
2017-08-28 00:59:59.999,0.7310585786300049,0.7310585786300049
2017-08-28 01:59:59.999,0.7310585786300049,0.7310585786300049
2017-08-28 02:59:59.999,0.7310585786300049,0.7310585786300049
2017-08-28 03:59:59.999,0.7310585786300049,0.7310585786300049
2017-08-28 04:59:59.999,0.7310585786300049,0.7310585786300049
2017-08-28 05:59:59.999,0.7310585786300049,0.7310585786300049
2017-08-28 06:59:59.999,0.7310585786300049,0.7310585786300049
2017-08-28 07:59:59.999,0.7310585786300049,0.7310585786300049
2017-08-28 08:59:59.999,0.7310585786300049,0.7310585786300049
2017-08-28 09:59:59.999,0.7310585786300049,0.7310585786300049
2017-08-28 10:59:59.999,0.7310585786300049,0.7310585786300049
2017-08-28 11:59:59.999,0.7310585786300049,0.7310585786300049
2017-08-28 12:59:59.999,0.7310585786300049,0.7310585786300049
2017-08-28 13:59:59.999,0.7310585786300049,0.7310585786300049
2017-08-28 14:59:59.999,0.7310585786300049,0.7310585786300049
2017-08-28 15:59:59.999,0.7310585786300049,0.7310585786300049
2017-08-28 16:59:59.999,0.7310585786300049,0.7310585786300049
2017-08-28 17:59:59.999,0.7310585786300049,0.7310585786300049
2017-08-28 18:59:59.999,0.7310585786300049,0.7310585786300049
2017-08-28 19:59:59.999,0.7310585786300049,0.7310585786300049
2017-08-28 20:59:59.999,0.7310585786300049,0.7310585786300049
2017-08-28 21:59:59.999,0.7310585786300049,0.7310585786300049
2017-08-28 22:59:59.999,0.7310585786300049,0.7310585786300049
2017-08-28 23:59:59.999,0.7310585786300049,0.7310585786300049
2017-08-29 00:59:59.999,0.7310585786300049,0.7310585786300049
2017-08-29 01:59:59.999,0.7310585786300049,0.7310585786300049
2017-08-29 02:59:59.999,0.7310585786300049,0.7310585786300049
2017-08-29 03:59:59.999,0.7310585786300049,0.7310585786300049
2017-08-29 04:59:59.999,0.7310585786300049,0.7310585786300049
2017-08-29 05:59:59.999,0.7310585786300049,0.7310585786300049
2017-08-29 06:59:59.999,0.7310585786300049,0.7310585786300049
2017-08-29 07:59:59.999,0.7310585786300049,0.7310585786300049
2017-08-29 08:59:59.999,0.7310585786300049,0.7310585786300049
2017-08-29 09:59:59.999,0.7310585786300049,0.7310585786300049
2017-08-29 10:59:59.999,0.7310585786300049,0.7310585786300049
2017-08-29 11:59:59.999,0.7310585786300049,0.7310585786300049
2017-08-29 12:59:59.999,0.7310585786300049,0.7310585786300049
2017-08-29 13:59:59.999,0.7310585786300049,0.7310585786300049
2017-08-29 14:59:59.999,0.7310585786300049,0.7310585786300049
2017-08-29 15:59:59.999,0.7310585786300049,0.7310585786300049
2017-08-29 16:59:59.999,0.7310585786300049,0.7310585786300049
2017-08-29 17:59:59.999,0.7310585786300049,0.7310585786300049
2017-08-29 18:59:59.999,0.7310585786300049,0.7310585786300049
2017-08-29 19:59:59.999,0.7310585786300049,0.7310585786300049
2017-08-29 20:59:59.999,0.7310585786300049,0.7310585786300049
2017-08-29 21:59:59.999,0.7310585786300049,0.7310585786300049
2017-08-29 22:59:59.999,0.7310585786300049,0.7310585786300049
2017-08-29 23:59:59.999,0.7310585786300049,0.7310585786300049
2017-08-30 00:59:59.999,0.7310585786300049,0.7310585786300049
2017-08-30 01:59:59.999,0.7310585786300049,0.7310585786300049
2017-08-30 02:59:59.999,0.7310585786300049,0.7310585786300049
2017-08-30 03:59:59.999,0.7310585786300049,0.7310585786300049
2017-08-30 04:59:59.999,0.7310585786300049,0.7310585786300049
2017-08-30 05:59:59.999,0.7310585786300049,0.7310585786300049
2017-08-30 06:59:59.999,0.7310585786300049,0.7310585786300049
2017-08-30 07:59:59.999,0.7310585786300049,0.7310585786300049
2017-08-30 08:59:59.999,0.7310585786300049,0.7310585786300049
2017-08-30 09:59:59.999,0.7310585786300049,0.7310585786300049
2017-08-30 10:59:59.999,0.7310585786300049,0.7310585786300049
2017-08-30 11:59:59.999,0.7310585786300049,0.7310585786300049
2017-08-30 12:59:59.999,0.7310585786300049,0.7310585786300049
2017-08-30 13:59:59.999,0.7310585786300049,0.7310585786300049
2017-08-30 14:59:59.999,0.7310585786300049,0.7310585786300049
2017-08-30 15:59:59.999,0.7310585786300049,0.7310585786300049
2017-08-30 16:59:59.999,0.7310585786300049,0.7310585786300049
2017-08-30 17:59:59.999,0.7310585786300049,0.7310585786300049
2017-08-30 18:59:59.999,0.7310585786300049,0.7310585786300049
2017-08-30 19:59:59.999,0.7310585786300049,0.7310585786300049
2017-08-30 20:59:59.999,0.7310585786300049,0.7310585786300049
2017-08-30 21:59:59.999,0.7310585786300049,0.7310585786300049
2017-08-30 22:59:59.999,0.7310585786300049,0.7310585786300049
2017-08-30 23:59:59.999,0.7310585786300049,0.7310585786300049
2017-08-31 00:59:59.999,0.7310585786300049,0.7310585786300049
2017-08-31 01:59:59.999,0.7310585786300049,0.7310585786300049
2017-08-31 02:59:59.999,0.7310585786300049,0.7310585786300049
2017-08-31 03:59:59.999,0.7310585786300049,0.7310585786300049
2017-08-31 04:59:59.999,0.7310585786300049,0.7310585786300049
2017-08-31 05:59:59.999,0.7310585786300049,0.7310585786300049
2017-08-31 06:59:59.999,0.7310585786300049,0.7310585786300049
2017-08-31 07:59:59.999,0.7310585786300049,0.7310585786300049
2017-08-31 08:59:59.999,0.7310585786300049,0.7310585786300049
2017-08-31 09:59:59.999,0.7310585786300049,0.7310585786300049
2017-08-31 10:59:59.999,0.7310585786300049,0.7310585786300049
2017-08-31 11:59:59.999,0.7310585786300049,0.7310585786300049
2017-08-31 12:59:59.999,0.7310585786300049,0.7310585786300049
2017-08-31 13:59:59.999,0.7310585786300049,0.7310585786300049
2017-08-31 14:59:59.999,0.7310585786300049,0.7310585786300049
2017-08-31 15:59:59.999,0.7310585786300049,0.7310585786300049
2017-08-31 16:59:59.999,0.7310585786300049,0.7310585786300049
2017-08-31 17:59:59.999,0.7310585786300049,0.7310585786300049
2017-08-31 18:59:59.999,0.7310585786300049,0.7310585786300049
2017-08-31 19:59:59.999,0.7310585786300049,0.7310585786300049
2017-08-31 20:59:59.999,0.7310585786300049,0.7310585786300049
2017-08-31 21:59:59.999,0.7310585786300049,0.7310585786300049
2017-08-31 22:59:59.999,0.7310585786300049,0.7310585786300049
2017-08-31 23:59:59.999,0.7310585786300049,0.7310585786300049
2017-09-01 00:59:59.999,0.7310585786300049,0.7310585786300049
2017-09-01 01:59:59.999,0.7310585786300049,0.7310585786300049
2017-09-01 02:59:59.999,0.7310585786300049,0.7310585786300049
2017-09-01 03:59:59.999,0.7310585786300049,0.7310585786300049
2017-09-01 04:59:59.999,0.7310585786300049,0.7310585786300049
2017-09-01 05:59:59.999,0.7310585786300049,0.7310585786300049
2017-09-01 06:59:59.999,0.7310585786300049,0.7310585786300049
2017-09-01 07:59:59.999,0.7310585786300049,0.7310585786300049
2017-09-01 08:59:59.999,0.7310585786300049,0.7310585786300049
2017-09-01 09:59:59.999,0.7310585786300049,0.7310585786300049
2017-09-01 10:59:59.999,0.7310585786300049,0.7310585786300049
2017-09-01 11:59:59.999,0.7310585786300049,0.7310585786300049
2017-09-01 12:59:59.999,0.7310585786300049,0.7310585786300049
2017-09-01 13:59:59.999,0.7310585786300049,0.7310585786300049
2017-09-01 14:59:59.999,0.7310585786300049,0.7310585786300049
2017-09-01 15:59:59.999,0.7310585786300049,0.7310585786300049
2017-09-01 16:59:59.999,0.7310585786300049,0.7310585786300049
2017-09-01 17:59:59.999,0.7310585786300049,0.7310585786300049
2017-09-01 18:59:59.999,0.7310585786300049,0.7310585786300049
2017-09-01 19:59:59.999,0.7310585786300049,0.7310585786300049
2017-09-01 20:59:59.999,0.7310585786300049,0.7310585786300049
2017-09-01 21:59:59.999,0.7310585786300049,0.7310585786300049
2017-09-01 22:59:59.999,0.7310585786300049,0.7310585786300049
2017-09-01 23:59:59.999,0.7310585786300049,0.7310585786300049
2017-09-02 00:59:59.999,0.7310585786300049,0.7310585786300049
2017-09-02 01:59:59.999,0.7310585786300049,0.7310585786300049
2017-09-02 02:59:59.999,0.7310585786300049,0.7310585786300049
2017-09-02 03:59:59.999,0.7310585786300049,0.7310585786300049
2017-09-02 04:59:59.999,0.7310585786300049,0.7310585786300049
2017-09-02 05:59:59.999,0.7310585786300049,0.7310585786300049
2017-09-02 06:59:59.999,0.7310585786300049,0.7310585786300049
2017-09-02 07:59:59.999,0.7310585786300049,0.7310585786300049
2017-09-02 08:59:59.999,0.7310585786300049,0.7310585786300049
2017-09-02 09:59:59.999,0.7310585786300049,0.7310585786300049
2017-09-02 10:59:59.999,0.7310585786300049,0.7310585786300049
2017-09-02 11:59:59.999,0.7310585786300049,0.7310585786300049
2017-09-02 12:59:59.999,0.7310585786300049,0.7310585786300049
2017-09-02 13:59:59.999,0.7310585786300049,0.7310585786300049
2017-09-02 14:59:59.999,0.7310585786300049,0.7310585786300049
2017-09-02 15:59:59.999,0.7310585786300049,0.7310585786300049
2017-09-02 16:59:59.999,0.7310585786300049,0.7310585786300049
2017-09-02 17:59:59.999,0.7310585786300049,0.7310585786300049
2017-09-02 18:59:59.999,0.7310585786300049,0.7310585786300049
2017-09-02 19:59:59.999,0.7310585786300049,0.7310585786300049
2017-09-02 20:59:59.999,0.7310585786300049,0.7310585786300049
2017-09-02 21:59:59.999,0.7310585786300049,0.7310585786300049
2017-09-02 22:59:59.999,0.7310585786300049,0.7310585786300049
2017-09-02 23:59:59.999,0.7310585786300049,0.7310585786300049
2017-09-03 00:59:59.999,0.7310585786300049,0.7310585786300049
2017-09-03 01:59:59.999,0.7310585786300049,0.7310585786300049
2017-09-03 02:59:59.999,0.7310585786300049,0.7310585786300049
2017-09-03 03:59:59.999,0.7310585786300049,0.7310585786300049
2017-09-03 04:59:59.999,0.7310585786300049,0.7310585786300049
2017-09-03 05:59:59.999,0.7310585786300049,0.7310585786300049
2017-09-03 06:59:59.999,0.7310585786300049,0.7310585786300049
2017-09-03 07:59:59.999,0.7310585786300049,0.7310585786300049
2017-09-03 08:59:59.999,0.7310585786300049,0.7310585786300049
2017-09-03 09:59:59.999,0.7310585786300049,0.7310585786300049
2017-09-03 10:59:59.999,0.7310585786300049,0.7310585786300049
2017-09-03 11:59:59.999,0.7310585786300049,0.7310585786300049
2017-09-03 12:59:59.999,0.7310585786300049,0.7310585786300049
2017-09-03 13:59:59.999,0.7310585786300049,0.7310585786300049
2017-09-03 14:59:59.999,0.7310585786300049,0.7310585786300049
2017-09-03 15:59:59.999,0.7310585786300049,0.7310585786300049
2017-09-03 16:59:59.999,0.7310585786300049,0.7310585786300049
2017-09-03 17:59:59.999,0.7310585786300049,0.7310585786300049
2017-09-03 18:59:59.999,0.7310585786300049,0.7310585786300049
2017-09-03 19:59:59.999,0.7310585786300049,0.7310585786300049
2017-09-03 20:59:59.999,0.7310585786300049,0.7310585786300049
2017-09-03 21:59:59.999,0.7310585786300049,0.7310585786300049
2017-09-03 22:59:59.999,0.7310585786300049,0.7310585786300049
2017-09-03 23:59:59.999,0.7310585786300049,0.7310585786300049
2017-09-04 00:59:59.999,0.7310585786300049,0.7310585786300049
2017-09-04 01:59:59.999,0.7310585786300049,0.7310585786300049
2017-09-04 02:59:59.999,0.7310585786300049,0.7310585786300049
2017-09-04 03:59:59.999,0.7310585786300049,0.7310585786300049
2017-09-04 04:59:59.999,0.7310585786300049,0.7310585786300049
2017-09-04 05:59:59.999,0.7310585786300049,0.7310585786300049
2017-09-04 06:59:59.999,0.7310585786300049,0.7310585786300049
2017-09-04 07:59:59.999,0.7310585786300049,0.7310585786300049
2017-09-04 08:59:59.999,0.7310585786300049,0.7310585786300049
2017-09-04 09:59:59.999,0.7310585786300049,0.7310585786300049
2017-09-04 10:59:59.999,0.7310585786300049,0.7310585786300049
2017-09-04 11:59:59.999,0.7310585786300049,0.7310585786300049
2017-09-04 12:59:59.999,0.7310585786300049,0.7310585786300049
2017-09-04 13:59:59.999,0.7310585786300049,0.7310585786300049
2017-09-04 14:59:59.999,0.7310585786300049,0.7310585786300049
2017-09-04 15:59:59.999,0.7310585786300049,0.7310585786300049
2017-09-04 16:59:59.999,0.7310585786300049,0.7310585786300049
2017-09-04 17:59:59.999,0.7310585786300049,0.7310585786300049
2017-09-04 18:59:59.999,0.7310585786300049,0.7310585786300049
2017-09-04 19:59:59.999,0.7310585786300049,0.7310585786300049
2017-09-04 20:59:59.999,0.7310585786300049,0.7310585786300049
2017-09-04 21:59:59.999,0.7310585786300049,0.7310585786300049
2017-09-04 22:59:59.999,0.7310585786300049,0.7310585786300049
2017-09-04 23:59:59.999,0.7310585786300049,0.7310585786300049
2017-09-05 00:59:59.999,0.7310585786300049,0.7310585786300049
2017-09-05 01:59:59.999,0.7310585786300049,0.7310585786300049
2017-09-05 02:59:59.999,0.7310585786300049,0.7310585786300049
2017-09-05 03:59:59.999,0.7310585786300049,0.7310585786300049
2017-09-05 04:59:59.999,0.7310585786300049,0.7310585786300049
2017-09-05 05:59:59.999,0.7310585786300049,0.7310585786300049
2017-09-05 06:59:59.999,0.7310585786300049,0.7310585786300049
2017-09-05 07:59:59.999,0.7310585786300049,0.7310585786300049
2017-09-05 08:59:59.999,0.7310585786300049,0.7310585786300049
2017-09-05 09:59:59.999,0.7310585786300049,0.7310585786300049
2017-09-05 10:59:59.999,0.7310585786300049,0.7310585786300049
2017-09-05 11:59:59.999,0.7310585786300049,0.7310585786300049
2017-09-05 12:59:59.999,0.7310585786300049,0.7310585786300049
2017-09-05 13:59:59.999,0.7310585786300049,0.7310585786300049
2017-09-05 14:59:59.999,0.7310585786300049,0.7310585786300049
2017-09-05 15:59:59.999,0.7310585786300049,0.7310585786300049
2017-09-05 16:59:59.999,0.7310585786300049,0.7310585786300049
2017-09-05 17:59:59.999,0.7310585786300049,0.7310585786300049
2017-09-05 18:59:59.999,0.7310585786300049,0.7310585786300049
2017-09-05 19:59:59.999,0.7310585786300049,0.7310585786300049
2017-09-05 20:59:59.999,0.7310585786300049,0.7310585786300049
2017-09-05 21:59:59.999,0.7310585786300049,0.7310585786300049
2017-09-05 22:59:59.999,0.7310585786300049,0.7310585786300049
2017-09-05 23:59:59.999,0.7310585786300049,0.7310585786300049
2017-09-06 00:59:59.999,0.7310585786300049,0.7310585786300049
2017-09-06 01:59:59.999,0.7310585786300049,0.7310585786300049
2017-09-06 02:59:59.999,0.7310585786300049,0.7310585786300049
2017-09-06 03:59:59.999,0.7310585786300049,0.7310585786300049
2017-09-06 04:59:59.999,0.7310585786300049,0.7310585786300049
2017-09-06 05:59:59.999,0.7310585786300049,0.7310585786300049
2017-09-06 06:59:59.999,0.7310585786300049,0.7310585786300049
2017-09-06 07:59:59.999,0.7310585786300049,0.7310585786300049
2017-09-06 08:59:59.999,0.7310585786300049,0.7310585786300049
2017-09-06 09:59:59.999,0.7310585786300049,0.7310585786300049
2017-09-06 10:59:59.999,0.7310585786300049,0.7310585786300049
2017-09-06 11:59:59.999,0.7310585786300049,0.7310585786300049
2017-09-06 12:59:59.999,0.7310585786300049,0.7310585786300049
2017-09-06 13:59:59.999,0.7310585786300049,0.7310585786300049
2017-09-06 14:59:59.999,0.7310585786300049,0.7310585786300049
2017-09-06 15:59:59.999,0.7310585786300049,0.7310585786300049
2017-09-06 16:00:00.000,0.7310585786300049,0.7310585786300049
2017-09-06 23:59:59.999,0.7310585786300049,0.7310585786300049
2017-09-07 00:59:59.999,0.7310585786300049,0.7310585786300049
2017-09-07 01:59:59.999,0.7310585786300049,0.7310585786300049
2017-09-07 02:59:59.999,0.7310585786300049,0.7310585786300049
2017-09-07 03:59:59.999,0.7310585786300049,0.7310585786300049
2017-09-07 04:59:59.999,0.7310585786300049,0.7310585786300049
2017-09-07 05:59:59.999,0.7310585786300049,0.7310585786300049
2017-09-07 06:59:59.999,0.7310585786300049,0.7310585786300049
2017-09-07 07:59:59.999,0.7310585786300049,0.7310585786300049
2017-09-07 08:59:59.999,0.7310585786300049,0.7310585786300049
2017-09-07 09:59:59.999,0.7310585786300049,0.7310585786300049
2017-09-07 10:59:59.999,0.7310585786300049,0.7310585786300049
2017-09-07 11:59:59.999,0.7310585786300049,0.7310585786300049
2017-09-07 12:59:59.999,0.7310585786300049,0.7310585786300049
2017-09-07 13:59:59.999,0.7310585786300049,0.7310585786300049
2017-09-07 14:59:59.999,0.7310585786300049,0.7310585786300049
2017-09-07 15:59:59.999,0.7310585786300049,0.7310585786300049
2017-09-07 16:59:59.999,0.7310585786300049,0.7310585786300049
2017-09-07 17:59:59.999,0.7310585786300049,0.7310585786300049
2017-09-07 18:59:59.999,0.7310585786300049,0.7310585786300049
2017-09-07 19:59:59.999,0.7310585786300049,0.7310585786300049
2017-09-07 20:59:59.999,0.7310585786300049,0.7310585786300049
2017-09-07 21:59:59.999,0.7310585786300049,0.7310585786300049
2017-09-07 22:59:59.999,0.7310585786300049,0.7310585786300049
2017-09-07 23:59:59.999,0.7310585786300049,0.7310585786300049
2017-09-08 00:59:59.999,0.7310585786300049,0.7310585786300049
2017-09-08 01:59:59.999,0.7310585786300049,0.7310585786300049
2017-09-08 02:59:59.999,0.7310585786300049,0.7310585786300049
2017-09-08 03:59:59.999,0.7310585786300049,0.7310585786300049
2017-09-08 04:59:59.999,0.7310585786300049,0.7310585786300049
2017-09-08 05:59:59.999,0.7310585786300049,0.7310585786300049
2017-09-08 06:59:59.999,0.7310585786300049,0.7310585786300049
2017-09-08 07:59:59.999,0.7310585786300049,0.7310585786300049
2017-09-08 08:59:59.999,0.7310585786300049,0.7310585786300049
2017-09-08 09:59:59.999,0.7310585786300049,0.7310585786300049
2017-09-08 10:59:59.999,0.7310585786300049,0.7310585786300049
2017-09-08 11:59:59.999,0.7310585786300049,0.7310585786300049
2017-09-08 12:59:59.999,0.7310585786300049,0.7310585786300049
2017-09-08 13:59:59.999,0.7310585786300049,0.7310585786300049
2017-09-08 14:59:59.999,0.7310585786300049,0.7310585786300049
2017-09-08 15:59:59.999,0.7310585786300049,0.7310585786300049
2017-09-08 16:59:59.999,0.7310585786300049,0.7310585786300049
2017-09-08 17:59:59.999,0.7310585786300049,0.7310585786300049
2017-09-08 18:59:59.999,0.7310585786300049,0.7310585786300049
2017-09-08 19:59:59.999,0.7310585786300049,0.7310585786300049
2017-09-08 20:59:59.999,0.7310585786300049,0.7310585786300049
2017-09-08 21:59:59.999,0.7310585786300049,0.7310585786300049
2017-09-08 22:59:59.999,0.7310585786300049,0.7310585786300049
2017-09-08 23:59:59.999,0.7310585786300049,0.7310585786300049
2017-09-09 00:59:59.999,0.7310585786300049,0.7310585786300049
2017-09-09 01:59:59.999,0.7310585786300049,0.7310585786300049
2017-09-09 02:59:59.999,0.7310585786300049,0.7310585786300049
2017-09-09 03:59:59.999,0.7310585786300049,0.7310585786300049
2017-09-09 04:59:59.999,0.7310585786300049,0.7310585786300049
2017-09-09 05:59:59.999,0.7310585786300049,0.7310585786300049
2017-09-09 06:59:59.999,0.7310585786300049,0.7310585786300049
2017-09-09 07:59:59.999,0.7310585786300049,0.7310585786300049
2017-09-09 08:59:59.999,0.7310585786300049,0.7310585786300049
2017-09-09 09:59:59.999,0.7310585786300049,0.7310585786300049
2017-09-09 10:59:59.999,0.7310585786300049,0.7310585786300049
2017-09-09 11:59:59.999,0.7310585786300049,0.7310585786300049
2017-09-09 12:59:59.999,0.7310585786300049,0.7310585786300049
2017-09-09 13:59:59.999,0.7310585786300049,0.7310585786300049
2017-09-09 14:59:59.999,0.7310585786300049,0.7310585786300049
2017-09-09 15:59:59.999,0.7310585786300049,0.7310585786300049
2017-09-09 16:59:59.999,0.7310585786300049,0.7310585786300049
2017-09-09 17:59:59.999,0.7310585786300049,0.7310585786300049
2017-09-09 18:59:59.999,0.7310585786300049,0.7310585786300049
2017-09-09 19:59:59.999,0.7310585786300049,0.7310585786300049
2017-09-09 20:59:59.999,0.7310585786300049,0.7310585786300049
2017-09-09 21:59:59.999,0.7310585786300049,0.7310585786300049
2017-09-09 22:59:59.999,0.7310585786300049,0.7310585786300049
2017-09-09 23:59:59.999,0.7310585786300049,0.7310585786300049
2017-09-10 00:59:59.999,0.7310585786300049,0.7310585786300049
2017-09-10 01:59:59.999,0.7310585786300049,0.7310585786300049
2017-09-10 02:59:59.999,0.7310585786300049,0.7310585786300049
2017-09-10 03:59:59.999,0.7310585786300049,0.7310585786300049
2017-09-10 04:59:59.999,0.7310585786300049,0.7310585786300049
2017-09-10 05:59:59.999,0.7310585786300049,0.7310585786300049
2017-09-10 06:59:59.999,0.7310585786300049,0.7310585786300049
2017-09-10 07:59:59.999,0.7310585786300049,0.7310585786300049
2017-09-10 08:59:59.999,0.7310585786300049,0.7310585786300049
2017-09-10 09:59:59.999,0.7310585786300049,0.7310585786300049
2017-09-10 10:59:59.999,0.7310585786300049,0.7310585786300049
2017-09-10 11:59:59.999,0.7310585786300049,0.7310585786300049
2017-09-10 12:59:59.999,0.7310585786300049,0.7310585786300049
2017-09-10 13:59:59.999,0.7310585786300049,0.7310585786300049
2017-09-10 14:59:59.999,0.7310585786300049,0.7310585786300049
2017-09-10 15:59:59.999,0.7310585786300049,0.7310585786300049
2017-09-10 16:59:59.999,0.7310585786300049,0.7310585786300049
2017-09-10 17:59:59.999,0.7310585786300049,0.7310585786300049
2017-09-10 18:59:59.999,0.7310585786300049,0.7310585786300049
2017-09-10 19:59:59.999,0.7310585786300049,0.7310585786300049
2017-09-10 20:59:59.999,0.7310585786300049,0.7310585786300049
2017-09-10 21:59:59.999,0.7310585786300049,0.7310585786300049
2017-09-10 22:59:59.999,0.7310585786300049,0.7310585786300049
2017-09-10 23:59:59.999,0.7310585786300049,0.7310585786300049
2017-09-11 00:59:59.999,0.7310585786300049,0.7310585786300049
2017-09-11 01:59:59.999,0.7310585786300049,0.7310585786300049
2017-09-11 02:59:59.999,0.7310585786300049,0.7310585786300049
2017-09-11 03:59:59.999,0.7310585786300049,0.7310585786300049
2017-09-11 04:59:59.999,0.7310585786300049,0.7310585786300049
2017-09-11 05:59:59.999,0.7310585786300049,0.7310585786300049
2017-09-11 06:59:59.999,0.7310585786300049,0.7310585786300049
2017-09-11 07:59:59.999,0.7310585786300049,0.7310585786300049
2017-09-11 08:59:59.999,0.7310585786300049,0.7310585786300049
2017-09-11 09:59:59.999,0.7310585786300049,0.7310585786300049
2017-09-11 10:59:59.999,0.7310585786300049,0.7310585786300049
2017-09-11 11:59:59.999,0.7310585786300049,0.7310585786300049
2017-09-11 12:59:59.999,0.7310585786300049,0.7310585786300049
2017-09-11 13:59:59.999,0.7310585786300049,0.7310585786300049
2017-09-11 14:59:59.999,0.7310585786300049,0.7310585786300049
2017-09-11 15:59:59.999,0.7310585786300049,0.7310585786300049
2017-09-11 16:59:59.999,0.7310585786300049,0.7310585786300049
2017-09-11 17:59:59.999,0.7310585786300049,0.7310585786300049
2017-09-11 18:59:59.999,0.7310585786300049,0.7310585786300049
2017-09-11 19:59:59.999,0.7310585786300049,0.7310585786300049
2017-09-11 20:59:59.999,0.7310585786300049,0.7310585786300049
2017-09-11 21:59:59.999,0.7310585786300049,0.7310585786300049
2017-09-11 22:59:59.999,0.7310585786300049,0.7310585786300049
2017-09-11 23:59:59.999,0.7310585786300049,0.7310585786300049
2017-09-12 00:59:59.999,0.7310585786300049,0.7310585786300049
2017-09-12 01:59:59.999,0.7310585786300049,0.7310585786300049
2017-09-12 02:59:59.999,0.7310585786300049,0.7310585786300049
2017-09-12 03:59:59.999,0.7310585786300049,0.7310585786300049
2017-09-12 04:59:59.999,0.7310585786300049,0.7310585786300049
2017-09-12 05:59:59.999,0.7310585786300049,0.7310585786300049
2017-09-12 06:59:59.999,0.7310585786300049,0.7310585786300049
2017-09-12 07:59:59.999,0.7310585786300049,0.7310585786300049
2017-09-12 08:59:59.999,0.7310585786300049,0.7310585786300049
2017-09-12 09:59:59.999,0.7310585786300049,0.7310585786300049
2017-09-12 10:59:59.999,0.7310585786300049,0.7310585786300049
2017-09-12 11:59:59.999,0.7310585786300049,0.7310585786300049
2017-09-12 12:59:59.999,0.7310585786300049,0.7310585786300049
2017-09-12 13:59:59.999,0.7310585786300049,0.7310585786300049
2017-09-12 14:59:59.999,0.7310585786300049,0.7310585786300049
2017-09-12 15:59:59.999,0.7310585786300049,0.7310585786300049
2017-09-12 16:59:59.999,0.7310585786300049,0.7310585786300049
2017-09-12 17:59:59.999,0.7310585786300049,0.7310585786300049
2017-09-12 18:59:59.999,0.7310585786300049,0.7310585786300049
2017-09-12 19:59:59.999,0.7310585786300049,0.7310585786300049
2017-09-12 20:59:59.999,0.7310585786300049,0.7310585786300049
2017-09-12 21:59:59.999,0.7310585786300049,0.7310585786300049
2017-09-12 22:59:59.999,0.7310585786300049,0.7310585786300049
2017-09-12 23:59:59.999,0.7310585786300049,0.7310585786300049
2017-09-13 00:59:59.999,0.7310585786300049,0.7310585786300049
2017-09-13 01:59:59.999,0.7310585786300049,0.7310585786300049
2017-09-13 02:59:59.999,0.7310585786300049,0.7310585786300049
2017-09-13 03:59:59.999,0.7310585786300049,0.7310585786300049
2017-09-13 04:59:59.999,0.7310585786300049,0.7310585786300049
2017-09-13 05:59:59.999,0.7310585786300049,0.7310585786300049
2017-09-13 06:59:59.999,0.7310585786300049,0.7310585786300049
2017-09-13 07:59:59.999,0.7310585786300049,0.7310585786300049
2017-09-13 08:59:59.999,0.7310585786300049,0.7310585786300049
2017-09-13 09:59:59.999,0.7310585786300049,0.7310585786300049
2017-09-13 10:59:59.999,0.7310585786300049,0.7310585786300049
2017-09-13 11:59:59.999,0.7310585786300049,0.7310585786300049
2017-09-13 12:59:59.999,0.7310585786300049,0.7310585786300049
2017-09-13 13:59:59.999,0.7310585786300049,0.7310585786300049
2017-09-13 14:59:59.999,0.7310585786300049,0.7310585786300049
2017-09-13 15:59:59.999,0.7310585786300049,0.7310585786300049
2017-09-13 16:59:59.999,0.7310585786300049,0.7310585786300049
2017-09-13 17:59:59.999,0.7310585786300049,0.7310585786300049
2017-09-13 18:59:59.999,0.7310585786300049,0.7310585786300049
2017-09-13 19:59:59.999,0.7310585786300049,0.7310585786300049
2017-09-13 20:59:59.999,0.7310585786300049,0.7310585786300049
2017-09-13 21:59:59.999,0.7310585786300049,0.7310585786300049
2017-09-13 22:59:59.999,0.7310585786300049,0.7310585786300049
2017-09-13 23:59:59.999,0.7310585786300049,0.7310585786300049
2017-09-14 00:59:59.999,0.7310585786300049,0.7310585786300049
2017-09-14 01:59:59.999,0.7310585786300049,0.7310585786300049
2017-09-14 02:59:59.999,0.7310585786300049,0.7310585786300049
2017-09-14 03:59:59.999,0.7310585786300049,0.7310585786300049
2017-09-14 04:59:59.999,0.7310585786300049,0.7310585786300049
2017-09-14 05:59:59.999,0.7310585786300049,0.7310585786300049
2017-09-14 06:59:59.999,0.7310585786300049,0.7310585786300049
2017-09-14 07:59:59.999,0.7310585786300049,0.7310585786300049
2017-09-14 08:59:59.999,0.7310585786300049,0.7310585786300049
2017-09-14 09:59:59.999,0.7310585786300049,0.7310585786300049
2017-09-14 10:59:59.999,0.7310585786300049,0.7310585786300049
2017-09-14 11:59:59.999,0.7310585786300049,0.7310585786300049
2017-09-14 12:59:59.999,0.7310585786300049,0.7310585786300049
2017-09-14 13:59:59.999,0.7310585786300049,0.7310585786300049
2017-09-14 14:59:59.999,0.7310585786300049,0.7310585786300049
2017-09-14 15:59:59.999,0.7310585786300049,0.7310585786300049
2017-09-14 16:59:59.999,0.7310585786300049,0.7310585786300049
2017-09-14 17:59:59.999,0.7310585786300049,0.7310585786300049
2017-09-14 18:59:59.999,0.7310585786300049,0.7310585786300049
2017-09-14 19:59:59.999,0.7310585786300049,0.7310585786300049
2017-09-14 20:59:59.999,0.7310585786300049,0.7310585786300049
2017-09-14 21:59:59.999,0.7310585786300049,0.7310585786300049
2017-09-14 22:59:59.999,0.7310585786300049,0.7310585786300049
2017-09-14 23:59:59.999,0.7310585786300049,0.7310585786300049
2017-09-15 00:59:59.999,0.7310585786300049,0.7310585786300049
2017-09-15 01:59:59.999,0.7310585786300049,0.7310585786300049
2017-09-15 02:59:59.999,0.7310585786300049,0.7310585786300049
2017-09-15 03:59:59.999,0.7310585786300049,0.7310585786300049
2017-09-15 04:59:59.999,0.7310585786300049,0.7310585786300049
2017-09-15 05:59:59.999,0.7310585786300049,0.7310585786300049
2017-09-15 06:59:59.999,0.7310585786300049,0.7310585786300049
2017-09-15 07:59:59.999,0.7310585786300049,0.7310585786300049
2017-09-15 08:59:59.999,0.7310585786300049,0.7310585786300049
2017-09-15 09:59:59.999,0.7310585786300049,0.7310585786300049
2017-09-15 10:59:59.999,0.7310585786300049,0.7310585786300049
2017-09-15 11:59:59.999,0.7310585786300049,0.7310585786300049
2017-09-15 12:59:59.999,0.7310585786300049,0.7310585786300049
2017-09-15 13:59:59.999,0.7310585786300049,0.7310585786300049
2017-09-15 14:59:59.999,0.7310585786300049,0.7310585786300049
2017-09-15 15:59:59.999,0.7310585786300049,0.7310585786300049
2017-09-15 16:59:59.999,0.7310585786300049,0.7310585786300049
2017-09-15 17:59:59.999,0.7310585786300049,0.7310585786300049
2017-09-15 18:59:59.999,0.7310585786300049,0.7310585786300049
2017-09-15 19:59:59.999,0.7310585786300049,0.7310585786300049
2017-09-15 20:59:59.999,0.7310585786300049,0.7310585786300049
2017-09-15 21:59:59.999,0.7310585786300049,0.7310585786300049
2017-09-15 22:59:59.999,0.7310585786300049,0.7310585786300049
2017-09-15 23:59:59.999,0.7310585786300049,0.7310585786300049
2017-09-16 00:59:59.999,0.7310585786300049,0.7310585786300049
2017-09-16 01:59:59.999,0.7310585786300049,0.7310585786300049
2017-09-16 02:59:59.999,0.7310585786300049,0.7310585786300049
2017-09-16 03:59:59.999,0.7310585786300049,0.7310585786300049
2017-09-16 04:59:59.999,0.7310585786300049,0.7310585786300049
2017-09-16 05:59:59.999,0.7310585786300049,0.7310585786300049
2017-09-16 06:59:59.999,0.7310585786300049,0.7310585786300049
2017-09-16 07:59:59.999,0.7310585786300049,0.7310585786300049
2017-09-16 08:59:59.999,0.7310585786300049,0.7310585786300049
2017-09-16 09:59:59.999,0.7310585786300049,0.7310585786300049
2017-09-16 10:59:59.999,0.7310585786300049,0.7310585786300049
2017-09-16 11:59:59.999,0.7310585786300049,0.7310585786300049
2017-09-16 12:59:59.999,0.7310585786300049,0.7310585786300049
2017-09-16 13:59:59.999,0.7310585786300049,0.7310585786300049
2017-09-16 14:59:59.999,0.7310585786300049,0.7310585786300049
2017-09-16 15:59:59.999,0.7310585786300049,0.7310585786300049
2017-09-16 16:59:59.999,0.7310585786300049,0.7310585786300049
2017-09-16 17:59:59.999,0.7310585786300049,0.7310585786300049
2017-09-16 18:59:59.999,0.7310585786300049,0.7310585786300049
2017-09-16 19:59:59.999,0.7310585786300049,0.7310585786300049
2017-09-16 20:59:59.999,0.7310585786300049,0.7310585786300049
2017-09-16 21:59:59.999,0.7310585786300049,0.7310585786300049
2017-09-16 22:59:59.999,0.7310585786300049,0.7310585786300049
2017-09-16 23:59:59.999,0.7310585786300049,0.7310585786300049
2017-09-17 00:59:59.999,0.7310585786300049,0.7310585786300049
2017-09-17 01:59:59.999,0.7310585786300049,0.7310585786300049
2017-09-17 02:59:59.999,0.7310585786300049,0.7310585786300049
2017-09-17 03:59:59.999,0.7310585786300049,0.7310585786300049
2017-09-17 04:59:59.999,0.7310585786300049,0.7310585786300049
2017-09-17 05:59:59.999,0.7310585786300049,0.7310585786300049
2017-09-17 06:59:59.999,0.7310585786300049,0.7310585786300049
2017-09-17 07:59:59.999,0.7310585786300049,0.7310585786300049
2017-09-17 08:59:59.999,0.7310585786300049,0.7310585786300049
2017-09-17 09:59:59.999,0.7310585786300049,0.7310585786300049
2017-09-17 10:59:59.999,0.7310585786300049,0.7310585786300049
2017-09-17 11:59:59.999,0.7310585786300049,0.7310585786300049
2017-09-17 12:59:59.999,0.7310585786300049,0.7310585786300049
2017-09-17 13:59:59.999,0.7310585786300049,0.7310585786300049
2017-09-17 14:59:59.999,0.7310585786300049,0.7310585786300049
2017-09-17 15:59:59.999,0.7310585786300049,0.7310585786300049
2017-09-17 16:59:59.999,0.7310585786300049,0.7310585786300049
2017-09-17 17:59:59.999,0.7310585786300049,0.7310585786300049
2017-09-17 18:59:59.999,0.7310585786300049,0.7310585786300049
2017-09-17 19:59:59.999,0.7310585786300049,0.7310585786300049
2017-09-17 20:59:59.999,0.7310585786300049,0.7310585786300049
2017-09-17 21:59:59.999,0.7310585786300049,0.7310585786300049
2017-09-17 22:59:59.999,0.7310585786300049,0.7310585786300049
2017-09-17 23:59:59.999,0.7310585786300049,0.7310585786300049
2017-09-18 00:59:59.999,0.7310585786300049,0.7310585786300049
2017-09-18 01:59:59.999,0.7310585786300049,0.7310585786300049
2017-09-18 02:59:59.999,0.7310585786300049,0.7310585786300049
2017-09-18 03:59:59.999,0.7310585786300049,0.7310585786300049
2017-09-18 04:59:59.999,0.7310585786300049,0.7310585786300049
2017-09-18 05:59:59.999,0.7310585786300049,0.7310585786300049
2017-09-18 06:59:59.999,0.7310585786300049,0.7310585786300049
2017-09-18 07:59:59.999,0.7310585786300049,0.7310585786300049
2017-09-18 08:59:59.999,0.7310585786300049,0.7310585786300049
2017-09-18 09:59:59.999,0.7310585786300049,0.7310585786300049
2017-09-18 10:59:59.999,0.7310585786300049,0.7310585786300049
2017-09-18 11:59:59.999,0.7310585786300049,0.7310585786300049
2017-09-18 12:59:59.999,0.7310585786300049,0.7310585786300049
2017-09-18 13:59:59.999,0.7310585786300049,0.7310585786300049
2017-09-18 14:59:59.999,0.7310585786300049,0.7310585786300049
2017-09-18 15:59:59.999,0.7310585786300049,0.7310585786300049
2017-09-18 16:59:59.999,0.7310585786300049,0.7310585786300049
2017-09-18 17:59:59.999,0.7310585786300049,0.7310585786300049
2017-09-18 18:59:59.999,0.7310585786300049,0.7310585786300049
2017-09-18 19:59:59.999,0.7310585786300049,0.7310585786300049
2017-09-18 20:59:59.999,0.7310585786300049,0.7310585786300049
2017-09-18 21:59:59.999,0.7310585786300049,0.7310585786300049
2017-09-18 22:59:59.999,0.7310585786300049,0.7310585786300049
2017-09-18 23:59:59.999,0.7310585786300049,0.7310585786300049
2017-09-19 00:59:59.999,0.7310585786300049,0.7310585786300049
2017-09-19 01:59:59.999,0.7310585786300049,0.7310585786300049
2017-09-19 02:59:59.999,0.7310585786300049,0.7310585786300049
2017-09-19 03:59:59.999,0.7310585786300049,0.7310585786300049
2017-09-19 04:59:59.999,0.7310585786300049,0.7310585786300049
2017-09-19 05:59:59.999,0.7310585786300049,0.7310585786300049
2017-09-19 06:59:59.999,0.7310585786300049,0.7310585786300049
2017-09-19 07:59:59.999,0.7310585786300049,0.7310585786300049
2017-09-19 08:59:59.999,0.7310585786300049,0.7310585786300049
2017-09-19 09:59:59.999,0.7310585786300049,0.7310585786300049
2017-09-19 10:59:59.999,0.7310585786300049,0.7310585786300049
2017-09-19 11:59:59.999,0.7310585786300049,0.7310585786300049
2017-09-19 12:59:59.999,0.7310585786300049,0.7310585786300049
2017-09-19 13:59:59.999,0.7310585786300049,0.7310585786300049
2017-09-19 14:59:59.999,0.7310585786300049,0.7310585786300049
2017-09-19 15:59:59.999,0.7310585786300049,0.7310585786300049
2017-09-19 16:59:59.999,0.7310585786300049,0.7310585786300049
2017-09-19 17:59:59.999,0.7310585786300049,0.7310585786300049
2017-09-19 18:59:59.999,0.7310585786300049,0.7310585786300049
2017-09-19 19:59:59.999,0.7310585786300049,0.7310585786300049
2017-09-19 20:59:59.999,0.7310585786300049,0.7310585786300049
2017-09-19 21:59:59.999,0.7310585786300049,0.7310585786300049
2017-09-19 22:59:59.999,0.7310585786300049,0.7310585786300049
2017-09-19 23:59:59.999,0.7310585786300049,0.7310585786300049
2017-09-20 00:59:59.999,0.7310585786300049,0.7310585786300049
2017-09-20 01:59:59.999,0.7310585786300049,0.7310585786300049
2017-09-20 02:59:59.999,0.7310585786300049,0.7310585786300049
2017-09-20 03:59:59.999,0.7310585786300049,0.7310585786300049
2017-09-20 04:59:59.999,0.7310585786300049,0.7310585786300049
2017-09-20 05:59:59.999,0.7310585786300049,0.7310585786300049
2017-09-20 06:59:59.999,0.7310585786300049,0.7310585786300049
2017-09-20 07:59:59.999,0.7310585786300049,0.7310585786300049
2017-09-20 08:59:59.999,0.7310585786300049,0.7310585786300049
2017-09-20 09:59:59.999,0.7310585786300049,0.7310585786300049
2017-09-20 10:59:59.999,0.7310585786300049,0.7310585786300049
2017-09-20 11:59:59.999,0.7310585786300049,0.7310585786300049
2017-09-20 12:59:59.999,0.7310585786300049,0.7310585786300049
2017-09-20 13:59:59.999,0.7310585786300049,0.7310585786300049
2017-09-20 14:59:59.999,0.7310585786300049,0.7310585786300049
2017-09-20 15:59:59.999,0.7310585786300049,0.7310585786300049
2017-09-20 16:59:59.999,0.7310585786300049,0.7310585786300049
2017-09-20 17:59:59.999,0.7310585786300049,0.7310585786300049
2017-09-20 18:59:59.999,0.7310585786300049,0.7310585786300049
2017-09-20 19:59:59.999,0.7310585786300049,0.7310585786300049
2017-09-20 20:59:59.999,0.7310585786300049,0.7310585786300049
2017-09-20 21:59:59.999,0.7310585786300049,0.7310585786300049
2017-09-20 22:59:59.999,0.7310585786300049,0.7310585786300049
2017-09-20 23:59:59.999,0.7310585786300049,0.7310585786300049
2017-09-21 00:59:59.999,0.7310585786300049,0.7310585786300049
2017-09-21 01:59:59.999,0.7310585786300049,0.7310585786300049
2017-09-21 02:59:59.999,0.7310585786300049,0.7310585786300049
2017-09-21 03:59:59.999,0.7310585786300049,0.7310585786300049
2017-09-21 04:59:59.999,0.7310585786300049,0.7310585786300049
2017-09-21 05:59:59.999,0.7310585786300049,0.7310585786300049
2017-09-21 06:59:59.999,0.7310585786300049,0.7310585786300049
2017-09-21 07:59:59.999,0.7310585786300049,0.7310585786300049
2017-09-21 08:59:59.999,0.7310585786300049,0.7310585786300049
2017-09-21 09:59:59.999,0.7310585786300049,0.7310585786300049
2017-09-21 10:59:59.999,0.7310585786300049,0.7310585786300049
2017-09-21 11:59:59.999,0.7310585786300049,0.7310585786300049
2017-09-21 12:59:59.999,0.7310585786300049,0.7310585786300049
2017-09-21 13:59:59.999,0.7310585786300049,0.7310585786300049
2017-09-21 14:59:59.999,0.7310585786300049,0.7310585786300049
2017-09-21 15:59:59.999,0.7310585786300049,0.7310585786300049
2017-09-21 16:59:59.999,0.7310585786300049,0.7310585786300049
2017-09-21 17:59:59.999,0.7310585786300049,0.7310585786300049
2017-09-21 18:59:59.999,0.7310585786300049,0.7310585786300049
2017-09-21 19:59:59.999,0.7310585786300049,0.7310585786300049
2017-09-21 20:59:59.999,0.7310585786300049,0.7310585786300049
2017-09-21 21:59:59.999,0.7310585786300049,0.7310585786300049
2017-09-21 22:59:59.999,0.7310585786300049,0.7310585786300049
2017-09-21 23:59:59.999,0.7310585786300049,0.7310585786300049
2017-09-22 00:59:59.999,0.7310585786300049,0.7310585786300049
2017-09-22 01:59:59.999,0.7310585786300049,0.7310585786300049
2017-09-22 02:59:59.999,0.7310585786300049,0.7310585786300049
2017-09-22 03:59:59.999,0.7310585786300049,0.7310585786300049
2017-09-22 04:59:59.999,0.7310585786300049,0.7310585786300049
2017-09-22 05:59:59.999,0.7310585786300049,0.7310585786300049
2017-09-22 06:59:59.999,0.7310585786300049,0.7310585786300049
2017-09-22 07:59:59.999,0.7310585786300049,0.7310585786300049
2017-09-22 08:59:59.999,0.7310585786300049,0.7310585786300049
2017-09-22 09:59:59.999,0.7310585786300049,0.7310585786300049
2017-09-22 10:59:59.999,0.7310585786300049,0.7310585786300049
2017-09-22 11:59:59.999,0.7310585786300049,0.7310585786300049
2017-09-22 12:59:59.999,0.7310585786300049,0.7310585786300049
2017-09-22 13:59:59.999,0.7310585786300049,0.7310585786300049
2017-09-22 14:59:59.999,0.7310585786300049,0.7310585786300049
2017-09-22 15:59:59.999,0.7310585786300049,0.7310585786300049
2017-09-22 16:59:59.999,0.7310585786300049,0.7310585786300049
2017-09-22 17:59:59.999,0.7310585786300049,0.7310585786300049
2017-09-22 18:59:59.999,0.7310585786300049,0.7310585786300049
2017-09-22 19:59:59.999,0.7310585786300049,0.7310585786300049
2017-09-22 20:59:59.999,0.7310585786300049,0.7310585786300049
2017-09-22 21:59:59.999,0.7310585786300049,0.7310585786300049
2017-09-22 22:59:59.999,0.7310585786300049,0.7310585786300049
2017-09-22 23:59:59.999,0.7310585786300049,0.7310585786300049
2017-09-23 00:59:59.999,0.7310585786300049,0.7310585786300049
2017-09-23 01:59:59.999,0.7310585786300049,0.7310585786300049
2017-09-23 02:59:59.999,0.7310585786300049,0.7310585786300049
2017-09-23 03:59:59.999,0.7310585786300049,0.7310585786300049
2017-09-23 04:59:59.999,0.7310585786300049,0.7310585786300049
2017-09-23 05:59:59.999,0.7310585786300049,0.7310585786300049
2017-09-23 06:59:59.999,0.7310585786300049,0.7310585786300049
2017-09-23 07:59:59.999,0.7310585786300049,0.7310585786300049
2017-09-23 08:59:59.999,0.7310585786300049,0.7310585786300049
2017-09-23 09:59:59.999,0.7310585786300049,0.7310585786300049
2017-09-23 10:59:59.999,0.7310585786300049,0.7310585786300049
2017-09-23 11:59:59.999,0.7310585786300049,0.7310585786300049
2017-09-23 12:59:59.999,0.7310585786300049,0.7310585786300049
2017-09-23 13:59:59.999,0.7310585786300049,0.7310585786300049
2017-09-23 14:59:59.999,0.7310585786300049,0.7310585786300049
2017-09-23 15:59:59.999,0.7310585786300049,0.7310585786300049
2017-09-23 16:59:59.999,0.7310585786300049,0.7310585786300049
2017-09-23 17:59:59.999,0.7310585786300049,0.7310585786300049
2017-09-23 18:59:59.999,0.7310585786300049,0.7310585786300049
2017-09-23 19:59:59.999,0.7310585786300049,0.7310585786300049
2017-09-23 20:59:59.999,0.7310585786300049,0.7310585786300049
2017-09-23 21:59:59.999,0.7310585786300049,0.7310585786300049
2017-09-23 22:59:59.999,0.7310585786300049,0.7310585786300049
2017-09-23 23:59:59.999,0.7310585786300049,0.7310585786300049
2017-09-24 00:59:59.999,0.7310585786300049,0.7310585786300049
2017-09-24 01:59:59.999,0.7310585786300049,0.7310585786300049
2017-09-24 02:59:59.999,0.7310585786300049,0.7310585786300049
2017-09-24 03:59:59.999,0.7310585786300049,0.7310585786300049
2017-09-24 04:59:59.999,0.7310585786300049,0.7310585786300049
2017-09-24 05:59:59.999,0.7310585786300049,0.7310585786300049
2017-09-24 06:59:59.999,0.7310585786300049,0.7310585786300049
2017-09-24 07:59:59.999,0.7310585786300049,0.7310585786300049
2017-09-24 08:59:59.999,0.7310585786300049,0.7310585786300049
2017-09-24 09:59:59.999,0.7310585786300049,0.7310585786300049
2017-09-24 10:59:59.999,0.7310585786300049,0.7310585786300049
2017-09-24 11:59:59.999,0.7310585786300049,0.7310585786300049
2017-09-24 12:59:59.999,0.7310585786300049,0.7310585786300049
2017-09-24 13:59:59.999,0.7310585786300049,0.7310585786300049
2017-09-24 14:59:59.999,0.7310585786300049,0.7310585786300049
2017-09-24 15:59:59.999,0.7310585786300049,0.7310585786300049
2017-09-24 16:59:59.999,0.7310585786300049,0.7310585786300049
2017-09-24 17:59:59.999,0.7310585786300049,0.7310585786300049
2017-09-24 18:59:59.999,0.7310585786300049,0.7310585786300049
2017-09-24 19:59:59.999,0.7310585786300049,0.7310585786300049
2017-09-24 20:59:59.999,0.7310585786300049,0.7310585786300049
2017-09-24 21:59:59.999,0.7310585786300049,0.7310585786300049
2017-09-24 22:59:59.999,0.7310585786300049,0.7310585786300049
2017-09-24 23:59:59.999,0.7310585786300049,0.7310585786300049
2017-09-25 00:59:59.999,0.7310585786300049,0.7310585786300049
2017-09-25 01:59:59.999,0.7310585786300049,0.7310585786300049
2017-09-25 02:59:59.999,0.7310585786300049,0.7310585786300049
2017-09-25 03:59:59.999,0.7310585786300049,0.7310585786300049
2017-09-25 04:59:59.999,0.7310585786300049,0.7310585786300049
2017-09-25 05:59:59.999,0.7310585786300049,0.7310585786300049
2017-09-25 06:59:59.999,0.7310585786300049,0.7310585786300049
2017-09-25 07:59:59.999,0.7310585786300049,0.7310585786300049
2017-09-25 08:59:59.999,0.7310585786300049,0.7310585786300049
2017-09-25 09:59:59.999,0.7310585786300049,0.7310585786300049
2017-09-25 10:59:59.999,0.7310585786300049,0.7310585786300049
2017-09-25 11:59:59.999,0.7310585786300049,0.7310585786300049
2017-09-25 12:59:59.999,0.7310585786300049,0.7310585786300049
2017-09-25 13:59:59.999,0.7310585786300049,0.7310585786300049
2017-09-25 14:59:59.999,0.7310585786300049,0.7310585786300049
2017-09-25 15:59:59.999,0.7310585786300049,0.7310585786300049
2017-09-25 16:59:59.999,0.7310585786300049,0.7310585786300049
2017-09-25 17:59:59.999,0.7310585786300049,0.7310585786300049
2017-09-25 18:59:59.999,0.7310585786300049,0.7310585786300049
2017-09-25 19:59:59.999,0.7310585786300049,0.7310585786300049
2017-09-25 20:59:59.999,0.7310585786300049,0.7310585786300049
2017-09-25 21:59:59.999,0.7310585786300049,0.7310585786300049
2017-09-25 22:59:59.999,0.7310585786300049,0.7310585786300049
2017-09-25 23:59:59.999,0.7310585786300049,0.7310585786300049
2017-09-26 00:59:59.999,0.7310585786300049,0.7310585786300049
2017-09-26 01:59:59.999,0.7310585786300049,0.7310585786300049
2017-09-26 02:59:59.999,0.7310585786300049,0.7310585786300049
2017-09-26 03:59:59.999,0.7310585786300049,0.7310585786300049
2017-09-26 04:59:59.999,0.7310585786300049,0.7310585786300049
2017-09-26 05:59:59.999,0.7310585786300049,0.7310585786300049
2017-09-26 06:59:59.999,0.7310585786300049,0.7310585786300049
2017-09-26 07:59:59.999,0.7310585786300049,0.7310585786300049
2017-09-26 08:59:59.999,0.7310585786300049,0.7310585786300049
2017-09-26 09:59:59.999,0.7310585786300049,0.7310585786300049
2017-09-26 10:59:59.999,0.7310585786300049,0.7310585786300049
2017-09-26 11:59:59.999,0.7310585786300049,0.7310585786300049
2017-09-26 12:59:59.999,0.7310585786300049,0.7310585786300049
2017-09-26 13:59:59.999,0.7310585786300049,0.7310585786300049
2017-09-26 14:59:59.999,0.7310585786300049,0.7310585786300049
2017-09-26 15:59:59.999,0.7310585786300049,0.7310585786300049
2017-09-26 16:59:59.999,0.7310585786300049,0.7310585786300049
2017-09-26 17:59:59.999,0.7310585786300049,0.7310585786300049
2017-09-26 18:59:59.999,0.7310585786300049,0.7310585786300049
2017-09-26 19:59:59.999,0.7310585786300049,0.7310585786300049
2017-09-26 20:59:59.999,0.7310585786300049,0.7310585786300049
2017-09-26 21:59:59.999,0.7310585786300049,0.7310585786300049
2017-09-26 22:59:59.999,0.7310585786300049,0.7310585786300049
2017-09-26 23:59:59.999,0.7310585786300049,0.7310585786300049
2017-09-27 00:59:59.999,0.7310585786300049,0.7310585786300049
2017-09-27 01:59:59.999,0.7310585786300049,0.7310585786300049
2017-09-27 02:59:59.999,0.7310585786300049,0.7310585786300049
2017-09-27 03:59:59.999,0.7310585786300049,0.7310585786300049
2017-09-27 04:59:59.999,0.7310585786300049,0.7310585786300049
2017-09-27 05:59:59.999,0.7310585786300049,0.7310585786300049
2017-09-27 06:59:59.999,0.7310585786300049,0.7310585786300049
2017-09-27 07:59:59.999,0.7310585786300049,0.7310585786300049
2017-09-27 08:59:59.999,0.7310585786300049,0.7310585786300049
2017-09-27 09:59:59.999,0.7310585786300049,0.7310585786300049
2017-09-27 10:59:59.999,0.7310585786300049,0.7310585786300049
2017-09-27 11:59:59.999,0.7310585786300049,0.7310585786300049
2017-09-27 12:59:59.999,0.7310585786300049,0.7310585786300049
2017-09-27 13:59:59.999,0.7310585786300049,0.7310585786300049
2017-09-27 14:59:59.999,0.7310585786300049,0.7310585786300049
2017-09-27 15:59:59.999,0.7310585786300049,0.7310585786300049
2017-09-27 16:59:59.999,0.7310585786300049,0.7310585786300049
2017-09-27 17:59:59.999,0.7310585786300049,0.7310585786300049
2017-09-27 18:59:59.999,0.7310585786300049,0.7310585786300049
2017-09-27 19:59:59.999,0.7310585786300049,0.7310585786300049
2017-09-27 20:59:59.999,0.7310585786300049,0.7310585786300049
2017-09-27 21:59:59.999,0.7310585786300049,0.7310585786300049
2017-09-27 22:59:59.999,0.7310585786300049,0.7310585786300049
2017-09-27 23:59:59.999,0.7310585786300049,0.7310585786300049
2017-09-28 00:59:59.999,0.7310585786300049,0.7310585786300049
2017-09-28 01:59:59.999,0.7310585786300049,0.7310585786300049
2017-09-28 02:59:59.999,0.7310585786300049,0.7310585786300049
2017-09-28 03:59:59.999,0.7310585786300049,0.7310585786300049
2017-09-28 04:59:59.999,0.7310585786300049,0.7310585786300049
2017-09-28 05:59:59.999,0.7310585786300049,0.7310585786300049
2017-09-28 06:59:59.999,0.7310585786300049,0.7310585786300049
2017-09-28 07:59:59.999,0.7310585786300049,0.7310585786300049
2017-09-28 08:59:59.999,0.7310585786300049,0.7310585786300049
2017-09-28 09:59:59.999,0.7310585786300049,0.7310585786300049
2017-09-28 10:59:59.999,0.7310585786300049,0.7310585786300049
2017-09-28 11:59:59.999,0.7310585786300049,0.7310585786300049
2017-09-28 12:59:59.999,0.7310585786300049,0.7310585786300049
2017-09-28 13:59:59.999,0.7310585786300049,0.7310585786300049
2017-09-28 14:59:59.999,0.7310585786300049,0.7310585786300049
2017-09-28 15:59:59.999,0.7310585786300049,0.7310585786300049
2017-09-28 16:59:59.999,0.7310585786300049,0.7310585786300049
2017-09-28 17:59:59.999,0.7310585786300049,0.7310585786300049
2017-09-28 18:59:59.999,0.7310585786300049,0.7310585786300049
2017-09-28 19:59:59.999,0.7310585786300049,0.7310585786300049
2017-09-28 20:59:59.999,0.7310585786300049,0.7310585786300049
2017-09-28 21:59:59.999,0.7310585786300049,0.7310585786300049
2017-09-28 22:59:59.999,0.7310585786300049,0.7310585786300049
2017-09-28 23:59:59.999,0.7310585786300049,0.7310585786300049
2017-09-29 00:59:59.999,0.7310585786300049,0.7310585786300049
2017-09-29 01:59:59.999,0.7310585786300049,0.7310585786300049
2017-09-29 02:59:59.999,0.7310585786300049,0.7310585786300049
2017-09-29 03:59:59.999,0.7310585786300049,0.7310585786300049
2017-09-29 04:59:59.999,0.7310585786300049,0.7310585786300049
2017-09-29 05:59:59.999,0.7310585786300049,0.7310585786300049
2017-09-29 06:59:59.999,0.7310585786300049,0.7310585786300049
2017-09-29 07:59:59.999,0.7310585786300049,0.7310585786300049
2017-09-29 08:59:59.999,0.7310585786300049,0.7310585786300049
2017-09-29 09:59:59.999,0.7310585786300049,0.7310585786300049
2017-09-29 10:59:59.999,0.7310585786300049,0.7310585786300049
2017-09-29 11:59:59.999,0.7310585786300049,0.7310585786300049
2017-09-29 12:59:59.999,0.7310585786300049,0.7310585786300049
2017-09-29 13:59:59.999,0.7310585786300049,0.7310585786300049
2017-09-29 14:59:59.999,0.7310585786300049,0.7310585786300049
2017-09-29 15:59:59.999,0.7310585786300049,0.7310585786300049
2017-09-29 16:59:59.999,0.7310585786300049,0.7310585786300049
2017-09-29 17:59:59.999,0.7310585786300049,0.7310585786300049
2017-09-29 18:59:59.999,0.7310585786300049,0.7310585786300049
2017-09-29 19:59:59.999,0.7310585786300049,0.7310585786300049
2017-09-29 20:59:59.999,0.7310585786300049,0.7310585786300049
2017-09-29 21:59:59.999,0.7310585786300049,0.7310585786300049
2017-09-29 22:59:59.999,0.7310585786300049,0.7310585786300049
2017-09-29 23:59:59.999,0.7310585786300049,0.7310585786300049
2017-09-30 00:59:59.999,0.7310585786300049,0.7310585786300049
2017-09-30 01:59:59.999,0.7310585786300049,0.7310585786300049
2017-09-30 02:59:59.999,0.7310585786300049,0.7310585786300049
2017-09-30 03:59:59.999,0.7310585786300049,0.7310585786300049
2017-09-30 04:59:59.999,0.7310585786300049,0.7310585786300049
2017-09-30 05:59:59.999,0.7310585786300049,0.7310585786300049
2017-09-30 06:59:59.999,0.7310585786300049,0.7310585786300049
2017-09-30 07:59:59.999,0.7310585786300049,0.7310585786300049
2017-09-30 08:59:59.999,0.7310585786300049,0.7310585786300049
2017-09-30 09:59:59.999,0.7310585786300049,0.7310585786300049
2017-09-30 10:59:59.999,0.7310585786300049,0.7310585786300049
2017-09-30 11:59:59.999,0.7310585786300049,0.7310585786300049
2017-09-30 12:59:59.999,0.7310585786300049,0.7310585786300049
2017-09-30 13:59:59.999,0.7310585786300049,0.7310585786300049
2017-09-30 14:59:59.999,0.7310585786300049,0.7310585786300049
2017-09-30 15:59:59.999,0.7310585786300049,0.7310585786300049
2017-09-30 16:59:59.999,0.7310585786300049,0.7310585786300049
2017-09-30 17:59:59.999,0.7310585786300049,0.7310585786300049
2017-09-30 18:59:59.999,0.7310585786300049,0.7310585786300049
2017-09-30 19:59:59.999,0.7310585786300049,0.7310585786300049
2017-09-30 20:59:59.999,0.7310585786300049,0.7310585786300049
2017-09-30 21:59:59.999,0.7310585786300049,0.7310585786300049
2017-09-30 22:59:59.999,0.7310585786300049,0.7310585786300049
2017-09-30 23:59:59.999,0.7310585786300049,0.7310585786300049
2017-10-01 00:59:59.999,0.7310585786300049,0.7310585786300049
2017-10-01 01:59:59.999,0.7310585786300049,0.7310585786300049
2017-10-01 02:59:59.999,0.7310585786300049,0.7310585786300049
2017-10-01 03:59:59.999,0.7310585786300049,0.7310585786300049
2017-10-01 04:59:59.999,0.7310585786300049,0.7310585786300049
2017-10-01 05:59:59.999,0.7310585786300049,0.7310585786300049
2017-10-01 06:59:59.999,0.7310585786300049,0.7310585786300049
2017-10-01 07:59:59.999,0.7310585786300049,0.7310585786300049
2017-10-01 08:59:59.999,0.7310585786300049,0.7310585786300049
2017-10-01 09:59:59.999,0.7310585786300049,0.7310585786300049
2017-10-01 10:59:59.999,0.7310585786300049,0.7310585786300049
2017-10-01 11:59:59.999,0.7310585786300049,0.7310585786300049
2017-10-01 12:59:59.999,0.7310585786300049,0.7310585786300049
2017-10-01 13:59:59.999,0.7310585786300049,0.7310585786300049
2017-10-01 14:59:59.999,0.7310585786300049,0.7310585786300049
2017-10-01 15:59:59.999,0.7310585786300049,0.7310585786300049
2017-10-01 16:59:59.999,0.7310585786300049,0.7310585786300049
2017-10-01 17:59:59.999,0.7310585786300049,0.7310585786300049
2017-10-01 18:59:59.999,0.7310585786300049,0.7310585786300049
2017-10-01 19:59:59.999,0.7310585786300049,0.7310585786300049
2017-10-01 20:59:59.999,0.7310585786300049,0.7310585786300049
2017-10-01 21:59:59.999,0.7310585786300049,0.7310585786300049
2017-10-01 22:59:59.999,0.7310585786300049,0.7310585786300049
2017-10-01 23:59:59.999,0.7310585786300049,0.7310585786300049
2017-10-02 00:59:59.999,0.7310585786300049,0.7310585786300049
2017-10-02 01:59:59.999,0.7310585786300049,0.7310585786300049
2017-10-02 02:59:59.999,0.7310585786300049,0.7310585786300049
2017-10-02 03:59:59.999,0.7310585786300049,0.7310585786300049
2017-10-02 04:59:59.999,0.7310585786300049,0.7310585786300049
2017-10-02 05:59:59.999,0.7310585786300049,0.7310585786300049
2017-10-02 06:59:59.999,0.7310585786300049,0.7310585786300049
2017-10-02 07:59:59.999,0.7310585786300049,0.7310585786300049
2017-10-02 08:59:59.999,0.7310585786300049,0.7310585786300049
2017-10-02 09:59:59.999,0.7310585786300049,0.7310585786300049
2017-10-02 10:59:59.999,0.7310585786300049,0.7310585786300049
2017-10-02 11:59:59.999,0.7310585786300049,0.7310585786300049
2017-10-02 12:59:59.999,0.7310585786300049,0.7310585786300049
2017-10-02 13:59:59.999,0.7310585786300049,0.7310585786300049
2017-10-02 14:59:59.999,0.7310585786300049,0.7310585786300049
2017-10-02 15:59:59.999,0.7310585786300049,0.7310585786300049
2017-10-02 16:59:59.999,0.7310585786300049,0.7310585786300049
2017-10-02 17:59:59.999,0.7310585786300049,0.7310585786300049
2017-10-02 18:59:59.999,0.7310585786300049,0.7310585786300049
2017-10-02 19:59:59.999,0.7310585786300049,0.7310585786300049
2017-10-02 20:59:59.999,0.7310585786300049,0.7310585786300049
2017-10-02 21:59:59.999,0.7310585786300049,0.7310585786300049
2017-10-02 22:59:59.999,0.7310585786300049,0.7310585786300049
2017-10-02 23:59:59.999,0.7310585786300049,0.7310585786300049
2017-10-03 00:59:59.999,0.7310585786300049,0.7310585786300049
2017-10-03 01:59:59.999,0.7310585786300049,0.7310585786300049
2017-10-03 02:59:59.999,0.7310585786300049,0.7310585786300049
2017-10-03 03:59:59.999,0.7310585786300049,0.7310585786300049
2017-10-03 04:59:59.999,0.7310585786300049,0.7310585786300049
2017-10-03 05:59:59.999,0.7310585786300049,0.7310585786300049
2017-10-03 06:59:59.999,0.7310585786300049,0.7310585786300049
2017-10-03 07:59:59.999,0.7310585786300049,0.7310585786300049
2017-10-03 08:59:59.999,0.7310585786300049,0.7310585786300049
2017-10-03 09:59:59.999,0.7310585786300049,0.7310585786300049
2017-10-03 10:59:59.999,0.7310585786300049,0.7310585786300049
2017-10-03 11:59:59.999,0.7310585786300049,0.7310585786300049
2017-10-03 12:59:59.999,0.7310585786300049,0.7310585786300049
2017-10-03 13:59:59.999,0.7310585786300049,0.7310585786300049
2017-10-03 14:59:59.999,0.7310585786300049,0.7310585786300049
2017-10-03 15:59:59.999,0.7310585786300049,0.7310585786300049
2017-10-03 16:59:59.999,0.7310585786300049,0.7310585786300049
2017-10-03 17:59:59.999,0.7310585786300049,0.7310585786300049
2017-10-03 18:59:59.999,0.7310585786300049,0.7310585786300049
2017-10-03 19:59:59.999,0.7310585786300049,0.7310585786300049
2017-10-03 20:59:59.999,0.7310585786300049,0.7310585786300049
2017-10-03 21:59:59.999,0.7310585786300049,0.7310585786300049
2017-10-03 22:59:59.999,0.7310585786300049,0.7310585786300049
2017-10-03 23:59:59.999,0.7310585786300049,0.7310585786300049
2017-10-04 00:59:59.999,0.7310585786300049,0.7310585786300049
2017-10-04 01:59:59.999,0.7310585786300049,0.7310585786300049
2017-10-04 02:59:59.999,0.7310585786300049,0.7310585786300049
2017-10-04 03:59:59.999,0.7310585786300049,0.7310585786300049
2017-10-04 04:59:59.999,0.7310585786300049,0.7310585786300049
2017-10-04 05:59:59.999,0.7310585786300049,0.7310585786300049
2017-10-04 06:59:59.999,0.7310585786300049,0.7310585786300049
2017-10-04 07:59:59.999,0.7310585786300049,0.7310585786300049
2017-10-04 08:59:59.999,0.7310585786300049,0.7310585786300049
2017-10-04 09:59:59.999,0.7310585786300049,0.7310585786300049
2017-10-04 10:59:59.999,0.7310585786300049,0.7310585786300049
2017-10-04 11:59:59.999,0.7310585786300049,0.7310585786300049
2017-10-04 12:59:59.999,0.7310585786300049,0.7310585786300049
2017-10-04 13:59:59.999,0.7310585786300049,0.7310585786300049
2017-10-04 14:59:59.999,0.7310585786300049,0.7310585786300049
2017-10-04 15:59:59.999,0.7310585786300049,0.7310585786300049
2017-10-04 16:59:59.999,0.7310585786300049,0.7310585786300049
2017-10-04 17:59:59.999,0.7310585786300049,0.7310585786300049
2017-10-04 18:59:59.999,0.7310585786300049,0.7310585786300049
2017-10-04 19:59:59.999,0.7310585786300049,0.7310585786300049
2017-10-04 20:59:59.999,0.7310585786300049,0.7310585786300049
2017-10-04 21:59:59.999,0.7310585786300049,0.7310585786300049
2017-10-04 22:59:59.999,0.7310585786300049,0.7310585786300049
2017-10-04 23:59:59.999,0.7310585786300049,0.7310585786300049
2017-10-05 00:59:59.999,0.7310585786300049,0.7310585786300049
2017-10-05 01:59:59.999,0.7310585786300049,0.7310585786300049
2017-10-05 02:59:59.999,0.7310585786300049,0.7310585786300049
2017-10-05 03:59:59.999,0.7310585786300049,0.7310585786300049
2017-10-05 04:59:59.999,0.7310585786300049,0.7310585786300049
2017-10-05 05:59:59.999,0.7310585786300049,0.7310585786300049
2017-10-05 06:59:59.999,0.7310585786300049,0.7310585786300049
2017-10-05 07:59:59.999,0.7310585786300049,0.7310585786300049
2017-10-05 08:59:59.999,0.7310585786300049,0.7310585786300049
2017-10-05 09:59:59.999,0.7310585786300049,0.7310585786300049
2017-10-05 10:59:59.999,0.7310585786300049,0.7310585786300049
2017-10-05 11:59:59.999,0.7310585786300049,0.7310585786300049
2017-10-05 12:59:59.999,0.7310585786300049,0.7310585786300049
2017-10-05 13:59:59.999,0.7310585786300049,0.7310585786300049
2017-10-05 14:59:59.999,0.7310585786300049,0.7310585786300049
2017-10-05 15:59:59.999,0.7310585786300049,0.7310585786300049
2017-10-05 16:59:59.999,0.7310585786300049,0.7310585786300049
2017-10-05 17:59:59.999,0.7310585786300049,0.7310585786300049
2017-10-05 18:59:59.999,0.7310585786300049,0.7310585786300049
2017-10-05 19:59:59.999,0.7310585786300049,0.7310585786300049
2017-10-05 20:59:59.999,0.7310585786300049,0.7310585786300049
2017-10-05 21:59:59.999,0.7310585786300049,0.7310585786300049
2017-10-05 22:59:59.999,0.7310585786300049,0.7310585786300049
2017-10-05 23:59:59.999,0.7310585786300049,0.7310585786300049
2017-10-06 00:59:59.999,0.7310585786300049,0.7310585786300049
2017-10-06 01:59:59.999,0.7310585786300049,0.7310585786300049
2017-10-06 02:59:59.999,0.7310585786300049,0.7310585786300049
2017-10-06 03:59:59.999,0.7310585786300049,0.7310585786300049
2017-10-06 04:59:59.999,0.7310585786300049,0.7310585786300049
2017-10-06 05:59:59.999,0.7310585786300049,0.7310585786300049
2017-10-06 06:59:59.999,0.7310585786300049,0.7310585786300049
2017-10-06 07:59:59.999,0.7310585786300049,0.7310585786300049
2017-10-06 08:59:59.999,0.7310585786300049,0.7310585786300049
2017-10-06 09:59:59.999,0.7310585786300049,0.7310585786300049
2017-10-06 10:59:59.999,0.7310585786300049,0.7310585786300049
2017-10-06 11:59:59.999,0.7310585786300049,0.7310585786300049
2017-10-06 12:59:59.999,0.7310585786300049,0.7310585786300049
2017-10-06 13:59:59.999,0.7310585786300049,0.7310585786300049
2017-10-06 14:59:59.999,0.7310585786300049,0.7310585786300049
2017-10-06 15:59:59.999,0.7310585786300049,0.7310585786300049
2017-10-06 16:59:59.999,0.7310585786300049,0.7310585786300049
2017-10-06 17:59:59.999,0.7310585786300049,0.7310585786300049
2017-10-06 18:59:59.999,0.7310585786300049,0.7310585786300049
2017-10-06 19:59:59.999,0.7310585786300049,0.7310585786300049
2017-10-06 20:59:59.999,0.7310585786300049,0.7310585786300049
2017-10-06 21:59:59.999,0.7310585786300049,0.7310585786300049
2017-10-06 22:59:59.999,0.7310585786300049,0.7310585786300049
2017-10-06 23:59:59.999,0.7310585786300049,0.7310585786300049
2017-10-07 00:59:59.999,0.7310585786300049,0.7310585786300049
2017-10-07 01:59:59.999,0.7310585786300049,0.7310585786300049
2017-10-07 02:59:59.999,0.7310585786300049,0.7310585786300049
2017-10-07 03:59:59.999,0.7310585786300049,0.7310585786300049
2017-10-07 04:59:59.999,0.7310585786300049,0.7310585786300049
2017-10-07 05:59:59.999,0.7310585786300049,0.7310585786300049
2017-10-07 06:59:59.999,0.7310585786300049,0.7310585786300049
2017-10-07 07:59:59.999,0.7310585786300049,0.7310585786300049
2017-10-07 08:59:59.999,0.7310585786300049,0.7310585786300049
2017-10-07 09:59:59.999,0.7310585786300049,0.7310585786300049
2017-10-07 10:59:59.999,0.7310585786300049,0.7310585786300049
2017-10-07 11:59:59.999,0.7310585786300049,0.7310585786300049
2017-10-07 12:59:59.999,0.7310585786300049,0.7310585786300049
2017-10-07 13:59:59.999,0.7310585786300049,0.7310585786300049
2017-10-07 14:59:59.999,0.7310585786300049,0.7310585786300049
2017-10-07 15:59:59.999,0.7310585786300049,0.7310585786300049
2017-10-07 16:59:59.999,0.7310585786300049,0.7310585786300049
2017-10-07 17:59:59.999,0.7310585786300049,0.7310585786300049
2017-10-07 18:59:59.999,0.7310585786300049,0.7310585786300049
2017-10-07 19:59:59.999,0.7310585786300049,0.7310585786300049
2017-10-07 20:59:59.999,0.7310585786300049,0.7310585786300049
2017-10-07 21:59:59.999,0.7310585786300049,0.7310585786300049
2017-10-07 22:59:59.999,0.7310585786300049,0.7310585786300049
2017-10-07 23:59:59.999,0.7310585786300049,0.7310585786300049
2017-10-08 00:59:59.999,0.7310585786300049,0.7310585786300049
2017-10-08 01:59:59.999,0.7310585786300049,0.7310585786300049
2017-10-08 02:59:59.999,0.7310585786300049,0.7310585786300049
2017-10-08 03:59:59.999,0.7310585786300049,0.7310585786300049
2017-10-08 04:59:59.999,0.7310585786300049,0.7310585786300049
2017-10-08 05:59:59.999,0.7310585786300049,0.7310585786300049
2017-10-08 06:59:59.999,0.7310585786300049,0.7310585786300049
2017-10-08 07:59:59.999,0.7310585786300049,0.7310585786300049
2017-10-08 08:59:59.999,0.7310585786300049,0.7310585786300049
2017-10-08 09:59:59.999,0.7310585786300049,0.7310585786300049
2017-10-08 10:59:59.999,0.7310585786300049,0.7310585786300049
2017-10-08 11:59:59.999,0.7310585786300049,0.7310585786300049
2017-10-08 12:59:59.999,0.7310585786300049,0.7310585786300049
2017-10-08 13:59:59.999,0.7310585786300049,0.7310585786300049
2017-10-08 14:59:59.999,0.7310585786300049,0.7310585786300049
2017-10-08 15:59:59.999,0.7310585786300049,0.7310585786300049
2017-10-08 16:59:59.999,0.7310585786300049,0.7310585786300049
2017-10-08 17:59:59.999,0.7310585786300049,0.7310585786300049
2017-10-08 18:59:59.999,0.7310585786300049,0.7310585786300049
2017-10-08 19:59:59.999,0.7310585786300049,0.7310585786300049
2017-10-08 20:59:59.999,0.7310585786300049,0.7310585786300049
2017-10-08 21:59:59.999,0.7310585786300049,0.7310585786300049
2017-10-08 22:59:59.999,0.7310585786300049,0.7310585786300049
2017-10-08 23:59:59.999,0.7310585786300049,0.7310585786300049
2017-10-09 00:59:59.999,0.7310585786300049,0.7310585786300049
2017-10-09 01:59:59.999,0.7310585786300049,0.7310585786300049
2017-10-09 02:59:59.999,0.7310585786300049,0.7310585786300049
2017-10-09 03:59:59.999,0.7310585786300049,0.7310585786300049
2017-10-09 04:59:59.999,0.7310585786300049,0.7310585786300049
2017-10-09 05:59:59.999,0.7310585786300049,0.7310585786300049
2017-10-09 06:59:59.999,0.7310585786300049,0.7310585786300049
2017-10-09 07:59:59.999,0.7310585786300049,0.7310585786300049
2017-10-09 08:59:59.999,0.7310585786300049,0.7310585786300049
2017-10-09 09:59:59.999,0.7310585786300049,0.7310585786300049
2017-10-09 10:59:59.999,0.7310585786300049,0.7310585786300049
2017-10-09 11:59:59.999,0.7310585786300049,0.7310585786300049
2017-10-09 12:59:59.999,0.7310585786300049,0.7310585786300049
2017-10-09 13:59:59.999,0.7310585786300049,0.7310585786300049
2017-10-09 14:59:59.999,0.7310585786300049,0.7310585786300049
2017-10-09 15:59:59.999,0.7310585786300049,0.7310585786300049
2017-10-09 16:59:59.999,0.7310585786300049,0.7310585786300049
2017-10-09 17:59:59.999,0.7310585786300049,0.7310585786300049
2017-10-09 18:59:59.999,0.7310585786300049,0.7310585786300049
2017-10-09 19:59:59.999,0.7310585786300049,0.7310585786300049
2017-10-09 20:59:59.999,0.7310585786300049,0.7310585786300049
2017-10-09 21:59:59.999,0.7310585786300049,0.7310585786300049
2017-10-09 22:59:59.999,0.7310585786300049,0.7310585786300049
2017-10-09 23:59:59.999,0.7310585786300049,0.7310585786300049
2017-10-10 00:59:59.999,0.7310585786300049,0.7310585786300049
2017-10-10 01:59:59.999,0.7310585786300049,0.7310585786300049
2017-10-10 02:59:59.999,0.7310585786300049,0.7310585786300049
2017-10-10 03:59:59.999,0.7310585786300049,0.7310585786300049
2017-10-10 04:59:59.999,0.7310585786300049,0.7310585786300049
2017-10-10 05:59:59.999,0.7310585786300049,0.7310585786300049
2017-10-10 06:59:59.999,0.7310585786300049,0.7310585786300049
2017-10-10 07:59:59.999,0.7310585786300049,0.7310585786300049
2017-10-10 08:59:59.999,0.7310585786300049,0.7310585786300049
2017-10-10 09:59:59.999,0.7310585786300049,0.7310585786300049
2017-10-10 10:59:59.999,0.7310585786300049,0.7310585786300049
2017-10-10 11:59:59.999,0.7310585786300049,0.7310585786300049
2017-10-10 12:59:59.999,0.7310585786300049,0.7310585786300049
2017-10-10 13:59:59.999,0.7310585786300049,0.7310585786300049
2017-10-10 14:59:59.999,0.7310585786300049,0.7310585786300049
2017-10-10 15:59:59.999,0.7310585786300049,0.7310585786300049
2017-10-10 16:59:59.999,0.7310585786300049,0.7310585786300049
2017-10-10 17:59:59.999,0.7310585786300049,0.7310585786300049
2017-10-10 18:59:59.999,0.7310585786300049,0.7310585786300049
2017-10-10 19:59:59.999,0.7310585786300049,0.7310585786300049
2017-10-10 20:59:59.999,0.7310585786300049,0.7310585786300049
2017-10-10 21:59:59.999,0.7310585786300049,0.7310585786300049
2017-10-10 22:59:59.999,0.7310585786300049,0.7310585786300049
2017-10-10 23:59:59.999,0.7310585786300049,0.7310585786300049
2017-10-11 00:59:59.999,0.7310585786300049,0.7310585786300049
2017-10-11 01:59:59.999,0.7310585786300049,0.7310585786300049
2017-10-11 02:59:59.999,0.7310585786300049,0.7310585786300049
2017-10-11 03:59:59.999,0.7310585786300049,0.7310585786300049
2017-10-11 04:59:59.999,0.7310585786300049,0.7310585786300049
2017-10-11 05:59:59.999,0.7310585786300049,0.7310585786300049
2017-10-11 06:59:59.999,0.7310585786300049,0.7310585786300049
2017-10-11 07:59:59.999,0.7310585786300049,0.7310585786300049
2017-10-11 08:59:59.999,0.7310585786300049,0.7310585786300049
2017-10-11 09:59:59.999,0.7310585786300049,0.7310585786300049
2017-10-11 10:59:59.999,0.7310585786300049,0.7310585786300049
2017-10-11 11:59:59.999,0.7310585786300049,0.7310585786300049
2017-10-11 12:59:59.999,0.7310585786300049,0.7310585786300049
2017-10-11 13:59:59.999,0.7310585786300049,0.7310585786300049
2017-10-11 14:59:59.999,0.7310585786300049,0.7310585786300049
2017-10-11 15:59:59.999,0.7310585786300049,0.7310585786300049
2017-10-11 16:59:59.999,0.7310585786300049,0.7310585786300049
2017-10-11 17:59:59.999,0.7310585786300049,0.7310585786300049
2017-10-11 18:59:59.999,0.7310585786300049,0.7310585786300049
2017-10-11 19:59:59.999,0.7310585786300049,0.7310585786300049
2017-10-11 20:59:59.999,0.7310585786300049,0.7310585786300049
2017-10-11 21:59:59.999,0.7310585786300049,0.7310585786300049
2017-10-11 22:59:59.999,0.7310585786300049,0.7310585786300049
2017-10-11 23:59:59.999,0.7310585786300049,0.7310585786300049
2017-10-12 00:59:59.999,0.7310585786300049,0.7310585786300049
2017-10-12 01:59:59.999,0.7310585786300049,0.7310585786300049
2017-10-12 02:59:59.999,0.7310585786300049,0.7310585786300049
2017-10-12 03:59:59.999,0.7310585786300049,0.7310585786300049
2017-10-12 04:59:59.999,0.7310585786300049,0.7310585786300049
2017-10-12 05:59:59.999,0.7310585786300049,0.7310585786300049
2017-10-12 06:59:59.999,0.7310585786300049,0.7310585786300049
2017-10-12 07:59:59.999,0.7310585786300049,0.7310585786300049
2017-10-12 08:59:59.999,0.7310585786300049,0.7310585786300049
2017-10-12 09:59:59.999,0.7310585786300049,0.7310585786300049
2017-10-12 10:59:59.999,0.7310585786300049,0.7310585786300049
2017-10-12 11:59:59.999,0.7310585786300049,0.7310585786300049
2017-10-12 12:59:59.999,0.7310585786300049,0.7310585786300049
2017-10-12 13:59:59.999,0.7310585786300049,0.7310585786300049
2017-10-12 14:59:59.999,0.7310585786300049,0.7310585786300049
2017-10-12 15:59:59.999,0.7310585786300049,0.7310585786300049
2017-10-12 16:59:59.999,0.7310585786300049,0.7310585786300049
2017-10-12 17:59:59.999,0.7310585786300049,0.7310585786300049
2017-10-12 18:59:59.999,0.7310585786300049,0.7310585786300049
2017-10-12 19:59:59.999,0.7310585786300049,0.7310585786300049
2017-10-12 20:59:59.999,0.7310585786300049,0.7310585786300049
2017-10-12 21:59:59.999,0.7310585786300049,0.7310585786300049
2017-10-12 22:59:59.999,0.7310585786300049,0.7310585786300049
2017-10-12 23:59:59.999,0.7310585786300049,0.7310585786300049
2017-10-13 00:59:59.999,0.7310585786300049,0.7310585786300049
2017-10-13 01:59:59.999,0.7310585786300049,0.7310585786300049
2017-10-13 02:59:59.999,0.7310585786300049,0.7310585786300049
2017-10-13 03:59:59.999,0.7310585786300049,0.7310585786300049
2017-10-13 04:59:59.999,0.7310585786300049,0.7310585786300049
2017-10-13 05:59:59.999,0.7310585786300049,0.7310585786300049
2017-10-13 06:59:59.999,0.7310585786300049,0.7310585786300049
2017-10-13 07:59:59.999,0.7310585786300049,0.7310585786300049
2017-10-13 08:59:59.999,0.7310585786300049,0.7310585786300049
2017-10-13 09:59:59.999,0.7310585786300049,0.7310585786300049
2017-10-13 10:59:59.999,0.7310585786300049,0.7310585786300049
2017-10-13 11:59:59.999,0.7310585786300049,0.7310585786300049
2017-10-13 12:59:59.999,0.7310585786300049,0.7310585786300049
2017-10-13 13:59:59.999,0.7310585786300049,0.7310585786300049
2017-10-13 14:59:59.999,0.7310585786300049,0.7310585786300049
2017-10-13 15:59:59.999,0.7310585786300049,0.7310585786300049
2017-10-13 16:59:59.999,0.7310585786300049,0.7310585786300049
2017-10-13 17:59:59.999,0.7310585786300049,0.7310585786300049
2017-10-13 18:59:59.999,0.7310585786300049,0.7310585786300049
2017-10-13 19:59:59.999,0.7310585786300049,0.7310585786300049
2017-10-13 20:59:59.999,0.7310585786300049,0.7310585786300049
2017-10-13 21:59:59.999,0.7310585786300049,0.7310585786300049
2017-10-13 22:59:59.999,0.7310585786300049,0.7310585786300049
2017-10-13 23:59:59.999,0.7310585786300049,0.7310585786300049
2017-10-14 00:59:59.999,0.7310585786300049,0.7310585786300049
2017-10-14 01:59:59.999,0.7310585786300049,0.7310585786300049
2017-10-14 02:59:59.999,0.7310585786300049,0.7310585786300049
2017-10-14 03:59:59.999,0.7310585786300049,0.7310585786300049
2017-10-14 04:59:59.999,0.7310585786300049,0.7310585786300049
2017-10-14 05:59:59.999,0.7310585786300049,0.7310585786300049
2017-10-14 06:59:59.999,0.7310585786300049,0.7310585786300049
2017-10-14 07:59:59.999,0.7310585786300049,0.7310585786300049
2017-10-14 08:59:59.999,0.7310585786300049,0.7310585786300049
2017-10-14 09:59:59.999,0.7310585786300049,0.7310585786300049
2017-10-14 10:59:59.999,0.7310585786300049,0.7310585786300049
2017-10-14 11:59:59.999,0.7310585786300049,0.7310585786300049
2017-10-14 12:59:59.999,0.7310585786300049,0.7310585786300049
2017-10-14 13:59:59.999,0.7310585786300049,0.7310585786300049
2017-10-14 14:59:59.999,0.7310585786300049,0.7310585786300049
2017-10-14 15:59:59.999,0.7310585786300049,0.7310585786300049
2017-10-14 16:59:59.999,0.7310585786300049,0.7310585786300049
2017-10-14 17:59:59.999,0.7310585786300049,0.7310585786300049
2017-10-14 18:59:59.999,0.7310585786300049,0.7310585786300049
2017-10-14 19:59:59.999,0.7310585786300049,0.7310585786300049
2017-10-14 20:59:59.999,0.7310585786300049,0.7310585786300049
2017-10-14 21:59:59.999,0.7310585786300049,0.7310585786300049
2017-10-14 22:59:59.999,0.7310585786300049,0.7310585786300049
2017-10-14 23:59:59.999,0.7310585786300049,0.7310585786300049
2017-10-15 00:59:59.999,0.7310585786300049,0.7310585786300049
2017-10-15 01:59:59.999,0.7310585786300049,0.7310585786300049
2017-10-15 02:59:59.999,0.7310585786300049,0.7310585786300049
2017-10-15 03:59:59.999,0.7310585786300049,0.7310585786300049
2017-10-15 04:59:59.999,0.7310585786300049,0.7310585786300049
2017-10-15 05:59:59.999,0.7310585786300049,0.7310585786300049
2017-10-15 06:59:59.999,0.7310585786300049,0.7310585786300049
2017-10-15 07:59:59.999,0.7310585786300049,0.7310585786300049
2017-10-15 08:59:59.999,0.7310585786300049,0.7310585786300049
2017-10-15 09:59:59.999,0.7310585786300049,0.7310585786300049
2017-10-15 10:59:59.999,0.7310585786300049,0.7310585786300049
2017-10-15 11:59:59.999,0.7310585786300049,0.7310585786300049
2017-10-15 12:59:59.999,0.7310585786300049,0.7310585786300049
2017-10-15 13:59:59.999,0.7310585786300049,0.7310585786300049
2017-10-15 14:59:59.999,0.7310585786300049,0.7310585786300049
2017-10-15 15:59:59.999,0.7310585786300049,0.7310585786300049
2017-10-15 16:59:59.999,0.7310585786300049,0.7310585786300049
2017-10-15 17:59:59.999,0.7310585786300049,0.7310585786300049
2017-10-15 18:59:59.999,0.7310585786300049,0.7310585786300049
2017-10-15 19:59:59.999,0.7310585786300049,0.7310585786300049
2017-10-15 20:59:59.999,0.7310585786300049,0.7310585786300049
2017-10-15 21:59:59.999,0.7310585786300049,0.7310585786300049
2017-10-15 22:59:59.999,0.7310585786300049,0.7310585786300049
2017-10-15 23:59:59.999,0.7310585786300049,0.7310585786300049
2017-10-16 00:59:59.999,0.7310585786300049,0.7310585786300049
2017-10-16 01:59:59.999,0.7310585786300049,0.7310585786300049
2017-10-16 02:59:59.999,0.7310585786300049,0.7310585786300049
2017-10-16 03:59:59.999,0.7310585786300049,0.7310585786300049
2017-10-16 04:59:59.999,0.7310585786300049,0.7310585786300049
2017-10-16 05:59:59.999,0.7310585786300049,0.7310585786300049
2017-10-16 06:59:59.999,0.7310585786300049,0.7310585786300049
2017-10-16 07:59:59.999,0.7310585786300049,0.7310585786300049
2017-10-16 08:59:59.999,0.7310585786300049,0.7310585786300049
2017-10-16 09:59:59.999,0.7310585786300049,0.7310585786300049
2017-10-16 10:59:59.999,0.7310585786300049,0.7310585786300049
2017-10-16 11:59:59.999,0.7310585786300049,0.7310585786300049
2017-10-16 12:59:59.999,0.7310585786300049,0.7310585786300049
2017-10-16 13:59:59.999,0.7310585786300049,0.7310585786300049
2017-10-16 14:59:59.999,0.7310585786300049,0.7310585786300049
2017-10-16 15:59:59.999,0.7310585786300049,0.7310585786300049
2017-10-16 16:59:59.999,0.7310585786300049,0.7310585786300049
2017-10-16 17:59:59.999,0.7310585786300049,0.7310585786300049
2017-10-16 18:59:59.999,0.7310585786300049,0.7310585786300049
2017-10-16 19:59:59.999,0.7310585786300049,0.7310585786300049
2017-10-16 20:59:59.999,0.7310585786300049,0.7310585786300049
2017-10-16 21:59:59.999,0.7310585786300049,0.7310585786300049
2017-10-16 22:59:59.999,0.7310585786300049,0.7310585786300049
2017-10-16 23:59:59.999,0.7310585786300049,0.7310585786300049
2017-10-17 00:59:59.999,0.7310585786300049,0.7310585786300049
2017-10-17 01:59:59.999,0.7310585786300049,0.7310585786300049
2017-10-17 02:59:59.999,0.7310585786300049,0.7310585786300049
2017-10-17 03:59:59.999,0.7310585786300049,0.7310585786300049
2017-10-17 04:59:59.999,0.7310585786300049,0.7310585786300049
2017-10-17 05:59:59.999,0.7310585786300049,0.7310585786300049
2017-10-17 06:59:59.999,0.7310585786300049,0.7310585786300049
2017-10-17 07:59:59.999,0.7310585786300049,0.7310585786300049
2017-10-17 08:59:59.999,0.7310585786300049,0.7310585786300049
2017-10-17 09:59:59.999,0.7310585786300049,0.7310585786300049
2017-10-17 10:59:59.999,0.7310585786300049,0.7310585786300049
2017-10-17 11:59:59.999,0.7310585786300049,0.7310585786300049
2017-10-17 12:59:59.999,0.7310585786300049,0.7310585786300049
2017-10-17 13:59:59.999,0.7310585786300049,0.7310585786300049
2017-10-17 14:59:59.999,0.7310585786300049,0.7310585786300049
2017-10-17 15:59:59.999,0.7310585786300049,0.7310585786300049
2017-10-17 16:59:59.999,0.7310585786300049,0.7310585786300049
2017-10-17 17:59:59.999,0.7310585786300049,0.7310585786300049
2017-10-17 18:59:59.999,0.7310585786300049,0.7310585786300049
2017-10-17 19:59:59.999,0.7310585786300049,0.7310585786300049
2017-10-17 20:59:59.999,0.7310585786300049,0.7310585786300049
2017-10-17 21:59:59.999,0.7310585786300049,0.7310585786300049
2017-10-17 22:59:59.999,0.7310585786300049,0.7310585786300049
2017-10-17 23:59:59.999,0.7310585786300049,0.7310585786300049
2017-10-18 00:59:59.999,0.7310585786300049,0.7310585786300049
2017-10-18 01:59:59.999,0.7310585786300049,0.7310585786300049
2017-10-18 02:59:59.999,0.7310585786300049,0.7310585786300049
2017-10-18 03:59:59.999,0.7310585786300049,0.7310585786300049
2017-10-18 04:59:59.999,0.7310585786300049,0.7310585786300049
2017-10-18 05:59:59.999,0.7310585786300049,0.7310585786300049
2017-10-18 06:59:59.999,0.7310585786300049,0.7310585786300049
2017-10-18 07:59:59.999,0.7310585786300049,0.7310585786300049
2017-10-18 08:59:59.999,0.7310585786300049,0.7310585786300049
2017-10-18 09:59:59.999,0.7310585786300049,0.7310585786300049
2017-10-18 10:59:59.999,0.7310585786300049,0.7310585786300049
2017-10-18 11:59:59.999,0.7310585786300049,0.7310585786300049
2017-10-18 12:59:59.999,0.7310585786300049,0.7310585786300049
2017-10-18 13:59:59.999,0.7310585786300049,0.7310585786300049
2017-10-18 14:59:59.999,0.7310585786300049,0.7310585786300049
2017-10-18 15:59:59.999,0.7310585786300049,0.7310585786300049
2017-10-18 16:59:59.999,0.7310585786300049,0.7310585786300049
2017-10-18 17:59:59.999,0.7310585786300049,0.7310585786300049
2017-10-18 18:59:59.999,0.7310585786300049,0.7310585786300049
2017-10-18 19:59:59.999,0.7310585786300049,0.7310585786300049
2017-10-18 20:59:59.999,0.7310585786300049,0.7310585786300049
2017-10-18 21:59:59.999,0.7310585786300049,0.7310585786300049
2017-10-18 22:59:59.999,0.7310585786300049,0.7310585786300049
2017-10-18 23:59:59.999,0.7310585786300049,0.7310585786300049
2017-10-19 00:59:59.999,0.7310585786300049,0.7310585786300049
2017-10-19 01:59:59.999,0.7310585786300049,0.7310585786300049
2017-10-19 02:59:59.999,0.7310585786300049,0.7310585786300049
2017-10-19 03:59:59.999,0.7310585786300049,0.7310585786300049
2017-10-19 04:59:59.999,0.7310585786300049,0.7310585786300049
2017-10-19 05:59:59.999,0.7310585786300049,0.7310585786300049
2017-10-19 06:59:59.999,0.7310585786300049,0.7310585786300049
2017-10-19 07:59:59.999,0.7310585786300049,0.7310585786300049
2017-10-19 08:59:59.999,0.7310585786300049,0.7310585786300049
2017-10-19 09:59:59.999,0.7310585786300049,0.7310585786300049
2017-10-19 10:59:59.999,0.7310585786300049,0.7310585786300049
2017-10-19 11:59:59.999,0.7310585786300049,0.7310585786300049
2017-10-19 12:59:59.999,0.7310585786300049,0.7310585786300049
2017-10-19 13:59:59.999,0.7310585786300049,0.7310585786300049
2017-10-19 14:59:59.999,0.7310585786300049,0.7310585786300049
2017-10-19 15:59:59.999,0.7310585786300049,0.7310585786300049
2017-10-19 16:59:59.999,0.7310585786300049,0.7310585786300049
2017-10-19 17:59:59.999,0.7310585786300049,0.7310585786300049
2017-10-19 18:59:59.999,0.7310585786300049,0.7310585786300049
2017-10-19 19:59:59.999,0.7310585786300049,0.7310585786300049
2017-10-19 20:59:59.999,0.7310585786300049,0.7310585786300049
2017-10-19 21:59:59.999,0.7310585786300049,0.7310585786300049
2017-10-19 22:59:59.999,0.7310585786300049,0.7310585786300049
2017-10-19 23:59:59.999,0.7310585786300049,0.7310585786300049
2017-10-20 00:59:59.999,0.7310585786300049,0.7310585786300049
2017-10-20 01:59:59.999,0.7310585786300049,0.7310585786300049
2017-10-20 02:59:59.999,0.7310585786300049,0.7310585786300049
2017-10-20 03:59:59.999,0.7310585786300049,0.7310585786300049
2017-10-20 04:59:59.999,0.7310585786300049,0.7310585786300049
2017-10-20 05:59:59.999,0.7310585786300049,0.7310585786300049
2017-10-20 06:59:59.999,0.7310585786300049,0.7310585786300049
2017-10-20 07:59:59.999,0.7310585786300049,0.7310585786300049
2017-10-20 08:59:59.999,0.7310585786300049,0.7310585786300049
2017-10-20 09:59:59.999,0.7310585786300049,0.7310585786300049
2017-10-20 10:59:59.999,0.7310585786300049,0.7310585786300049
2017-10-20 11:59:59.999,0.7310585786300049,0.7310585786300049
2017-10-20 12:59:59.999,0.7310585786300049,0.7310585786300049
2017-10-20 13:59:59.999,0.7310585786300049,0.7310585786300049
2017-10-20 14:59:59.999,0.7310585786300049,0.7310585786300049
2017-10-20 15:59:59.999,0.7310585786300049,0.7310585786300049
2017-10-20 16:59:59.999,0.7310585786300049,0.7310585786300049
2017-10-20 17:59:59.999,0.7310585786300049,0.7310585786300049
2017-10-20 18:59:59.999,0.7310585786300049,0.7310585786300049
2017-10-20 19:59:59.999,0.7310585786300049,0.7310585786300049
2017-10-20 20:59:59.999,0.7310585786300049,0.7310585786300049
2017-10-20 21:59:59.999,0.7310585786300049,0.7310585786300049
2017-10-20 22:59:59.999,0.7310585786300049,0.7310585786300049
2017-10-20 23:59:59.999,0.7310585786300049,0.7310585786300049
2017-10-21 00:59:59.999,0.7310585786300049,0.7310585786300049
2017-10-21 01:59:59.999,0.7310585786300049,0.7310585786300049
2017-10-21 02:59:59.999,0.7310585786300049,0.7310585786300049
2017-10-21 03:59:59.999,0.7310585786300049,0.7310585786300049
2017-10-21 04:59:59.999,0.7310585786300049,0.7310585786300049
2017-10-21 05:59:59.999,0.7310585786300049,0.7310585786300049
2017-10-21 06:59:59.999,0.7310585786300049,0.7310585786300049
2017-10-21 07:59:59.999,0.7310585786300049,0.7310585786300049
2017-10-21 08:59:59.999,0.7310585786300049,0.7310585786300049
2017-10-21 09:59:59.999,0.7310585786300049,0.7310585786300049
2017-10-21 10:59:59.999,0.7310585786300049,0.7310585786300049
2017-10-21 11:59:59.999,0.7310585786300049,0.7310585786300049
2017-10-21 12:59:59.999,0.7310585786300049,0.7310585786300049
2017-10-21 13:59:59.999,0.7310585786300049,0.7310585786300049
2017-10-21 14:59:59.999,0.7310585786300049,0.7310585786300049
2017-10-21 15:59:59.999,0.7310585786300049,0.7310585786300049
2017-10-21 16:59:59.999,0.7310585786300049,0.7310585786300049
2017-10-21 17:59:59.999,0.7310585786300049,0.7310585786300049
2017-10-21 18:59:59.999,0.7310585786300049,0.7310585786300049
2017-10-21 19:59:59.999,0.7310585786300049,0.7310585786300049
2017-10-21 20:59:59.999,0.7310585786300049,0.7310585786300049
2017-10-21 21:59:59.999,0.7310585786300049,0.7310585786300049
2017-10-21 22:59:59.999,0.7310585786300049,0.7310585786300049
2017-10-21 23:59:59.999,0.7310585786300049,0.7310585786300049
2017-10-22 00:59:59.999,0.7310585786300049,0.7310585786300049
2017-10-22 01:59:59.999,0.7310585786300049,0.7310585786300049
2017-10-22 02:59:59.999,0.7310585786300049,0.7310585786300049
2017-10-22 03:59:59.999,0.7310585786300049,0.7310585786300049
2017-10-22 04:59:59.999,0.7310585786300049,0.7310585786300049
2017-10-22 05:59:59.999,0.7310585786300049,0.7310585786300049
2017-10-22 06:59:59.999,0.7310585786300049,0.7310585786300049
2017-10-22 07:59:59.999,0.7310585786300049,0.7310585786300049
2017-10-22 08:59:59.999,0.7310585786300049,0.7310585786300049
2017-10-22 09:59:59.999,0.7310585786300049,0.7310585786300049
2017-10-22 10:59:59.999,0.7310585786300049,0.7310585786300049
2017-10-22 11:59:59.999,0.7310585786300049,0.7310585786300049
2017-10-22 12:59:59.999,0.7310585786300049,0.7310585786300049
2017-10-22 13:59:59.999,0.7310585786300049,0.7310585786300049
2017-10-22 14:59:59.999,0.7310585786300049,0.7310585786300049
2017-10-22 15:59:59.999,0.7310585786300049,0.7310585786300049
2017-10-22 16:59:59.999,0.7310585786300049,0.7310585786300049
2017-10-22 17:59:59.999,0.7310585786300049,0.7310585786300049
2017-10-22 18:59:59.999,0.7310585786300049,0.7310585786300049
2017-10-22 19:59:59.999,0.7310585786300049,0.7310585786300049
2017-10-22 20:59:59.999,0.7310585786300049,0.7310585786300049
2017-10-22 21:59:59.999,0.7310585786300049,0.7310585786300049
2017-10-22 22:59:59.999,0.7310585786300049,0.7310585786300049
2017-10-22 23:59:59.999,0.7310585786300049,0.7310585786300049
2017-10-23 00:59:59.999,0.7310585786300049,0.7310585786300049
2017-10-23 01:59:59.999,0.7310585786300049,0.7310585786300049
2017-10-23 02:59:59.999,0.7310585786300049,0.7310585786300049
2017-10-23 03:59:59.999,0.7310585786300049,0.7310585786300049
2017-10-23 04:59:59.999,0.7310585786300049,0.7310585786300049
2017-10-23 05:59:59.999,0.7310585786300049,0.7310585786300049
2017-10-23 06:59:59.999,0.7310585786300049,0.7310585786300049
2017-10-23 07:59:59.999,0.7310585786300049,0.7310585786300049
2017-10-23 08:59:59.999,0.7310585786300049,0.7310585786300049
2017-10-23 09:59:59.999,0.7310585786300049,0.7310585786300049
2017-10-23 10:59:59.999,0.7310585786300049,0.7310585786300049
2017-10-23 11:59:59.999,0.7310585786300049,0.7310585786300049
2017-10-23 12:59:59.999,0.7310585786300049,0.7310585786300049
2017-10-23 13:59:59.999,0.7310585786300049,0.7310585786300049
2017-10-23 14:59:59.999,0.7310585786300049,0.7310585786300049
2017-10-23 15:59:59.999,0.7310585786300049,0.7310585786300049
2017-10-23 16:59:59.999,0.7310585786300049,0.7310585786300049
2017-10-23 17:59:59.999,0.7310585786300049,0.7310585786300049
2017-10-23 18:59:59.999,0.7310585786300049,0.7310585786300049
2017-10-23 19:59:59.999,0.7310585786300049,0.7310585786300049
2017-10-23 20:59:59.999,0.7310585786300049,0.7310585786300049
2017-10-23 21:59:59.999,0.7310585786300049,0.7310585786300049
2017-10-23 22:59:59.999,0.7310585786300049,0.7310585786300049
2017-10-23 23:59:59.999,0.7310585786300049,0.7310585786300049
2017-10-24 00:59:59.999,0.7310585786300049,0.7310585786300049
2017-10-24 01:59:59.999,0.7310585786300049,0.7310585786300049
2017-10-24 02:59:59.999,0.7310585786300049,0.7310585786300049
2017-10-24 03:59:59.999,0.7310585786300049,0.7310585786300049
2017-10-24 04:59:59.999,0.7310585786300049,0.7310585786300049
2017-10-24 05:59:59.999,0.7310585786300049,0.7310585786300049
2017-10-24 06:59:59.999,0.7310585786300049,0.7310585786300049
2017-10-24 07:59:59.999,0.7310585786300049,0.7310585786300049
2017-10-24 08:59:59.999,0.7310585786300049,0.7310585786300049
2017-10-24 09:59:59.999,0.7310585786300049,0.7310585786300049
2017-10-24 10:59:59.999,0.7310585786300049,0.7310585786300049
2017-10-24 11:59:59.999,0.7310585786300049,0.7310585786300049
2017-10-24 12:59:59.999,0.7310585786300049,0.7310585786300049
2017-10-24 13:59:59.999,0.7310585786300049,0.7310585786300049
2017-10-24 14:59:59.999,0.7310585786300049,0.7310585786300049
2017-10-24 15:59:59.999,0.7310585786300049,0.7310585786300049
2017-10-24 16:59:59.999,0.7310585786300049,0.7310585786300049
2017-10-24 17:59:59.999,0.7310585786300049,0.7310585786300049
2017-10-24 18:59:59.999,0.7310585786300049,0.7310585786300049
2017-10-24 19:59:59.999,0.7310585786300049,0.7310585786300049
2017-10-24 20:59:59.999,0.7310585786300049,0.7310585786300049
2017-10-24 21:59:59.999,0.7310585786300049,0.7310585786300049
2017-10-24 22:59:59.999,0.7310585786300049,0.7310585786300049
2017-10-24 23:59:59.999,0.7310585786300049,0.7310585786300049
2017-10-25 00:59:59.999,0.7310585786300049,0.7310585786300049
2017-10-25 01:59:59.999,0.7310585786300049,0.7310585786300049
2017-10-25 02:59:59.999,0.7310585786300049,0.7310585786300049
2017-10-25 03:59:59.999,0.7310585786300049,0.7310585786300049
2017-10-25 04:59:59.999,0.7310585786300049,0.7310585786300049
2017-10-25 05:59:59.999,0.7310585786300049,0.7310585786300049
2017-10-25 06:59:59.999,0.7310585786300049,0.7310585786300049
2017-10-25 07:59:59.999,0.7310585786300049,0.7310585786300049
2017-10-25 08:59:59.999,0.7310585786300049,0.7310585786300049
2017-10-25 09:59:59.999,0.7310585786300049,0.7310585786300049
2017-10-25 10:59:59.999,0.7310585786300049,0.7310585786300049
2017-10-25 11:59:59.999,0.7310585786300049,0.7310585786300049
2017-10-25 12:59:59.999,0.7310585786300049,0.7310585786300049
2017-10-25 13:59:59.999,0.7310585786300049,0.7310585786300049
2017-10-25 14:59:59.999,0.7310585786300049,0.7310585786300049
2017-10-25 15:59:59.999,0.7310585786300049,0.7310585786300049
2017-10-25 16:59:59.999,0.7310585786300049,0.7310585786300049
2017-10-25 17:59:59.999,0.7310585786300049,0.7310585786300049
2017-10-25 18:59:59.999,0.7310585786300049,0.7310585786300049
2017-10-25 19:59:59.999,0.7310585786300049,0.7310585786300049
2017-10-25 20:59:59.999,0.7310585786300049,0.7310585786300049
2017-10-25 21:59:59.999,0.7310585786300049,0.7310585786300049
2017-10-25 22:59:59.999,0.7310585786300049,0.7310585786300049
2017-10-25 23:59:59.999,0.7310585786300049,0.7310585786300049
2017-10-26 00:59:59.999,0.7310585786300049,0.7310585786300049
2017-10-26 01:59:59.999,0.7310585786300049,0.7310585786300049
2017-10-26 02:59:59.999,0.7310585786300049,0.7310585786300049
2017-10-26 03:59:59.999,0.7310585786300049,0.7310585786300049
2017-10-26 04:59:59.999,0.7310585786300049,0.7310585786300049
2017-10-26 05:59:59.999,0.7310585786300049,0.7310585786300049
2017-10-26 06:59:59.999,0.7310585786300049,0.7310585786300049
2017-10-26 07:59:59.999,0.7310585786300049,0.7310585786300049
2017-10-26 08:59:59.999,0.7310585786300049,0.7310585786300049
2017-10-26 09:59:59.999,0.7310585786300049,0.7310585786300049
2017-10-26 10:59:59.999,0.7310585786300049,0.7310585786300049
2017-10-26 11:59:59.999,0.7310585786300049,0.7310585786300049
2017-10-26 12:59:59.999,0.7310585786300049,0.7310585786300049
2017-10-26 13:59:59.999,0.7310585786300049,0.7310585786300049
2017-10-26 14:59:59.999,0.7310585786300049,0.7310585786300049
2017-10-26 15:59:59.999,0.7310585786300049,0.7310585786300049
2017-10-26 16:59:59.999,0.7310585786300049,0.7310585786300049
2017-10-26 17:59:59.999,0.7310585786300049,0.7310585786300049
2017-10-26 18:59:59.999,0.7310585786300049,0.7310585786300049
2017-10-26 19:59:59.999,0.7310585786300049,0.7310585786300049
2017-10-26 20:59:59.999,0.7310585786300049,0.7310585786300049
2017-10-26 21:59:59.999,0.7310585786300049,0.7310585786300049
2017-10-26 22:59:59.999,0.7310585786300049,0.7310585786300049
2017-10-26 23:59:59.999,0.7310585786300049,0.7310585786300049
2017-10-27 00:59:59.999,0.7310585786300049,0.7310585786300049
2017-10-27 01:59:59.999,0.7310585786300049,0.7310585786300049
2017-10-27 02:59:59.999,0.7310585786300049,0.7310585786300049
2017-10-27 03:59:59.999,0.7310585786300049,0.7310585786300049
2017-10-27 04:59:59.999,0.7310585786300049,0.7310585786300049
2017-10-27 05:59:59.999,0.7310585786300049,0.7310585786300049
2017-10-27 06:59:59.999,0.7310585786300049,0.7310585786300049
2017-10-27 07:59:59.999,0.7310585786300049,0.7310585786300049
2017-10-27 08:59:59.999,0.7310585786300049,0.7310585786300049
2017-10-27 09:59:59.999,0.7310585786300049,0.7310585786300049
2017-10-27 10:59:59.999,0.7310585786300049,0.7310585786300049
2017-10-27 11:59:59.999,0.7310585786300049,0.7310585786300049
2017-10-27 12:59:59.999,0.7310585786300049,0.7310585786300049
2017-10-27 13:59:59.999,0.7310585786300049,0.7310585786300049
2017-10-27 14:59:59.999,0.7310585786300049,0.7310585786300049
2017-10-27 15:59:59.999,0.7310585786300049,0.7310585786300049
2017-10-27 16:59:59.999,0.7310585786300049,0.7310585786300049
2017-10-27 17:59:59.999,0.7310585786300049,0.7310585786300049
2017-10-27 18:59:59.999,0.7310585786300049,0.7310585786300049
2017-10-27 19:59:59.999,0.7310585786300049,0.7310585786300049
2017-10-27 20:59:59.999,0.7310585786300049,0.7310585786300049
2017-10-27 21:59:59.999,0.7310585786300049,0.7310585786300049
2017-10-27 22:59:59.999,0.7310585786300049,0.7310585786300049
2017-10-27 23:59:59.999,0.7310585786300049,0.7310585786300049
2017-10-28 00:59:59.999,0.7310585786300049,0.7310585786300049
2017-10-28 01:59:59.999,0.7310585786300049,0.7310585786300049
2017-10-28 02:59:59.999,0.7310585786300049,0.7310585786300049
2017-10-28 03:59:59.999,0.7310585786300049,0.7310585786300049
2017-10-28 04:59:59.999,0.7310585786300049,0.7310585786300049
2017-10-28 05:59:59.999,0.7310585786300049,0.7310585786300049
2017-10-28 06:59:59.999,0.7310585786300049,0.7310585786300049
2017-10-28 07:59:59.999,0.7310585786300049,0.7310585786300049
2017-10-28 08:59:59.999,0.7310585786300049,0.7310585786300049
2017-10-28 09:59:59.999,0.7310585786300049,0.7310585786300049
2017-10-28 10:59:59.999,0.7310585786300049,0.7310585786300049
2017-10-28 11:59:59.999,0.7310585786300049,0.7310585786300049
2017-10-28 12:59:59.999,0.7310585786300049,0.7310585786300049
2017-10-28 13:59:59.999,0.7310585786300049,0.7310585786300049
2017-10-28 14:59:59.999,0.7310585786300049,0.7310585786300049
2017-10-28 15:59:59.999,0.7310585786300049,0.7310585786300049
2017-10-28 16:59:59.999,0.7310585786300049,0.7310585786300049
2017-10-28 17:59:59.999,0.7310585786300049,0.7310585786300049
2017-10-28 18:59:59.999,0.7310585786300049,0.7310585786300049
2017-10-28 19:59:59.999,0.7310585786300049,0.7310585786300049
2017-10-28 20:59:59.999,0.7310585786300049,0.7310585786300049
2017-10-28 21:59:59.999,0.7310585786300049,0.7310585786300049
2017-10-28 22:59:59.999,0.7310585786300049,0.7310585786300049
2017-10-28 23:59:59.999,0.7310585786300049,0.7310585786300049
2017-10-29 00:59:59.999,0.7310585786300049,0.7310585786300049
2017-10-29 01:59:59.999,0.7310585786300049,0.7310585786300049
2017-10-29 02:59:59.999,0.7310585786300049,0.7310585786300049
2017-10-29 03:59:59.999,0.7310585786300049,0.7310585786300049
2017-10-29 04:59:59.999,0.7310585786300049,0.7310585786300049
2017-10-29 05:59:59.999,0.7310585786300049,0.7310585786300049
2017-10-29 06:59:59.999,0.7310585786300049,0.7310585786300049
2017-10-29 07:59:59.999,0.7310585786300049,0.7310585786300049
2017-10-29 08:59:59.999,0.7310585786300049,0.7310585786300049
2017-10-29 09:59:59.999,0.7310585786300049,0.7310585786300049
2017-10-29 10:59:59.999,0.7310585786300049,0.7310585786300049
2017-10-29 11:59:59.999,0.7310585786300049,0.7310585786300049
2017-10-29 12:59:59.999,0.7310585786300049,0.7310585786300049
2017-10-29 13:59:59.999,0.7310585786300049,0.7310585786300049
2017-10-29 14:59:59.999,0.7310585786300049,0.7310585786300049
2017-10-29 15:59:59.999,0.7310585786300049,0.7310585786300049
2017-10-29 16:59:59.999,0.7310585786300049,0.7310585786300049
2017-10-29 17:59:59.999,0.7310585786300049,0.7310585786300049
2017-10-29 18:59:59.999,0.7310585786300049,0.7310585786300049
2017-10-29 19:59:59.999,0.7310585786300049,0.7310585786300049
2017-10-29 20:59:59.999,0.7310585786300049,0.7310585786300049
2017-10-29 21:59:59.999,0.7310585786300049,0.7310585786300049
2017-10-29 22:59:59.999,0.7310585786300049,0.7310585786300049
2017-10-29 23:59:59.999,0.7310585786300049,0.7310585786300049
2017-10-30 00:59:59.999,0.7310585786300049,0.7310585786300049
2017-10-30 01:59:59.999,0.7310585786300049,0.7310585786300049
2017-10-30 02:59:59.999,0.7310585786300049,0.7310585786300049
2017-10-30 03:59:59.999,0.7310585786300049,0.7310585786300049
2017-10-30 04:59:59.999,0.7310585786300049,0.7310585786300049
2017-10-30 05:59:59.999,0.7310585786300049,0.7310585786300049
2017-10-30 06:59:59.999,0.7310585786300049,0.7310585786300049
2017-10-30 07:59:59.999,0.7310585786300049,0.7310585786300049
2017-10-30 08:59:59.999,0.7310585786300049,0.7310585786300049
2017-10-30 09:59:59.999,0.7310585786300049,0.7310585786300049
2017-10-30 10:59:59.999,0.7310585786300049,0.7310585786300049
2017-10-30 11:59:59.999,0.7310585786300049,0.7310585786300049
2017-10-30 12:59:59.999,0.7310585786300049,0.7310585786300049
2017-10-30 13:59:59.999,0.7310585786300049,0.7310585786300049
2017-10-30 14:59:59.999,0.7310585786300049,0.7310585786300049
2017-10-30 15:59:59.999,0.7310585786300049,0.7310585786300049
2017-10-30 16:59:59.999,0.7310585786300049,0.7310585786300049
2017-10-30 17:59:59.999,0.7310585786300049,0.7310585786300049
2017-10-30 18:59:59.999,0.7310585786300049,0.7310585786300049
2017-10-30 19:59:59.999,0.7310585786300049,0.7310585786300049
2017-10-30 20:59:59.999,0.7310585786300049,0.7310585786300049
2017-10-30 21:59:59.999,0.7310585786300049,0.7310585786300049
2017-10-30 22:59:59.999,0.7310585786300049,0.7310585786300049
2017-10-30 23:59:59.999,0.7310585786300049,0.7310585786300049
2017-10-31 00:59:59.999,0.7310585786300049,0.7310585786300049
2017-10-31 01:59:59.999,0.7310585786300049,0.7310585786300049
2017-10-31 02:59:59.999,0.7310585786300049,0.7310585786300049
2017-10-31 03:59:59.999,0.7310585786300049,0.7310585786300049
2017-10-31 04:59:59.999,0.7310585786300049,0.7310585786300049
2017-10-31 05:59:59.999,0.7310585786300049,0.7310585786300049
2017-10-31 06:59:59.999,0.7310585786300049,0.7310585786300049
2017-10-31 07:59:59.999,0.7310585786300049,0.7310585786300049
2017-10-31 08:59:59.999,0.7310585786300049,0.7310585786300049
2017-10-31 09:59:59.999,0.7310585786300049,0.7310585786300049
2017-10-31 10:59:59.999,0.7310585786300049,0.7310585786300049
2017-10-31 11:59:59.999,0.7310585786300049,0.7310585786300049
2017-10-31 12:59:59.999,0.7310585786300049,0.7310585786300049
2017-10-31 13:59:59.999,0.7310585786300049,0.7310585786300049
2017-10-31 14:59:59.999,0.7310585786300049,0.7310585786300049
2017-10-31 15:59:59.999,0.7310585786300049,0.7310585786300049
2017-10-31 16:59:59.999,0.7310585786300049,0.7310585786300049
2017-10-31 17:59:59.999,0.7310585786300049,0.7310585786300049
2017-10-31 18:59:59.999,0.7310585786300049,0.7310585786300049
2017-10-31 19:59:59.999,0.7310585786300049,0.7310585786300049
2017-10-31 20:59:59.999,0.7310585786300049,0.7310585786300049
2017-10-31 21:59:59.999,0.7310585786300049,0.7310585786300049
2017-10-31 22:59:59.999,0.7310585786300049,0.7310585786300049
2017-10-31 23:59:59.999,0.7310585786300049,0.7310585786300049
2017-11-01 00:59:59.999,0.7310585786300049,0.7310585786300049
2017-11-01 01:59:59.999,0.7310585786300049,0.7310585786300049
2017-11-01 02:59:59.999,0.7310585786300049,0.7310585786300049
2017-11-01 03:59:59.999,0.7310585786300049,0.7310585786300049
2017-11-01 04:59:59.999,0.7310585786300049,0.7310585786300049
2017-11-01 05:59:59.999,0.7310585786300049,0.7310585786300049
2017-11-01 06:59:59.999,0.7310585786300049,0.7310585786300049
2017-11-01 07:59:59.999,0.7310585786300049,0.7310585786300049
2017-11-01 08:59:59.999,0.7310585786300049,0.7310585786300049
2017-11-01 09:59:59.999,0.7310585786300049,0.7310585786300049
2017-11-01 10:59:59.999,0.7310585786300049,0.7310585786300049
2017-11-01 11:59:59.999,0.7310585786300049,0.7310585786300049
2017-11-01 12:59:59.999,0.7310585786300049,0.7310585786300049
2017-11-01 13:59:59.999,0.7310585786300049,0.7310585786300049
2017-11-01 14:59:59.999,0.7310585786300049,0.7310585786300049
2017-11-01 15:59:59.999,0.7310585786300049,0.7310585786300049
2017-11-01 16:59:59.999,0.7310585786300049,0.7310585786300049
2017-11-01 17:59:59.999,0.7310585786300049,0.7310585786300049
2017-11-01 18:59:59.999,0.7310585786300049,0.7310585786300049
2017-11-01 19:59:59.999,0.7310585786300049,0.7310585786300049
2017-11-01 20:59:59.999,0.7310585786300049,0.7310585786300049
2017-11-01 21:59:59.999,0.7310585786300049,0.7310585786300049
2017-11-01 22:59:59.999,0.7310585786300049,0.7310585786300049
2017-11-01 23:59:59.999,0.7310585786300049,0.7310585786300049
2017-11-02 00:59:59.999,0.7310585786300049,0.7310585786300049
2017-11-02 01:59:59.999,0.7310585786300049,0.7310585786300049
2017-11-02 02:59:59.999,0.7310585786300049,0.7310585786300049
2017-11-02 03:59:59.999,0.7310585786300049,0.7310585786300049
2017-11-02 04:59:59.999,0.7310585786300049,0.7310585786300049
2017-11-02 05:59:59.999,0.7310585786300049,0.7310585786300049
2017-11-02 06:59:59.999,0.7310585786300049,0.7310585786300049
2017-11-02 07:59:59.999,0.7310585786300049,0.7310585786300049
2017-11-02 08:59:59.999,0.7310585786300049,0.7310585786300049
2017-11-02 09:59:59.999,0.7310585786300049,0.7310585786300049
2017-11-02 10:59:59.999,0.7310585786300049,0.7310585786300049
2017-11-02 11:59:59.999,0.7310585786300049,0.7310585786300049
2017-11-02 12:59:59.999,0.7310585786300049,0.7310585786300049
2017-11-02 13:59:59.999,0.7310585786300049,0.7310585786300049
2017-11-02 14:59:59.999,0.7310585786300049,0.7310585786300049
2017-11-02 15:59:59.999,0.7310585786300049,0.7310585786300049
2017-11-02 16:59:59.999,0.7310585786300049,0.7310585786300049
2017-11-02 17:59:59.999,0.7310585786300049,0.7310585786300049
2017-11-02 18:59:59.999,0.7310585786300049,0.7310585786300049
2017-11-02 19:59:59.999,0.7310585786300049,0.7310585786300049
2017-11-02 20:59:59.999,0.7310585786300049,0.7310585786300049
2017-11-02 21:59:59.999,0.7310585786300049,0.7310585786300049
2017-11-02 22:59:59.999,0.7310585786300049,0.7310585786300049
2017-11-02 23:59:59.999,0.7310585786300049,0.7310585786300049
2017-11-03 00:59:59.999,0.7310585786300049,0.7310585786300049
2017-11-03 01:59:59.999,0.7310585786300049,0.7310585786300049
2017-11-03 02:59:59.999,0.7310585786300049,0.7310585786300049
2017-11-03 03:59:59.999,0.7310585786300049,0.7310585786300049
2017-11-03 04:59:59.999,0.7310585786300049,0.7310585786300049
2017-11-03 05:59:59.999,0.7310585786300049,0.7310585786300049
2017-11-03 06:59:59.999,0.7310585786300049,0.7310585786300049
2017-11-03 07:59:59.999,0.7310585786300049,0.7310585786300049
2017-11-03 08:59:59.999,0.7310585786300049,0.7310585786300049
2017-11-03 09:59:59.999,0.7310585786300049,0.7310585786300049
2017-11-03 10:59:59.999,0.7310585786300049,0.7310585786300049
2017-11-03 11:59:59.999,0.7310585786300049,0.7310585786300049
2017-11-03 12:59:59.999,0.7310585786300049,0.7310585786300049
2017-11-03 13:59:59.999,0.7310585786300049,0.7310585786300049
2017-11-03 14:59:59.999,0.7310585786300049,0.7310585786300049
2017-11-03 15:59:59.999,0.7310585786300049,0.7310585786300049
2017-11-03 16:59:59.999,0.7310585786300049,0.7310585786300049
2017-11-03 17:59:59.999,0.7310585786300049,0.7310585786300049
2017-11-03 18:59:59.999,0.7310585786300049,0.7310585786300049
2017-11-03 19:59:59.999,0.7310585786300049,0.7310585786300049
2017-11-03 20:59:59.999,0.7310585786300049,0.7310585786300049
2017-11-03 21:59:59.999,0.7310585786300049,0.7310585786300049
2017-11-03 22:59:59.999,0.7310585786300049,0.7310585786300049
2017-11-03 23:59:59.999,0.7310585786300049,0.7310585786300049
2017-11-04 00:59:59.999,0.7310585786300049,0.7310585786300049
2017-11-04 01:59:59.999,0.7310585786300049,0.7310585786300049
2017-11-04 02:59:59.999,0.7310585786300049,0.7310585786300049
2017-11-04 03:59:59.999,0.7310585786300049,0.7310585786300049
2017-11-04 04:59:59.999,0.7310585786300049,0.7310585786300049
2017-11-04 05:59:59.999,0.7310585786300049,0.7310585786300049
2017-11-04 06:59:59.999,0.7310585786300049,0.7310585786300049
2017-11-04 07:59:59.999,0.7310585786300049,0.7310585786300049
2017-11-04 08:59:59.999,0.7310585786300049,0.7310585786300049
2017-11-04 09:59:59.999,0.7310585786300049,0.7310585786300049
2017-11-04 10:59:59.999,0.7310585786300049,0.7310585786300049
2017-11-04 11:59:59.999,0.7310585786300049,0.7310585786300049
2017-11-04 12:59:59.999,0.7310585786300049,0.7310585786300049
2017-11-04 13:59:59.999,0.7310585786300049,0.7310585786300049
2017-11-04 14:59:59.999,0.7310585786300049,0.7310585786300049
2017-11-04 15:59:59.999,0.7310585786300049,0.7310585786300049
2017-11-04 16:59:59.999,0.7310585786300049,0.7310585786300049
2017-11-04 17:59:59.999,0.7310585786300049,0.7310585786300049
2017-11-04 18:59:59.999,0.7310585786300049,0.7310585786300049
2017-11-04 19:59:59.999,0.7310585786300049,0.7310585786300049
2017-11-04 20:59:59.999,0.7310585786300049,0.7310585786300049
2017-11-04 21:59:59.999,0.7310585786300049,0.7310585786300049
2017-11-04 22:59:59.999,0.7310585786300049,0.7310585786300049
2017-11-04 23:59:59.999,0.7310585786300049,0.7310585786300049
2017-11-05 00:59:59.999,0.7310585786300049,0.7310585786300049
2017-11-05 01:59:59.999,0.7310585786300049,0.7310585786300049
2017-11-05 02:59:59.999,0.7310585786300049,0.7310585786300049
2017-11-05 03:59:59.999,0.7310585786300049,0.7310585786300049
2017-11-05 04:59:59.999,0.7310585786300049,0.7310585786300049
2017-11-05 05:59:59.999,0.7310585786300049,0.7310585786300049
2017-11-05 06:59:59.999,0.7310585786300049,0.7310585786300049
2017-11-05 07:59:59.999,0.7310585786300049,0.7310585786300049
2017-11-05 08:59:59.999,0.7310585786300049,0.7310585786300049
2017-11-05 09:59:59.999,0.7310585786300049,0.7310585786300049
2017-11-05 10:59:59.999,0.7310585786300049,0.7310585786300049
2017-11-05 11:59:59.999,0.7310585786300049,0.7310585786300049
2017-11-05 12:59:59.999,0.7310585786300049,0.7310585786300049
2017-11-05 13:59:59.999,0.7310585786300049,0.7310585786300049
2017-11-05 14:59:59.999,0.7310585786300049,0.7310585786300049
2017-11-05 15:59:59.999,0.7310585786300049,0.7310585786300049
2017-11-05 16:59:59.999,0.7310585786300049,0.7310585786300049
2017-11-05 17:59:59.999,0.7310585786300049,0.7310585786300049
2017-11-05 18:59:59.999,0.7310585786300049,0.7310585786300049
2017-11-05 19:59:59.999,0.7310585786300049,0.7310585786300049
2017-11-05 20:59:59.999,0.7310585786300049,0.7310585786300049
2017-11-05 21:59:59.999,0.7310585786300049,0.7310585786300049
2017-11-05 22:59:59.999,0.7310585786300049,0.7310585786300049
2017-11-05 23:59:59.999,0.7310585786300049,0.7310585786300049
2017-11-06 00:59:59.999,0.7310585786300049,0.7310585786300049
2017-11-06 01:59:59.999,0.7310585786300049,0.7310585786300049
2017-11-06 02:59:59.999,0.7310585786300049,0.7310585786300049
2017-11-06 03:59:59.999,0.7310585786300049,0.7310585786300049
2017-11-06 04:59:59.999,0.7310585786300049,0.7310585786300049
2017-11-06 05:59:59.999,0.7310585786300049,0.7310585786300049
2017-11-06 06:59:59.999,0.7310585786300049,0.7310585786300049
2017-11-06 07:59:59.999,0.7310585786300049,0.7310585786300049
2017-11-06 08:59:59.999,0.7310585786300049,0.7310585786300049
2017-11-06 09:59:59.999,0.7310585786300049,0.7310585786300049
2017-11-06 10:59:59.999,0.7310585786300049,0.7310585786300049
2017-11-06 11:59:59.999,0.7310585786300049,0.7310585786300049
2017-11-06 12:59:59.999,0.7310585786300049,0.7310585786300049
2017-11-06 13:59:59.999,0.7310585786300049,0.7310585786300049
2017-11-06 14:59:59.999,0.7310585786300049,0.7310585786300049
2017-11-06 15:59:59.999,0.7310585786300049,0.7310585786300049
2017-11-06 16:59:59.999,0.7310585786300049,0.7310585786300049
2017-11-06 17:59:59.999,0.7310585786300049,0.7310585786300049
2017-11-06 18:59:59.999,0.7310585786300049,0.7310585786300049
2017-11-06 19:59:59.999,0.7310585786300049,0.7310585786300049
2017-11-06 20:59:59.999,0.7310585786300049,0.7310585786300049
2017-11-06 21:59:59.999,0.7310585786300049,0.7310585786300049
2017-11-06 22:59:59.999,0.7310585786300049,0.7310585786300049
2017-11-06 23:59:59.999,0.7310585786300049,0.7310585786300049
2017-11-07 00:59:59.999,0.7310585786300049,0.7310585786300049
2017-11-07 01:59:59.999,0.7310585786300049,0.7310585786300049
2017-11-07 02:59:59.999,0.7310585786300049,0.7310585786300049
2017-11-07 03:59:59.999,0.7310585786300049,0.7310585786300049
2017-11-07 04:59:59.999,0.7310585786300049,0.7310585786300049
2017-11-07 05:59:59.999,0.7310585786300049,0.7310585786300049
2017-11-07 06:59:59.999,0.7310585786300049,0.7310585786300049
2017-11-07 07:59:59.999,0.7310585786300049,0.7310585786300049
2017-11-07 08:59:59.999,0.7310585786300049,0.7310585786300049
2017-11-07 09:59:59.999,0.7310585786300049,0.7310585786300049
2017-11-07 10:59:59.999,0.7310585786300049,0.7310585786300049
2017-11-07 11:59:59.999,0.7310585786300049,0.7310585786300049
2017-11-07 12:59:59.999,0.7310585786300049,0.7310585786300049
2017-11-07 13:59:59.999,0.7310585786300049,0.7310585786300049
2017-11-07 14:59:59.999,0.7310585786300049,0.7310585786300049
2017-11-07 15:59:59.999,0.7310585786300049,0.7310585786300049
2017-11-07 16:59:59.999,0.7310585786300049,0.7310585786300049
2017-11-07 17:59:59.999,0.7310585786300049,0.7310585786300049
2017-11-07 18:59:59.999,0.7310585786300049,0.7310585786300049
2017-11-07 19:59:59.999,0.7310585786300049,0.7310585786300049
2017-11-07 20:59:59.999,0.7310585786300049,0.7310585786300049
2017-11-07 21:59:59.999,0.7310585786300049,0.7310585786300049
2017-11-07 22:59:59.999,0.7310585786300049,0.7310585786300049
2017-11-07 23:59:59.999,0.7310585786300049,0.7310585786300049
2017-11-08 00:59:59.999,0.7310585786300049,0.7310585786300049
2017-11-08 01:59:59.999,0.7310585786300049,0.7310585786300049
2017-11-08 02:59:59.999,0.7310585786300049,0.7310585786300049
2017-11-08 03:59:59.999,0.7310585786300049,0.7310585786300049
2017-11-08 04:59:59.999,0.7310585786300049,0.7310585786300049
2017-11-08 05:59:59.999,0.7310585786300049,0.7310585786300049
2017-11-08 06:59:59.999,0.7310585786300049,0.7310585786300049
2017-11-08 07:59:59.999,0.7310585786300049,0.7310585786300049
2017-11-08 08:59:59.999,0.7310585786300049,0.7310585786300049
2017-11-08 09:59:59.999,0.7310585786300049,0.7310585786300049
2017-11-08 10:59:59.999,0.7310585786300049,0.7310585786300049
2017-11-08 11:59:59.999,0.7310585786300049,0.7310585786300049
2017-11-08 12:59:59.999,0.7310585786300049,0.7310585786300049
2017-11-08 13:59:59.999,0.7310585786300049,0.7310585786300049
2017-11-08 14:59:59.999,0.7310585786300049,0.7310585786300049
2017-11-08 15:59:59.999,0.7310585786300049,0.7310585786300049
2017-11-08 16:59:59.999,0.7310585786300049,0.7310585786300049
2017-11-08 17:59:59.999,0.7310585786300049,0.7310585786300049
2017-11-08 18:59:59.999,0.7310585786300049,0.7310585786300049
2017-11-08 19:59:59.999,0.7310585786300049,0.7310585786300049
2017-11-08 20:59:59.999,0.7310585786300049,0.7310585786300049
2017-11-08 21:59:59.999,0.7310585786300049,0.7310585786300049
2017-11-08 22:59:59.999,0.7310585786300049,0.7310585786300049
2017-11-08 23:59:59.999,0.7310585786300049,0.7310585786300049
2017-11-09 00:59:59.999,0.7310585786300049,0.7310585786300049
2017-11-09 01:59:59.999,0.7310585786300049,0.7310585786300049
2017-11-09 02:59:59.999,0.7310585786300049,0.7310585786300049
2017-11-09 03:59:59.999,0.7310585786300049,0.7310585786300049
2017-11-09 04:59:59.999,0.7310585786300049,0.7310585786300049
2017-11-13 08:59:59.999,0.7310585786300049,0.7310585786300049
2017-11-17 12:59:59.999,0.7310585786300049,0.7310585786300049
2017-11-21 16:59:59.999,0.7310585786300049,0.7310585786300049
2017-11-25 20:59:59.999,0.7310585786300049,0.7310585786300049
2017-11-30 00:59:59.999,0.7310585786300049,0.7310585786300049
2017-12-04 04:59:59.999,0.7310585786300049,0.7310585786300049
2017-12-08 08:59:59.999,0.7310585786300049,0.7310585786300049
2017-12-12 12:59:59.999,0.7310585786300049,0.7310585786300049
2017-12-16 16:59:59.999,0.7310585786300049,0.7310585786300049
2017-12-20 20:59:59.999,0.7310585786300049,0.7310585786300049
2017-12-25 00:59:59.999,0.7310585786300049,0.7310585786300049
2017-12-29 04:59:59.999,0.7310585786300049,0.7310585786300049
2018-01-02 08:59:59.999,0.7310585786300049,0.7310585786300049
2018-01-06 13:59:59.999,0.7310585786300049,0.7310585786300049
2018-01-10 17:59:59.999,0.7310585786300049,0.7310585786300049
2018-01-14 21:59:59.999,0.7310585786300049,0.7310585786300049
2018-01-19 01:59:59.999,0.7310585786300049,0.7310585786300049
2018-01-23 05:59:59.999,0.7310585786300049,0.7310585786300049
2018-01-27 09:59:59.999,0.7310585786300049,0.7310585786300049
2018-01-31 13:59:59.999,0.7310585786300049,0.7310585786300049
2018-02-04 17:59:59.999,0.7310585786300049,0.7310585786300049
2018-02-10 06:59:59.999,0.7310585786300049,0.7310585786300049
2018-02-14 10:59:59.999,0.7310585786300049,0.7310585786300049
2018-02-18 14:59:59.999,0.7310585786300049,0.7310585786300049
2018-02-22 18:59:59.999,0.7310585786300049,0.7310585786300049
2018-02-26 22:59:59.999,0.7310585786300049,0.7310585786300049
2018-03-03 02:59:59.999,0.7310585786300049,0.7310585786300049
2018-03-07 06:59:59.999,0.7310585786300049,0.7310585786300049
2018-03-11 10:59:59.999,0.7310585786300049,0.7310585786300049
2018-03-15 14:59:59.999,0.7310585786300049,0.7310585786300049
2018-03-19 18:59:59.999,0.7310585786300049,0.7310585786300049
2018-03-23 22:59:59.999,0.7310585786300049,0.7310585786300049
2018-03-28 02:59:59.999,0.7310585786300049,0.7310585786300049
2018-04-01 06:59:59.999,0.7310585786300049,0.7310585786300049
2018-04-05 10:59:59.999,0.7310585786300049,0.7310585786300049
2018-04-09 14:59:59.999,0.7310585786300049,0.7310585786300049
2018-04-13 18:59:59.999,0.7310585786300049,0.7310585786300049
2018-04-17 22:59:59.999,0.7310585786300049,0.7310585786300049
2018-04-22 02:59:59.999,0.7310585786300049,0.7310585786300049
2018-04-26 06:59:59.999,0.7310585786300049,0.7310585786300049
2018-04-30 10:59:59.999,0.7310585786300049,0.7310585786300049
2018-05-04 14:59:59.999,0.7310585786300049,0.7310585786300049
2018-05-08 18:59:59.999,0.7310585786300049,0.7310585786300049
2018-05-12 22:59:59.999,0.7310585786300049,0.7310585786300049
2018-05-17 02:59:59.999,0.7310585786300049,0.7310585786300049
2018-05-21 06:59:59.999,0.7310585786300049,0.7310585786300049
2018-05-25 10:59:59.999,0.7310585786300049,0.7310585786300049
2018-05-29 14:59:59.999,0.7310585786300049,0.7310585786300049
2018-06-02 18:59:59.999,0.7310585786300049,0.7310585786300049
2018-06-06 22:59:59.999,0.7310585786300049,0.7310585786300049
2018-06-11 02:59:59.999,0.7310585786300049,0.7310585786300049
2018-06-15 06:59:59.999,0.7310585786300049,0.7310585786300049
2018-06-19 10:59:59.999,0.7310585786300049,0.7310585786300049
2018-06-23 14:59:59.999,0.7310585786300049,0.7310585786300049
2018-06-28 05:59:59.999,0.7310585786300049,0.7310585786300049
2018-07-02 09:59:59.999,0.7310585786300049,0.7310585786300049
2018-07-06 20:59:59.999,0.7310585786300049,0.7310585786300049
2018-07-11 00:59:59.999,0.7310585786300049,0.7310585786300049
2018-07-15 04:59:59.999,0.7310585786300049,0.7310585786300049
2018-07-19 08:59:59.999,0.7310585786300049,0.7310585786300049
2018-07-23 12:59:59.999,0.7310585786300049,0.7310585786300049
2018-07-27 16:59:59.999,0.7310585786300049,0.7310585786300049
2018-07-31 20:59:59.999,0.7310585786300049,0.7310585786300049
2018-08-05 00:59:59.999,0.7310585786300049,0.7310585786300049
2018-08-09 04:59:59.999,0.7310585786300049,0.7310585786300049
2018-08-13 08:59:59.999,0.7310585786300049,0.7310585786300049
2018-08-17 12:59:59.999,0.7310585786300049,0.7310585786300049
2018-08-21 16:59:59.999,0.7310585786300049,0.7310585786300049
2018-08-25 20:59:59.999,0.7310585786300049,0.7310585786300049
2018-08-30 00:59:59.999,0.7310585786300049,0.7310585786300049
2018-09-03 04:59:59.999,0.7310585786300049,0.7310585786300049
2018-09-07 08:59:59.999,0.7310585786300049,0.7310585786300049
2018-09-11 12:59:59.999,0.7310585786300049,0.7310585786300049
2018-09-15 16:59:59.999,0.7310585786300049,0.7310585786300049
2018-09-19 20:59:59.999,0.7310585786300049,0.7310585786300049
2018-09-24 00:59:59.999,0.7310585786300049,0.7310585786300049
2018-09-28 04:59:59.999,0.7310585786300049,0.7310585786300049
2018-10-02 08:59:59.999,0.7310585786300049,0.7310585786300049
2018-10-06 12:59:59.999,0.7310585786300049,0.7310585786300049
2018-10-10 16:59:59.999,0.7310585786300049,0.7310585786300049
2018-10-14 20:59:59.999,0.7310585786300049,0.7310585786300049
2018-10-19 00:59:59.999,0.7310585786300049,0.7310585786300049
2018-10-23 07:59:59.999,0.7310585786300049,0.7310585786300049
2018-10-27 11:59:59.999,0.7310585786300049,0.7310585786300049
2018-10-31 15:59:59.999,0.7310585786300049,0.7310585786300049
2018-11-04 19:59:59.999,0.7310585786300049,0.7310585786300049
2018-11-08 23:59:59.999,0.7310585786300049,0.7310585786300049
2018-11-13 03:59:59.999,0.7310585786300049,0.7310585786300049
2018-11-17 14:59:59.999,0.7310585786300049,0.7310585786300049
2018-11-21 18:59:59.999,0.7310585786300049,0.7310585786300049
2018-11-25 22:59:59.999,0.7310585786300049,0.7310585786300049
2018-11-30 02:59:59.999,0.7310585786300049,0.7310585786300049
2018-12-04 06:59:59.999,0.7310585786300049,0.7310585786300049
2018-12-08 10:59:59.999,0.7310585786300049,0.7310585786300049
2018-12-12 14:59:59.999,0.7310585786300049,0.7310585786300049
2018-12-16 18:59:59.999,0.7310585786300049,0.7310585786300049
2018-12-20 22:59:59.999,0.7310585786300049,0.7310585786300049
2018-12-25 02:59:59.999,0.7310585786300049,0.7310585786300049
2018-12-29 06:59:59.999,0.7310585786300049,0.7310585786300049
2019-01-02 10:59:59.999,0.7310585786300049,0.7310585786300049
2019-01-06 14:59:59.999,0.7310585786300049,0.7310585786300049
2019-01-10 18:59:59.999,0.7310585786300049,0.7310585786300049
2019-01-14 22:59:59.999,0.7310585786300049,0.7310585786300049
2019-01-19 02:59:59.999,0.7310585786300049,0.7310585786300049
2019-01-23 06:59:59.999,0.7310585786300049,0.7310585786300049
2019-01-27 10:59:59.999,0.7310585786300049,0.7310585786300049
2019-01-31 14:59:59.999,0.7310585786300049,0.7310585786300049
2019-02-04 18:59:59.999,0.7310585786300049,0.7310585786300049
2019-02-08 22:59:59.999,0.7310585786300049,0.7310585786300049
2019-02-13 02:59:59.999,0.7310585786300049,0.7310585786300049
2019-02-17 06:59:59.999,0.7310585786300049,0.7310585786300049
2019-02-21 10:59:59.999,0.7310585786300049,0.7310585786300049
2019-02-25 14:59:59.999,0.7310585786300049,0.7310585786300049
2019-03-01 18:59:59.999,0.7310585786300049,0.7310585786300049
2019-03-05 22:59:59.999,0.7310585786300049,0.7310585786300049
2019-03-10 02:59:59.999,0.7310585786300049,0.7310585786300049
2019-03-14 12:59:59.999,0.7310585786300049,0.7310585786300049
2019-03-18 16:59:59.999,0.7310585786300049,0.7310585786300049
2019-03-22 20:59:59.999,0.7310585786300049,0.7310585786300049
2019-03-27 00:59:59.999,0.7310585786300049,0.7310585786300049
2019-03-31 04:59:59.999,0.7310585786300049,0.7310585786300049
2019-04-04 08:59:59.999,0.7310585786300049,0.7310585786300049
2019-04-08 12:59:59.999,0.7310585786300049,0.7310585786300049
2019-04-12 16:59:59.999,0.7310585786300049,0.7310585786300049
2019-04-16 20:59:59.999,0.7310585786300049,0.7310585786300049
2019-04-21 00:59:59.999,0.7310585786300049,0.7310585786300049
2019-04-25 04:59:59.999,0.7310585786300049,0.7310585786300049
2019-04-29 08:59:59.999,0.7310585786300049,0.7310585786300049
2019-05-03 12:59:59.999,0.7310585786300049,0.7310585786300049
2019-05-07 16:59:59.999,0.7310585786300049,0.7310585786300049
2019-05-11 20:59:59.999,0.7310585786300049,0.7310585786300049
2019-05-16 10:59:59.999,0.7310585786300049,0.7310585786300049
2019-05-20 14:59:59.999,0.7310585786300049,0.7310585786300049
2019-05-24 18:59:59.999,0.7310585786300049,0.7310585786300049
2019-05-28 22:59:59.999,0.7310585786300049,0.7310585786300049
2019-06-02 02:59:59.999,0.7310585786300049,0.7310585786300049
2019-06-06 06:59:59.999,0.7310585786300049,0.7310585786300049
2019-06-10 10:59:59.999,0.7310585786300049,0.7310585786300049
2019-06-14 14:59:59.999,0.7310585786300049,0.7310585786300049
2019-06-18 18:59:59.999,0.7310585786300049,0.7310585786300049
2019-06-22 22:59:59.999,0.7310585786300049,0.7310585786300049
2019-06-27 02:59:59.999,0.7310585786300049,0.7310585786300049
2019-07-01 06:59:59.999,0.7310585786300049,0.7310585786300049
2019-07-05 10:59:59.999,0.7310585786300049,0.7310585786300049
2019-07-09 14:59:59.999,0.7310585786300049,0.7310585786300049
2019-07-13 18:59:59.999,0.7310585786300049,0.7310585786300049
2019-07-17 22:59:59.999,0.7310585786300049,0.7310585786300049
2019-07-22 02:59:59.999,0.7310585786300049,0.7310585786300049
2019-07-26 06:59:59.999,0.7310585786300049,0.7310585786300049
2019-07-30 10:59:59.999,0.7310585786300049,0.7310585786300049
2019-08-03 14:59:59.999,0.7310585786300049,0.7310585786300049
2019-08-07 18:59:59.999,0.7310585786300049,0.7310585786300049
2019-08-11 22:59:59.999,0.7310585786300049,0.7310585786300049
2019-08-16 10:59:59.999,0.7310585786300049,0.7310585786300049
2019-08-20 14:59:59.999,0.7310585786300049,0.7310585786300049
2019-08-24 18:59:59.999,0.7310585786300049,0.7310585786300049
2019-08-28 22:59:59.999,0.7310585786300049,0.7310585786300049
2019-09-02 02:59:59.999,0.7310585786300049,0.7310585786300049
2019-09-06 06:59:59.999,0.7310585786300049,0.7310585786300049
2019-09-10 10:59:59.999,0.7310585786300049,0.7310585786300049
2019-09-14 14:59:59.999,0.7310585786300049,0.7310585786300049
2019-09-18 18:59:59.999,0.7310585786300049,0.7310585786300049
2019-09-22 22:59:59.999,0.7310585786300049,0.7310585786300049
2019-09-27 02:59:59.999,0.7310585786300049,0.7310585786300049
2019-10-01 06:59:59.999,0.7310585786300049,0.7310585786300049
2019-10-05 10:59:59.999,0.7310585786300049,0.7310585786300049
2019-10-09 14:59:59.999,0.7310585786300049,0.7310585786300049
2019-10-13 18:59:59.999,0.7310585786300049,0.7310585786300049
2019-10-17 22:59:59.999,0.7310585786300049,0.7310585786300049
2019-10-22 02:59:59.999,0.7310585786300049,0.7310585786300049
2019-10-26 06:59:59.999,0.7310585786300049,0.7310585786300049
2019-10-30 10:59:59.999,0.7310585786300049,0.7310585786300049
2019-11-03 14:59:59.999,0.7310585786300049,0.7310585786300049
2019-11-07 18:59:59.999,0.7310585786300049,0.7310585786300049
2019-11-11 22:59:59.999,0.7310585786300049,0.7310585786300049
2019-11-16 04:59:59.999,0.7310585786300049,0.7310585786300049
2019-11-20 08:59:59.999,0.7310585786300049,0.7310585786300049
2019-11-24 12:59:59.999,0.7310585786300049,0.7310585786300049
2019-11-28 18:59:59.999,0.7310585786300049,0.7310585786300049
2019-12-02 22:59:59.999,0.7310585786300049,0.7310585786300049
2019-12-07 02:59:59.999,0.7310585786300049,0.7310585786300049
2019-12-11 06:59:59.999,0.7310585786300049,0.7310585786300049
2019-12-15 10:59:59.999,0.7310585786300049,0.7310585786300049
2019-12-19 14:59:59.999,0.7310585786300049,0.7310585786300049
2019-12-23 18:59:59.999,0.7310585786300049,0.7310585786300049
2019-12-27 22:59:59.999,0.7310585786300049,0.7310585786300049
2020-01-01 02:59:59.999,0.7310585786300049,0.7310585786300049
2020-01-05 06:59:59.999,0.7310585786300049,0.7310585786300049
2020-01-09 10:59:59.999,0.7310585786300049,0.7310585786300049
2020-01-13 14:59:59.999,0.7310585786300049,0.7310585786300049
2020-01-17 18:59:59.999,0.7310585786300049,0.7310585786300049
2020-01-21 22:59:59.999,0.7310585786300049,0.7310585786300049
2020-01-26 02:59:59.999,0.7310585786300049,0.7310585786300049
2020-01-30 06:59:59.999,0.7310585786300049,0.7310585786300049
2020-02-03 10:59:59.999,0.7310585786300049,0.7310585786300049
2020-02-07 14:59:59.999,0.7310585786300049,0.7310585786300049
2020-02-11 19:59:59.999,0.7310585786300049,0.7310585786300049
2020-02-15 23:59:59.999,0.7310585786300049,0.7310585786300049
2020-02-20 08:59:59.999,0.7310585786300049,0.7310585786300049
2020-02-24 12:59:59.999,0.7310585786300049,0.7310585786300049
2020-02-28 16:59:59.999,0.7310585786300049,0.7310585786300049
2020-03-03 20:59:59.999,0.7310585786300049,0.7310585786300049
2020-03-08 01:59:59.999,0.7310585786300049,0.7310585786300049
2020-03-12 05:59:59.999,0.7310585786300049,0.7310585786300049
2020-03-16 09:59:59.999,0.7310585786300049,0.7310585786300049
2020-03-20 13:59:59.999,0.7310585786300049,0.7310585786300049
2020-03-24 17:59:59.999,0.7310585786300049,0.7310585786300049
2020-03-28 21:59:59.999,0.7310585786300049,0.7310585786300049
2020-04-02 01:59:59.999,0.7310585786300049,0.7310585786300049
2020-04-06 05:59:59.999,0.7310585786300049,0.7310585786300049
2020-04-10 09:59:59.999,0.7310585786300049,0.7310585786300049
2020-04-14 13:59:59.999,0.7310585786300049,0.7310585786300049
2020-04-18 17:59:59.999,0.7310585786300049,0.7310585786300049
2020-04-22 21:59:59.999,0.7310585786300049,0.7310585786300049
2020-04-27 03:59:59.999,0.7310585786300049,0.7310585786300049
2020-05-01 07:59:59.999,0.7310585786300049,0.7310585786300049
2020-05-05 11:59:59.999,0.7310585786300049,0.7310585786300049
2020-05-09 15:59:59.999,0.7310585786300049,0.7310585786300049
2020-05-13 19:59:59.999,0.7310585786300049,0.7310585786300049
2020-05-17 23:59:59.999,0.7310585786300049,0.7310585786300049
2020-05-22 03:59:59.999,0.7310585786300049,0.7310585786300049
2020-05-26 07:59:59.999,0.7310585786300049,0.7310585786300049
2020-05-30 11:59:59.999,0.7310585786300049,0.7310585786300049
2020-06-03 15:59:59.999,0.7310585786300049,0.7310585786300049
2020-06-07 19:59:59.999,0.7310585786300049,0.7310585786300049
2020-06-11 23:59:59.999,0.7310585786300049,0.7310585786300049
2020-06-16 03:59:59.999,0.7310585786300049,0.7310585786300049
2020-06-20 07:59:59.999,0.7310585786300049,0.7310585786300049
2020-06-24 11:59:59.999,0.7310585786300049,0.7310585786300049
2020-06-28 18:59:59.999,0.7310585786300049,0.7310585786300049
2020-07-02 22:59:59.999,0.7310585786300049,0.7310585786300049
2020-07-07 02:59:59.999,0.7310585786300049,0.7310585786300049
2020-07-11 06:59:59.999,0.7310585786300049,0.7310585786300049
2020-07-15 10:59:59.999,0.7310585786300049,0.7310585786300049
2020-07-19 14:59:59.999,0.7310585786300049,0.7310585786300049
2020-07-23 18:59:59.999,0.7310585786300049,0.7310585786300049
2020-07-27 22:59:59.999,0.7310585786300049,0.7310585786300049
2020-08-01 02:59:59.999,0.7310585786300049,0.7310585786300049
2020-08-05 06:59:59.999,0.7310585786300049,0.7310585786300049
2020-08-09 10:59:59.999,0.7310585786300049,0.7310585786300049
2020-08-13 14:59:59.999,0.7310585786300049,0.7310585786300049
2020-08-17 18:59:59.999,0.7310585786300049,0.7310585786300049
2020-08-21 22:59:59.999,0.7310585786300049,0.7310585786300049
2020-08-26 02:59:59.999,0.7310585786300049,0.7310585786300049
2020-08-30 06:59:59.999,0.7310585786300049,0.7310585786300049
2020-09-03 10:59:59.999,0.7310585786300049,0.7310585786300049
2020-09-07 14:59:59.999,0.7310585786300049,0.7310585786300049
2020-09-11 18:59:59.999,0.7310585786300049,0.7310585786300049
2020-09-15 22:59:59.999,0.7310585786300049,0.7310585786300049
2020-09-20 02:59:59.999,0.7310585786300049,0.7310585786300049
2020-09-24 06:59:59.999,0.7310585786300049,0.7310585786300049
2020-09-28 10:59:59.999,0.7310585786300049,0.7310585786300049
2020-10-02 14:59:59.999,0.7310585786300049,0.7310585786300049
2020-10-06 18:59:59.999,0.7310585786300049,0.7310585786300049
2020-10-10 22:59:59.999,0.7310585786300049,0.7310585786300049
2020-10-15 02:59:59.999,0.7310585786300049,0.7310585786300049
2020-10-19 06:59:59.999,0.7310585786300049,0.7310585786300049
2020-10-23 10:59:59.999,0.7310585786300049,0.7310585786300049
2020-10-27 14:59:59.999,0.7310585786300049,0.7310585786300049
2020-10-31 18:59:59.999,0.7310585786300049,0.7310585786300049
2020-11-04 22:59:59.999,0.7310585786300049,0.7310585786300049
2020-11-09 02:59:59.999,0.7310585786300049,0.7310585786300049
2020-11-13 06:59:59.999,0.7310585786300049,0.7310585786300049
2020-11-17 10:59:59.999,0.7310585786300049,0.7310585786300049
2020-11-21 14:59:59.999,0.7310585786300049,0.7310585786300049
2020-11-25 18:59:59.999,0.7310585786300049,0.7310585786300049
2020-11-29 22:59:59.999,0.7310585786300049,0.7310585786300049
2020-12-04 03:59:59.999,0.7310585786300049,0.7310585786300049
2020-12-08 07:59:59.999,0.7310585786300049,0.7310585786300049
2020-12-12 11:59:59.999,0.7310585786300049,0.7310585786300049
2020-12-16 15:59:59.999,0.7310585786300049,0.7310585786300049
2020-12-20 19:59:59.999,0.7310585786300049,0.7310585786300049
2020-12-25 04:59:59.999,0.7310585786300049,0.7310585786300049
2020-12-29 08:59:59.999,0.7310585786300049,0.7310585786300049
2021-01-02 12:59:59.999,0.7310585786300049,0.7310585786300049
2021-01-06 16:59:59.999,0.7310585786300049,0.7310585786300049
2021-01-10 20:59:59.999,0.7310585786300049,0.7310585786300049
2021-01-15 00:59:59.999,0.7310585786300049,0.7310585786300049
2021-01-19 04:59:59.999,0.7310585786300049,0.7310585786300049
2021-01-23 08:59:59.999,0.7310585786300049,0.7310585786300049
2021-01-27 12:59:59.999,0.7310585786300049,0.7310585786300049
2021-01-31 16:59:59.999,0.7310585786300049,0.7310585786300049
2021-02-04 20:59:59.999,0.7310585786300049,0.7310585786300049
2021-02-09 00:59:59.999,0.7310585786300049,0.7310585786300049
2021-02-13 05:59:59.999,0.7310585786300049,0.7310585786300049
2021-02-17 09:59:59.999,0.7310585786300049,0.7310585786300049
2021-02-21 13:59:59.999,0.7310585786300049,0.7310585786300049
2021-02-25 17:59:59.999,0.7310585786300049,0.7310585786300049
2021-03-01 21:59:59.999,0.7310585786300049,0.7310585786300049
2021-03-06 01:59:59.999,0.7310585786300049,0.7310585786300049
2021-03-10 06:59:59.999,0.7310585786300049,0.7310585786300049
2021-03-14 10:59:59.999,0.7310585786300049,0.7310585786300049
2021-03-18 14:59:59.999,0.7310585786300049,0.7310585786300049
2021-03-22 18:59:59.999,0.7310585786300049,0.7310585786300049
2021-03-26 22:59:59.999,0.7310585786300049,0.7310585786300049
2021-03-31 02:59:59.999,0.7310585786300049,0.7310585786300049
2021-04-04 06:59:59.999,0.7310585786300049,0.7310585786300049
2021-04-08 10:59:59.999,0.7310585786300049,0.7310585786300049
2021-04-12 14:59:59.999,0.7310585786300049,0.7310585786300049
2021-04-16 18:59:59.999,0.7310585786300049,0.7310585786300049
2021-04-21 00:59:59.999,0.7310585786300049,0.7310585786300049
2021-04-25 04:00:58.146,0.7310585786300049,0.7310585786300049
2021-04-29 11:59:59.999,0.7310585786300049,0.7310585786300049
2021-05-03 15:59:59.999,0.7310585786300049,0.7310585786300049
2021-05-07 19:59:59.999,0.7310585786300049,0.7310585786300049
2021-05-11 23:59:59.999,0.7310585786300049,0.7310585786300049
2021-05-16 03:59:59.999,0.7310585786300049,0.7310585786300049
2021-05-20 07:59:59.999,0.7310585786300049,0.7310585786300049
2021-05-24 11:59:59.999,0.7310585786300049,0.7310585786300049
2021-05-28 15:59:59.999,0.7310585786300049,0.7310585786300049
2021-06-01 19:59:59.999,0.7310585786300049,0.7310585786300049
2021-06-05 23:59:59.999,0.7310585786300049,0.7310585786300049
2021-06-10 03:59:59.999,0.7310585786300049,0.7310585786300049
2021-06-14 07:59:59.999,0.7310585786300049,0.7310585786300049
2021-06-18 11:59:59.999,0.7310585786300049,0.7310585786300049
2021-06-22 15:59:59.999,0.7310585786300049,0.7310585786300049
2021-06-26 19:59:59.999,0.7310585786300049,0.7310585786300049
2021-06-30 23:59:59.999,0.7310585786300049,0.7310585786300049
2021-07-05 03:59:59.999,0.7310585786300049,0.7310585786300049
2021-07-09 07:59:59.999,0.7310585786300049,0.7310585786300049
2021-07-13 11:59:59.999,0.7310585786300049,0.7310585786300049
2021-07-17 15:59:59.999,0.7310585786300049,0.7310585786300049
2021-07-21 19:59:59.999,0.7310585786300049,0.7310585786300049
2021-07-25 23:59:59.999,0.7310585786300049,0.7310585786300049
2021-07-30 03:59:59.999,0.7310585786300049,0.7310585786300049
2021-08-03 07:59:59.999,0.7310585786300049,0.7310585786300049
2021-08-07 11:59:59.999,0.7310585786300049,0.7310585786300049
2021-08-11 15:59:59.999,0.7310585786300049,0.7310585786300049
2021-08-15 23:59:59.999,0.7310585786300049,0.7310585786300049
2021-08-20 03:59:59.999,0.7310585786300049,0.7310585786300049
2021-08-24 07:59:59.999,0.7310585786300049,0.7310585786300049
2021-08-28 11:59:59.999,0.7310585786300049,0.7310585786300049
2021-09-01 15:59:59.999,0.7310585786300049,0.7310585786300049
2021-09-05 19:59:59.999,0.7310585786300049,0.7310585786300049
2021-09-09 23:59:59.999,0.7310585786300049,0.7310585786300049
2021-09-14 03:59:59.999,0.7310585786300049,0.7310585786300049
2021-09-18 07:59:59.999,0.7310585786300049,0.7310585786300049
2021-09-22 11:59:59.999,0.7310585786300049,0.7310585786300049
2021-09-26 15:59:59.999,0.7310585786300049,0.7310585786300049
2021-09-30 21:59:59.999,0.7310585786300049,0.7310585786300049
2021-10-05 01:59:59.999,0.7310585786300049,0.7310585786300049
2021-10-09 05:59:59.999,0.7310585786300049,0.7310585786300049
2021-10-13 09:59:59.999,0.7310585786300049,0.7310585786300049
2021-10-17 13:59:59.999,0.7310585786300049,0.7310585786300049
2021-10-21 17:59:59.999,0.7310585786300049,0.7310585786300049
2021-10-25 21:59:59.999,0.7310585786300049,0.7310585786300049
2021-10-30 01:59:59.999,0.7310585786300049,0.7310585786300049
2021-11-03 05:59:59.999,0.7310585786300049,0.7310585786300049
2021-11-07 09:59:59.999,0.7310585786300049,0.7310585786300049
2021-11-11 13:59:59.999,0.7310585786300049,0.7310585786300049
2021-11-15 17:59:59.999,0.7310585786300049,0.7310585786300049
2021-11-19 21:59:59.999,0.7310585786300049,0.7310585786300049
2021-11-24 01:59:59.999,0.7310585786300049,0.7310585786300049
2021-11-28 05:59:59.999,0.7310585786300049,0.7310585786300049
2021-12-02 09:59:59.999,0.7310585786300049,0.7310585786300049
2021-12-06 13:59:59.999,0.7310585786300049,0.7310585786300049
2021-12-10 17:59:59.999,0.7310585786300049,0.7310585786300049
2021-12-14 21:59:59.999,0.7310585786300049,0.7310585786300049
2021-12-19 01:59:59.999,0.7310585786300049,0.7310585786300049
2021-12-23 05:59:59.999,0.7310585786300049,0.7310585786300049
2021-12-27 09:59:59.999,0.7310585786300049,0.7310585786300049
2021-12-31 13:59:59.999,0.7310585786300049,0.7310585786300049
2022-01-04 17:59:59.999,0.7310585786300049,0.7310585786300049
2022-01-08 21:59:59.999,0.7310585786300049,0.7310585786300049
2022-01-13 01:59:59.999,0.7310585786300049,0.7310585786300049
2022-01-17 05:59:59.999,0.7310585786300049,0.7310585786300049
2022-01-21 09:59:59.999,0.7310585786300049,0.7310585786300049
2022-01-25 13:59:59.999,0.7310585786300049,0.7310585786300049
2022-01-29 17:59:59.999,0.7310585786300049,0.7310585786300049
2022-02-02 21:59:59.999,0.7310585786300049,0.7310585786300049
2022-02-07 01:59:59.999,0.7310585786300049,0.7310585786300049
2022-02-11 05:59:59.999,0.7310585786300049,0.7310585786300049
2022-02-15 09:59:59.999,0.7310585786300049,0.7310585786300049
2022-02-19 13:59:59.999,0.7310585786300049,0.7310585786300049
2022-02-23 17:59:59.999,0.7310585786300049,0.7310585786300049
2022-02-27 21:59:59.999,0.7310585786300049,0.7310585786300049
2022-03-04 01:59:59.999,0.7310585786300049,0.7310585786300049
2022-03-08 05:59:59.999,0.7310585786300049,0.7310585786300049
2022-03-12 09:59:59.999,0.7310585786300049,0.7310585786300049
2022-03-16 13:59:59.999,0.7310585786300049,0.7310585786300049
2022-03-20 17:59:59.999,0.7310585786300049,0.7310585786300049
2022-03-24 21:59:59.999,0.7310585786300049,0.7310585786300049
2022-03-29 01:59:59.999,0.7310585786300049,0.7310585786300049
2022-04-02 05:59:59.999,0.7310585786300049,0.7310585786300049
2022-04-06 09:59:59.999,0.7310585786300049,0.7310585786300049
2022-04-10 13:59:59.999,0.7310585786300049,0.7310585786300049
2022-04-14 17:59:59.999,0.7310585786300049,0.7310585786300049
2022-04-18 21:59:59.999,0.7310585786300049,0.7310585786300049
2022-04-23 01:59:59.999,0.7310585786300049,0.7310585786300049
2022-04-27 05:59:59.999,0.7310585786300049,0.7310585786300049
2022-05-01 09:59:59.999,0.7310585786300049,0.7310585786300049
2022-05-05 13:59:59.999,0.7310585786300049,0.7310585786300049
2022-05-09 17:59:59.999,0.7310585786300049,0.7310585786300049
2022-05-13 21:59:59.999,0.7310585786300049,0.7310585786300049
2022-05-18 01:59:59.999,0.7310585786300049,0.7310585786300049
2022-05-22 05:59:59.999,0.7310585786300049,0.7310585786300049
2022-05-26 09:59:59.999,0.7310585786300049,0.7310585786300049
2022-05-30 13:59:59.999,0.7310585786300049,0.7310585786300049
2022-06-03 17:59:59.999,0.7310585786300049,0.7310585786300049
2022-06-07 21:59:59.999,0.7310585786300049,0.7310585786300049
2022-06-12 01:59:59.999,0.7310585786300049,0.7310585786300049
2022-06-16 05:59:59.999,0.7310585786300049,0.7310585786300049
2022-06-20 09:59:59.999,0.7310585786300049,0.7310585786300049
2022-06-24 13:59:59.999,0.7310585786300049,0.7310585786300049
2022-06-28 17:59:59.999,0.7310585786300049,0.7310585786300049
2022-07-02 21:59:59.999,0.7310585786300049,0.7310585786300049
2022-07-07 01:59:59.999,0.7310585786300049,0.7310585786300049
2022-07-11 05:59:59.999,0.7310585786300049,0.7310585786300049
2022-07-15 09:59:59.999,0.7310585786300049,0.7310585786300049
2022-07-19 13:59:59.999,0.7310585786300049,0.7310585786300049
2022-07-23 17:59:59.999,0.7310585786300049,0.7310585786300049
2022-07-27 21:59:59.999,0.7310585786300049,0.7310585786300049
2022-08-01 01:59:59.999,0.7310585786300049,0.7310585786300049
2022-08-05 05:59:59.999,0.7310585786300049,0.7310585786300049
2022-08-09 09:59:59.999,0.7310585786300049,0.7310585786300049
2022-08-13 13:59:59.999,0.7310585786300049,0.7310585786300049
2022-08-17 17:59:59.999,0.7310585786300049,0.7310585786300049
2022-08-21 21:59:59.999,0.7310585786300049,0.7310585786300049
2022-08-26 01:59:59.999,0.7310585786300049,0.7310585786300049
2022-08-30 05:59:59.999,0.7310585786300049,0.7310585786300049
2022-09-03 09:59:59.999,0.7310585786300049,0.7310585786300049
2022-09-07 13:59:59.999,0.7310585786300049,0.7310585786300049
2022-09-11 17:59:59.999,0.7310585786300049,0.7310585786300049
2022-09-15 21:59:59.999,0.7310585786300049,0.7310585786300049
2022-09-20 01:59:59.999,0.7310585786300049,0.7310585786300049
2022-09-24 05:59:59.999,0.7310585786300049,0.7310585786300049
2022-09-28 09:59:59.999,0.7310585786300049,0.7310585786300049
2022-10-02 13:59:59.999,0.7310585786300049,0.7310585786300049
2022-10-06 17:59:59.999,0.7310585786300049,0.7310585786300049
2022-10-10 21:59:59.999,0.7310585786300049,0.7310585786300049
2022-10-15 01:59:59.999,0.7310585786300049,0.7310585786300049
2022-10-19 05:59:59.999,0.7310585786300049,0.7310585786300049
2022-10-23 09:59:59.999,0.7310585786300049,0.7310585786300049
2022-10-27 13:59:59.999,0.7310585786300049,0.7310585786300049
2022-10-31 17:59:59.999,0.7310585786300049,0.7310585786300049
2022-11-04 21:59:59.999,0.7310585786300049,0.7310585786300049
2022-11-09 01:59:59.999,0.7310585786300049,0.7310585786300049
2022-11-13 05:59:59.999,0.7310585786300049,0.7310585786300049
2022-11-17 09:59:59.999,0.7310585786300049,0.7310585786300049
2022-11-21 13:59:59.999,0.7310585786300049,0.7310585786300049
2022-11-25 17:59:59.999,0.7310585786300049,0.7310585786300049
2022-11-29 21:59:59.999,0.7310585786300049,0.7310585786300049
2022-12-04 01:59:59.999,0.7310585786300049,0.7310585786300049
2022-12-08 05:59:59.999,0.7310585786300049,0.7310585786300049
2022-12-12 09:59:59.999,0.7310585786300049,0.7310585786300049
2022-12-16 13:59:59.999,0.7310585786300049,0.7310585786300049
2022-12-20 17:59:59.999,0.7310585786300049,0.7310585786300049
2022-12-24 21:59:59.999,0.7310585786300049,0.7310585786300049
2022-12-29 01:59:59.999,0.7310585786300049,0.7310585786300049
2023-01-02 05:59:59.999,0.7310585786300049,0.7310585786300049
2023-01-06 09:59:59.999,0.7310585786300049,0.7310585786300049
2023-01-10 13:59:59.999,0.7310585786300049,0.7310585786300049
2023-01-14 17:59:59.999,0.7310585786300049,0.7310585786300049
2023-01-18 21:59:59.999,0.7310585786300049,0.7310585786300049
2023-01-23 01:59:59.999,0.7310585786300049,0.7310585786300049
2023-01-27 05:59:59.999,0.7310585786300049,0.7310585786300049
2023-01-31 09:59:59.999,0.7310585786300049,0.7310585786300049
2023-02-04 13:59:59.999,0.7310585786300049,0.7310585786300049
2023-02-08 17:59:59.999,0.7310585786300049,0.7310585786300049
2023-02-12 21:59:59.999,0.7310585786300049,0.7310585786300049
2023-02-17 01:59:59.999,0.7310585786300049,0.7310585786300049
2023-02-21 05:59:59.999,0.7310585786300049,0.7310585786300049
2023-02-25 09:59:59.999,0.7310585786300049,0.7310585786300049
2023-03-01 13:59:59.999,0.7310585786300049,0.7310585786300049
2023-03-05 17:59:59.999,0.7310585786300049,0.7310585786300049
2023-03-09 21:59:59.999,0.7310585786300049,0.7310585786300049
2023-03-14 01:59:59.999,0.7310585786300049,0.7310585786300049
2023-03-18 05:59:59.999,0.7310585786300049,0.7310585786300049
2023-03-22 09:59:59.999,0.7310585786300049,0.7310585786300049
2023-03-26 14:59:59.999,0.7310585786300049,0.7310585786300049
2023-03-30 18:59:59.999,0.7310585786300049,0.7310585786300049
2023-04-03 22:59:59.999,0.7310585786300049,0.7310585786300049
2023-04-08 02:59:59.999,0.7310585786300049,0.7310585786300049
2023-04-12 06:59:59.999,0.7310585786300049,0.7310585786300049
2023-04-16 10:59:59.999,0.7310585786300049,0.7310585786300049
2023-04-20 14:59:59.999,0.7310585786300049,0.7310585786300049
2023-04-24 18:59:59.999,0.7310585786300049,0.7310585786300049
2023-04-28 22:59:59.999,0.7310585786300049,0.7310585786300049
2023-05-03 02:59:59.999,0.7310585786300049,0.7310585786300049
2023-05-07 06:59:59.999,0.7310585786300049,0.7310585786300049
2023-05-11 10:59:59.999,0.7310585786300049,0.7310585786300049
2023-05-15 14:59:59.999,0.7310585786300049,0.7310585786300049
2023-05-19 18:59:59.999,0.7310585786300049,0.7310585786300049
2023-05-23 22:59:59.999,0.7310585786300049,0.7310585786300049
2023-05-28 02:59:59.999,0.7310585786300049,0.7310585786300049
2023-06-01 06:59:59.999,0.7310585786300049,0.7310585786300049
2023-06-05 10:59:59.999,0.7310585786300049,0.7310585786300049
2023-06-09 14:59:59.999,0.7310585786300049,0.7310585786300049
2023-06-13 18:59:59.999,0.7310585786300049,0.7310585786300049
2023-06-17 22:59:59.999,0.7310585786300049,0.7310585786300049
2023-06-22 02:59:59.999,0.7310585786300049,0.7310585786300049
2023-06-26 06:59:59.999,0.7310585786300049,0.7310585786300049
2023-06-30 10:59:59.999,0.7310585786300049,0.7310585786300049
2023-07-04 14:59:59.999,0.7310585786300049,0.7310585786300049
2023-07-08 18:59:59.999,0.7310585786300049,0.7310585786300049
2023-07-12 22:59:59.999,0.7310585786300049,0.7310585786300049
2023-07-17 02:59:59.999,0.7310585786300049,0.7310585786300049
2023-07-21 06:59:59.999,0.7310585786300049,0.7310585786300049
2023-07-25 10:59:59.999,0.7310585786300049,0.7310585786300049
2023-07-29 14:59:59.999,0.7310585786300049,0.7310585786300049
2023-08-02 18:59:59.999,0.7310585786300049,0.7310585786300049
2023-08-06 22:59:59.999,0.7310585786300049,0.7310585786300049
2023-08-11 02:59:59.999,0.7310585786300049,0.7310585786300049
2023-08-15 06:59:59.999,0.7310585786300049,0.7310585786300049
2023-08-19 10:59:59.999,0.7310585786300049,0.7310585786300049
2023-08-23 14:59:59.999,0.7310585786300049,0.7310585786300049
2023-08-27 18:59:59.999,0.7310585786300049,0.7310585786300049
2023-08-31 22:59:59.999,0.7310585786300049,0.7310585786300049
2023-09-05 02:59:59.999,0.7310585786300049,0.7310585786300049
2023-09-09 06:59:59.999,0.7310585786300049,0.7310585786300049
2023-09-13 10:59:59.999,0.7310585786300049,0.7310585786300049
2023-09-17 14:59:59.999,0.7310585786300049,0.7310585786300049
2023-09-21 18:59:59.999,0.7310585786300049,0.7310585786300049
2023-09-25 22:59:59.999,0.7310585786300049,0.7310585786300049
2023-09-30 02:59:59.999,0.7310585786300049,0.7310585786300049
2023-10-04 06:59:59.999,0.7310585786300049,0.7310585786300049
2023-10-08 10:59:59.999,0.7310585786300049,0.7310585786300049
2023-10-12 14:59:59.999,0.7310585786300049,0.7310585786300049
2023-10-16 18:59:59.999,0.7310585786300049,0.7310585786300049
2023-10-20 22:59:59.999,0.7310585786300049,0.7310585786300049
2023-10-25 02:59:59.999,0.7310585786300049,0.7310585786300049
2023-10-29 06:59:59.999,0.7310585786300049,0.7310585786300049
2023-11-02 10:59:59.999,0.7310585786300049,0.7310585786300049
2023-11-06 14:59:59.999,0.7310585786300049,0.7310585786300049
2023-11-10 18:59:59.999,0.7310585786300049,0.7310585786300049
2023-11-14 22:59:59.999,0.7310585786300049,0.7310585786300049
2023-11-19 02:59:59.999,0.7310585786300049,0.7310585786300049
2023-11-23 06:59:59.999,0.7310585786300049,0.7310585786300049
2023-11-27 10:59:59.999,0.7310585786300049,0.7310585786300049
2023-12-01 14:59:59.999,0.7310585786300049,0.7310585786300049
2023-12-05 18:59:59.999,0.7310585786300049,0.7310585786300049
2023-12-09 22:59:59.999,0.7310585786300049,0.7310585786300049
2023-12-14 02:59:59.999,0.7310585786300049,0.7310585786300049
2023-12-18 06:59:59.999,0.7310585786300049,0.7310585786300049
2023-12-22 10:59:59.999,0.7310585786300049,0.7310585786300049
2023-12-26 14:59:59.999,0.7310585786300049,0.7310585786300049
2023-12-30 18:59:59.999,0.7310585786300049,0.7310585786300049
2024-01-03 22:59:59.999,0.7310585786300049,0.7310585786300049
2024-01-08 02:59:59.999,0.7310585786300049,0.7310585786300049
2024-01-12 06:59:59.999,0.7310585786300049,0.7310585786300049
2024-01-16 10:59:59.999,0.7310585786300049,0.7310585786300049
2024-01-20 14:59:59.999,0.7310585786300049,0.7310585786300049
2024-01-24 18:59:59.999,0.7310585786300049,0.7310585786300049
2024-01-28 22:59:59.999,0.7310585786300049,0.7310585786300049
2024-02-02 02:59:59.999,0.7310585786300049,0.7310585786300049
2024-02-06 06:59:59.999,0.7310585786300049,0.7310585786300049
2024-02-10 10:59:59.999,0.7310585786300049,0.7310585786300049
2024-02-14 14:59:59.999,0.7310585786300049,0.7310585786300049
2024-02-18 18:59:59.999,0.7310585786300049,0.7310585786300049
2024-02-22 22:59:59.999,0.7310585786300049,0.7310585786300049
2024-02-27 02:59:59.999,0.7310585786300049,0.7310585786300049
2024-03-02 06:59:59.999,0.7310585786300049,0.7310585786300049
2024-03-06 10:59:59.999,0.7310585786300049,0.7310585786300049
2024-03-10 14:59:59.999,0.7310585786300049,0.7310585786300049
2024-03-14 18:59:59.999,0.7310585786300049,0.7310585786300049
2024-03-18 22:59:59.999,0.7310585786300049,0.7310585786300049
2024-03-23 02:59:59.999,0.7310585786300049,0.7310585786300049
2024-03-27 06:59:59.999,0.7310585786300049,0.7310585786300049
2024-03-31 10:59:59.999,0.7310585786300049,0.7310585786300049
2024-04-04 14:59:59.999,0.7310585786300049,0.7310585786300049
2024-04-08 18:59:59.999,0.7310585786300049,0.7310585786300049
2024-04-12 22:59:59.999,0.7310585786300049,0.7310585786300049
2024-04-17 02:59:59.999,0.7310585786300049,0.7310585786300049
2024-04-21 06:59:59.999,0.7310585786300049,0.7310585786300049
2024-04-25 10:59:59.999,0.7310585786300049,0.7310585786300049
2024-04-29 14:59:59.999,0.7310585786300049,0.7310585786300049
2024-05-03 18:59:59.999,0.7310585786300049,0.7310585786300049
2024-05-07 22:59:59.999,0.7310585786300049,0.7310585786300049
2024-05-12 02:59:59.999,0.7310585786300049,0.7310585786300049
2024-05-16 06:59:59.999,0.7310585786300049,0.7310585786300049
2024-05-20 10:59:59.999,0.7310585786300049,0.7310585786300049
2024-05-24 14:59:59.999,0.7310585786300049,0.7310585786300049
2024-05-28 18:59:59.999,0.7310585786300049,0.7310585786300049
2024-06-01 22:59:59.999,0.7310585786300049,0.7310585786300049
2024-06-06 02:59:59.999,0.7310585786300049,0.7310585786300049
2024-06-10 06:59:59.999,0.7310585786300049,0.7310585786300049
2024-06-14 10:59:59.999,0.7310585786300049,0.7310585786300049
2024-06-18 14:59:59.999,0.7310585786300049,0.7310585786300049
2024-06-22 18:59:59.999,0.7310585786300049,0.7310585786300049
2024-06-26 22:59:59.999,0.7310585786300049,0.7310585786300049
2024-07-01 02:59:59.999,0.7310585786300049,0.7310585786300049
2024-07-05 06:59:59.999,0.7310585786300049,0.7310585786300049
2024-07-09 10:59:59.999,0.7310585786300049,0.7310585786300049
2024-07-13 14:59:59.999,0.7310585786300049,0.7310585786300049
2024-07-17 18:59:59.999,0.7310585786300049,0.7310585786300049
2024-07-21 22:59:59.999,0.7310585786300049,0.7310585786300049
2024-07-26 02:59:59.999,0.7310585786300049,0.7310585786300049
2024-07-30 06:59:59.999,0.7310585786300049,0.7310585786300049
2024-08-03 10:59:59.999,0.7310585786300049,0.7310585786300049
2024-08-07 14:59:59.999,0.7310585786300049,0.7310585786300049
2024-08-11 18:59:59.999,0.7310585786300049,0.7310585786300049
2024-08-15 22:59:59.999,0.7310585786300049,0.7310585786300049
2024-08-20 02:59:59.999,0.7310585786300049,0.7310585786300049
2024-08-24 06:59:59.999,0.7310585786300049,0.7310585786300049
2024-08-28 10:59:59.999,0.7310585786300049,0.7310585786300049
2024-09-01 14:59:59.999,0.7310585786300049,0.7310585786300049
2024-09-05 18:59:59.999,0.7310585786300049,0.7310585786300049
2024-09-09 22:59:59.999,0.7310585786300049,0.7310585786300049
2024-09-14 02:59:59.999,0.7310585786300049,0.7310585786300049
2024-09-18 06:59:59.999,0.7310585786300049,0.7310585786300049
2024-09-22 10:59:59.999,0.7310585786300049,0.7310585786300049
2024-09-26 14:59:59.999,0.7310585786300049,0.7310585786300049
2024-09-30 18:59:59.999,0.7310585786300049,0.7310585786300049
2024-10-04 22:59:59.999,0.7310585786300049,0.7310585786300049
2024-10-09 02:59:59.999,0.7310585786300049,0.7310585786300049
2024-10-13 06:59:59.999,0.7310585786300049,0.7310585786300049
2024-10-17 10:59:59.999,0.7310585786300049,0.7310585786300049
2024-10-21 14:59:59.999,0.7310585786300049,0.7310585786300049
2024-10-25 18:59:59.999,0.7310585786300049,0.7310585786300049
2024-10-29 22:59:59.999,0.7310585786300049,0.7310585786300049
2024-11-03 02:59:59.999,0.7310585786300049,0.7310585786300049
2024-11-07 06:59:59.999,0.7310585786300049,0.7310585786300049
2024-11-11 10:59:59.999,0.7310585786300049,0.7310585786300049
2024-11-15 14:59:59.999,0.7310585786300049,0.7310585786300049
2024-11-19 18:59:59.999,0.7310585786300049,0.7310585786300049
2024-11-23 22:59:59.999,0.7310585786300049,0.7310585786300049
2024-11-28 02:59:59.999,0.7310585786300049,0.7310585786300049
2024-12-02 06:59:59.999,0.7310585786300049,0.7310585786300049
2024-12-06 10:59:59.999,0.7310585786300049,0.7310585786300049
2024-12-10 14:59:59.999,0.7310585786300049,0.7310585786300049
2024-12-14 18:59:59.999,0.7310585786300049,0.7310585786300049
2024-12-18 22:59:59.999,0.7310585786300049,0.7310585786300049
2024-12-23 02:59:59.999,0.7310585786300049,0.7310585786300049
2024-12-27 06:59:59.999,0.7310585786300049,0.7310585786300049
2024-12-31 10:59:59.999,0.7310585786300049,0.7310585786300049
2025-01-04 14:59:59.999,0.7310585786300049,0.7310585786300049
2025-01-08 18:59:59.999,0.7310585786300049,0.7310585786300049
2025-01-12 22:59:59.999,0.7310585786300049,0.7310585786300049
2025-01-17 02:59:59.999,0.7310585786300049,0.7310585786300049
2025-01-21 06:59:59.999,0.7310585786300049,0.7310585786300049
2025-01-25 10:59:59.999,0.7310585786300049,0.7310585786300049
2025-01-29 14:59:59.999,0.7310585786300049,0.7310585786300049
2025-02-02 18:59:59.999,0.7310585786300049,0.7310585786300049
2025-02-06 22:59:59.999,0.7310585786300049,0.7310585786300049
2025-02-11 02:59:59.999,0.7310585786300049,0.7310585786300049
2025-02-15 06:59:59.999,0.7310585786300049,0.7310585786300049
2025-02-19 10:59:59.999,0.7310585786300049,0.7310585786300049
2025-02-23 14:59:59.999,0.7310585786300049,0.7310585786300049
2025-02-27 18:59:59.999,0.7310585786300049,0.7310585786300049
2025-03-03 22:59:59.999,0.7310585786300049,0.7310585786300049
2025-03-08 02:59:59.999,0.7310585786300049,0.7310585786300049
2025-03-12 06:59:59.999,0.7310585786300049,0.7310585786300049
2025-03-16 10:59:59.999,0.7310585786300049,0.7310585786300049
2025-03-20 14:59:59.999,0.7310585786300049,0.7310585786300049
2025-03-24 18:59:59.999,0.7310585786300049,0.7310585786300049
2025-03-28 22:59:59.999,0.7310585786300049,0.7310585786300049
2025-04-02 02:59:59.999,0.7310585786300049,0.7310585786300049
2025-04-06 06:59:59.999,0.7310585786300049,0.7310585786300049
2025-04-10 10:59:59.999,0.7310585786300049,0.7310585786300049
2025-04-14 14:59:59.999,0.7310585786300049,0.7310585786300049
2025-04-18 18:59:59.999,0.7310585786300049,0.7310585786300049
2025-04-22 22:59:59.999,0.7310585786300049,0.7310585786300049
2025-04-27 02:59:59.999,0.7310585786300049,0.7310585786300049
2025-05-01 06:59:59.999,0.7310585786300049,0.7310585786300049
2025-05-05 10:59:59.999,0.7310585786300049,0.7310585786300049
2025-05-09 14:59:59.999,0.7310585786300049,0.7310585786300049
2025-05-13 18:59:59.999,0.7310585786300049,0.7310585786300049
2025-05-17 22:59:59.999,0.7310585786300049,0.7310585786300049
2025-05-22 02:59:59.999,0.7310585786300049,0.7310585786300049
2025-05-26 06:59:59.999,0.7310585786300049,0.7310585786300049
2025-05-30 10:59:59.999,0.7310585786300049,0.7310585786300049
2025-06-03 14:59:59.999,0.7310585786300049,0.7310585786300049
2025-06-07 18:59:59.999,0.7310585786300049,0.7310585786300049
2025-06-11 22:59:59.999,0.7310585786300049,0.7310585786300049
2025-06-16 02:59:59.999,0.7310585786300049,0.7310585786300049
2025-06-20 06:59:59.999,0.7310585786300049,0.7310585786300049
2025-06-24 10:59:59.999,0.7310585786300049,0.7310585786300049
2025-06-28 14:59:59.999,0.7310585786300049,0.7310585786300049
2025-07-02 18:59:59.999,0.7310585786300049,0.7310585786300049
2025-07-06 22:59:59.999,0.7310585786300049,0.7310585786300049
2025-07-11 02:59:59.999,0.7310585786300049,0.7310585786300049
2025-07-15 06:59:59.999,0.7310585786300049,0.7310585786300049
2025-07-19 10:59:59.999,0.7310585786300049,0.7310585786300049
2025-07-23 14:59:59.999,0.7310585786300049,0.7310585786300049
2025-07-27 18:59:59.999,0.7310585786300049,0.7310585786300049
2025-07-31 22:59:59.999,0.7310585786300049,0.7310585786300049
2025-08-05 02:59:59.999,0.7310585786300049,0.7310585786300049
2025-08-09 06:59:59.999,0.7310585786300049,0.7310585786300049
2025-08-13 10:59:59.999,0.7310585786300049,0.7310585786300049
2025-08-17 14:59:59.999,0.7310585786300049,0.7310585786300049
2025-08-21 18:59:59.999,0.7310585786300049,0.7310585786300049
2025-08-25 22:59:59.999,0.7310585786300049,0.7310585786300049
2025-08-30 02:59:59.999,0.7310585786300049,0.7310585786300049
2025-09-03 06:59:59.999,0.7310585786300049,0.7310585786300049
2025-09-07 10:59:59.999,0.7310585786300049,0.7310585786300049
2025-09-11 14:59:59.999,0.7310585786300049,0.7310585786300049
2025-09-15 18:59:59.999,0.7310585786300049,0.7310585786300049
2025-09-19 22:59:59.999,0.7310585786300049,0.7310585786300049
2025-09-24 02:59:59.999,0.7310585786300049,0.7310585786300049
2025-09-28 06:59:59.999,0.7310585786300049,0.7310585786300049
2025-10-02 10:59:59.999,0.7310585786300049,0.7310585786300049
2025-10-06 14:59:59.999,0.7310585786300049,0.7310585786300049
