time,p_long,p_short
2017-08-17 23:59:59.999,0.5000000000000001,0.7310585786300049
2017-08-19 23:59:59.999,0.5000000000000001,0.7310585786300049
2017-08-21 23:59:59.999,0.5000000000000001,0.7310585786300049
2017-08-23 23:59:59.999,0.5000000000000001,0.7310585786300049
2017-08-25 23:59:59.999,0.5000000000000001,0.7310585786300049
2017-08-27 23:59:59.999,0.5000000000000001,0.7310585786300049
2017-08-29 23:59:59.999,0.5000000000000001,0.7310585786300049
2017-08-31 23:59:59.999,0.5000000000000001,0.7310585786300049
2017-09-02 23:59:59.999,0.5000000000051877,0.7310585786300049
2017-09-04 23:59:59.999,0.5000000061256387,0.7310585551920353
2017-09-06 23:59:59.999,0.5000000000013871,0.7310585786300049
2017-09-08 23:59:59.999,0.5000000002345089,0.7310585786300049
2017-09-10 23:59:59.999,0.500000001537619,0.7310585786300049
2017-09-12 23:59:59.999,0.500000000012099,0.7310585786300049
2017-09-14 23:59:59.999,0.5,0.7310492033391606
2017-09-16 23:59:59.999,0.5,0.7310585083160924
2017-09-18 23:59:59.999,0.5,0.7310585786300049
2017-09-20 23:59:59.999,0.5,0.7310585786300049
2017-09-22 23:59:59.999,0.5,0.731058484878119
2017-09-24 23:59:59.999,0.5,0.7310585317540645
2017-09-26 23:59:59.999,0.5,0.7310585786300049
2017-09-28 23:59:59.999,0.5,0.7310585786300049
2017-09-30 23:59:59.999,0.5000000000001515,0.7310585786300049
2017-10-02 23:59:59.999,0.5000001204028024,0.7310585786300049
2017-10-04 23:59:59.999,0.5000296369907681,0.7310585786300049
2017-10-06 23:59:59.999,0.5002457694592857,0.7310585786300049
2017-10-08 23:59:59.999,0.6137486921366672,0.7310585786300049
2017-10-10 23:59:59.999,0.731058062994377,0.7310585786300049
2017-10-12 23:59:59.999,0.7310585786300049,0.7310585786300049
2017-10-13 23:59:59.999,0.7310585786300049,0.7310585786300049
2017-10-14 23:59:59.999,0.7310585786300049,0.7310585786300049
2017-10-15 23:59:59.999,0.7310585786300049,0.7310585786300049
2017-10-16 23:59:59.999,0.7310585786300049,0.7310585786300049
2017-10-17 23:59:59.999,0.7310585786300049,0.7310585786300049
2017-10-18 23:59:59.999,0.7310585786300049,0.7310585786300049
2017-10-19 23:59:59.999,0.7310585786300049,0.7310585786300049
2017-10-20 23:59:59.999,0.7310585786300049,0.7310585786300049
2017-10-21 23:59:59.999,0.7310585786300049,0.7310585786300049
2017-10-22 23:59:59.999,0.7310585786300049,0.7310585786300049
2017-10-23 23:59:59.999,0.7310585786300049,0.7310585786300049
2017-10-24 23:59:59.999,0.7310585786300049,0.7310585786300049
2017-10-25 23:59:59.999,0.7310585786300049,0.7310585786300049
2017-10-26 23:59:59.999,0.7310585786300049,0.7310585786300049
2017-10-27 23:59:59.999,0.7310585786300049,0.7310585786300049
2017-10-28 23:59:59.999,0.7310585786300049,0.7310585786300049
2017-10-29 23:59:59.999,0.7310585786300049,0.7310585786300049
2017-10-30 23:59:59.999,0.7310585786300049,0.7310585786300049
2017-10-31 23:59:59.999,0.7310585786300049,0.7310585786300049
2017-11-01 23:59:59.999,0.7310585786300049,0.7310585786300049
2017-11-02 23:59:59.999,0.7310585786300049,0.7310585786300049
2017-11-03 23:59:59.999,0.7310585786300049,0.7310585786300049
2017-11-04 23:59:59.999,0.7310585786300049,0.7310585786300049
2017-11-05 23:59:59.999,0.7310585786300049,0.7310585786300049
2017-11-06 23:59:59.999,0.7310585786300049,0.7310585786300049
2017-11-07 23:59:59.999,0.7310585786300049,0.7310585786300049
2017-11-08 23:59:59.999,0.7310585786300049,0.7310585786300049
2017-11-09 23:59:59.999,0.7310585786300049,0.7310585786300049
2017-11-10 23:59:59.999,0.7310585786300049,0.7310585786300049
2017-11-11 23:59:59.999,0.7310585786300049,0.7310585786300049
2017-11-12 23:59:59.999,0.7310585786300049,0.7310585786300049
2017-11-13 23:59:59.999,0.7310585786300049,0.7310585786300049
2017-11-14 23:59:59.999,0.7310585786300049,0.7310585786300049
2017-11-15 23:59:59.999,0.7310585786300049,0.7310585786300049
2017-11-16 23:59:59.999,0.7310585786300049,0.7310585786300049
2017-11-17 23:59:59.999,0.7310585786300049,0.7310585786300049
2017-11-18 23:59:59.999,0.7310585786300049,0.7310585786300049
2017-11-19 23:59:59.999,0.7310585786300049,0.7310585786300049
2017-11-20 23:59:59.999,0.7310585786300049,0.7310585786300049
2017-11-21 23:59:59.999,0.7310585786300049,0.7310585786300049
2017-11-22 23:59:59.999,0.7310585786300049,0.7310585786300049
2017-11-23 23:59:59.999,0.7310585786300049,0.7310585786300049
2017-11-24 23:59:59.999,0.7310585786300049,0.7310585786300049
2017-11-25 23:59:59.999,0.7310585786300049,0.7310585786300049
2017-11-26 23:59:59.999,0.7310585786300049,0.7310585786300049
2017-11-27 23:59:59.999,0.7310585786300049,0.7310585786300049
2017-11-28 23:59:59.999,0.7310585786300049,0.7310585786300049
2017-11-29 23:59:59.999,0.7310585786300049,0.7310585786300049
2017-11-30 23:59:59.999,0.7310585786300049,0.7310585786300049
2017-12-01 23:59:59.999,0.7310585786300049,0.7310585786300049
2017-12-02 23:59:59.999,0.7310585786300049,0.7310585786300049
2017-12-03 23:59:59.999,0.7310585786300049,0.7310585786300049
2017-12-04 23:59:59.999,0.7310585786300049,0.7310585786300049
2017-12-05 23:59:59.999,0.7310585786300049,0.7310585786300049
2017-12-06 23:59:59.999,0.7310585786300049,0.7310585786300049
2017-12-07 23:59:59.999,0.7310585786300049,0.7310585786300049
2017-12-08 23:59:59.999,0.7310585786300049,0.7310585786300049
2017-12-09 23:59:59.999,0.7310585786300049,0.7310585786300049
2017-12-10 23:59:59.999,0.7310585786300049,0.7310585786300049
2017-12-11 23:59:59.999,0.7310585786300049,0.7310585786300049
2017-12-12 23:59:59.999,0.7310585786300049,0.7310585786300049
2017-12-13 23:59:59.999,0.7310585786300049,0.7310585786300049
2017-12-14 23:59:59.999,0.7310585786300049,0.7310585786300049
2017-12-15 23:59:59.999,0.7310585786300049,0.7310585786300049
2017-12-16 23:59:59.999,0.7310585786300049,0.7310585786300049
2017-12-17 23:59:59.999,0.7310585786300049,0.7310585786300049
2017-12-18 23:59:59.999,0.7310585786300049,0.7310585786300049
2017-12-19 23:59:59.999,0.7310585786300049,0.7310585786300049
2017-12-20 23:59:59.999,0.7310585786300049,0.7310585786300049
2017-12-21 23:59:59.999,0.7310585786300049,0.7310585786300049
2017-12-22 23:59:59.999,0.7310585786300049,0.7310585786300049
2017-12-23 23:59:59.999,0.7310585786300049,0.7310585786300049
2017-12-24 23:59:59.999,0.7310585786300049,0.7310585786300049
2017-12-25 23:59:59.999,0.7310585786300049,0.7310585786300049
2017-12-26 23:59:59.999,0.7310585786300049,0.7310585786300049
2017-12-27 23:59:59.999,0.7310585786300049,0.7310585786300049
2017-12-28 23:59:59.999,0.7310585786300049,0.7310585786300049
2017-12-29 23:59:59.999,0.7310585786300049,0.7310585786300049
2017-12-30 23:59:59.999,0.7310585786300049,0.7310585786300049
2017-12-31 23:59:59.999,0.7310585786300049,0.7310585786300049
2018-01-01 23:59:59.999,0.6757846474639989,0.7310585786300049
2018-01-03 23:59:59.999,0.7310585551920353,0.7310585786300049
2018-01-05 23:59:59.999,0.7310585786300049,0.7310585786300049
2018-01-06 23:59:59.999,0.7310585786300049,0.7310585786300049
2018-01-07 23:59:59.999,0.7310585786300049,0.7310585786300049
2018-01-08 23:59:59.999,0.7310585786300049,0.7310585786300049
2018-01-09 23:59:59.999,0.7310585786300049,0.7310585786300049
2018-01-10 23:59:59.999,0.7310585786300049,0.7310585786300049
2018-01-11 23:59:59.999,0.7310585786300049,0.7310585786300049
2018-01-12 23:59:59.999,0.5000571221496346,0.7310585786300049
2018-01-14 23:59:59.999,0.5,0.7310585786300049
2018-01-16 23:59:59.999,0.5,0.7310558363788087
2018-01-18 23:59:59.999,0.5,0.7310316944303807
2018-01-20 23:59:59.999,0.5,0.731058062994377
2018-01-22 23:59:59.999,0.5,0.7310321397796941
2018-01-24 23:59:59.999,0.5,0.7310488048847232
2018-01-26 23:59:59.999,0.5,0.7310450312683159
2018-01-28 23:59:59.999,0.5,0.7310578051763288
2018-01-30 23:59:59.999,0.5,0.731037507374229
2018-02-01 23:59:59.999,0.5,0.7307949839551238
2018-02-03 23:59:59.999,0.5,0.7306329316929006
2018-02-05 23:59:59.999,0.5,0.6820909290279635
2018-02-07 23:59:59.999,0.5,0.7165043303953358
2018-02-09 23:59:59.999,0.5,0.7307362431676134
2018-02-11 23:59:59.999,0.5,0.7306013984120837
2018-02-13 23:59:59.999,0.5,0.7310336633396096
2018-02-15 23:59:59.999,0.5,0.7310585083160924
2018-02-17 23:59:59.999,0.5,0.7310585786300049
2018-02-19 23:59:59.999,0.5,0.7310585786300049
2018-02-21 23:59:59.999,0.5000000000889288,0.7310585786300049
2018-02-23 23:59:59.999,0.5000000000015373,0.7310585786300049
2018-02-25 23:59:59.999,0.5,0.7310585786300049
2018-02-27 23:59:59.999,0.5000000001136132,0.7310585786300049
2018-03-01 23:59:59.999,0.5794567082766041,0.7310585786300049
2018-03-03 23:59:59.999,0.7310585786300049,0.7310585786300049
2018-03-04 23:59:59.999,0.7310585786300049,0.7310585786300049
2018-03-05 23:59:59.999,0.7310585786300049,0.7310585786300049
2018-03-06 23:59:59.999,0.7310585786300049,0.7310585786300049
2018-03-07 23:59:59.999,0.7310585786300049,0.7310585786300049
2018-03-08 23:59:59.999,0.6997019335902226,0.7310585786300049
2018-03-10 23:59:59.999,0.5,0.7310583911262125
2018-03-12 23:59:59.999,0.5,0.7310585083160924
2018-03-14 23:59:59.999,0.5,0.7310568207787076
2018-03-16 23:59:59.999,0.5,0.7310556019975447
2018-03-18 23:59:59.999,0.5,0.7310552738635582
2018-03-20 23:59:59.999,0.5,0.7310584614401443
2018-03-22 23:59:59.999,0.5,0.7310584614401443
2018-03-24 23:59:59.999,0.5,0.7310584380021684
2018-03-26 23:59:59.999,0.5,0.7310578754903574
2018-03-28 23:59:59.999,0.5,0.7310572661017232
2018-03-30 23:59:59.999,0.5,0.7309732207060448
2018-04-01 23:59:59.999,0.5,0.7309336476395097
2018-04-03 23:59:59.999,0.5,0.731055508245003
2018-04-05 23:59:59.999,0.5,0.7310312256411264
2018-04-07 23:59:59.999,0.5,0.7310514299894417
2018-04-09 23:59:59.999,0.5,0.7310526722208504
2018-04-11 23:59:59.999,0.5,0.7310572895397637
2018-04-13 23:59:59.999,0.5,0.7310585786300049
2018-04-15 23:59:59.999,0.5,0.7310585786300049
2018-04-17 23:59:59.999,0.5,0.7310585786300049
2018-04-19 23:59:59.999,0.5000000000180781,0.7310585786300049
2018-04-21 23:59:59.999,0.7310585083160924,0.7310585786300049
2018-04-23 23:59:59.999,0.7310585786300049,0.7310585786300049
2018-04-24 23:59:59.999,0.7310585786300049,0.7310585786300049
2018-04-25 23:59:59.999,0.7310585786300049,0.7310585786300049
2018-04-26 23:59:59.999,0.7310585786300049,0.7310585786300049
2018-04-27 23:59:59.999,0.7310585786300049,0.7310585786300049
2018-04-28 23:59:59.999,0.7310585786300049,0.7310585786300049
2018-04-29 23:59:59.999,0.7310585786300049,0.7310585786300049
2018-04-30 23:59:59.999,0.7310585786300049,0.7310585786300049
2018-05-01 23:59:59.999,0.7310585786300049,0.7310585786300049
2018-05-02 23:59:59.999,0.7310585786300049,0.7310585786300049
2018-05-03 23:59:59.999,0.7310585786300049,0.7310585786300049
2018-05-04 23:59:59.999,0.7310585786300049,0.7310585786300049
2018-05-05 23:59:59.999,0.7310585786300049,0.7310585786300049
2018-05-06 23:59:59.999,0.7310585786300049,0.7310585786300049
2018-05-07 23:59:59.999,0.7310585786300049,0.7310585786300049
2018-05-08 23:59:59.999,0.7310585786300049,0.7310585786300049
2018-05-09 23:59:59.999,0.7310585786300049,0.7310585786300049
2018-05-10 23:59:59.999,0.7310585786300049,0.7310585786300049
2018-05-11 23:59:59.999,0.7310585786300049,0.7310585786300049
2018-05-12 23:59:59.999,0.7310541253926124,0.7310585786300049
2018-05-14 23:59:59.999,0.5000092529571691,0.7310585786300049
2018-05-16 23:59:59.999,0.5000000000000049,0.7310585551920353
2018-05-18 23:59:59.999,0.5,0.7310585551920353
2018-05-20 23:59:59.999,0.5,0.7310585786300049
2018-05-22 23:59:59.999,0.5,0.7310584614401443
2018-05-24 23:59:59.999,0.5,0.7310574536060113
2018-05-26 23:59:59.999,0.5,0.7310532816160645
2018-05-28 23:59:59.999,0.5,0.7310370385913786
2018-05-30 23:59:59.999,0.5,0.7310572426636812
2018-06-01 23:59:59.999,0.5,0.7310582739363003
2018-06-03 23:59:59.999,0.5,0.7310585317540645
2018-06-05 23:59:59.999,0.5,0.7310585317540645
2018-06-07 23:59:59.999,0.5,0.7310585551920353
2018-06-10 23:59:59.999,0.5,0.7310515706195946
2018-06-12 23:59:59.999,0.5,0.7310388902806291
2018-06-14 23:59:59.999,0.5,0.7310555551212763
2018-06-16 23:59:59.999,0.5,0.7310537972574871
2018-06-18 23:59:59.999,0.5,0.7310581333083631
2018-06-20 23:59:59.999,0.5,0.7310583911262125
2018-06-22 23:59:59.999,0.5,0.7310465782207045
2018-06-24 23:59:59.999,0.5,0.7310531409864772
2018-06-26 23:59:59.999,0.5,0.7310540316397452
2018-06-28 23:59:59.999,0.5,0.7310471876246467
2018-06-30 23:59:59.999,0.5,0.7310585317540645
2018-07-02 23:59:59.999,0.5,0.7310585786300049
2018-07-04 23:59:59.999,0.5,0.7310585786300049
2018-07-06 23:59:59.999,0.5,0.7310585786300049
2018-07-08 23:59:59.999,0.5,0.7310585786300049
2018-07-11 23:59:59.999,0.5,0.7310585786300049
2018-07-13 23:59:59.999,0.5,0.7310585317540645
2018-07-15 23:59:59.999,0.5,0.7310585786300049
2018-07-17 23:59:59.999,0.500000000000005,0.7310585786300049
2018-07-19 23:59:59.999,0.6806964052198387,0.7310585786300049
2018-07-21 23:59:59.999,0.7310585786300049,0.7310585786300049
2018-07-22 23:59:59.999,0.7310585786300049,0.7310585786300049
2018-07-23 23:59:59.999,0.7310585786300049,0.7310585786300049
2018-07-24 23:59:59.999,0.7310585786300049,0.7310585786300049
2018-07-25 23:59:59.999,0.7310585786300049,0.7310585786300049
2018-07-26 23:59:59.999,0.7310585786300049,0.7310585786300049
2018-07-27 23:59:59.999,0.7310585786300049,0.7310585786300049
2018-07-28 23:59:59.999,0.7310585786300049,0.7310585786300049
2018-07-29 23:59:59.999,0.7310585786300049,0.7310585786300049
2018-07-30 23:59:59.999,0.7310585786300049,0.7310585786300049
2018-07-31 23:59:59.999,0.7310585786300049,0.7310585786300049
2018-08-01 23:59:59.999,0.7310585786300049,0.7310585786300049
2018-08-02 23:59:59.999,0.7310585786300049,0.7310585786300049
2018-08-03 23:59:59.999,0.7310585786300049,0.7310585786300049
2018-08-04 23:59:59.999,0.7310585786300049,0.7310585786300049
2018-08-05 23:59:59.999,0.7310475157648694,0.7310585786300049
2018-08-07 23:59:59.999,0.5000000007585982,0.731058484878119
2018-08-09 23:59:59.999,0.5,0.7310583442502515
2018-08-11 23:59:59.999,0.5,0.7310571957875938
2018-08-13 23:59:59.999,0.5,0.7310572661017232
2018-08-15 23:59:59.999,0.5,0.7310576645482366
2018-08-17 23:59:59.999,0.5,0.7310585551920353
2018-08-19 23:59:59.999,0.5,0.7310585317540645
2018-08-21 23:59:59.999,0.5,0.7310585551920353
2018-08-23 23:59:59.999,0.5,0.7310585786300049
2018-08-25 23:59:59.999,0.5,0.7310585786300049
2018-08-27 23:59:59.999,0.5,0.7310585786300049
2018-08-29 23:59:59.999,0.5000000000003497,0.7310585786300049
2018-08-31 23:59:59.999,0.5000000151547681,0.7310585786300049
2018-09-02 23:59:59.999,0.5059669756465541,0.7310585786300049
2018-09-04 23:59:59.999,0.730893191630444,0.7310585786300049
2018-09-06 23:59:59.999,0.501447228747768,0.7310585786300049
2018-09-08 23:59:59.999,0.5000000000000285,0.7310583911262125
2018-09-10 23:59:59.999,0.5,0.7310585083160924
2018-09-12 23:59:59.999,0.5,0.7310585317540645
2018-09-14 23:59:59.999,0.5,0.7310585786300049
2018-09-17 23:59:59.999,0.5,0.731058484878119
2018-09-19 23:59:59.999,0.5,0.7310585551920353
2018-09-21 23:59:59.999,0.5,0.7310585786300049
2018-09-23 23:59:59.999,0.5000000000000003,0.7310585786300049
2018-09-26 23:59:59.999,0.5000000000000021,0.7310585786300049
2018-09-28 23:59:59.999,0.500000000000076,0.7310585786300049
2018-09-30 23:59:59.999,0.5000000000008317,0.7310585786300049
2018-10-02 23:59:59.999,0.5000000000033439,0.7310585786300049
2018-10-04 23:59:59.999,0.5000000000004486,0.7310585786300049
2018-10-06 23:59:59.999,0.500000000003458,0.7310585786300049
2018-10-08 23:59:59.999,0.5000000000079022,0.7310585786300049
2018-10-12 23:59:59.999,0.5000000000000636,0.7310585083160924
2018-10-15 23:59:59.999,0.5,0.7310585786300049
2018-10-17 23:59:59.999,0.5000000000015878,0.7310585786300049
2018-10-20 23:59:59.999,0.500000000023677,0.7310585786300049
2018-10-24 23:59:59.999,0.5000000000146354,0.7310585786300049
2018-10-30 23:59:59.999,0.5000000000000392,0.731058484878119
2018-11-01 23:59:59.999,0.5000000000000003,0.7310585786300049
2018-11-05 23:59:59.999,0.5000000000000004,0.7310585786300049
2018-11-08 23:59:59.999,0.5000000000001164,0.7310585786300049
2018-11-13 23:59:59.999,0.5000000000000719,0.7310585786300049
2018-11-15 23:59:59.999,0.5,0.7309927597232786
2018-11-17 23:59:59.999,0.5,0.7307974699109312
2018-11-19 23:59:59.999,0.5,0.7243922503759058
2018-11-21 23:59:59.999,0.5,0.7239494709824132
2018-11-23 23:59:59.999,0.5,0.7175722171611597
2018-11-25 23:59:59.999,0.5,0.7210431162071211
2018-11-27 23:59:59.999,0.5,0.70920828830653
2018-11-29 23:59:59.999,0.5,0.7309787062555427
2018-12-01 23:59:59.999,0.5,0.7310201034645962
2018-12-03 23:59:59.999,0.5,0.7309089946668694
2018-12-05 23:59:59.999,0.5,0.7309134376998423
2018-12-07 23:59:59.999,0.5,0.7302242028808665
2018-12-09 23:59:59.999,0.5,0.7309454050691064
2018-12-11 23:59:59.999,0.5,0.7308261628889668
2018-12-13 23:59:59.999,0.5,0.7308898855798175
2018-12-15 23:59:59.999,0.5,0.7308123853412719
2018-12-17 23:59:59.999,0.5,0.7310569614070787
2018-12-19 23:59:59.999,0.5,0.7310584614401443
2018-12-21 23:59:59.999,0.5,0.7310585786300049
2018-12-23 23:59:59.999,0.5,0.7310585786300049
2018-12-25 23:59:59.999,0.5,0.7310585786300049
2018-12-27 23:59:59.999,0.5,0.7310585317540645
2018-12-29 23:59:59.999,0.5,0.7310585786300049
2018-12-31 23:59:59.999,0.5,0.7310585786300049
2019-01-02 23:59:59.999,0.5,0.7310585786300049
2019-01-04 23:59:59.999,0.5,0.7310585786300049
2019-01-07 23:59:59.999,0.5000000000000763,0.7310585786300049
2019-01-09 23:59:59.999,0.500000000021337,0.7310585786300049
2019-01-11 23:59:59.999,0.5000000000000839,0.7310585551920353
2019-01-13 23:59:59.999,0.5,0.7310585083160924
2019-01-15 23:59:59.999,0.5,0.7310585551920353
2019-01-17 23:59:59.999,0.5,0.7310585786300049
2019-01-20 23:59:59.999,0.5,0.7310585551920353
2019-01-22 23:59:59.999,0.5,0.7310585786300049
2019-01-25 23:59:59.999,0.5,0.7310585786300049
2019-01-27 23:59:59.999,0.5,0.7310585786300049
2019-01-29 23:59:59.999,0.5,0.7310584380021684
2019-01-31 23:59:59.999,0.5,0.7310585083160924
2019-02-02 23:59:59.999,0.5,0.7310585786300049
2019-02-07 23:59:59.999,0.5,0.7310585083160924
2019-02-09 23:59:59.999,0.5000000000000001,0.7310585786300049
2019-02-11 23:59:59.999,0.5000000000001246,0.7310585786300049
2019-02-13 23:59:59.999,0.5000000000041286,0.7310585786300049
2019-02-15 23:59:59.999,0.5000000000111954,0.7310585786300049
2019-02-18 23:59:59.999,0.5000000000097381,0.7310585786300049
2019-02-20 23:59:59.999,0.5000000678734295,0.7310585786300049
2019-02-23 23:59:59.999,0.5007915271935381,0.7310585786300049
2019-02-25 23:59:59.999,0.5456227895435782,0.7310585786300049
2019-02-27 23:59:59.999,0.5011811462611652,0.7310585786300049
2019-03-01 23:59:59.999,0.5000429417485829,0.7310585786300049
2019-03-03 23:59:59.999,0.5000039149431359,0.7310585786300049
2019-03-05 23:59:59.999,0.5000000547751569,0.7310585786300049
2019-03-07 23:59:59.999,0.5000000601877161,0.7310585786300049
2019-03-09 23:59:59.999,0.5000000367603121,0.7310585786300049
2019-03-15 23:59:59.999,0.5000000137193998,0.7310585786300049
2019-03-17 23:59:59.999,0.5000000633327844,0.7310585786300049
2019-03-21 23:59:59.999,0.5000021819098492,0.7310585786300049
2019-03-28 23:59:59.999,0.5000000220780443,0.7310585786300049
2019-03-30 23:59:59.999,0.5000000263590216,0.7310585786300049
2019-04-03 23:59:59.999,0.7304332167726476,0.7310585786300049
2019-04-05 23:59:59.999,0.7310585786300049,0.7310585786300049
2019-04-06 23:59:59.999,0.7310585786300049,0.7310585786300049
2019-04-07 23:59:59.999,0.7310585786300049,0.7310585786300049
2019-04-08 23:59:59.999,0.7310585786300049,0.7310585786300049
2019-04-09 23:59:59.999,0.7310585786300049,0.7310585786300049
2019-04-10 23:59:59.999,0.7310585786300049,0.7310585786300049
2019-04-11 23:59:59.999,0.7310585786300049,0.7310585786300049
2019-04-12 23:59:59.999,0.7310585786300049,0.7310585786300049
2019-04-13 23:59:59.999,0.7310585786300049,0.7310585786300049
2019-04-14 23:59:59.999,0.7310585786300049,0.7310585786300049
2019-04-15 23:59:59.999,0.7310585786300049,0.7310585786300049
2019-04-16 23:59:59.999,0.7310585786300049,0.7310585786300049
2019-04-17 23:59:59.999,0.7310585786300049,0.7310585786300049
2019-04-18 23:59:59.999,0.7310585786300049,0.7310585786300049
2019-04-19 23:59:59.999,0.7310585786300049,0.7310585786300049
2019-04-20 23:59:59.999,0.7310585786300049,0.7310585786300049
2019-04-21 23:59:59.999,0.7310585786300049,0.7310585786300049
2019-04-22 23:59:59.999,0.7310585786300049,0.7310585786300049
2019-04-23 23:59:59.999,0.7310585786300049,0.7310585786300049
2019-04-24 23:59:59.999,0.7310585786300049,0.7310585786300049
2019-04-25 23:59:59.999,0.7310585786300049,0.7310585786300049
2019-04-26 23:59:59.999,0.7310585786300049,0.7310585786300049
2019-04-27 23:59:59.999,0.7310585786300049,0.7310585786300049
2019-04-28 23:59:59.999,0.7310585786300049,0.7310585786300049
2019-04-29 23:59:59.999,0.7310585786300049,0.7310585786300049
2019-04-30 23:59:59.999,0.7310585551920353,0.7310585786300049
2019-05-02 23:59:59.999,0.7310582270603264,0.7310585786300049
2019-05-04 23:59:59.999,0.7310585786300049,0.7310585786300049
2019-05-05 23:59:59.999,0.7310585786300049,0.7310585786300049
2019-05-06 23:59:59.999,0.7310585786300049,0.7310585786300049
2019-05-07 23:59:59.999,0.7310585786300049,0.7310585786300049
2019-05-08 23:59:59.999,0.7310585786300049,0.7310585786300049
2019-05-09 23:59:59.999,0.7310585786300049,0.7310585786300049
2019-05-10 23:59:59.999,0.7310585786300049,0.7310585786300049
2019-05-11 23:59:59.999,0.7310585786300049,0.7310585786300049
2019-05-12 23:59:59.999,0.7310585786300049,0.7310585786300049
2019-05-13 23:59:59.999,0.7310585786300049,0.7310585786300049
2019-05-14 23:59:59.999,0.7310585786300049,0.7310585786300049
2019-05-15 23:59:59.999,0.7310585786300049,0.7310585786300049
2019-05-16 23:59:59.999,0.7310585786300049,0.7310585786300049
2019-05-17 23:59:59.999,0.7310585786300049,0.7310585786300049
2019-05-18 23:59:59.999,0.7310585786300049,0.7310585786300049
2019-05-19 23:59:59.999,0.7310585786300049,0.7310585786300049
2019-05-20 23:59:59.999,0.7310585786300049,0.7310585786300049
2019-05-21 23:59:59.999,0.7310585786300049,0.7310585786300049
2019-05-22 23:59:59.999,0.7310585786300049,0.7310585786300049
2019-05-23 23:59:59.999,0.7310585786300049,0.7310585786300049
2019-05-24 23:59:59.999,0.7310585786300049,0.7310585786300049
2019-05-25 23:59:59.999,0.7310585786300049,0.7310585786300049
2019-05-26 23:59:59.999,0.7310585786300049,0.7310585786300049
2019-05-27 23:59:59.999,0.7310585786300049,0.7310585786300049
2019-05-28 23:59:59.999,0.7310585786300049,0.7310585786300049
2019-05-29 23:59:59.999,0.7310585786300049,0.7310585786300049
2019-05-30 23:59:59.999,0.7310585786300049,0.7310585786300049
2019-05-31 23:59:59.999,0.7310585786300049,0.7310585786300049
2019-06-01 23:59:59.999,0.7310585786300049,0.7310585786300049
2019-06-02 23:59:59.999,0.7310585786300049,0.7310585786300049
2019-06-03 23:59:59.999,0.7310585786300049,0.7310585786300049
2019-06-04 23:59:59.999,0.7310585786300049,0.7310585786300049
2019-06-05 23:59:59.999,0.7310585786300049,0.7310585786300049
2019-06-06 23:59:59.999,0.7310585786300049,0.7310585786300049
2019-06-07 23:59:59.999,0.7310585786300049,0.7310585786300049
2019-06-08 23:59:59.999,0.7310585786300049,0.7310585786300049
2019-06-09 23:59:59.999,0.7310585786300049,0.7310585786300049
2019-06-10 23:59:59.999,0.7310585786300049,0.7310585786300049
2019-06-11 23:59:59.999,0.7310585786300049,0.7310585786300049
2019-06-12 23:59:59.999,0.7310585551920353,0.7310585786300049
2019-06-14 23:59:59.999,0.7310585786300049,0.7310585786300049
2019-06-15 23:59:59.999,0.7310585786300049,0.7310585786300049
2019-06-16 23:59:59.999,0.7310585786300049,0.7310585786300049
2019-06-17 23:59:59.999,0.7310585786300049,0.7310585786300049
2019-06-18 23:59:59.999,0.7310585786300049,0.7310585786300049
2019-06-19 23:59:59.999,0.7310585786300049,0.7310585786300049
2019-06-20 23:59:59.999,0.7310585786300049,0.7310585786300049
2019-06-21 23:59:59.999,0.7310585786300049,0.7310585786300049
2019-06-22 23:59:59.999,0.7310585786300049,0.7310585786300049
2019-06-23 23:59:59.999,0.7310585786300049,0.7310585786300049
2019-06-24 23:59:59.999,0.7310585786300049,0.7310585786300049
2019-06-25 23:59:59.999,0.7310585786300049,0.7310585786300049
2019-06-26 23:59:59.999,0.7310585786300049,0.7310585786300049
2019-06-27 23:59:59.999,0.7310585786300049,0.7310585786300049
2019-06-28 23:59:59.999,0.7310585786300049,0.7310585786300049
2019-06-29 23:59:59.999,0.7310585786300049,0.7310585786300049
2019-06-30 23:59:59.999,0.7310585786300049,0.7310585786300049
2019-07-01 23:59:59.999,0.7310585786300049,0.7310585786300049
2019-07-02 23:59:59.999,0.7310585786300049,0.7310585786300049
2019-07-03 23:59:59.999,0.7310585786300049,0.7310585786300049
2019-07-04 23:59:59.999,0.7310585786300049,0.7310585786300049
2019-07-05 23:59:59.999,0.7310585786300049,0.7310585786300049
2019-07-06 23:59:59.999,0.7310585786300049,0.7310585786300049
2019-07-07 23:59:59.999,0.7310585786300049,0.7310585786300049
2019-07-08 23:59:59.999,0.7310585786300049,0.7310585786300049
2019-07-09 23:59:59.999,0.7310585786300049,0.7310585786300049
2019-07-10 23:59:59.999,0.7310585786300049,0.7310585786300049
2019-07-11 23:59:59.999,0.7310585786300049,0.7310585786300049
2019-07-12 23:59:59.999,0.7310585786300049,0.7310585786300049
2019-07-13 23:59:59.999,0.7310585786300049,0.7310585786300049
2019-07-14 23:59:59.999,0.7310585786300049,0.7310585786300049
2019-07-15 23:59:59.999,0.7310585786300049,0.7310585786300049
2019-07-16 23:59:59.999,0.7310585786300049,0.7310585786300049
2019-07-17 23:59:59.999,0.5000032094969811,0.7310585786300049
2019-07-19 23:59:59.999,0.5000000000065506,0.7310585786300049
2019-07-21 23:59:59.999,0.5000000000004106,0.7310585786300049
2019-07-23 23:59:59.999,0.5,0.7310585551920353
2019-07-25 23:59:59.999,0.5,0.7310585551920353
2019-07-27 23:59:59.999,0.5,0.731058484878119
2019-07-29 23:59:59.999,0.5,0.7310584614401443
2019-07-31 23:59:59.999,0.5,0.7310585786300049
2019-08-02 23:59:59.999,0.5,0.7310585786300049
2019-08-04 23:59:59.999,0.5000000000000001,0.7310585786300049
2019-08-06 23:59:59.999,0.7310585786300049,0.7310585786300049
2019-08-07 23:59:59.999,0.7310585786300049,0.7310585786300049
2019-08-08 23:59:59.999,0.7310585786300049,0.7310585786300049
2019-08-09 23:59:59.999,0.7310585786300049,0.7310585786300049
2019-08-10 23:59:59.999,0.7310585786300049,0.7310585786300049
2019-08-11 23:59:59.999,0.7310585786300049,0.7310585786300049
2019-08-12 23:59:59.999,0.7310585786300049,0.7310585786300049
2019-08-13 23:59:59.999,0.7310585786300049,0.7310585786300049
2019-08-14 23:59:59.999,0.7310585786300049,0.7310585786300049
2019-08-15 23:59:59.999,0.7301134152185612,0.7310585786300049
2019-08-17 23:59:59.999,0.5000000000078695,0.7310585786300049
2019-08-19 23:59:59.999,0.5000000000000057,0.7310585786300049
2019-08-21 23:59:59.999,0.5,0.7310585786300049
2019-08-23 23:59:59.999,0.5,0.7310585786300049
2019-08-25 23:59:59.999,0.5,0.7310585551920353
2019-08-27 23:59:59.999,0.5,0.7310585786300049
2019-08-29 23:59:59.999,0.5,0.7310582270603264
2019-08-31 23:59:59.999,0.5,0.7310582973742854
2019-09-02 23:59:59.999,0.5,0.7310585786300049
2019-09-04 23:59:59.999,0.5,0.7310585786300049
2019-09-06 23:59:59.999,0.5,0.7310585786300049
2019-09-08 23:59:59.999,0.5000000000000006,0.7310585786300049
2019-09-10 23:59:59.999,0.5000000000000003,0.7310585786300049
2019-09-12 23:59:59.999,0.5000000000000004,0.7310585786300049
2019-09-15 23:59:59.999,0.5000000000000961,0.7310585786300049
2019-09-17 23:59:59.999,0.5000000000000276,0.7310585786300049
2019-09-20 23:59:59.999,0.5000000000000018,0.7310585786300049
2019-09-23 23:59:59.999,0.5,0.7310583911262125
2019-09-25 23:59:59.999,0.5,0.7308145194246225
2019-09-27 23:59:59.999,0.5,0.730363474662526
2019-09-29 23:59:59.999,0.5,0.7293623015714915
2019-10-01 23:59:59.999,0.5,0.7309286304122019
2019-10-03 23:59:59.999,0.5,0.7309546771500101
2019-10-07 23:59:59.999,0.5,0.7310488986387421
2019-10-09 23:59:59.999,0.5,0.7310584380021684
2019-10-11 23:59:59.999,0.5,0.7310579458043746
2019-10-13 23:59:59.999,0.5,0.7310582036223375
2019-10-16 23:59:59.999,0.5,0.7310569614070787
2019-10-18 23:59:59.999,0.5,0.7310571254734527
2019-10-20 23:59:59.999,0.5,0.7310585317540645
2019-10-24 23:59:59.999,0.5,0.7310453125328048
2019-10-26 23:59:59.999,0.5,0.7310585786300049
2019-10-28 23:59:59.999,0.5000004658389798,0.7310585786300049
2019-10-30 23:59:59.999,0.7310583442502515,0.7310585786300049
2019-11-01 23:59:59.999,0.7310585786300049,0.7310585786300049
2019-11-02 23:59:59.999,0.7310585786300049,0.7310585786300049
2019-11-03 23:59:59.999,0.7310585786300049,0.7310585786300049
2019-11-04 23:59:59.999,0.7310585786300049,0.7310585786300049
2019-11-05 23:59:59.999,0.7310585786300049,0.7310585786300049
2019-11-06 23:59:59.999,0.7310585786300049,0.7310585786300049
2019-11-07 23:59:59.999,0.7310585786300049,0.7310585786300049
2019-11-08 23:59:59.999,0.7310585786300049,0.7310585786300049
2019-11-09 23:59:59.999,0.7310585786300049,0.7310585786300049
2019-11-10 23:59:59.999,0.7310572895397637,0.7310585786300049
2019-11-12 23:59:59.999,0.539516619629178,0.7310585786300049
2019-11-16 23:59:59.999,0.5000000000000301,0.7310585551920353
2019-11-18 23:59:59.999,0.5,0.7310584145641912
2019-11-21 23:59:59.999,0.5,0.7310494142854764
2019-11-23 23:59:59.999,0.5,0.730998549757674
2019-11-25 23:59:59.999,0.5,0.7309992061128778
2019-11-27 23:59:59.999,0.5,0.7310574301679797
2019-11-29 23:59:59.999,0.5,0.7310585083160924
2019-12-01 23:59:59.999,0.5,0.731058062994377
2019-12-03 23:59:59.999,0.5,0.7310577348622885
2019-12-05 23:59:59.999,0.5,0.7310583911262125
2019-12-07 23:59:59.999,0.5,0.7310585317540645
2019-12-09 23:59:59.999,0.5,0.7310584614401443
2019-12-13 23:59:59.999,0.5,0.7310584380021684
2019-12-15 23:59:59.999,0.5,0.7310582504983141
2019-12-17 23:59:59.999,0.5,0.7310441405962075
2019-12-19 23:59:59.999,0.5,0.7310585551920353
2019-12-23 23:59:59.999,0.5,0.7310585786300049
2019-12-25 23:59:59.999,0.5,0.7310585786300049
2019-12-27 23:59:59.999,0.5,0.7310585786300049
2019-12-29 23:59:59.999,0.5,0.7310585786300049
2019-12-31 23:59:59.999,0.5,0.7310585786300049
2020-01-03 23:59:59.999,0.5,0.7310585786300049
2020-01-06 23:59:59.999,0.5000000000006989,0.7310585786300049
2020-01-08 23:59:59.999,0.6736805450844663,0.7310585786300049
2020-01-10 23:59:59.999,0.7310585317540645,0.7310585786300049
2020-01-12 23:59:59.999,0.7310585786300049,0.7310585786300049
2020-01-13 23:59:59.999,0.7310585786300049,0.7310585786300049
2020-01-14 23:59:59.999,0.7310585786300049,0.7310585786300049
2020-01-15 23:59:59.999,0.7310585786300049,0.7310585786300049
2020-01-16 23:59:59.999,0.7310585786300049,0.7310585786300049
2020-01-17 23:59:59.999,0.7310585786300049,0.7310585786300049
2020-01-18 23:59:59.999,0.7310585786300049,0.7310585786300049
2020-01-19 23:59:59.999,0.7310585786300049,0.7310585786300049
2020-01-20 23:59:59.999,0.7310585786300049,0.7310585786300049
2020-01-21 23:59:59.999,0.7310585786300049,0.7310585786300049
2020-01-22 23:59:59.999,0.7310585786300049,0.7310585786300049
2020-01-23 23:59:59.999,0.7310585786300049,0.7310585786300049
2020-01-24 23:59:59.999,0.7310585786300049,0.7310585786300049
2020-01-25 23:59:59.999,0.7310585786300049,0.7310585786300049
2020-01-26 23:59:59.999,0.7310585786300049,0.7310585786300049
2020-01-27 23:59:59.999,0.7310585786300049,0.7310585786300049
2020-01-28 23:59:59.999,0.7310585786300049,0.7310585786300049
2020-01-29 23:59:59.999,0.7310585786300049,0.7310585786300049
2020-01-30 23:59:59.999,0.7310585786300049,0.7310585786300049
2020-01-31 23:59:59.999,0.7310585786300049,0.7310585786300049
2020-02-01 23:59:59.999,0.7310585786300049,0.7310585786300049
2020-02-02 23:59:59.999,0.7310585786300049,0.7310585786300049
2020-02-03 23:59:59.999,0.7310585786300049,0.7310585786300049
2020-02-04 23:59:59.999,0.7310585786300049,0.7310585786300049
2020-02-05 23:59:59.999,0.7310585786300049,0.7310585786300049
2020-02-06 23:59:59.999,0.7310585786300049,0.7310585786300049
2020-02-07 23:59:59.999,0.7310585786300049,0.7310585786300049
2020-02-08 23:59:59.999,0.7310585786300049,0.7310585786300049
2020-02-09 23:59:59.999,0.7310585786300049,0.7310585786300049
2020-02-10 23:59:59.999,0.7310585786300049,0.7310585786300049
2020-02-11 23:59:59.999,0.7310585786300049,0.7310585786300049
2020-02-12 23:59:59.999,0.7310585786300049,0.7310585786300049
2020-02-13 23:59:59.999,0.7310585786300049,0.7310585786300049
2020-02-14 23:59:59.999,0.7310585786300049,0.7310585786300049
2020-02-15 23:59:59.999,0.7310585786300049,0.7310585786300049
2020-02-16 23:59:59.999,0.7310585786300049,0.7310585786300049
2020-02-17 23:59:59.999,0.7310585786300049,0.7310585786300049
2020-02-18 23:59:59.999,0.7310585786300049,0.7310585786300049
2020-02-19 23:59:59.999,0.7310585786300049,0.7310585786300049
2020-02-20 23:59:59.999,0.7310585786300049,0.7310585786300049
2020-02-21 23:59:59.999,0.7310585786300049,0.7310585786300049
2020-02-22 23:59:59.999,0.7310585786300049,0.7310585786300049
2020-02-23 23:59:59.999,0.7310585786300049,0.7310585786300049
2020-02-24 23:59:59.999,0.7310585786300049,0.7310585786300049
2020-02-25 23:59:59.999,0.7309918455001215,0.7310585786300049
2020-02-27 23:59:59.999,0.5000000000000634,0.7310585083160924
2020-02-29 23:59:59.999,0.5,0.7310578989283645
2020-03-02 23:59:59.999,0.5,0.7310585551920353
2020-03-06 23:59:59.999,0.5,0.7310585786300049
2020-03-08 23:59:59.999,0.5,0.7310565160837441
2020-03-10 23:59:59.999,0.5,0.7310512893592424
2020-03-12 23:59:59.999,0.5,0.7003787993506562
2020-03-14 23:59:59.999,0.5,0.7230476019922276
2020-03-16 23:59:59.999,0.5,0.7141672258608248
2020-03-18 23:59:59.999,0.5,0.7275610840683713
2020-03-20 23:59:59.999,0.5,0.7310297489515997
2020-03-22 23:59:59.999,0.5,0.7310122978436274
2020-03-24 23:59:59.999,0.5,0.7310583676882327
2020-03-26 23:59:59.999,0.5,0.7310585083160924
2020-03-28 23:59:59.999,0.5,0.7310582739363003
2020-03-30 23:59:59.999,0.5,0.7310585083160924
2020-04-01 23:59:59.999,0.5,0.7310585786300049
2020-04-03 23:59:59.999,0.5,0.7310585786300049
2020-04-05 23:59:59.999,0.5,0.7310585786300049
2020-04-07 23:59:59.999,0.5000000000000001,0.7310585786300049
2020-04-09 23:59:59.999,0.5000004075006927,0.7310585786300049
2020-04-11 23:59:59.999,0.500000120861813,0.7310585786300049
2020-04-13 23:59:59.999,0.5000000071256401,0.7310585786300049
2020-04-15 23:59:59.999,0.5000000000211535,0.7310585786300049
2020-04-17 23:59:59.999,0.500000002770606,0.7310585786300049
2020-04-19 23:59:59.999,0.5000202058836184,0.7310585786300049
2020-04-21 23:59:59.999,0.5000000514274561,0.7310585786300049
2020-04-23 23:59:59.999,0.5003114916214076,0.7310585786300049
2020-04-25 23:59:59.999,0.731016024869697,0.7310585786300049
2020-04-27 23:59:59.999,0.7310585786300049,0.7310585786300049
2020-04-28 23:59:59.999,0.7310585786300049,0.7310585786300049
2020-04-29 23:59:59.999,0.7310585786300049,0.7310585786300049
2020-04-30 23:59:59.999,0.7310585786300049,0.7310585786300049
2020-05-01 23:59:59.999,0.7310585786300049,0.7310585786300049
2020-05-02 23:59:59.999,0.7310585786300049,0.7310585786300049
2020-05-03 23:59:59.999,0.7310585786300049,0.7310585786300049
2020-05-04 23:59:59.999,0.7310585786300049,0.7310585786300049
2020-05-05 23:59:59.999,0.7310585786300049,0.7310585786300049
2020-05-06 23:59:59.999,0.7310585786300049,0.7310585786300049
2020-05-07 23:59:59.999,0.7310585786300049,0.7310585786300049
2020-05-08 23:59:59.999,0.7310585786300049,0.7310585786300049
2020-05-09 23:59:59.999,0.7310585786300049,0.7310585786300049
2020-05-10 23:59:59.999,0.7310585786300049,0.7310585786300049
2020-05-11 23:59:59.999,0.7310585786300049,0.7310585786300049
2020-05-12 23:59:59.999,0.7310585786300049,0.7310585786300049
2020-05-13 23:59:59.999,0.7310585786300049,0.7310585786300049
2020-05-14 23:59:59.999,0.7310585786300049,0.7310585786300049
2020-05-15 23:59:59.999,0.7310585786300049,0.7310585786300049
2020-05-16 23:59:59.999,0.7310585786300049,0.7310585786300049
2020-05-17 23:59:59.999,0.7310585786300049,0.7310585786300049
2020-05-18 23:59:59.999,0.7310585786300049,0.7310585786300049
2020-05-19 23:59:59.999,0.7310585786300049,0.7310585786300049
2020-05-20 23:59:59.999,0.7310585786300049,0.7310585786300049
2020-05-21 23:59:59.999,0.7310585786300049,0.7310585786300049
2020-05-22 23:59:59.999,0.7310585786300049,0.7310585786300049
2020-05-23 23:59:59.999,0.7310585786300049,0.7310585786300049
2020-05-24 23:59:59.999,0.7310585786300049,0.7310585786300049
2020-05-25 23:59:59.999,0.7310585786300049,0.7310585786300049
2020-05-26 23:59:59.999,0.7310585786300049,0.7310585786300049
2020-05-27 23:59:59.999,0.7310585551920353,0.7310585786300049
2020-05-29 23:59:59.999,0.7310585786300049,0.7310585786300049
2020-05-30 23:59:59.999,0.7310585786300049,0.7310585786300049
2020-05-31 23:59:59.999,0.7310585786300049,0.7310585786300049
2020-06-01 23:59:59.999,0.7310585786300049,0.7310585786300049
2020-06-02 23:59:59.999,0.7310585786300049,0.7310585786300049
2020-06-03 23:59:59.999,0.7310585786300049,0.7310585786300049
2020-06-04 23:59:59.999,0.7310585786300049,0.7310585786300049
2020-06-05 23:59:59.999,0.7310585786300049,0.7310585786300049
2020-06-06 23:59:59.999,0.7310585786300049,0.7310585786300049
2020-06-07 23:59:59.999,0.7310585786300049,0.7310585786300049
2020-06-08 23:59:59.999,0.7310585786300049,0.7310585786300049
2020-06-09 23:59:59.999,0.7310585786300049,0.7310585786300049
2020-06-10 23:59:59.999,0.7310585786300049,0.7310585786300049
2020-06-11 23:59:59.999,0.7310585786300049,0.7310585786300049
2020-06-12 23:59:59.999,0.7310585551920353,0.7310585786300049
2020-06-14 23:59:59.999,0.7221990845888544,0.7310585786300049
2020-06-16 23:59:59.999,0.5019852861739457,0.7310585786300049
2020-06-18 23:59:59.999,0.5000067334576666,0.7310585786300049
2020-06-20 23:59:59.999,0.5000000023103714,0.7310585786300049
2020-06-23 23:59:59.999,0.500000017017106,0.7310585786300049
2020-06-25 23:59:59.999,0.5000000000363911,0.7310585786300049
2020-06-27 23:59:59.999,0.5000000000000003,0.7310585551920353
2020-06-29 23:59:59.999,0.5,0.7310585786300049
2020-07-02 23:59:59.999,0.5,0.7310585551920353
2020-07-06 23:59:59.999,0.5,0.7310585786300049
2020-07-09 23:59:59.999,0.5000000000000007,0.7310585786300049
2020-07-11 23:59:59.999,0.5000000000000049,0.7310585786300049
2020-07-15 23:59:59.999,0.5000000000000444,0.7310585786300049
2020-07-19 23:59:59.999,0.5000000000000017,0.7310585786300049
2020-07-22 23:59:59.999,0.5000000000004626,0.7310585786300049
2020-07-24 23:59:59.999,0.5000000436931842,0.7310585786300049
2020-07-26 23:59:59.999,0.5053032766556472,0.7310585786300049
2020-07-28 23:59:59.999,0.7310585786300049,0.7310585786300049
2020-07-29 23:59:59.999,0.7310585786300049,0.7310585786300049
2020-07-30 23:59:59.999,0.7310585786300049,0.7310585786300049
2020-07-31 23:59:59.999,0.7310585786300049,0.7310585786300049
2020-08-01 23:59:59.999,0.7310585786300049,0.7310585786300049
2020-08-02 23:59:59.999,0.7310585786300049,0.7310585786300049
2020-08-03 23:59:59.999,0.7310585786300049,0.7310585786300049
2020-08-04 23:59:59.999,0.7310585786300049,0.7310585786300049
2020-08-05 23:59:59.999,0.7310585786300049,0.7310585786300049
2020-08-06 23:59:59.999,0.7310585786300049,0.7310585786300049
2020-08-07 23:59:59.999,0.7310585786300049,0.7310585786300049
2020-08-08 23:59:59.999,0.7310585786300049,0.7310585786300049
2020-08-09 23:59:59.999,0.7310585786300049,0.7310585786300049
2020-08-10 23:59:59.999,0.7310585786300049,0.7310585786300049
2020-08-11 23:59:59.999,0.7310585786300049,0.7310585786300049
2020-08-12 23:59:59.999,0.7310585786300049,0.7310585786300049
2020-08-13 23:59:59.999,0.7310585786300049,0.7310585786300049
2020-08-14 23:59:59.999,0.7310585786300049,0.7310585786300049
2020-08-15 23:59:59.999,0.7310585786300049,0.7310585786300049
2020-08-16 23:59:59.999,0.7310585786300049,0.7310585786300049
2020-08-17 23:59:59.999,0.7310585786300049,0.7310585786300049
2020-08-18 23:59:59.999,0.7310585786300049,0.7310585786300049
2020-08-19 23:59:59.999,0.7310585786300049,0.7310585786300049
2020-08-20 23:59:59.999,0.7310585786300049,0.7310585786300049
2020-08-21 23:59:59.999,0.7310585786300049,0.7310585786300049
2020-08-22 23:59:59.999,0.7310585786300049,0.7310585786300049
2020-08-23 23:59:59.999,0.7310585786300049,0.7310585786300049
2020-08-24 23:59:59.999,0.7310585786300049,0.7310585786300049
2020-08-25 23:59:59.999,0.7310585786300049,0.7310585786300049
2020-08-26 23:59:59.999,0.7310585786300049,0.7310585786300049
2020-08-27 23:59:59.999,0.7310585786300049,0.7310585786300049
2020-08-28 23:59:59.999,0.7310578051763288,0.7310585786300049
2020-08-31 23:59:59.999,0.7306936571932676,0.7310585786300049
2020-09-02 23:59:59.999,0.7303819617730669,0.7310585786300049
2020-09-04 23:59:59.999,0.5,0.7310584614401443
2020-09-06 23:59:59.999,0.5,0.7310581333083631
2020-09-08 23:59:59.999,0.5,0.7310576411102168
2020-09-10 23:59:59.999,0.5,0.7310583208122692
2020-09-12 23:59:59.999,0.5,0.7310584614401443
2020-09-15 23:59:59.999,0.5,0.7310585786300049
2020-09-17 23:59:59.999,0.5,0.7310585786300049
2020-09-19 23:59:59.999,0.5,0.7310585786300049
2020-09-21 23:59:59.999,0.5,0.7310585551920353
2020-09-25 23:59:59.999,0.5,0.7310585786300049
2020-09-29 23:59:59.999,0.5,0.7310585786300049
2020-10-02 23:59:59.999,0.5,0.7310585786300049
2020-10-06 23:59:59.999,0.5000000000000002,0.7310585786300049
2020-10-09 23:59:59.999,0.5000000000037608,0.7310585786300049
2020-10-11 23:59:59.999,0.5008506267856215,0.7310585786300049
2020-10-13 23:59:59.999,0.7310578520523492,0.7310585786300049
2020-10-15 23:59:59.999,0.7310585786300049,0.7310585786300049
2020-10-16 23:59:59.999,0.7310585786300049,0.7310585786300049
2020-10-17 23:59:59.999,0.7310585786300049,0.7310585786300049
2020-10-18 23:59:59.999,0.7310585786300049,0.7310585786300049
2020-10-19 23:59:59.999,0.7310585786300049,0.7310585786300049
2020-10-20 23:59:59.999,0.7310585786300049,0.7310585786300049
2020-10-21 23:59:59.999,0.7310585786300049,0.7310585786300049
2020-10-22 23:59:59.999,0.7310585786300049,0.7310585786300049
2020-10-23 23:59:59.999,0.7310585786300049,0.7310585786300049
2020-10-24 23:59:59.999,0.7310585786300049,0.7310585786300049
2020-10-25 23:59:59.999,0.7310585786300049,0.7310585786300049
2020-10-26 23:59:59.999,0.7310585786300049,0.7310585786300049
2020-10-27 23:59:59.999,0.7310585786300049,0.7310585786300049
2020-10-28 23:59:59.999,0.7310585786300049,0.7310585786300049
2020-10-29 23:59:59.999,0.7310585786300049,0.7310585786300049
2020-10-30 23:59:59.999,0.7310585786300049,0.7310585786300049
2020-10-31 23:59:59.999,0.7310585786300049,0.7310585786300049
2020-11-01 23:59:59.999,0.7310585786300049,0.7310585786300049
2020-11-02 23:59:59.999,0.7310585786300049,0.7310585786300049
2020-11-03 23:59:59.999,0.7310585786300049,0.7310585786300049
2020-11-04 23:59:59.999,0.7310585786300049,0.7310585786300049
2020-11-05 23:59:59.999,0.7310585786300049,0.7310585786300049
2020-11-06 23:59:59.999,0.7310585786300049,0.7310585786300049
2020-11-07 23:59:59.999,0.7310585786300049,0.7310585786300049
2020-11-08 23:59:59.999,0.7310585786300049,0.7310585786300049
2020-11-09 23:59:59.999,0.7310585786300049,0.7310585786300049
2020-11-10 23:59:59.999,0.7310585786300049,0.7310585786300049
2020-11-11 23:59:59.999,0.7310585786300049,0.7310585786300049
2020-11-12 23:59:59.999,0.7310585786300049,0.7310585786300049
2020-11-13 23:59:59.999,0.7310585786300049,0.7310585786300049
2020-11-14 23:59:59.999,0.7310585786300049,0.7310585786300049
2020-11-15 23:59:59.999,0.7310585786300049,0.7310585786300049
2020-11-16 23:59:59.999,0.7310585786300049,0.7310585786300049
2020-11-17 23:59:59.999,0.7310585786300049,0.7310585786300049
2020-11-18 23:59:59.999,0.7310585786300049,0.7310585786300049
2020-11-19 23:59:59.999,0.7310585786300049,0.7310585786300049
2020-11-20 23:59:59.999,0.7310585786300049,0.7310585786300049
2020-11-21 23:59:59.999,0.7310585786300049,0.7310585786300049
2020-11-22 23:59:59.999,0.7310585786300049,0.7310585786300049
2020-11-23 23:59:59.999,0.7310585786300049,0.7310585786300049
2020-11-24 23:59:59.999,0.7310585786300049,0.7310585786300049
2020-11-25 23:59:59.999,0.7310585786300049,0.7310585786300049
2020-11-26 23:59:59.999,0.7310585786300049,0.7310585786300049
2020-11-27 23:59:59.999,0.7310585786300049,0.7310585786300049
2020-11-28 23:59:59.999,0.7310585786300049,0.7310585786300049
2020-11-29 23:59:59.999,0.7310585786300049,0.7310585786300049
2020-11-30 23:59:59.999,0.7310585786300049,0.7310585786300049
2020-12-01 23:59:59.999,0.7310585786300049,0.7310585786300049
2020-12-02 23:59:59.999,0.7310585786300049,0.7310585786300049
2020-12-03 23:59:59.999,0.7310585786300049,0.7310585786300049
2020-12-04 23:59:59.999,0.7310585786300049,0.7310585786300049
2020-12-05 23:59:59.999,0.7310585786300049,0.7310585786300049
2020-12-06 23:59:59.999,0.7310585786300049,0.7310585786300049
2020-12-07 23:59:59.999,0.7310585786300049,0.7310585786300049
2020-12-08 23:59:59.999,0.7310585786300049,0.7310585786300049
2020-12-09 23:59:59.999,0.7310585786300049,0.7310585786300049
2020-12-10 23:59:59.999,0.7310585786300049,0.7310585786300049
2020-12-11 23:59:59.999,0.7310585786300049,0.7310585786300049
2020-12-12 23:59:59.999,0.7310585786300049,0.7310585786300049
2020-12-13 23:59:59.999,0.7310585786300049,0.7310585786300049
2020-12-14 23:59:59.999,0.7310585786300049,0.7310585786300049
2020-12-15 23:59:59.999,0.7310585786300049,0.7310585786300049
2020-12-16 23:59:59.999,0.7310585786300049,0.7310585786300049
2020-12-17 23:59:59.999,0.7310585786300049,0.7310585786300049
2020-12-18 23:59:59.999,0.7310585786300049,0.7310585786300049
2020-12-19 23:59:59.999,0.7310585786300049,0.7310585786300049
2020-12-20 23:59:59.999,0.7310585786300049,0.7310585786300049
2020-12-21 23:59:59.999,0.7310585786300049,0.7310585786300049
2020-12-22 23:59:59.999,0.7310585786300049,0.7310585786300049
2020-12-23 23:59:59.999,0.7310585786300049,0.7310585786300049
2020-12-24 23:59:59.999,0.7310585786300049,0.7310585786300049
2020-12-25 23:59:59.999,0.7310585786300049,0.7310585786300049
2020-12-26 23:59:59.999,0.7310585786300049,0.7310585786300049
2020-12-27 23:59:59.999,0.7310585786300049,0.7310585786300049
2020-12-28 23:59:59.999,0.7310585786300049,0.7310585786300049
2020-12-29 23:59:59.999,0.7310585786300049,0.7310585786300049
2020-12-30 23:59:59.999,0.7310585786300049,0.7310585786300049
2020-12-31 23:59:59.999,0.7310585786300049,0.7310585786300049
2021-01-01 23:59:59.999,0.7310585786300049,0.7310585786300049
2021-01-02 23:59:59.999,0.7310585786300049,0.7310585786300049
2021-01-03 23:59:59.999,0.7310585786300049,0.7310585786300049
2021-01-04 23:59:59.999,0.7310585786300049,0.7310585786300049
2021-01-05 23:59:59.999,0.7310585786300049,0.7310585786300049
2021-01-06 23:59:59.999,0.7310585786300049,0.7310585786300049
2021-01-07 23:59:59.999,0.7310585786300049,0.7310585786300049
2021-01-08 23:59:59.999,0.7310585786300049,0.7310585786300049
2021-01-09 23:59:59.999,0.7310585786300049,0.7310585786300049
2021-01-10 23:59:59.999,0.7310585786300049,0.7310585786300049
2021-01-11 23:59:59.999,0.7310585786300049,0.7310585786300049
2021-01-12 23:59:59.999,0.7310585786300049,0.7310585786300049
2021-01-13 23:59:59.999,0.7310585786300049,0.7310585786300049
2021-01-14 23:59:59.999,0.7310585786300049,0.7310585786300049
2021-01-15 23:59:59.999,0.7310585786300049,0.7310585786300049
2021-01-16 23:59:59.999,0.7310585786300049,0.7310585786300049
2021-01-17 23:59:59.999,0.7310585786300049,0.7310585786300049
2021-01-18 23:59:59.999,0.7310585786300049,0.7310585786300049
2021-01-19 23:59:59.999,0.7310585786300049,0.7310585786300049
2021-01-20 23:59:59.999,0.7310585786300049,0.7310585786300049
2021-01-21 23:59:59.999,0.7310585786300049,0.7310585786300049
2021-01-22 23:59:59.999,0.7310585786300049,0.7310585786300049
2021-01-23 23:59:59.999,0.7310585786300049,0.7310585786300049
2021-01-24 23:59:59.999,0.7310585786300049,0.7310585786300049
2021-01-25 23:59:59.999,0.7310585786300049,0.7310585786300049
2021-01-26 23:59:59.999,0.7310585786300049,0.7310585786300049
2021-01-27 23:59:59.999,0.7310585786300049,0.7310585786300049
2021-01-28 23:59:59.999,0.7310585786300049,0.7310585786300049
2021-01-29 23:59:59.999,0.7310585786300049,0.7310585786300049
2021-01-30 23:59:59.999,0.7310585786300049,0.7310585786300049
2021-01-31 23:59:59.999,0.7310585786300049,0.7310585786300049
2021-02-01 23:59:59.999,0.7310585786300049,0.7310585786300049
2021-02-02 23:59:59.999,0.7310585786300049,0.7310585786300049
2021-02-03 23:59:59.999,0.7310585786300049,0.7310585786300049
2021-02-04 23:59:59.999,0.7310585786300049,0.7310585786300049
2021-02-05 23:59:59.999,0.7310585786300049,0.7310585786300049
2021-02-06 23:59:59.999,0.7310585786300049,0.7310585786300049
2021-02-07 23:59:59.999,0.7310585786300049,0.7310585786300049
2021-02-08 23:59:59.999,0.7310585786300049,0.7310585786300049
2021-02-09 23:59:59.999,0.7310585786300049,0.7310585786300049
2021-02-10 23:59:59.999,0.7310585786300049,0.7310585786300049
2021-02-11 23:59:59.999,0.7310585786300049,0.7310585786300049
2021-02-12 23:59:59.999,0.7310585786300049,0.7310585786300049
2021-02-13 23:59:59.999,0.7310585786300049,0.7310585786300049
2021-02-14 23:59:59.999,0.7310585786300049,0.7310585786300049
2021-02-15 23:59:59.999,0.7310585786300049,0.7310585786300049
2021-02-16 23:59:59.999,0.7310585786300049,0.7310585786300049
2021-02-17 23:59:59.999,0.7310585786300049,0.7310585786300049
2021-02-18 23:59:59.999,0.7310585786300049,0.7310585786300049
2021-02-19 23:59:59.999,0.7310585786300049,0.7310585786300049
2021-02-20 23:59:59.999,0.7310585786300049,0.7310585786300049
2021-02-21 23:59:59.999,0.7310585786300049,0.7310585786300049
2021-02-22 23:59:59.999,0.7310585786300049,0.7310585786300049
2021-02-23 23:59:59.999,0.7310585786300049,0.7310585786300049
2021-02-24 23:59:59.999,0.7310585786300049,0.7310585786300049
2021-02-25 23:59:59.999,0.7310585786300049,0.7310585786300049
2021-02-26 23:59:59.999,0.7310585786300049,0.7310585786300049
2021-02-27 23:59:59.999,0.7310585786300049,0.7310585786300049
2021-02-28 23:59:59.999,0.7310585786300049,0.7310585786300049
2021-03-01 23:59:59.999,0.7310585786300049,0.7310585786300049
2021-03-02 23:59:59.999,0.7310585786300049,0.7310585786300049
2021-03-03 23:59:59.999,0.7310585786300049,0.7310585786300049
2021-03-04 23:59:59.999,0.7310585786300049,0.7310585786300049
2021-03-05 23:59:59.999,0.7310585786300049,0.7310585786300049
2021-03-06 23:59:59.999,0.7310585786300049,0.7310585786300049
2021-03-07 23:59:59.999,0.7310585786300049,0.7310585786300049
2021-03-08 23:59:59.999,0.7310585786300049,0.7310585786300049
2021-03-09 23:59:59.999,0.7310585786300049,0.7310585786300049
2021-03-10 23:59:59.999,0.7310585786300049,0.7310585786300049
2021-03-11 23:59:59.999,0.7310585786300049,0.7310585786300049
2021-03-12 23:59:59.999,0.7310585786300049,0.7310585786300049
2021-03-13 23:59:59.999,0.7310585786300049,0.7310585786300049
2021-03-14 23:59:59.999,0.7310585786300049,0.7310585786300049
2021-03-15 23:59:59.999,0.7310585786300049,0.7310585786300049
2021-03-16 23:59:59.999,0.7310585786300049,0.7310585786300049
2021-03-17 23:59:59.999,0.7310585786300049,0.7310585786300049
2021-03-18 23:59:59.999,0.7310585786300049,0.7310585786300049
2021-03-19 23:59:59.999,0.7310585786300049,0.7310585786300049
2021-03-20 23:59:59.999,0.7310585786300049,0.7310585786300049
2021-03-21 23:59:59.999,0.7310585786300049,0.7310585786300049
2021-03-22 23:59:59.999,0.7310585786300049,0.7310585786300049
2021-03-23 23:59:59.999,0.7310585786300049,0.7310585786300049
2021-03-24 23:59:59.999,0.7310585786300049,0.7310585786300049
2021-03-25 23:59:59.999,0.7310585786300049,0.7310585786300049
2021-03-26 23:59:59.999,0.7310585786300049,0.7310585786300049
2021-03-27 23:59:59.999,0.7310585786300049,0.7310585786300049
2021-03-28 23:59:59.999,0.7310585786300049,0.7310585786300049
2021-03-29 23:59:59.999,0.7310585786300049,0.7310585786300049
2021-03-30 23:59:59.999,0.7310585786300049,0.7310585786300049
2021-03-31 23:59:59.999,0.7310585786300049,0.7310585786300049
2021-04-01 23:59:59.999,0.7310585786300049,0.7310585786300049
2021-04-02 23:59:59.999,0.7310585786300049,0.7310585786300049
2021-04-03 23:59:59.999,0.7310585786300049,0.7310585786300049
2021-04-04 23:59:59.999,0.7310585786300049,0.7310585786300049
2021-04-05 23:59:59.999,0.7310585786300049,0.7310585786300049
2021-04-06 23:59:59.999,0.7310585786300049,0.7310585786300049
2021-04-07 23:59:59.999,0.7310585786300049,0.7310585786300049
2021-04-08 23:59:59.999,0.7310585786300049,0.7310585786300049
2021-04-09 23:59:59.999,0.7310585786300049,0.7310585786300049
2021-04-10 23:59:59.999,0.7310585786300049,0.7310585786300049
2021-04-11 23:59:59.999,0.7310585786300049,0.7310585786300049
2021-04-12 23:59:59.999,0.7310585786300049,0.7310585786300049
2021-04-13 23:59:59.999,0.7310585786300049,0.7310585786300049
2021-04-14 23:59:59.999,0.7310585786300049,0.7310585786300049
2021-04-15 23:59:59.999,0.7310585786300049,0.7310585786300049
2021-04-16 23:59:59.999,0.7310585786300049,0.7310585786300049
2021-04-17 23:59:59.999,0.7310585786300049,0.7310585786300049
2021-04-18 23:59:59.999,0.7310585786300049,0.7310585786300049
2021-04-19 23:59:59.999,0.7310585786300049,0.7310585786300049
2021-04-20 23:59:59.999,0.7310585786300049,0.7310585786300049
2021-04-21 23:59:59.999,0.7261207824212514,0.7310585551920353
2021-04-23 23:59:59.999,0.5,0.7309177282892722
2021-04-25 23:59:59.999,0.5,0.6247804406943647
2021-04-27 23:59:59.999,0.5,0.73102995990756
2021-04-29 23:59:59.999,0.5,0.7310277097052573
2021-05-01 23:59:59.999,0.5,0.7310585786300049
2021-05-03 23:59:59.999,0.5,0.7310585786300049
2021-05-05 23:59:59.999,0.5,0.7310585786300049
2021-05-07 23:59:59.999,0.5000000000000464,0.7310585786300049
2021-05-09 23:59:59.999,0.7310585786300049,0.7310585786300049
2021-05-10 23:59:59.999,0.7310585786300049,0.7310585786300049
2021-05-11 23:59:59.999,0.7310585786300049,0.7310585786300049
2021-05-12 23:59:59.999,0.5,0.7310578286143397
2021-05-14 23:59:59.999,0.5,0.7309058059708359
2021-05-16 23:59:59.999,0.5,0.5622490243329369
2021-05-18 23:59:59.999,0.5,0.5000157860285929
2021-05-20 23:59:59.999,0.5,0.5000000272637326
2021-05-22 23:59:59.999,0.5,0.5000000000577681
2021-05-24 23:59:59.999,0.5,0.5000000000885152
2021-05-26 23:59:59.999,0.5,0.5000000012340466
2021-05-28 23:59:59.999,0.5,0.500000000422122
2021-05-30 23:59:59.999,0.5,0.5000000007066113
2021-06-01 23:59:59.999,0.5,0.5000000534830278
2021-06-03 23:59:59.999,0.5,0.5000714656921126
2021-06-05 23:59:59.999,0.5,0.5000272920151203
2021-06-07 23:59:59.999,0.5,0.5000120421400401
2021-06-09 23:59:59.999,0.5,0.5059207392217414
2021-06-11 23:59:59.999,0.5,0.6277415606577867
2021-06-13 23:59:59.999,0.5,0.7301073430285546
2021-06-15 23:59:59.999,0.5,0.7310570317212467
2021-06-17 23:59:59.999,0.5,0.7310567973406412
2021-06-19 23:59:59.999,0.5,0.7310030152972042
2021-06-21 23:59:59.999,0.5,0.7171700340892451
2021-06-23 23:59:59.999,0.5,0.7248891644630518
2021-06-25 23:59:59.999,0.5,0.6957168199852314
2021-06-27 23:59:59.999,0.5,0.7303825721275248
2021-06-29 23:59:59.999,0.5,0.731045570358423
2021-07-01 23:59:59.999,0.5,0.7310138917958781
2021-07-03 23:59:59.999,0.5,0.7310542660218743
2021-07-05 23:59:59.999,0.5,0.7310547347857451
2021-07-07 23:59:59.999,0.5,0.7310568207787076
2021-07-09 23:59:59.999,0.5,0.7310571020354032
2021-07-11 23:59:59.999,0.5,0.7310582270603264
2021-07-13 23:59:59.999,0.5,0.7310554613687243
2021-07-15 23:59:59.999,0.5,0.7310429217787221
2021-07-17 23:59:59.999,0.5,0.7310016322742214
2021-07-19 23:59:59.999,0.5,0.7308612203417401
2021-07-21 23:59:59.999,0.5,0.7310486408151405
2021-07-23 23:59:59.999,0.5,0.731058484878119
2021-07-25 23:59:59.999,0.5,0.7310585786300049
2021-07-27 23:59:59.999,0.7310585786300049,0.7310585786300049
2021-07-28 23:59:59.999,0.7310585786300049,0.7310585786300049
2021-07-29 23:59:59.999,0.7310585786300049,0.7310585786300049
2021-07-30 23:59:59.999,0.7310585786300049,0.7310585786300049
2021-07-31 23:59:59.999,0.7310585786300049,0.7310585786300049
2021-08-01 23:59:59.999,0.7310585786300049,0.7310585786300049
2021-08-02 23:59:59.999,0.7310585786300049,0.7310585786300049
2021-08-03 23:59:59.999,0.7310585786300049,0.7310585786300049
2021-08-04 23:59:59.999,0.7310585786300049,0.7310585786300049
2021-08-05 23:59:59.999,0.7310585786300049,0.7310585786300049
2021-08-06 23:59:59.999,0.7310585786300049,0.7310585786300049
2021-08-07 23:59:59.999,0.7310585786300049,0.7310585786300049
2021-08-08 23:59:59.999,0.7310585786300049,0.7310585786300049
2021-08-09 23:59:59.999,0.7310585786300049,0.7310585786300049
2021-08-10 23:59:59.999,0.7310585786300049,0.7310585786300049
2021-08-11 23:59:59.999,0.7310585786300049,0.7310585786300049
2021-08-12 23:59:59.999,0.7310585786300049,0.7310585786300049
2021-08-13 23:59:59.999,0.7310585786300049,0.7310585786300049
2021-08-14 23:59:59.999,0.7310585786300049,0.7310585786300049
2021-08-15 23:59:59.999,0.7310585786300049,0.7310585786300049
2021-08-16 23:59:59.999,0.7310585786300049,0.7310585786300049
2021-08-17 23:59:59.999,0.7310585786300049,0.7310585786300049
2021-08-18 23:59:59.999,0.7310585786300049,0.7310585786300049
2021-08-19 23:59:59.999,0.7310585786300049,0.7310585786300049
2021-08-20 23:59:59.999,0.7310585786300049,0.7310585786300049
2021-08-21 23:59:59.999,0.7310585786300049,0.7310585786300049
2021-08-22 23:59:59.999,0.7310585786300049,0.7310585786300049
2021-08-23 23:59:59.999,0.7310585786300049,0.7310585786300049
2021-08-24 23:59:59.999,0.7310585786300049,0.7310585786300049
2021-08-25 23:59:59.999,0.7310585786300049,0.7310585786300049
2021-08-26 23:59:59.999,0.7310585786300049,0.7310585786300049
2021-08-27 23:59:59.999,0.7310585786300049,0.7310585786300049
2021-08-28 23:59:59.999,0.7310585786300049,0.7310585786300049
2021-08-29 23:59:59.999,0.7310585786300049,0.7310585786300049
2021-08-30 23:59:59.999,0.7310585786300049,0.7310585786300049
2021-08-31 23:59:59.999,0.7310585786300049,0.7310585786300049
2021-09-01 23:59:59.999,0.7310585786300049,0.7310585786300049
2021-09-02 23:59:59.999,0.7310585786300049,0.7310585786300049
2021-09-03 23:59:59.999,0.7310585786300049,0.7310585786300049
2021-09-04 23:59:59.999,0.7310585786300049,0.7310585786300049
2021-09-05 23:59:59.999,0.7310585786300049,0.7310585786300049
2021-09-06 23:59:59.999,0.7310585786300049,0.7310585786300049
2021-09-07 23:59:59.999,0.7310585786300049,0.7310585786300049
2021-09-08 23:59:59.999,0.7310585786300049,0.7310585786300049
2021-09-09 23:59:59.999,0.7310585786300049,0.7310585786300049
2021-09-10 23:59:59.999,0.7310585786300049,0.7310585786300049
2021-09-11 23:59:59.999,0.7310585786300049,0.7310585786300049
2021-09-12 23:59:59.999,0.7310585786300049,0.7310585786300049
2021-09-13 23:59:59.999,0.5000000000001028,0.7310585786300049
2021-09-15 23:59:59.999,0.6320666942874036,0.7310585786300049
2021-09-17 23:59:59.999,0.7310583676882327,0.7310585786300049
2021-09-19 23:59:59.999,0.7310585786300049,0.7310585786300049
2021-09-20 23:59:59.999,0.5,0.7310584380021684
2021-09-22 23:59:59.999,0.5,0.7310563988933154
2021-09-24 23:59:59.999,0.5,0.7310504924539015
2021-09-26 23:59:59.999,0.5,0.7310428045845491
2021-09-28 23:59:59.999,0.5,0.7304378642771453
2021-09-30 23:59:59.999,0.5,0.731047234501837
2021-10-02 23:59:59.999,0.5,0.7310585786300049
2021-10-04 23:59:59.999,0.7310585786300049,0.7310585786300049
2021-10-05 23:59:59.999,0.7310585786300049,0.7310585786300049
2021-10-06 23:59:59.999,0.7310585786300049,0.7310585786300049
2021-10-07 23:59:59.999,0.7310585786300049,0.7310585786300049
2021-10-08 23:59:59.999,0.7310585786300049,0.7310585786300049
2021-10-09 23:59:59.999,0.7310585786300049,0.7310585786300049
2021-10-10 23:59:59.999,0.7310585786300049,0.7310585786300049
2021-10-11 23:59:59.999,0.7310585786300049,0.7310585786300049
2021-10-12 23:59:59.999,0.7310585786300049,0.7310585786300049
2021-10-13 23:59:59.999,0.7310585786300049,0.7310585786300049
2021-10-14 23:59:59.999,0.7310585786300049,0.7310585786300049
2021-10-15 23:59:59.999,0.7310585786300049,0.7310585786300049
2021-10-16 23:59:59.999,0.7310585786300049,0.7310585786300049
2021-10-17 23:59:59.999,0.7310585786300049,0.7310585786300049
2021-10-18 23:59:59.999,0.7310585786300049,0.7310585786300049
2021-10-19 23:59:59.999,0.7310585786300049,0.7310585786300049
2021-10-20 23:59:59.999,0.7310585786300049,0.7310585786300049
2021-10-21 23:59:59.999,0.7310585786300049,0.7310585786300049
2021-10-22 23:59:59.999,0.7310585786300049,0.7310585786300049
2021-10-23 23:59:59.999,0.7310585786300049,0.7310585786300049
2021-10-24 23:59:59.999,0.7310585786300049,0.7310585786300049
2021-10-25 23:59:59.999,0.7310585786300049,0.7310585786300049
2021-10-26 23:59:59.999,0.7310585786300049,0.7310585786300049
2021-10-27 23:59:59.999,0.7310585786300049,0.7310585786300049
2021-10-28 23:59:59.999,0.7310585786300049,0.7310585786300049
2021-10-29 23:59:59.999,0.7310585786300049,0.7310585786300049
2021-10-30 23:59:59.999,0.7310585786300049,0.7310585786300049
2021-10-31 23:59:59.999,0.7310585786300049,0.7310585786300049
2021-11-01 23:59:59.999,0.7310585786300049,0.7310585786300049
2021-11-02 23:59:59.999,0.7310585786300049,0.7310585786300049
2021-11-03 23:59:59.999,0.7310585786300049,0.7310585786300049
2021-11-04 23:59:59.999,0.7310585786300049,0.7310585786300049
2021-11-05 23:59:59.999,0.7310585786300049,0.7310585786300049
2021-11-06 23:59:59.999,0.7310585786300049,0.7310585786300049
2021-11-07 23:59:59.999,0.7310585786300049,0.7310585786300049
2021-11-08 23:59:59.999,0.7310585786300049,0.7310585786300049
2021-11-09 23:59:59.999,0.7310585786300049,0.7310585786300049
2021-11-10 23:59:59.999,0.7310585786300049,0.7310585786300049
2021-11-11 23:59:59.999,0.7310585786300049,0.7310585786300049
2021-11-12 23:59:59.999,0.7310585786300049,0.7310585786300049
2021-11-13 23:59:59.999,0.7310585786300049,0.7310585786300049
2021-11-14 23:59:59.999,0.7310585786300049,0.7310585786300049
2021-11-15 23:59:59.999,0.7310585786300049,0.7310585786300049
2021-11-16 23:59:59.999,0.7310585786300049,0.7310585786300049
2021-11-17 23:59:59.999,0.7310585786300049,0.7310585786300049
2021-11-18 23:59:59.999,0.7310585786300049,0.7310585786300049
2021-11-19 23:59:59.999,0.5000000036865166,0.7310585551920353
2021-11-21 23:59:59.999,0.5,0.7310585083160924
2021-11-23 23:59:59.999,0.5,0.7310548051002812
2021-11-25 23:59:59.999,0.5,0.7310570551593002
2021-11-27 23:59:59.999,0.5,0.7295250587289247
2021-11-29 23:59:59.999,0.5,0.7310322804162226
2021-12-01 23:59:59.999,0.5,0.7310379527174586
2021-12-03 23:59:59.999,0.5,0.7294967606293036
2021-12-05 23:59:59.999,0.5,0.5058088329303111
2021-12-07 23:59:59.999,0.5,0.5034917477044589
2021-12-09 23:59:59.999,0.5,0.5000589662774468
2021-12-11 23:59:59.999,0.5,0.5003197121696678
2021-12-13 23:59:59.999,0.5,0.5000753795533202
2021-12-15 23:59:59.999,0.5,0.5033834900655034
2021-12-18 23:59:59.999,0.5,0.5012150118659052
2021-12-20 23:59:59.999,0.5,0.5039453195195901
2021-12-22 23:59:59.999,0.5,0.6918280468907768
2021-12-24 23:59:59.999,0.5,0.7310308740488468
2021-12-26 23:59:59.999,0.5,0.7310573832919128
2021-12-28 23:59:59.999,0.5,0.7310297489515997
2021-12-30 23:59:59.999,0.5,0.7309194749922598
2022-01-01 23:59:59.999,0.5,0.7310052421891734
2022-01-03 23:59:59.999,0.5,0.7308261159874324
2022-01-05 23:59:59.999,0.5,0.7033705183093584
2022-01-07 23:59:59.999,0.5,0.5145702840620453
2022-01-09 23:59:59.999,0.5,0.5043755984474859
2022-01-11 23:59:59.999,0.5,0.5273361323040802
2022-01-13 23:59:59.999,0.5,0.6282335790750635
2022-01-15 23:59:59.999,0.5,0.7160986108566978
2022-01-17 23:59:59.999,0.5,0.7121781602125123
2022-01-19 23:59:59.999,0.5,0.7089893124313078
2022-01-21 23:59:59.999,0.5,0.5008360298591902
2022-01-23 23:59:59.999,0.5,0.5000844650922923
2022-01-25 23:59:59.999,0.5,0.500208512809613
2022-01-27 23:59:59.999,0.5,0.5007484044412766
2022-01-29 23:59:59.999,0.5,0.5460068375650305
2022-01-31 23:59:59.999,0.5,0.6988806414127708
2022-02-02 23:59:59.999,0.5,0.676909033451353
2022-02-04 23:59:59.999,0.5,0.7310578520523492
2022-02-06 23:59:59.999,0.5,0.7310585786300049
2022-02-08 23:59:59.999,0.5019481744748922,0.7310585786300049
2022-02-10 23:59:59.999,0.7310585786300049,0.7310585786300049
2022-02-11 23:59:59.999,0.7310585786300049,0.7310585786300049
2022-02-12 23:59:59.999,0.7310585786300049,0.7310585786300049
2022-02-13 23:59:59.999,0.7310585786300049,0.7310585786300049
2022-02-14 23:59:59.999,0.7310585786300049,0.7310585786300049
2022-02-15 23:59:59.999,0.7310585786300049,0.7310585786300049
2022-02-16 23:59:59.999,0.7310585786300049,0.7310585786300049
2022-02-17 23:59:59.999,0.7310585786300049,0.7310585786300049
2022-02-18 23:59:59.999,0.7310585786300049,0.7310585786300049
2022-02-19 23:59:59.999,0.7310585786300049,0.7310585786300049
2022-02-20 23:59:59.999,0.5,0.7310584614401443
2022-02-22 23:59:59.999,0.5,0.7310567739025735
2022-02-24 23:59:59.999,0.5,0.7310535628750998
2022-02-26 23:59:59.999,0.5,0.7310577114242726
2022-02-28 23:59:59.999,0.5,0.7310585786300049
2022-03-02 23:59:59.999,0.7310585786300049,0.7310585786300049
2022-03-03 23:59:59.999,0.7310585786300049,0.7310585786300049
2022-03-04 23:59:59.999,0.7310585317540645,0.7310585786300049
2022-03-06 23:59:59.999,0.5,0.7310585551920353
2022-03-08 23:59:59.999,0.5,0.731058484878119
2022-03-10 23:59:59.999,0.5,0.7310585786300049
2022-03-12 23:59:59.999,0.5,0.7310585317540645
2022-03-14 23:59:59.999,0.5,0.7310585551920353
2022-03-16 23:59:59.999,0.5,0.7310585786300049
2022-03-18 23:59:59.999,0.5000000001944859,0.7310585786300049
2022-03-20 23:59:59.999,0.7310585786300049,0.7310585786300049
2022-03-21 23:59:59.999,0.7310585786300049,0.7310585786300049
2022-03-22 23:59:59.999,0.7310585786300049,0.7310585786300049
2022-03-23 23:59:59.999,0.7310585786300049,0.7310585786300049
2022-03-24 23:59:59.999,0.7310585786300049,0.7310585786300049
2022-03-25 23:59:59.999,0.7310585786300049,0.7310585786300049
2022-03-26 23:59:59.999,0.7310585786300049,0.7310585786300049
2022-03-27 23:59:59.999,0.7310585786300049,0.7310585786300049
2022-03-28 23:59:59.999,0.7310585786300049,0.7310585786300049
2022-03-29 23:59:59.999,0.7310585786300049,0.7310585786300049
2022-03-30 23:59:59.999,0.7310585786300049,0.7310585786300049
2022-03-31 23:59:59.999,0.7310585786300049,0.7310585786300049
2022-04-01 23:59:59.999,0.7310585786300049,0.7310585786300049
2022-04-02 23:59:59.999,0.7310585786300049,0.7310585786300049
2022-04-03 23:59:59.999,0.7310585786300049,0.7310585786300049
2022-04-04 23:59:59.999,0.7310585786300049,0.7310585786300049
2022-04-05 23:59:59.999,0.7310585786300049,0.7310585786300049
2022-04-06 23:59:59.999,0.7310585786300049,0.7310585786300049
2022-04-07 23:59:59.999,0.7310585786300049,0.7310585786300049
2022-04-08 23:59:59.999,0.7310585786300049,0.7310585786300049
2022-04-09 23:59:59.999,0.7310585786300049,0.7310585786300049
2022-04-10 23:59:59.999,0.7310585786300049,0.7310585786300049
2022-04-11 23:59:59.999,0.5,0.7310582036223375
2022-04-13 23:59:59.999,0.5,0.7310583208122692
2022-04-15 23:59:59.999,0.5,0.7310562817028545
2022-04-17 23:59:59.999,0.5,0.7310355619220239
2022-04-19 23:59:59.999,0.5,0.7310581333083631
2022-04-21 23:59:59.999,0.5,0.7310571254734527
2022-04-23 23:59:59.999,0.5,0.7310431561669711
2022-04-25 23:59:59.999,0.5,0.731056984845136
2022-04-27 23:59:59.999,0.5,0.731046273518406
2022-04-29 23:59:59.999,0.5,0.7310361947809463
2022-05-01 23:59:59.999,0.5,0.7310284832136409
2022-05-03 23:59:59.999,0.5,0.7309642537902324
2022-05-05 23:59:59.999,0.5,0.7309387468636995
2022-05-07 23:59:59.999,0.5,0.7286110177919657
2022-05-09 23:59:59.999,0.5,0.5026567819545893
2022-05-11 23:59:59.999,0.5,0.5000552892195194
2022-05-13 23:59:59.999,0.5,0.5000058568266466
2022-05-15 23:59:59.999,0.5,0.5005029097715396
2022-05-17 23:59:59.999,0.5,0.5007958471806228
2022-05-19 23:59:59.999,0.5,0.5046257574922078
2022-05-21 23:59:59.999,0.5,0.5062406659180303
2022-05-23 23:59:59.999,0.5,0.532106032650119
2022-05-25 23:59:59.999,0.5,0.6481997911157321
2022-05-27 23:59:59.999,0.5,0.638491443269889
2022-05-29 23:59:59.999,0.5,0.7248666862416306
2022-05-31 23:59:59.999,0.5,0.7310563051409493
2022-06-02 23:59:59.999,0.5,0.7310541253926124
2022-06-04 23:59:59.999,0.5,0.7310536331898294
2022-06-06 23:59:59.999,0.5,0.7310585083160924
2022-06-08 23:59:59.999,0.5,0.7310584145641912
2022-06-10 23:59:59.999,0.5,0.7310573364158408
2022-06-12 23:59:59.999,0.5,0.7307682355604934
2022-06-14 23:59:59.999,0.5,0.5083649744107903
2022-06-16 23:59:59.999,0.5,0.500071310648735
2022-06-18 23:59:59.999,0.5,0.5000008180428495
2022-06-20 23:59:59.999,0.5,0.5000124029893388
2022-06-22 23:59:59.999,0.5,0.5000120385930108
2022-06-24 23:59:59.999,0.5,0.5010874049357789
2022-06-26 23:59:59.999,0.5,0.507811750685585
2022-06-28 23:59:59.999,0.5,0.5098218966001599
2022-06-30 23:59:59.999,0.5,0.5151504702346227
2022-07-02 23:59:59.999,0.5,0.5095351576664517
2022-07-04 23:59:59.999,0.5,0.6862736562734706
2022-07-06 23:59:59.999,0.5,0.728551753503835
2022-07-08 23:59:59.999,0.5,0.7310505627691386
2022-07-10 23:59:59.999,0.5,0.7310498830546925
2022-07-12 23:59:59.999,0.5,0.7308156216393107
2022-07-14 23:59:59.999,0.5,0.7310562582647585
2022-07-16 23:59:59.999,0.5,0.731058484878119
2022-07-18 23:59:59.999,0.5,0.7310585786300049
2022-07-20 23:59:59.999,0.5000000000000157,0.7310585786300049
2022-07-22 23:59:59.999,0.7310585786300049,0.7310585786300049
2022-07-23 23:59:59.999,0.7310585786300049,0.7310585786300049
2022-07-24 23:59:59.999,0.7310585786300049,0.7310585786300049
2022-07-25 23:59:59.999,0.7310585786300049,0.7310585786300049
2022-07-26 23:59:59.999,0.5972993314253645,0.7310585786300049
2022-07-28 23:59:59.999,0.7310585786300049,0.7310585786300049
2022-07-29 23:59:59.999,0.7310585786300049,0.7310585786300049
2022-07-30 23:59:59.999,0.7310585786300049,0.7310585786300049
2022-07-31 23:59:59.999,0.7310585786300049,0.7310585786300049
2022-08-01 23:59:59.999,0.7310585786300049,0.7310585786300049
2022-08-02 23:59:59.999,0.7310585786300049,0.7310585786300049
2022-08-03 23:59:59.999,0.7310585786300049,0.7310585786300049
2022-08-04 23:59:59.999,0.7310585786300049,0.7310585786300049
2022-08-05 23:59:59.999,0.7310585786300049,0.7310585786300049
2022-08-06 23:59:59.999,0.7310585786300049,0.7310585786300049
2022-08-07 23:59:59.999,0.7310585786300049,0.7310585786300049
2022-08-08 23:59:59.999,0.7310585786300049,0.7310585786300049
2022-08-09 23:59:59.999,0.7310585786300049,0.7310585786300049
2022-08-10 23:59:59.999,0.7310585786300049,0.7310585786300049
2022-08-11 23:59:59.999,0.7310585786300049,0.7310585786300049
2022-08-12 23:59:59.999,0.7310585786300049,0.7310585786300049
2022-08-13 23:59:59.999,0.7310585786300049,0.7310585786300049
2022-08-14 23:59:59.999,0.7310585786300049,0.7310585786300049
2022-08-15 23:59:59.999,0.7310585786300049,0.7310585786300049
2022-08-16 23:59:59.999,0.7310585786300049,0.7310585786300049
2022-08-17 23:59:59.999,0.7310585786300049,0.7310585786300049
2022-08-18 23:59:59.999,0.7310585786300049,0.7310585786300049
2022-08-19 23:59:59.999,0.7309738536576713,0.7310583442502515
2022-08-21 23:59:59.999,0.5,0.7310584380021684
2022-08-23 23:59:59.999,0.5,0.7310582270603264
2022-08-25 23:59:59.999,0.5,0.7310581801843474
2022-08-27 23:59:59.999,0.5,0.7309918455001215
2022-08-29 23:59:59.999,0.5,0.7310361713417437
2022-08-31 23:59:59.999,0.5,0.7310232209849141
2022-09-02 23:59:59.999,0.5,0.7310222130673096
2022-09-05 23:59:59.999,0.5,0.7310279206622287
2022-09-07 23:59:59.999,0.5,0.7310041873470615
2022-09-09 23:59:59.999,0.5,0.7310585786300049
2022-09-11 23:59:59.999,0.5,0.7310585786300049
2022-09-13 23:59:59.999,0.5,0.7310585551920353
2022-09-15 23:59:59.999,0.5,0.7310585083160924
2022-09-17 23:59:59.999,0.5,0.7310585551920353
2022-09-19 23:59:59.999,0.5,0.7310583911262125
2022-09-21 23:59:59.999,0.5,0.731052367522916
2022-09-23 23:59:59.999,0.5,0.7310582739363003
2022-09-26 23:59:59.999,0.5,0.7310583442502515
2022-09-28 23:59:59.999,0.5,0.7310585083160924
2022-09-30 23:59:59.999,0.5,0.7310585551920353
2022-10-04 23:59:59.999,0.5,0.7310585786300049
2022-10-06 23:59:59.999,0.5,0.7310585786300049
2022-10-08 23:59:59.999,0.5,0.7310585786300049
2022-10-11 23:59:59.999,0.5,0.7310585551920353
2022-10-14 23:59:59.999,0.5,0.7310585551920353
2022-10-17 23:59:59.999,0.5,0.7310585786300049
2022-10-21 23:59:59.999,0.5,0.7310585786300049
2022-10-24 23:59:59.999,0.5,0.7310585786300049
2022-10-26 23:59:59.999,0.500046826855259,0.7310585786300049
2022-10-28 23:59:59.999,0.7310585786300049,0.7310585786300049
2022-10-29 23:59:59.999,0.7310585786300049,0.7310585786300049
2022-10-30 23:59:59.999,0.7310585786300049,0.7310585786300049
2022-10-31 23:59:59.999,0.7310585786300049,0.7310585786300049
2022-11-01 23:59:59.999,0.7310585786300049,0.7310585786300049
2022-11-02 23:59:59.999,0.7310585786300049,0.7310585786300049
2022-11-03 23:59:59.999,0.7310585786300049,0.7310585786300049
2022-11-04 23:59:59.999,0.7310585786300049,0.7310585786300049
2022-11-05 23:59:59.999,0.7310585786300049,0.7310585786300049
2022-11-06 23:59:59.999,0.7310585786300049,0.7310585786300049
2022-11-07 23:59:59.999,0.7310585786300049,0.7310585786300049
2022-11-08 23:59:59.999,0.7310585786300049,0.7310585317540645
2022-11-09 23:59:59.999,0.5,0.7310128838561782
2022-11-11 23:59:59.999,0.5,0.7310536097515876
2022-11-14 23:59:59.999,0.5,0.7309819881744365
2022-11-16 23:59:59.999,0.5,0.7309832892138514
2022-11-18 23:59:59.999,0.5,0.7309884464480849
2022-11-21 23:59:59.999,0.5,0.7303596480242064
2022-11-23 23:59:59.999,0.5,0.731043413993896
2022-11-26 23:59:59.999,0.5,0.7310496252316876
2022-11-30 23:59:59.999,0.5,0.7310585317540645
2022-12-04 23:59:59.999,0.5,0.7310585786300049
2022-12-06 23:59:59.999,0.5,0.7310585786300049
2022-12-09 23:59:59.999,0.5,0.7310585786300049
2022-12-13 23:59:59.999,0.5000000000000001,0.7310585786300049
2022-12-15 23:59:59.999,0.5000000373562656,0.7310585786300049
2022-12-17 23:59:59.999,0.5000000000000001,0.7310585786300049
2022-12-20 23:59:59.999,0.5,0.7310585786300049
2022-12-24 23:59:59.999,0.5,0.7310585786300049
2023-01-05 23:59:59.999,0.5,0.7310585786300049
2023-01-09 23:59:59.999,0.5000000000041133,0.7310585786300049
2023-01-11 23:59:59.999,0.6482567533039849,0.7310585786300049
2023-01-13 23:59:59.999,0.7310585786300049,0.7310585786300049
2023-01-14 23:59:59.999,0.7310585786300049,0.7310585786300049
2023-01-15 23:59:59.999,0.7310585786300049,0.7310585786300049
2023-01-16 23:59:59.999,0.7310585786300049,0.7310585786300049
2023-01-17 23:59:59.999,0.7310585786300049,0.7310585786300049
2023-01-18 23:59:59.999,0.7310585786300049,0.7310585786300049
2023-01-19 23:59:59.999,0.7310585786300049,0.7310585786300049
2023-01-20 23:59:59.999,0.7310585786300049,0.7310585786300049
2023-01-21 23:59:59.999,0.7310585786300049,0.7310585786300049
2023-01-22 23:59:59.999,0.7310585786300049,0.7310585786300049
2023-01-23 23:59:59.999,0.7310585786300049,0.7310585786300049
2023-01-24 23:59:59.999,0.7310585786300049,0.7310585786300049
2023-01-25 23:59:59.999,0.7310585786300049,0.7310585786300049
2023-01-26 23:59:59.999,0.7310585786300049,0.7310585786300049
2023-01-27 23:59:59.999,0.7310585786300049,0.7310585786300049
2023-01-28 23:59:59.999,0.7310585786300049,0.7310585786300049
2023-01-29 23:59:59.999,0.7310585786300049,0.7310585786300049
2023-01-30 23:59:59.999,0.7310585786300049,0.7310585786300049
2023-01-31 23:59:59.999,0.7310585786300049,0.7310585786300049
2023-02-01 23:59:59.999,0.7310585786300049,0.7310585786300049
2023-02-02 23:59:59.999,0.7310585786300049,0.7310585786300049
2023-02-03 23:59:59.999,0.7310585786300049,0.7310585786300049
2023-02-04 23:59:59.999,0.7310585786300049,0.7310585786300049
2023-02-05 23:59:59.999,0.7310585786300049,0.7310585786300049
2023-02-06 23:59:59.999,0.7310585786300049,0.7310585786300049
2023-02-07 23:59:59.999,0.7310585786300049,0.7310585786300049
2023-02-08 23:59:59.999,0.7310585786300049,0.7310585786300049
2023-02-09 23:59:59.999,0.7310585786300049,0.7310585786300049
2023-02-10 23:59:59.999,0.7310585786300049,0.7310585786300049
2023-02-11 23:59:59.999,0.7310585786300049,0.7310585786300049
2023-02-12 23:59:59.999,0.7310585786300049,0.7310585786300049
2023-02-13 23:59:59.999,0.7310585786300049,0.7310585786300049
2023-02-14 23:59:59.999,0.7310585786300049,0.7310585786300049
2023-02-15 23:59:59.999,0.7310585786300049,0.7310585786300049
2023-02-16 23:59:59.999,0.7310585786300049,0.7310585786300049
2023-02-17 23:59:59.999,0.7310585786300049,0.7310585786300049
2023-02-18 23:59:59.999,0.7310585786300049,0.7310585786300049
2023-02-19 23:59:59.999,0.7310585786300049,0.7310585786300049
2023-02-20 23:59:59.999,0.7310585786300049,0.7310585786300049
2023-02-21 23:59:59.999,0.7310585786300049,0.7310585786300049
2023-02-22 23:59:59.999,0.7310585786300049,0.7310585786300049
2023-02-23 23:59:59.999,0.7310585786300049,0.7310585786300049
2023-02-24 23:59:59.999,0.7310585786300049,0.7310585786300049
2023-02-25 23:59:59.999,0.7310585786300049,0.7310585786300049
2023-02-26 23:59:59.999,0.7310585786300049,0.7310585786300049
2023-02-27 23:59:59.999,0.7310585786300049,0.7310585786300049
2023-02-28 23:59:59.999,0.7310585786300049,0.7310585786300049
2023-03-01 23:59:59.999,0.7310585786300049,0.7310585786300049
2023-03-02 23:59:59.999,0.7310585786300049,0.7310585786300049
2023-03-03 23:59:59.999,0.7310585786300049,0.7310585786300049
2023-03-04 23:59:59.999,0.5413579161545108,0.7310585786300049
2023-03-08 23:59:59.999,0.5,0.7310582739363003
2023-03-10 23:59:59.999,0.5,0.7309551460235797
2023-03-12 23:59:59.999,0.5,0.731058484878119
2023-03-14 23:59:59.999,0.5,0.7310585786300049
2023-03-16 23:59:59.999,0.7310585786300049,0.7310585786300049
2023-03-17 23:59:59.999,0.7310585786300049,0.7310585786300049
2023-03-18 23:59:59.999,0.7310585786300049,0.7310585786300049
2023-03-19 23:59:59.999,0.7310585786300049,0.7310585786300049
2023-03-20 23:59:59.999,0.7310585786300049,0.7310585786300049
2023-03-21 23:59:59.999,0.7310585786300049,0.7310585786300049
2023-03-22 23:59:59.999,0.7310585786300049,0.7310585786300049
2023-03-23 23:59:59.999,0.7310585786300049,0.7310585786300049
2023-03-24 23:59:59.999,0.7310585786300049,0.7310585786300049
2023-03-25 23:59:59.999,0.7310585786300049,0.7310585786300049
2023-03-26 23:59:59.999,0.7310585786300049,0.7310585786300049
2023-03-27 23:59:59.999,0.7310585786300049,0.7310585786300049
2023-03-28 23:59:59.999,0.7310585786300049,0.7310585786300049
2023-03-29 23:59:59.999,0.7310585786300049,0.7310585786300049
2023-03-30 23:59:59.999,0.7310585786300049,0.7310585786300049
2023-03-31 23:59:59.999,0.7310585786300049,0.7310585786300049
2023-04-01 23:59:59.999,0.7310585786300049,0.7310585786300049
2023-04-02 23:59:59.999,0.7310585786300049,0.7310585786300049
2023-04-03 23:59:59.999,0.7310585786300049,0.7310585786300049
2023-04-04 23:59:59.999,0.7310585786300049,0.7310585786300049
2023-04-05 23:59:59.999,0.7310585786300049,0.7310585786300049
2023-04-06 23:59:59.999,0.7310585786300049,0.7310585786300049
2023-04-07 23:59:59.999,0.7310585786300049,0.7310585786300049
2023-04-08 23:59:59.999,0.7310585786300049,0.7310585786300049
2023-04-09 23:59:59.999,0.7310585786300049,0.7310585786300049
2023-04-10 23:59:59.999,0.7310585786300049,0.7310585786300049
2023-04-11 23:59:59.999,0.7310585786300049,0.7310585786300049
2023-04-12 23:59:59.999,0.7310585786300049,0.7310585786300049
2023-04-13 23:59:59.999,0.7310585786300049,0.7310585786300049
2023-04-14 23:59:59.999,0.7310585786300049,0.7310585786300049
2023-04-15 23:59:59.999,0.7310585786300049,0.7310585786300049
2023-04-16 23:59:59.999,0.7310585786300049,0.7310585786300049
2023-04-17 23:59:59.999,0.7310585786300049,0.7310585786300049
2023-04-18 23:59:59.999,0.7310585786300049,0.7310585786300049
2023-04-19 23:59:59.999,0.7310585786300049,0.7310585786300049
2023-04-20 23:59:59.999,0.7310585786300049,0.7310585786300049
2023-04-21 23:59:59.999,0.7310585786300049,0.7310585786300049
2023-04-22 23:59:59.999,0.7310585786300049,0.7310585786300049
2023-04-23 23:59:59.999,0.7310585786300049,0.7310585786300049
2023-04-24 23:59:59.999,0.731055883255046,0.7310585786300049
2023-04-26 23:59:59.999,0.597331868533721,0.7310585786300049
2023-04-28 23:59:59.999,0.7310585786300049,0.7310585786300049
2023-04-29 23:59:59.999,0.7310585786300049,0.7310585786300049
2023-04-30 23:59:59.999,0.7310585786300049,0.7310585786300049
2023-05-01 23:59:59.999,0.7310585786300049,0.7310585786300049
2023-05-02 23:59:59.999,0.7310585786300049,0.7310585786300049
2023-05-03 23:59:59.999,0.7310585786300049,0.7310585786300049
2023-05-04 23:59:59.999,0.7310585786300049,0.7310585786300049
2023-05-05 23:59:59.999,0.7310585786300049,0.7310585786300049
2023-05-06 23:59:59.999,0.7310585786300049,0.7310585786300049
2023-05-07 23:59:59.999,0.7310585083160924,0.7310585786300049
2023-05-09 23:59:59.999,0.5000000000000004,0.7310585551920353
2023-05-11 23:59:59.999,0.5,0.7310583442502515
2023-05-13 23:59:59.999,0.5,0.7310573364158408
2023-05-15 23:59:59.999,0.5,0.7310582504983141
2023-05-17 23:59:59.999,0.5,0.731058484878119
2023-05-19 23:59:59.999,0.5,0.7310580864323738
2023-05-23 23:59:59.999,0.5,0.7310585317540645
2023-05-25 23:59:59.999,0.5,0.7310579458043746
2023-05-27 23:59:59.999,0.5,0.7310585083160924
2023-05-29 23:59:59.999,0.5,0.7310585786300049
2023-06-01 23:59:59.999,0.5,0.7310585551920353
2023-06-03 23:59:59.999,0.5,0.7310585786300049
2023-06-06 23:59:59.999,0.5,0.7310585786300049
2023-06-08 23:59:59.999,0.5,0.7310585551920353
2023-06-11 23:59:59.999,0.5,0.7310583911262125
2023-06-13 23:59:59.999,0.5,0.7310583442502515
2023-06-15 23:59:59.999,0.5,0.7310580395563792
2023-06-17 23:59:59.999,0.5,0.7310585786300049
2023-06-20 23:59:59.999,0.5,0.7310585786300049
2023-06-22 23:59:59.999,0.7310585786300049,0.7310585786300049
2023-06-23 23:59:59.999,0.7310585786300049,0.7310585786300049
2023-06-24 23:59:59.999,0.7310585786300049,0.7310585786300049
2023-06-25 23:59:59.999,0.7310585786300049,0.7310585786300049
2023-06-26 23:59:59.999,0.7310585786300049,0.7310585786300049
2023-06-27 23:59:59.999,0.7310585786300049,0.7310585786300049
2023-06-28 23:59:59.999,0.7310585786300049,0.7310585786300049
2023-06-29 23:59:59.999,0.7310585786300049,0.7310585786300049
2023-06-30 23:59:59.999,0.7310585786300049,0.7310585786300049
2023-07-01 23:59:59.999,0.7310585786300049,0.7310585786300049
2023-07-02 23:59:59.999,0.7310585786300049,0.7310585786300049
2023-07-03 23:59:59.999,0.7310585786300049,0.7310585786300049
2023-07-04 23:59:59.999,0.7310585786300049,0.7310585786300049
2023-07-05 23:59:59.999,0.7310585786300049,0.7310585786300049
2023-07-06 23:59:59.999,0.7310585786300049,0.7310585786300049
2023-07-07 23:59:59.999,0.7310585786300049,0.7310585786300049
2023-07-08 23:59:59.999,0.7310585786300049,0.7310585786300049
2023-07-09 23:59:59.999,0.7310585786300049,0.7310585786300049
2023-07-10 23:59:59.999,0.7310585786300049,0.7310585786300049
2023-07-11 23:59:59.999,0.7310585786300049,0.7310585786300049
2023-07-12 23:59:59.999,0.7310585786300049,0.7310585786300049
2023-07-13 23:59:59.999,0.7310585786300049,0.7310585786300049
2023-07-14 23:59:59.999,0.7310585786300049,0.7310585786300049
2023-07-15 23:59:59.999,0.7310585786300049,0.7310585786300049
2023-07-16 23:59:59.999,0.7310585786300049,0.7310585786300049
2023-07-17 23:59:59.999,0.7310585786300049,0.7310585786300049
2023-07-18 23:59:59.999,0.7310585786300049,0.7310585786300049
2023-07-19 23:59:59.999,0.7310585786300049,0.7310585786300049
2023-07-20 23:59:59.999,0.7310585786300049,0.7310585786300049
2023-07-21 23:59:59.999,0.7310585786300049,0.7310585786300049
2023-07-22 23:59:59.999,0.7310585786300049,0.7310585786300049
2023-07-23 23:59:59.999,0.7310579458043746,0.7310585786300049
2023-07-25 23:59:59.999,0.5000000000402407,0.7310585786300049
2023-07-27 23:59:59.999,0.5,0.7310585551920353
2023-08-02 23:59:59.999,0.5,0.7310585551920353
2023-08-07 23:59:59.999,0.5,0.7310585551920353
2023-08-09 23:59:59.999,0.5,0.7310585786300049
2023-08-15 23:59:59.999,0.5,0.7310585786300049
2023-08-18 23:59:59.999,0.5,0.7268973080798615
2023-08-23 23:59:59.999,0.5,0.7289929995904936
2023-08-30 23:59:59.999,0.5,0.7310584380021684
2023-09-01 23:59:59.999,0.5,0.7310379527174586
2023-09-07 23:59:59.999,0.5,0.73105801611838
2023-09-12 23:59:59.999,0.5,0.7310581567463559
2023-09-14 23:59:59.999,0.5,0.7310585786300049
2023-09-16 23:59:59.999,0.5,0.7310585786300049
2023-09-19 23:59:59.999,0.5,0.7310585786300049
2023-09-21 23:59:59.999,0.500000000004035,0.7310585786300049
2023-09-28 23:59:59.999,0.5000000000000158,0.7310585786300049
2023-09-30 23:59:59.999,0.5000004995478093,0.7310585786300049
2023-10-02 23:59:59.999,0.7310585786300049,0.7310585786300049
2023-10-03 23:59:59.999,0.7310585786300049,0.7310585786300049
2023-10-04 23:59:59.999,0.7310585786300049,0.7310585786300049
2023-10-05 23:59:59.999,0.7310585786300049,0.7310585786300049
2023-10-06 23:59:59.999,0.7310585786300049,0.7310585786300049
2023-10-07 23:59:59.999,0.7310585786300049,0.7310585786300049
2023-10-08 23:59:59.999,0.7310585786300049,0.7310585786300049
2023-10-09 23:59:59.999,0.7310585786300049,0.7310585786300049
2023-10-10 23:59:59.999,0.7310585786300049,0.7310585786300049
2023-10-11 23:59:59.999,0.7310585786300049,0.7310585786300049
2023-10-12 23:59:59.999,0.7310585786300049,0.7310585786300049
2023-10-13 23:59:59.999,0.7310514534278038,0.7310585786300049
2023-10-16 23:59:59.999,0.7310585551920353,0.7310585786300049
2023-10-18 23:59:59.999,0.7310585786300049,0.7310585786300049
2023-10-19 23:59:59.999,0.7310585786300049,0.7310585786300049
2023-10-20 23:59:59.999,0.7310585786300049,0.7310585786300049
2023-10-21 23:59:59.999,0.7310585786300049,0.7310585786300049
2023-10-22 23:59:59.999,0.7310585786300049,0.7310585786300049
2023-10-23 23:59:59.999,0.7310585786300049,0.7310585786300049
2023-10-24 23:59:59.999,0.7310585786300049,0.7310585786300049
2023-10-25 23:59:59.999,0.7310585786300049,0.7310585786300049
2023-10-26 23:59:59.999,0.7310585786300049,0.7310585786300049
2023-10-27 23:59:59.999,0.7310585786300049,0.7310585786300049
2023-10-28 23:59:59.999,0.7310585786300049,0.7310585786300049
2023-10-29 23:59:59.999,0.7310585786300049,0.7310585786300049
2023-10-30 23:59:59.999,0.7310585786300049,0.7310585786300049
2023-10-31 23:59:59.999,0.7310585786300049,0.7310585786300049
2023-11-01 23:59:59.999,0.7310585786300049,0.7310585786300049
2023-11-02 23:59:59.999,0.7310585786300049,0.7310585786300049
2023-11-03 23:59:59.999,0.7310585786300049,0.7310585786300049
2023-11-04 23:59:59.999,0.7310585786300049,0.7310585786300049
2023-11-05 23:59:59.999,0.7310585786300049,0.7310585786300049
2023-11-06 23:59:59.999,0.7310585786300049,0.7310585786300049
2023-11-07 23:59:59.999,0.7310585786300049,0.7310585786300049
2023-11-08 23:59:59.999,0.7310585786300049,0.7310585786300049
2023-11-09 23:59:59.999,0.7310585786300049,0.7310585786300049
2023-11-10 23:59:59.999,0.7310585786300049,0.7310585786300049
2023-11-11 23:59:59.999,0.7310585786300049,0.7310585786300049
2023-11-12 23:59:59.999,0.7310585786300049,0.7310585786300049
2023-11-13 23:59:59.999,0.7310585786300049,0.7310585786300049
2023-11-14 23:59:59.999,0.7310585786300049,0.7310585786300049
2023-11-15 23:59:59.999,0.7310585786300049,0.7310585786300049
2023-11-16 23:59:59.999,0.7310585786300049,0.7310585786300049
2023-11-17 23:59:59.999,0.7310585786300049,0.7310585786300049
2023-11-18 23:59:59.999,0.7310585786300049,0.7310585786300049
2023-11-19 23:59:59.999,0.7310585786300049,0.7310585786300049
2023-11-20 23:59:59.999,0.7310585786300049,0.7310585786300049
2023-11-21 23:59:59.999,0.7310585786300049,0.7310585786300049
2023-11-22 23:59:59.999,0.7310585786300049,0.7310585786300049
2023-11-23 23:59:59.999,0.7310585786300049,0.7310585786300049
2023-11-24 23:59:59.999,0.7310585786300049,0.7310585786300049
2023-11-25 23:59:59.999,0.7310585786300049,0.7310585786300049
2023-11-26 23:59:59.999,0.7310585786300049,0.7310585786300049
2023-11-27 23:59:59.999,0.7310585786300049,0.7310585786300049
2023-11-28 23:59:59.999,0.7310585786300049,0.7310585786300049
2023-11-29 23:59:59.999,0.7310585786300049,0.7310585786300049
2023-11-30 23:59:59.999,0.7310585786300049,0.7310585786300049
2023-12-01 23:59:59.999,0.7310585786300049,0.7310585786300049
2023-12-02 23:59:59.999,0.7310585786300049,0.7310585786300049
2023-12-03 23:59:59.999,0.7310585786300049,0.7310585786300049
2023-12-04 23:59:59.999,0.7310585786300049,0.7310585786300049
2023-12-05 23:59:59.999,0.7310585786300049,0.7310585786300049
2023-12-06 23:59:59.999,0.7310585786300049,0.7310585786300049
2023-12-07 23:59:59.999,0.7310585786300049,0.7310585786300049
2023-12-08 23:59:59.999,0.7310585786300049,0.7310585786300049
2023-12-09 23:59:59.999,0.7310585786300049,0.7310585786300049
2023-12-10 23:59:59.999,0.7310585786300049,0.7310585786300049
2023-12-11 23:59:59.999,0.7310585786300049,0.7310585786300049
2023-12-12 23:59:59.999,0.7310585786300049,0.7310585786300049
2023-12-13 23:59:59.999,0.7310585786300049,0.7310585786300049
2023-12-14 23:59:59.999,0.7310585786300049,0.7310585786300049
2023-12-15 23:59:59.999,0.7310585786300049,0.7310585786300049
2023-12-16 23:59:59.999,0.7310585786300049,0.7310585786300049
2023-12-17 23:59:59.999,0.7310585786300049,0.7310585786300049
2023-12-18 23:59:59.999,0.7310585786300049,0.7310585786300049
2023-12-19 23:59:59.999,0.7310585786300049,0.7310585786300049
2023-12-20 23:59:59.999,0.7310585786300049,0.7310585786300049
2023-12-21 23:59:59.999,0.7310585786300049,0.7310585786300049
2023-12-22 23:59:59.999,0.7310585786300049,0.7310585786300049
2023-12-23 23:59:59.999,0.7310585786300049,0.7310585786300049
2023-12-24 23:59:59.999,0.7310585786300049,0.7310585786300049
2023-12-25 23:59:59.999,0.7310585786300049,0.7310585786300049
2023-12-26 23:59:59.999,0.7310585786300049,0.7310585786300049
2023-12-27 23:59:59.999,0.7310585786300049,0.7310585786300049
2023-12-28 23:59:59.999,0.7310585786300049,0.7310585786300049
2023-12-29 23:59:59.999,0.7310585786300049,0.7310585786300049
2023-12-30 23:59:59.999,0.7310585786300049,0.7310585786300049
2023-12-31 23:59:59.999,0.7310585786300049,0.7310585786300049
2024-01-01 23:59:59.999,0.7310585786300049,0.7310585786300049
2024-01-02 23:59:59.999,0.7310585786300049,0.7310585786300049
2024-01-03 23:59:59.999,0.7310585786300049,0.7310585786300049
2024-01-04 23:59:59.999,0.7310585786300049,0.7310585786300049
2024-01-05 23:59:59.999,0.7310585786300049,0.7310585786300049
2024-01-06 23:59:59.999,0.7310585786300049,0.7310585786300049
2024-01-07 23:59:59.999,0.7310585786300049,0.7310585786300049
2024-01-08 23:59:59.999,0.7310585786300049,0.7310585786300049
2024-01-09 23:59:59.999,0.7310585786300049,0.7310585786300049
2024-01-10 23:59:59.999,0.7310585786300049,0.7310585786300049
2024-01-11 23:59:59.999,0.7310585786300049,0.7310585786300049
2024-01-12 23:59:59.999,0.7310585786300049,0.7310585786300049
2024-01-13 23:59:59.999,0.7310585786300049,0.7310585786300049
2024-01-14 23:59:59.999,0.7310585786300049,0.7310585786300049
2024-01-15 23:59:59.999,0.7310585786300049,0.7310585786300049
2024-01-16 23:59:59.999,0.7310585786300049,0.7310585786300049
2024-01-17 23:59:59.999,0.7303830298927961,0.7310585786300049
2024-01-19 23:59:59.999,0.5,0.7310585551920353
2024-01-23 23:59:59.999,0.5,0.7310477970277162
2024-01-25 23:59:59.999,0.5,0.7310335930215799
2024-01-27 23:59:59.999,0.5,0.7310585083160924
2024-01-29 23:59:59.999,0.5,0.7310585786300049
2024-02-01 23:59:59.999,0.5,0.7310585786300049
2024-02-03 23:59:59.999,0.5000005129699048,0.7310585786300049
2024-02-06 23:59:59.999,0.7194143315825209,0.7310585786300049
2024-02-08 23:59:59.999,0.7310585786300049,0.7310585786300049
2024-02-09 23:59:59.999,0.7310585786300049,0.7310585786300049
2024-02-10 23:59:59.999,0.7310585786300049,0.7310585786300049
2024-02-11 23:59:59.999,0.7310585786300049,0.7310585786300049
2024-02-12 23:59:59.999,0.7310585786300049,0.7310585786300049
2024-02-13 23:59:59.999,0.7310585786300049,0.7310585786300049
2024-02-14 23:59:59.999,0.7310585786300049,0.7310585786300049
2024-02-15 23:59:59.999,0.7310585786300049,0.7310585786300049
2024-02-16 23:59:59.999,0.7310585786300049,0.7310585786300049
2024-02-17 23:59:59.999,0.7310585786300049,0.7310585786300049
2024-02-18 23:59:59.999,0.7310585786300049,0.7310585786300049
2024-02-19 23:59:59.999,0.7310585786300049,0.7310585786300049
2024-02-20 23:59:59.999,0.7310585786300049,0.7310585786300049
2024-02-21 23:59:59.999,0.7310585786300049,0.7310585786300049
2024-02-22 23:59:59.999,0.7310585786300049,0.7310585786300049
2024-02-23 23:59:59.999,0.7310585786300049,0.7310585786300049
2024-02-24 23:59:59.999,0.7310585786300049,0.7310585786300049
2024-02-25 23:59:59.999,0.7310585786300049,0.7310585786300049
2024-02-26 23:59:59.999,0.7310585786300049,0.7310585786300049
2024-02-27 23:59:59.999,0.7310585786300049,0.7310585786300049
2024-02-28 23:59:59.999,0.7310585786300049,0.7310585786300049
2024-02-29 23:59:59.999,0.7310585786300049,0.7310585786300049
2024-03-01 23:59:59.999,0.7310585786300049,0.7310585786300049
2024-03-02 23:59:59.999,0.7310585786300049,0.7310585786300049
2024-03-03 23:59:59.999,0.7310585786300049,0.7310585786300049
2024-03-04 23:59:59.999,0.7310585786300049,0.7310585786300049
2024-03-05 23:59:59.999,0.7310585786300049,0.7310585786300049
2024-03-06 23:59:59.999,0.7310585786300049,0.7310585786300049
2024-03-07 23:59:59.999,0.7310585786300049,0.7310585786300049
2024-03-08 23:59:59.999,0.7310585786300049,0.7310585786300049
2024-03-09 23:59:59.999,0.7310585786300049,0.7310585786300049
2024-03-10 23:59:59.999,0.7310585786300049,0.7310585786300049
2024-03-11 23:59:59.999,0.7310585786300049,0.7310585786300049
2024-03-12 23:59:59.999,0.7310585786300049,0.7310585786300049
2024-03-13 23:59:59.999,0.7310585786300049,0.7310585786300049
2024-03-14 23:59:59.999,0.7310585786300049,0.7310585786300049
2024-03-15 23:59:59.999,0.7310585786300049,0.7310585786300049
2024-03-16 23:59:59.999,0.7310585786300049,0.7310585786300049
2024-03-17 23:59:59.999,0.7310585786300049,0.7310585786300049
2024-03-18 23:59:59.999,0.7310585786300049,0.7310585786300049
2024-03-19 23:59:59.999,0.7310585786300049,0.7310585786300049
2024-03-20 23:59:59.999,0.7310585786300049,0.7310585786300049
2024-03-21 23:59:59.999,0.7310585786300049,0.7310585786300049
2024-03-22 23:59:59.999,0.7310585786300049,0.7310585786300049
2024-03-23 23:59:59.999,0.7310585786300049,0.7310585786300049
2024-03-24 23:59:59.999,0.7310585786300049,0.7310585786300049
2024-03-25 23:59:59.999,0.7310585786300049,0.7310585786300049
2024-03-26 23:59:59.999,0.7310585786300049,0.7310585786300049
2024-03-27 23:59:59.999,0.7310585786300049,0.7310585786300049
2024-03-28 23:59:59.999,0.7310585786300049,0.7310585786300049
2024-03-29 23:59:59.999,0.7310585786300049,0.7310585786300049
2024-03-30 23:59:59.999,0.7310585786300049,0.7310585786300049
2024-03-31 23:59:59.999,0.7310585786300049,0.7310585786300049
2024-04-01 23:59:59.999,0.7310585786300049,0.7310585786300049
2024-04-02 23:59:59.999,0.7310585786300049,0.7310585786300049
2024-04-03 23:59:59.999,0.7310585786300049,0.7310585786300049
2024-04-04 23:59:59.999,0.7310585786300049,0.7310585786300049
2024-04-05 23:59:59.999,0.7310585786300049,0.7310585786300049
2024-04-06 23:59:59.999,0.7310585786300049,0.7310585786300049
2024-04-07 23:59:59.999,0.7310585786300049,0.7310585786300049
2024-04-08 23:59:59.999,0.7310585786300049,0.7310585786300049
2024-04-09 23:59:59.999,0.7310585786300049,0.7310585786300049
2024-04-10 23:59:59.999,0.7310585786300049,0.7310585786300049
2024-04-11 23:59:59.999,0.7310585786300049,0.7310585786300049
2024-04-12 23:59:59.999,0.7310585786300049,0.7310585786300049
2024-04-13 23:59:59.999,0.7310585786300049,0.7310585786300049
2024-04-14 23:59:59.999,0.7310585786300049,0.7310585786300049
2024-04-15 23:59:59.999,0.5,0.7310585317540645
2024-04-17 23:59:59.999,0.5,0.7310431092893316
2024-04-19 23:59:59.999,0.5,0.731052484714455
2024-04-21 23:59:59.999,0.5,0.7310575239200979
2024-04-23 23:59:59.999,0.5,0.7310585551920353
2024-04-25 23:59:59.999,0.5,0.7310583208122692
2024-04-27 23:59:59.999,0.5,0.7310568442167726
2024-04-30 23:59:59.999,0.5,0.7309103545446808
2024-05-02 23:59:59.999,0.5,0.7137068996975647
2024-05-04 23:59:59.999,0.5,0.7310523909612264
2024-05-06 23:59:59.999,0.5,0.7310571020354032
2024-05-08 23:59:59.999,0.5,0.7310456172357913
2024-05-10 23:59:59.999,0.5,0.731048547061065
2024-05-13 23:59:59.999,0.5,0.7310582270603264
2024-05-16 23:59:59.999,0.5,0.7310585786300049
2024-05-18 23:59:59.999,0.7310585786300049,0.7310585786300049
2024-05-19 23:59:59.999,0.7310585786300049,0.7310585786300049
2024-05-20 23:59:59.999,0.7310585786300049,0.7310585786300049
2024-05-21 23:59:59.999,0.7310585786300049,0.7310585786300049
2024-05-22 23:59:59.999,0.7310585786300049,0.7310585786300049
2024-05-23 23:59:59.999,0.7310585786300049,0.7310585786300049
2024-05-24 23:59:59.999,0.7310585786300049,0.7310585786300049
2024-05-25 23:59:59.999,0.7310585786300049,0.7310585786300049
2024-05-26 23:59:59.999,0.7310585786300049,0.7310585786300049
2024-05-27 23:59:59.999,0.7310585786300049,0.7310585786300049
2024-05-28 23:59:59.999,0.7310585786300049,0.7310585786300049
2024-05-29 23:59:59.999,0.7310585786300049,0.7310585786300049
2024-05-30 23:59:59.999,0.7310585786300049,0.7310585786300049
2024-05-31 23:59:59.999,0.7310585786300049,0.7310585786300049
2024-06-01 23:59:59.999,0.7310585786300049,0.7310585786300049
2024-06-02 23:59:59.999,0.7310585786300049,0.7310585786300049
2024-06-03 23:59:59.999,0.7310585786300049,0.7310585786300049
2024-06-04 23:59:59.999,0.7310585786300049,0.7310585786300049
2024-06-05 23:59:59.999,0.7310585786300049,0.7310585786300049
2024-06-06 23:59:59.999,0.7310585786300049,0.7310585786300049
2024-06-07 23:59:59.999,0.7310585786300049,0.7310585786300049
2024-06-08 23:59:59.999,0.7310585786300049,0.7310585786300049
2024-06-09 23:59:59.999,0.7310585786300049,0.7310585786300049
2024-06-10 23:59:59.999,0.7310585786300049,0.7310585786300049
2024-06-11 23:59:59.999,0.7310585786300049,0.7310585786300049
2024-06-12 23:59:59.999,0.7310585786300049,0.7310585786300049
2024-06-13 23:59:59.999,0.7310585786300049,0.7310585786300049
2024-06-14 23:59:59.999,0.7310585786300049,0.7310585786300049
2024-06-15 23:59:59.999,0.5000182460225834,0.7310585786300049
2024-06-18 23:59:59.999,0.5,0.7310582739363003
2024-06-21 23:59:59.999,0.5,0.7310333117493442
2024-06-25 23:59:59.999,0.5,0.7214625212858302
2024-06-27 23:59:59.999,0.5,0.7123586686851452
2024-07-01 23:59:59.999,0.5,0.7307512545600023
2024-07-04 23:59:59.999,0.5,0.5381971194925984
2024-07-06 23:59:59.999,0.5,0.5505838968601889
2024-07-08 23:59:59.999,0.5,0.505699040350137
2024-07-10 23:59:59.999,0.5,0.5680961009554992
2024-07-12 23:59:59.999,0.5,0.6585247752035103
2024-07-14 23:59:59.999,0.5,0.7310221193074111
2024-07-16 23:59:59.999,0.5,0.7310585786300049
2024-07-18 23:59:59.999,0.500020302224573,0.7310585786300049
2024-07-20 23:59:59.999,0.7310585786300049,0.7310585786300049
2024-07-21 23:59:59.999,0.7310585786300049,0.7310585786300049
2024-07-22 23:59:59.999,0.7310585786300049,0.7310585786300049
2024-07-23 23:59:59.999,0.7310585786300049,0.7310585786300049
2024-07-24 23:59:59.999,0.7310585786300049,0.7310585786300049
2024-07-25 23:59:59.999,0.7310585786300049,0.7310585786300049
2024-07-26 23:59:59.999,0.7310585786300049,0.7310585786300049
2024-07-27 23:59:59.999,0.7310585786300049,0.7310585786300049
2024-07-28 23:59:59.999,0.7310585786300049,0.7310585786300049
2024-07-29 23:59:59.999,0.7310585786300049,0.7310585786300049
2024-07-30 23:59:59.999,0.7310585786300049,0.7310585786300049
2024-07-31 23:59:59.999,0.7310585786300049,0.7310585786300049
2024-08-01 23:59:59.999,0.7310585786300049,0.7310585786300049
2024-08-02 23:59:59.999,0.7310585786300049,0.7310585786300049
2024-08-03 23:59:59.999,0.7310585786300049,0.7310585786300049
2024-08-04 23:59:59.999,0.5,0.7310551332346292
2024-08-06 23:59:59.999,0.5,0.7195946624668218
2024-08-08 23:59:59.999,0.5,0.7309841331291835
2024-08-10 23:59:59.999,0.5,0.731041960785551
2024-08-12 23:59:59.999,0.5,0.7309979637253865
2024-08-14 23:59:59.999,0.5,0.731015485742159
2024-08-16 23:59:59.999,0.5,0.7310163061533588
2024-08-19 23:59:59.999,0.5,0.7310536800663097
2024-08-21 23:59:59.999,0.5,0.7310584614401443
2024-08-23 23:59:59.999,0.5,0.7310585786300049
2024-08-26 23:59:59.999,0.7310585786300049,0.7310585786300049
2024-08-27 23:59:59.999,0.7310585786300049,0.7310585786300049
2024-08-28 23:59:59.999,0.5000000000003981,0.7310585786300049
2024-08-30 23:59:59.999,0.5,0.7310585551920353
2024-09-02 23:59:59.999,0.5,0.7310583911262125
2024-09-05 23:59:59.999,0.5,0.7310221661873629
2024-09-07 23:59:59.999,0.5,0.7244991705200244
2024-09-09 23:59:59.999,0.5,0.7309428965321101
2024-09-11 23:59:59.999,0.5,0.7310474688877103
2024-09-13 23:59:59.999,0.5,0.7310585786300049
2024-09-17 23:59:59.999,0.5,0.7310585786300049
2024-09-19 23:59:59.999,0.7310585786300049,0.7310585786300049
2024-09-20 23:59:59.999,0.7310585786300049,0.7310585786300049
2024-09-21 23:59:59.999,0.7310585786300049,0.7310585786300049
2024-09-22 23:59:59.999,0.7310585786300049,0.7310585786300049
2024-09-23 23:59:59.999,0.7310585786300049,0.7310585786300049
2024-09-24 23:59:59.999,0.7310585786300049,0.7310585786300049
2024-09-25 23:59:59.999,0.7310585786300049,0.7310585786300049
2024-09-26 23:59:59.999,0.7310585786300049,0.7310585786300049
2024-09-27 23:59:59.999,0.7310585786300049,0.7310585786300049
2024-09-28 23:59:59.999,0.7310585786300049,0.7310585786300049
2024-09-29 23:59:59.999,0.7310585786300049,0.7310585786300049
2024-09-30 23:59:59.999,0.7310585786300049,0.7310585786300049
2024-10-01 23:59:59.999,0.7310585786300049,0.7310585786300049
2024-10-02 23:59:59.999,0.7310585786300049,0.7310585786300049
2024-10-03 23:59:59.999,0.7310585786300049,0.7310585786300049
2024-10-04 23:59:59.999,0.7310585786300049,0.7310585786300049
2024-10-05 23:59:59.999,0.7310585786300049,0.7310585786300049
2024-10-06 23:59:59.999,0.7310585786300049,0.7310585786300049
2024-10-07 23:59:59.999,0.7310585786300049,0.7310585786300049
2024-10-08 23:59:59.999,0.7310585786300049,0.7310585786300049
2024-10-09 23:59:59.999,0.7310585786300049,0.7310585786300049
2024-10-10 23:59:59.999,0.5092242836079293,0.7310585786300049
2024-10-12 23:59:59.999,0.7310585786300049,0.7310585786300049
2024-10-13 23:59:59.999,0.7310585786300049,0.7310585786300049
2024-10-14 23:59:59.999,0.7310585786300049,0.7310585786300049
2024-10-15 23:59:59.999,0.7310585786300049,0.7310585786300049
2024-10-16 23:59:59.999,0.7310585786300049,0.7310585786300049
2024-10-17 23:59:59.999,0.7310585786300049,0.7310585786300049
2024-10-18 23:59:59.999,0.7310585786300049,0.7310585786300049
2024-10-19 23:59:59.999,0.7310585786300049,0.7310585786300049
2024-10-20 23:59:59.999,0.7310585786300049,0.7310585786300049
2024-10-21 23:59:59.999,0.7310585786300049,0.7310585786300049
2024-10-22 23:59:59.999,0.7310585786300049,0.7310585786300049
2024-10-23 23:59:59.999,0.7310585786300049,0.7310585786300049
2024-10-24 23:59:59.999,0.7310585786300049,0.7310585786300049
2024-10-25 23:59:59.999,0.7310585786300049,0.7310585786300049
2024-10-26 23:59:59.999,0.7310585786300049,0.7310585786300049
2024-10-27 23:59:59.999,0.7310585786300049,0.7310585786300049
2024-10-28 23:59:59.999,0.7310585786300049,0.7310585786300049
2024-10-29 23:59:59.999,0.7310585786300049,0.7310585786300049
2024-10-30 23:59:59.999,0.7310585786300049,0.7310585786300049
2024-10-31 23:59:59.999,0.7310585786300049,0.7310585786300049
2024-11-01 23:59:59.999,0.7310585786300049,0.7310585786300049
2024-11-02 23:59:59.999,0.7310585786300049,0.7310585786300049
2024-11-03 23:59:59.999,0.7310585786300049,0.7310585786300049
2024-11-04 23:59:59.999,0.7310585786300049,0.7310585786300049
2024-11-05 23:59:59.999,0.7310585786300049,0.7310585786300049
2024-11-06 23:59:59.999,0.7310585786300049,0.7310585786300049
2024-11-07 23:59:59.999,0.7310585786300049,0.7310585786300049
2024-11-08 23:59:59.999,0.7310585786300049,0.7310585786300049
2024-11-09 23:59:59.999,0.7310585786300049,0.7310585786300049
2024-11-10 23:59:59.999,0.7310585786300049,0.7310585786300049
2024-11-11 23:59:59.999,0.7310585786300049,0.7310585786300049
2024-11-12 23:59:59.999,0.7310585786300049,0.7310585786300049
2024-11-13 23:59:59.999,0.7310585786300049,0.7310585786300049
2024-11-14 23:59:59.999,0.7310585786300049,0.7310585786300049
2024-11-15 23:59:59.999,0.7310585786300049,0.7310585786300049
2024-11-16 23:59:59.999,0.7310585786300049,0.7310585786300049
2024-11-17 23:59:59.999,0.7310585786300049,0.7310585786300049
2024-11-18 23:59:59.999,0.7310585786300049,0.7310585786300049
2024-11-19 23:59:59.999,0.7310585786300049,0.7310585786300049
2024-11-20 23:59:59.999,0.7310585786300049,0.7310585786300049
2024-11-21 23:59:59.999,0.7310585786300049,0.7310585786300049
2024-11-22 23:59:59.999,0.7310585786300049,0.7310585786300049
2024-11-23 23:59:59.999,0.7310585786300049,0.7310585786300049
2024-11-24 23:59:59.999,0.7310585786300049,0.7310585786300049
2024-11-25 23:59:59.999,0.7310585786300049,0.7310585786300049
2024-11-26 23:59:59.999,0.7310585786300049,0.7310585786300049
2024-11-27 23:59:59.999,0.7310585786300049,0.7310585786300049
2024-11-28 23:59:59.999,0.7310585786300049,0.7310585786300049
2024-11-29 23:59:59.999,0.7310585786300049,0.7310585786300049
2024-11-30 23:59:59.999,0.7310585786300049,0.7310585786300049
2024-12-01 23:59:59.999,0.7310585786300049,0.7310585786300049
2024-12-02 23:59:59.999,0.7310585786300049,0.7310585786300049
2024-12-03 23:59:59.999,0.7310585786300049,0.7310585786300049
2024-12-04 23:59:59.999,0.7310585786300049,0.7310585786300049
2024-12-05 23:59:59.999,0.7310585786300049,0.7310585786300049
2024-12-06 23:59:59.999,0.7310585786300049,0.7310585786300049
2024-12-07 23:59:59.999,0.7310585786300049,0.7310585786300049
2024-12-08 23:59:59.999,0.7310585786300049,0.7310585786300049
2024-12-09 23:59:59.999,0.7310585786300049,0.7310585786300049
2024-12-10 23:59:59.999,0.7310585786300049,0.7310585786300049
2024-12-11 23:59:59.999,0.7310585786300049,0.7310585786300049
2024-12-12 23:59:59.999,0.7310585786300049,0.7310585786300049
2024-12-13 23:59:59.999,0.7310585786300049,0.7310585786300049
2024-12-14 23:59:59.999,0.7310585786300049,0.7310585786300049
2024-12-15 23:59:59.999,0.7310585786300049,0.7310585786300049
2024-12-16 23:59:59.999,0.7310585786300049,0.7310585786300049
2024-12-17 23:59:59.999,0.7310585786300049,0.7310585786300049
2024-12-18 23:59:59.999,0.7310585786300049,0.7310585786300049
2024-12-19 23:59:59.999,0.7310585786300049,0.7310585786300049
2024-12-20 23:59:59.999,0.7310585786300049,0.7310585786300049
2024-12-21 23:59:59.999,0.7310585786300049,0.7310585786300049
2024-12-22 23:59:59.999,0.7310585786300049,0.7310585786300049
2024-12-23 23:59:59.999,0.7310585786300049,0.7310585786300049
2024-12-24 23:59:59.999,0.7310585786300049,0.7310585786300049
2024-12-25 23:59:59.999,0.7310585786300049,0.7310585786300049
2024-12-26 23:59:59.999,0.7310585786300049,0.7310585786300049
2024-12-27 23:59:59.999,0.7310585786300049,0.7310585786300049
2024-12-28 23:59:59.999,0.59224121079255,0.7310585786300049
2024-12-31 23:59:59.999,0.5,0.7310575942341732
2025-01-02 23:59:59.999,0.5,0.7310585551920353
2025-01-04 23:59:59.999,0.5,0.7310585786300049
2025-01-07 23:59:59.999,0.7310585786300049,0.7310585786300049
2025-01-08 23:59:59.999,0.7310585786300049,0.7310585786300049
2025-01-09 23:59:59.999,0.5,0.7310585083160924
2025-01-11 23:59:59.999,0.5,0.7310585083160924
2025-01-14 23:59:59.999,0.5,0.7310585786300049
2025-01-16 23:59:59.999,0.7310585786300049,0.7310585786300049
2025-01-17 23:59:59.999,0.7310585786300049,0.7310585786300049
2025-01-18 23:59:59.999,0.7310585786300049,0.7310585786300049
2025-01-19 23:59:59.999,0.7310585786300049,0.7310585786300049
2025-01-20 23:59:59.999,0.7310585786300049,0.7310585786300049
2025-01-21 23:59:59.999,0.7310585786300049,0.7310585786300049
2025-01-22 23:59:59.999,0.7310585786300049,0.7310585786300049
2025-01-23 23:59:59.999,0.7310585786300049,0.7310585786300049
2025-01-24 23:59:59.999,0.7310585786300049,0.7310585786300049
2025-01-25 23:59:59.999,0.7310585786300049,0.7310585786300049
2025-01-26 23:59:59.999,0.7310585786300049,0.7310585786300049
2025-01-27 23:59:59.999,0.7310585786300049,0.7310585786300049
2025-01-28 23:59:59.999,0.7310585786300049,0.7310585786300049
2025-01-29 23:59:59.999,0.7310585786300049,0.7310585786300049
2025-01-30 23:59:59.999,0.7310585786300049,0.7310585786300049
2025-01-31 23:59:59.999,0.7310585786300049,0.7310585786300049
2025-02-01 23:59:59.999,0.7310585786300049,0.7310585786300049
2025-02-02 23:59:59.999,0.7310585786300049,0.7310585786300049
2025-02-03 23:59:59.999,0.7310585786300049,0.7310585786300049
2025-02-04 23:59:59.999,0.7310585786300049,0.7310585786300049
2025-02-05 23:59:59.999,0.5,0.7310585551920353
2025-02-07 23:59:59.999,0.5,0.7310574770440414
2025-02-10 23:59:59.999,0.5,0.7310544066510898
2025-02-13 23:59:59.999,0.5,0.7310483361143193
2025-02-15 23:59:59.999,0.5,0.7310570551593002
2025-02-19 23:59:59.999,0.5,0.7310532347395406
2025-02-21 23:59:59.999,0.5,0.7310565629599066
2025-02-25 23:59:59.999,0.5,0.6089653393616307
2025-02-27 23:59:59.999,0.5,0.5000062147591958
2025-03-01 23:59:59.999,0.5,0.5000011548620478
2025-03-03 23:59:59.999,0.5,0.5005799254013917
2025-03-05 23:59:59.999,0.5,0.5701633124648886
2025-03-07 23:59:59.999,0.5,0.5347805300314004
2025-03-10 23:59:59.999,0.5,0.5000007683015042
2025-03-12 23:59:59.999,0.5,0.500056767010148
2025-03-14 23:59:59.999,0.5,0.5002684008246925
2025-03-17 23:59:59.999,0.5,0.5125736798897731
2025-03-19 23:59:59.999,0.5,0.7203453572730022
2025-03-21 23:59:59.999,0.5,0.7242740800317978
2025-03-24 23:59:59.999,0.5,0.7310558363788087
2025-03-26 23:59:59.999,0.5,0.7310584380021684
2025-03-28 23:59:59.999,0.5,0.7310581567463559
2025-03-30 23:59:59.999,0.5,0.7310361713417437
2025-04-01 23:59:59.999,0.5,0.7310574536060113
2025-04-03 23:59:59.999,0.5,0.7310497189855257
2025-04-05 23:59:59.999,0.5,0.731055508245003
2025-04-07 23:59:59.999,0.5,0.7271235947787021
2025-04-09 23:59:59.999,0.5,0.7307826594978214
2025-04-11 23:59:59.999,0.5,0.7310369917130651
2025-04-13 23:59:59.999,0.5,0.7310583208122692
2025-04-15 23:59:59.999,0.5,0.7310585551920353
2025-04-17 23:59:59.999,0.5,0.7310585786300049
2025-04-21 23:59:59.999,0.7310585786300049,0.7310585786300049
2025-04-22 23:59:59.999,0.7310585786300049,0.7310585786300049
2025-04-23 23:59:59.999,0.7310585786300049,0.7310585786300049
2025-04-24 23:59:59.999,0.7310585786300049,0.7310585786300049
2025-04-25 23:59:59.999,0.7310585786300049,0.7310585786300049
2025-04-26 23:59:59.999,0.7310585786300049,0.7310585786300049
2025-04-27 23:59:59.999,0.7310585786300049,0.7310585786300049
2025-04-28 23:59:59.999,0.7310585786300049,0.7310585786300049
2025-04-29 23:59:59.999,0.7310585786300049,0.7310585786300049
2025-04-30 23:59:59.999,0.7310585786300049,0.7310585786300049
2025-05-01 23:59:59.999,0.7310585786300049,0.7310585786300049
2025-05-02 23:59:59.999,0.7310585786300049,0.7310585786300049
2025-05-03 23:59:59.999,0.7310585786300049,0.7310585786300049
2025-05-04 23:59:59.999,0.7310585786300049,0.7310585786300049
2025-05-05 23:59:59.999,0.7310585786300049,0.7310585786300049
2025-05-06 23:59:59.999,0.7310585786300049,0.7310585786300049
2025-05-07 23:59:59.999,0.7310585786300049,0.7310585786300049
2025-05-08 23:59:59.999,0.7310585786300049,0.7310585786300049
2025-05-09 23:59:59.999,0.7310585786300049,0.7310585786300049
2025-05-10 23:59:59.999,0.7310585786300049,0.7310585786300049
2025-05-11 23:59:59.999,0.7310585786300049,0.7310585786300049
2025-05-12 23:59:59.999,0.7310585786300049,0.7310585786300049
2025-05-13 23:59:59.999,0.7310585786300049,0.7310585786300049
2025-05-14 23:59:59.999,0.7310585786300049,0.7310585786300049
2025-05-15 23:59:59.999,0.7310585786300049,0.7310585786300049
2025-05-16 23:59:59.999,0.7310585786300049,0.7310585786300049
2025-05-17 23:59:59.999,0.7310585786300049,0.7310585786300049
2025-05-18 23:59:59.999,0.7310585786300049,0.7310585786300049
2025-05-19 23:59:59.999,0.7310585786300049,0.7310585786300049
2025-05-20 23:59:59.999,0.7310585786300049,0.7310585786300049
2025-05-21 23:59:59.999,0.7310585786300049,0.7310585786300049
2025-05-22 23:59:59.999,0.7310585786300049,0.7310585786300049
2025-05-23 23:59:59.999,0.7310585786300049,0.7310585786300049
2025-05-24 23:59:59.999,0.7310585786300049,0.7310585786300049
2025-05-25 23:59:59.999,0.7310585786300049,0.7310585786300049
2025-05-26 23:59:59.999,0.7310585786300049,0.7310585786300049
2025-05-27 23:59:59.999,0.7310585786300049,0.7310585786300049
2025-05-28 23:59:59.999,0.7310585786300049,0.7310585786300049
2025-05-29 23:59:59.999,0.7310585786300049,0.7310585786300049
2025-05-30 23:59:59.999,0.7310585786300049,0.7310585786300049
2025-05-31 23:59:59.999,0.7310585786300049,0.7310585786300049
2025-06-01 23:59:59.999,0.7310585786300049,0.7310585786300049
2025-06-02 23:59:59.999,0.7310585786300049,0.7310585786300049
2025-06-03 23:59:59.999,0.7310585786300049,0.7310585786300049
2025-06-04 23:59:59.999,0.7310585786300049,0.7310585786300049
2025-06-05 23:59:59.999,0.7310585786300049,0.7310585786300049
2025-06-06 23:59:59.999,0.7310585786300049,0.7310585786300049
2025-06-07 23:59:59.999,0.7310585786300049,0.7310585786300049
2025-06-08 23:59:59.999,0.7310585786300049,0.7310585786300049
2025-06-09 23:59:59.999,0.7310585786300049,0.7310585786300049
2025-06-10 23:59:59.999,0.7310585786300049,0.7310585786300049
2025-06-11 23:59:59.999,0.7310585786300049,0.7310585786300049
2025-06-12 23:59:59.999,0.7310585786300049,0.7310585786300049
2025-06-13 23:59:59.999,0.7310585786300049,0.7310585786300049
2025-06-14 23:59:59.999,0.7310585786300049,0.7310585786300049
2025-06-15 23:59:59.999,0.7310585786300049,0.7310585786300049
2025-06-16 23:59:59.999,0.7310585786300049,0.7310585786300049
2025-06-17 23:59:59.999,0.7310585786300049,0.7310585786300049
2025-06-18 23:59:59.999,0.7310585786300049,0.7310585786300049
2025-06-19 23:59:59.999,0.7310585786300049,0.7310585786300049
2025-06-20 23:59:59.999,0.5002939071808037,0.7310585786300049
2025-06-23 23:59:59.999,0.5,0.7310585786300049
2025-06-26 23:59:59.999,0.7310585551920353,0.7310585786300049
2025-07-01 23:59:59.999,0.7310585786300049,0.7310585786300049
2025-07-02 23:59:59.999,0.7310585786300049,0.7310585786300049
2025-07-03 23:59:59.999,0.7310585786300049,0.7310585786300049
2025-07-04 23:59:59.999,0.7310585786300049,0.7310585786300049
2025-07-05 23:59:59.999,0.7310585786300049,0.7310585786300049
2025-07-06 23:59:59.999,0.7310585786300049,0.7310585786300049
2025-07-07 23:59:59.999,0.7310585786300049,0.7310585786300049
2025-07-08 23:59:59.999,0.7310585786300049,0.7310585786300049
2025-07-09 23:59:59.999,0.7310585786300049,0.7310585786300049
2025-07-10 23:59:59.999,0.7310585786300049,0.7310585786300049
2025-07-11 23:59:59.999,0.7310585786300049,0.7310585786300049
2025-07-12 23:59:59.999,0.7310585786300049,0.7310585786300049
2025-07-13 23:59:59.999,0.7310585786300049,0.7310585786300049
2025-07-14 23:59:59.999,0.7310585786300049,0.7310585786300049
2025-07-15 23:59:59.999,0.7310585786300049,0.7310585786300049
2025-07-16 23:59:59.999,0.7310585786300049,0.7310585786300049
2025-07-17 23:59:59.999,0.7310585786300049,0.7310585786300049
2025-07-18 23:59:59.999,0.7310585786300049,0.7310585786300049
2025-07-19 23:59:59.999,0.7310585786300049,0.7310585786300049
2025-07-20 23:59:59.999,0.7310585786300049,0.7310585786300049
2025-07-21 23:59:59.999,0.7310585786300049,0.7310585786300049
2025-07-22 23:59:59.999,0.7310585786300049,0.7310585786300049
2025-07-23 23:59:59.999,0.7310585786300049,0.7310585786300049
2025-07-24 23:59:59.999,0.7310585786300049,0.7310585786300049
2025-07-25 23:59:59.999,0.7310585786300049,0.7310585786300049
2025-07-26 23:59:59.999,0.7310585786300049,0.7310585786300049
2025-07-27 23:59:59.999,0.7310585786300049,0.7310585786300049
2025-07-28 23:59:59.999,0.7310585786300049,0.7310585786300049
2025-07-29 23:59:59.999,0.7310585786300049,0.7310585786300049
2025-07-30 23:59:59.999,0.7310585786300049,0.7310585786300049
2025-07-31 23:59:59.999,0.7310585786300049,0.7310585786300049
2025-08-01 23:59:59.999,0.7310585786300049,0.7310585786300049
2025-08-02 23:59:59.999,0.7310585786300049,0.7310585786300049
2025-08-03 23:59:59.999,0.7310585786300049,0.7310585786300049
2025-08-04 23:59:59.999,0.7310585786300049,0.7310585786300049
2025-08-05 23:59:59.999,0.7310585786300049,0.7310585786300049
2025-08-06 23:59:59.999,0.7310580395563792,0.7310585786300049
2025-08-08 23:59:59.999,0.7310585786300049,0.7310585786300049
2025-08-09 23:59:59.999,0.7310585786300049,0.7310585786300049
2025-08-10 23:59:59.999,0.7310585786300049,0.7310585786300049
