time,p_long,p_short
2017-08-17 04:14:59.999,0.7310585786300049,0.7310585786300049
2017-08-17 04:29:59.999,0.7310585786300049,0.7310585786300049
2017-08-17 04:44:59.999,0.7310585786300049,0.7310585786300049
2017-08-17 04:59:59.999,0.7310585786300049,0.7310585786300049
2017-08-17 05:14:59.999,0.7310585786300049,0.7310585786300049
2017-08-17 05:29:59.999,0.7310585786300049,0.7310585786300049
2017-08-17 05:44:59.999,0.7310585786300049,0.7310585786300049
2017-08-17 05:59:59.999,0.7310585786300049,0.7310585786300049
2017-08-17 06:14:59.999,0.7310585786300049,0.7310585786300049
2017-08-17 06:29:59.999,0.7310585786300049,0.7310585786300049
2017-08-17 06:44:59.999,0.7310585786300049,0.7310585786300049
2017-08-17 06:59:59.999,0.7310585786300049,0.7310585786300049
2017-08-17 07:14:59.999,0.7310585786300049,0.7310585786300049
2017-08-17 07:29:59.999,0.7310585786300049,0.7310585786300049
2017-08-17 07:44:59.999,0.7310585786300049,0.7310585786300049
2017-08-17 07:59:59.999,0.7310585786300049,0.7310585786300049
2017-08-17 08:14:59.999,0.7310585786300049,0.7310585786300049
2017-08-17 08:29:59.999,0.7310585786300049,0.7310585786300049
2017-08-17 08:44:59.999,0.7310585786300049,0.7310585786300049
2017-08-17 08:59:59.999,0.7310585786300049,0.7310585786300049
2017-08-17 09:14:59.999,0.7310585786300049,0.7310585786300049
2017-08-17 09:29:59.999,0.7310585786300049,0.7310585786300049
2017-08-17 09:44:59.999,0.7310585786300049,0.7310585786300049
2017-08-17 09:59:59.999,0.7310585786300049,0.7310585786300049
2017-08-17 10:14:59.999,0.7310585786300049,0.7310585786300049
2017-08-17 10:29:59.999,0.7310585786300049,0.7310585786300049
2017-08-17 10:44:59.999,0.7310585786300049,0.7310585786300049
2017-08-17 10:59:59.999,0.7310585786300049,0.7310585786300049
2017-08-17 11:14:59.999,0.7310585786300049,0.7310585786300049
2017-08-17 11:29:59.999,0.7310585786300049,0.7310585786300049
2017-08-17 11:44:59.999,0.7310585786300049,0.7310585786300049
2017-08-17 11:59:59.999,0.7310585786300049,0.7310585786300049
2017-08-17 12:14:59.999,0.7310585786300049,0.7310585786300049
2017-08-17 12:29:59.999,0.7310585786300049,0.7310585786300049
2017-08-17 12:44:59.999,0.7310585786300049,0.7310585786300049
2017-08-17 12:59:59.999,0.7310585786300049,0.7310585786300049
2017-08-17 13:14:59.999,0.7310585786300049,0.7310585786300049
2017-08-17 13:29:59.999,0.7310585786300049,0.7310585786300049
2017-08-17 13:44:59.999,0.7310585786300049,0.7310585786300049
2017-08-17 13:59:59.999,0.7310585786300049,0.7310585786300049
2017-08-17 14:14:59.999,0.7310585786300049,0.7310585786300049
2017-08-17 14:29:59.999,0.7310585786300049,0.7310585786300049
2017-08-17 14:44:59.999,0.7310585786300049,0.7310585786300049
2017-08-17 14:59:59.999,0.7310585786300049,0.7310585786300049
2017-08-17 15:14:59.999,0.7310585786300049,0.7310585786300049
2017-08-17 15:29:59.999,0.7310585786300049,0.7310585786300049
2017-08-17 15:44:59.999,0.7310585786300049,0.7310585786300049
2017-08-17 15:59:59.999,0.7310585786300049,0.7310585786300049
2017-08-17 16:14:59.999,0.7310585786300049,0.7310585786300049
2017-08-17 16:29:59.999,0.7310585786300049,0.7310585786300049
2017-08-17 16:44:59.999,0.7310585786300049,0.7310585786300049
2017-08-17 16:59:59.999,0.7310585786300049,0.7310585786300049
2017-08-17 17:14:59.999,0.7310585786300049,0.7310585786300049
2017-08-17 17:29:59.999,0.7310585786300049,0.7310585786300049
2017-08-17 17:44:59.999,0.7310585786300049,0.7310585786300049
2017-08-17 17:59:59.999,0.7310585786300049,0.7310585786300049
2017-08-17 18:14:59.999,0.7310585786300049,0.7310585786300049
2017-08-17 18:29:59.999,0.7310585786300049,0.7310585786300049
2017-08-17 18:44:59.999,0.7310585786300049,0.7310585786300049
2017-08-17 18:59:59.999,0.7310585786300049,0.7310585786300049
2017-08-17 19:14:59.999,0.7310585786300049,0.7310585786300049
2017-08-17 19:29:59.999,0.7310585786300049,0.7310585786300049
2017-08-17 19:44:59.999,0.7310585786300049,0.7310585786300049
2017-08-17 19:59:59.999,0.7310585786300049,0.7310585786300049
2017-08-17 20:14:59.999,0.7310585786300049,0.7310585786300049
2017-08-17 20:29:59.999,0.7310585786300049,0.7310585786300049
2017-08-17 20:44:59.999,0.7310585786300049,0.7310585786300049
2017-08-17 20:59:59.999,0.7310585786300049,0.7310585786300049
2017-08-17 21:14:59.999,0.7310585786300049,0.7310585786300049
2017-08-17 21:29:59.999,0.7310585786300049,0.7310585786300049
2017-08-17 21:44:59.999,0.7310585786300049,0.7310585786300049
2017-08-17 21:59:59.999,0.7310585786300049,0.7310585786300049
2017-08-17 22:14:59.999,0.7310585786300049,0.7310585786300049
2017-08-17 22:29:59.999,0.7310585786300049,0.7310585786300049
2017-08-17 22:44:59.999,0.7310585786300049,0.7310585786300049
2017-08-17 22:59:59.999,0.7310585786300049,0.7310585786300049
2017-08-17 23:14:59.999,0.7310585786300049,0.7310585786300049
2017-08-17 23:29:59.999,0.7310585786300049,0.7310585786300049
2017-08-17 23:44:59.999,0.7310585786300049,0.7310585786300049
2017-08-17 23:59:59.999,0.7310585786300049,0.7310585786300049
2017-08-18 00:14:59.999,0.7310585786300049,0.7310585786300049
2017-08-18 00:29:59.999,0.7310585786300049,0.7310585786300049
2017-08-18 00:44:59.999,0.7310585786300049,0.7310585786300049
2017-08-18 00:59:59.999,0.7310585786300049,0.7310585786300049
2017-08-18 01:14:59.999,0.7310585786300049,0.7310585786300049
2017-08-18 01:29:59.999,0.7310585786300049,0.7310585786300049
2017-08-18 01:44:59.999,0.7310585786300049,0.7310585786300049
2017-08-18 01:59:59.999,0.7310585786300049,0.7310585786300049
2017-08-18 02:14:59.999,0.7310585786300049,0.7310585786300049
2017-08-18 02:29:59.999,0.7310585786300049,0.7310585786300049
2017-08-18 02:44:59.999,0.7310585786300049,0.7310585786300049
2017-08-18 02:59:59.999,0.7310585786300049,0.7310585786300049
2017-08-18 03:14:59.999,0.7310585786300049,0.7310585786300049
2017-08-18 03:29:59.999,0.7310585786300049,0.7310585786300049
2017-08-18 03:44:59.999,0.7310585786300049,0.7310585786300049
2017-08-18 03:59:59.999,0.7310585786300049,0.7310585786300049
2017-08-18 04:14:59.999,0.7310585786300049,0.7310585786300049
2017-08-18 04:29:59.999,0.7310585786300049,0.7310585786300049
2017-08-18 04:44:59.999,0.7310585786300049,0.7310585786300049
2017-08-18 04:59:59.999,0.7310585786300049,0.7310585786300049
2017-08-18 05:14:59.999,0.7310585786300049,0.7310585786300049
2017-08-18 05:29:59.999,0.7310585786300049,0.7310585786300049
2017-08-18 05:44:59.999,0.7310585786300049,0.7310585786300049
2017-08-18 05:59:59.999,0.7310585786300049,0.7310585786300049
2017-08-18 06:14:59.999,0.7310585786300049,0.7310585786300049
2017-08-18 06:29:59.999,0.7310585786300049,0.7310585786300049
2017-08-18 06:44:59.999,0.7310585786300049,0.7310585786300049
2017-08-18 06:59:59.999,0.7310585786300049,0.7310585786300049
2017-08-18 07:14:59.999,0.7310585786300049,0.7310585786300049
2017-08-18 07:29:59.999,0.7310585786300049,0.7310585786300049
2017-08-18 07:44:59.999,0.7310585786300049,0.7310585786300049
2017-08-18 07:59:59.999,0.7310585786300049,0.7310585786300049
2017-08-18 08:14:59.999,0.7310585786300049,0.7310585786300049
2017-08-18 08:29:59.999,0.7310585786300049,0.7310585786300049
2017-08-18 08:44:59.999,0.7310585786300049,0.7310585786300049
2017-08-18 08:59:59.999,0.7310585786300049,0.7310585786300049
2017-08-18 09:14:59.999,0.7310585786300049,0.7310585786300049
2017-08-18 09:29:59.999,0.7310585786300049,0.7310585786300049
2017-08-18 09:44:59.999,0.7310585786300049,0.7310585786300049
2017-08-18 09:59:59.999,0.7310585786300049,0.7310585786300049
2017-08-18 10:14:59.999,0.7310585786300049,0.7310585786300049
2017-08-18 10:29:59.999,0.7310585786300049,0.7310585786300049
2017-08-18 10:44:59.999,0.7310585786300049,0.7310585786300049
2017-08-18 10:59:59.999,0.7310585786300049,0.7310585786300049
2017-08-18 11:14:59.999,0.7310585786300049,0.7310585786300049
2017-08-18 11:29:59.999,0.7310585786300049,0.7310585786300049
2017-08-18 11:44:59.999,0.7310585786300049,0.7310585786300049
2017-08-18 11:59:59.999,0.7310585786300049,0.7310585786300049
2017-08-18 12:14:59.999,0.7310585786300049,0.7310585786300049
2017-08-18 12:29:59.999,0.7310585786300049,0.7310585786300049
2017-08-18 12:44:59.999,0.7310585786300049,0.7310585786300049
2017-08-18 12:59:59.999,0.7310585786300049,0.7310585786300049
2017-08-18 13:14:59.999,0.7310585786300049,0.7310585786300049
2017-08-18 13:29:59.999,0.7310585786300049,0.7310585786300049
2017-08-18 13:44:59.999,0.7310585786300049,0.7310585786300049
2017-08-18 13:59:59.999,0.7310585786300049,0.7310585786300049
2017-08-18 14:14:59.999,0.7310585786300049,0.7310585786300049
2017-08-18 14:29:59.999,0.7310585786300049,0.7310585786300049
2017-08-18 14:44:59.999,0.7310585786300049,0.7310585786300049
2017-08-18 14:59:59.999,0.7310585786300049,0.7310585786300049
2017-08-18 15:14:59.999,0.7310585786300049,0.7310585786300049
2017-08-18 15:29:59.999,0.7310585786300049,0.7310585786300049
2017-08-18 15:44:59.999,0.7310585786300049,0.7310585786300049
2017-08-18 15:59:59.999,0.7310585786300049,0.7310585786300049
2017-08-18 16:14:59.999,0.7310585786300049,0.7310585786300049
2017-08-18 16:29:59.999,0.7310585786300049,0.7310585786300049
2017-08-18 16:44:59.999,0.7310585786300049,0.7310585786300049
2017-08-18 16:59:59.999,0.7310585786300049,0.7310585786300049
2017-08-18 17:14:59.999,0.7310585786300049,0.7310585786300049
2017-08-18 17:29:59.999,0.7310585786300049,0.7310585786300049
2017-08-18 17:44:59.999,0.7310585786300049,0.7310585786300049
2017-08-18 17:59:59.999,0.7310585786300049,0.7310585786300049
2017-08-18 18:14:59.999,0.7310585786300049,0.7310585786300049
2017-08-18 18:29:59.999,0.7310585786300049,0.7310585786300049
2017-08-18 18:44:59.999,0.7310585786300049,0.7310585786300049
2017-08-18 18:59:59.999,0.7310585786300049,0.7310585786300049
2017-08-18 19:14:59.999,0.7310585786300049,0.7310585786300049
2017-08-18 19:29:59.999,0.7310585786300049,0.7310585786300049
2017-08-18 19:44:59.999,0.7310585786300049,0.7310585786300049
2017-08-18 19:59:59.999,0.7310585786300049,0.7310585786300049
2017-08-18 20:14:59.999,0.7310585786300049,0.7310585786300049
2017-08-18 20:29:59.999,0.7310585786300049,0.7310585786300049
2017-08-18 20:44:59.999,0.7310585786300049,0.7310585786300049
2017-08-18 20:59:59.999,0.7310585786300049,0.7310585786300049
2017-08-18 21:14:59.999,0.7310585786300049,0.7310585786300049
2017-08-18 21:29:59.999,0.7310585786300049,0.7310585786300049
2017-08-18 21:44:59.999,0.7310585786300049,0.7310585786300049
2017-08-18 21:59:59.999,0.7310585786300049,0.7310585786300049
2017-08-18 22:14:59.999,0.7310585786300049,0.7310585786300049
2017-08-18 22:29:59.999,0.7310585786300049,0.7310585786300049
2017-08-18 22:44:59.999,0.7310585786300049,0.7310585786300049
2017-08-18 22:59:59.999,0.7310585786300049,0.7310585786300049
2017-08-18 23:14:59.999,0.7310585786300049,0.7310585786300049
2017-08-18 23:29:59.999,0.7310585786300049,0.7310585786300049
2017-08-18 23:44:59.999,0.7310585786300049,0.7310585786300049
2017-08-18 23:59:59.999,0.7310585786300049,0.7310585786300049
2017-08-19 00:14:59.999,0.7310585786300049,0.7310585786300049
2017-08-19 00:29:59.999,0.7310585786300049,0.7310585786300049
2017-08-19 00:44:59.999,0.7310585786300049,0.7310585786300049
2017-08-19 00:59:59.999,0.7310585786300049,0.7310585786300049
2017-08-19 01:14:59.999,0.7310585786300049,0.7310585786300049
2017-08-19 01:29:59.999,0.7310585786300049,0.7310585786300049
2017-08-19 01:44:59.999,0.7310585786300049,0.7310585786300049
2017-08-19 01:59:59.999,0.7310585786300049,0.7310585786300049
2017-08-19 02:14:59.999,0.7310585786300049,0.7310585786300049
2017-08-19 02:29:59.999,0.7310585786300049,0.7310585786300049
2017-08-19 02:44:59.999,0.7310585786300049,0.7310585786300049
2017-08-19 02:59:59.999,0.7310585786300049,0.7310585786300049
2017-08-19 03:14:59.999,0.7310585786300049,0.7310585786300049
2017-08-19 03:29:59.999,0.7310585786300049,0.7310585786300049
2017-08-19 03:44:59.999,0.7310585786300049,0.7310585786300049
2017-08-19 03:59:59.999,0.7310585786300049,0.7310585786300049
2017-08-19 04:14:59.999,0.7310585786300049,0.7310585786300049
2017-08-19 04:29:59.999,0.7310585786300049,0.7310585786300049
2017-08-19 04:44:59.999,0.7310585786300049,0.7310585786300049
2017-08-19 04:59:59.999,0.7310585786300049,0.7310585786300049
2017-08-19 05:14:59.999,0.7310585786300049,0.7310585786300049
2017-08-19 05:29:59.999,0.7310585786300049,0.7310585786300049
2017-08-19 05:44:59.999,0.7310585786300049,0.7310585786300049
2017-08-19 05:59:59.999,0.7310585786300049,0.7310585786300049
2017-08-19 06:14:59.999,0.7310585786300049,0.7310585786300049
2017-08-19 06:29:59.999,0.7310585786300049,0.7310585786300049
2017-08-19 06:44:59.999,0.7310585786300049,0.7310585786300049
2017-08-19 06:59:59.999,0.7310585786300049,0.7310585786300049
2017-08-19 07:14:59.999,0.7310585786300049,0.7310585786300049
2017-08-19 07:29:59.999,0.7310585786300049,0.7310585786300049
2017-08-19 07:44:59.999,0.7310585786300049,0.7310585786300049
2017-08-19 07:59:59.999,0.7310585786300049,0.7310585786300049
2017-08-19 08:14:59.999,0.7310585786300049,0.7310585786300049
2017-08-19 08:29:59.999,0.7310585786300049,0.7310585786300049
2017-08-19 08:44:59.999,0.7310585786300049,0.7310585786300049
2017-08-19 08:59:59.999,0.7310585786300049,0.7310585786300049
2017-08-19 09:14:59.999,0.7310585786300049,0.7310585786300049
2017-08-19 09:29:59.999,0.7310585786300049,0.7310585786300049
2017-08-19 09:44:59.999,0.7310585786300049,0.7310585786300049
2017-08-19 09:59:59.999,0.7310585786300049,0.7310585786300049
2017-08-19 10:14:59.999,0.7310585786300049,0.7310585786300049
2017-08-19 10:29:59.999,0.7310585786300049,0.7310585786300049
2017-08-19 10:44:59.999,0.7310585786300049,0.7310585786300049
2017-08-19 10:59:59.999,0.7310585786300049,0.7310585786300049
2017-08-19 11:14:59.999,0.7310585786300049,0.7310585786300049
2017-08-19 11:29:59.999,0.7310585786300049,0.7310585786300049
2017-08-19 11:44:59.999,0.7310585786300049,0.7310585786300049
2017-08-19 11:59:59.999,0.7310585786300049,0.7310585786300049
2017-08-19 12:14:59.999,0.7310585786300049,0.7310585786300049
2017-08-19 12:29:59.999,0.7310585786300049,0.7310585786300049
2017-08-19 12:44:59.999,0.7310585786300049,0.7310585786300049
2017-08-19 12:59:59.999,0.7310585786300049,0.7310585786300049
2017-08-19 13:14:59.999,0.7310585786300049,0.7310585786300049
2017-08-19 13:29:59.999,0.7310585786300049,0.7310585786300049
2017-08-19 13:44:59.999,0.7310585786300049,0.7310585786300049
2017-08-19 13:59:59.999,0.7310585786300049,0.7310585786300049
2017-08-19 14:14:59.999,0.7310585786300049,0.7310585786300049
2017-08-19 14:29:59.999,0.7310585786300049,0.7310585786300049
2017-08-19 14:44:59.999,0.7310585786300049,0.7310585786300049
2017-08-19 14:59:59.999,0.7310585786300049,0.7310585786300049
2017-08-19 15:14:59.999,0.7310585786300049,0.7310585786300049
2017-08-19 15:29:59.999,0.7310585786300049,0.7310585786300049
2017-08-19 15:44:59.999,0.7310585786300049,0.7310585786300049
2017-08-19 15:59:59.999,0.7310585786300049,0.7310585786300049
2017-08-19 16:14:59.999,0.7310585786300049,0.7310585786300049
2017-08-19 16:29:59.999,0.7310585786300049,0.7310585786300049
2017-08-19 16:44:59.999,0.7310585786300049,0.7310585786300049
2017-08-19 16:59:59.999,0.7310585786300049,0.7310585786300049
2017-08-19 17:14:59.999,0.7310585786300049,0.7310585786300049
2017-08-19 17:29:59.999,0.7310585786300049,0.7310585786300049
2017-08-19 17:44:59.999,0.7310585786300049,0.7310585786300049
2017-08-19 17:59:59.999,0.7310585786300049,0.7310585786300049
2017-08-19 18:14:59.999,0.7310585786300049,0.7310585786300049
2017-08-19 18:29:59.999,0.7310585786300049,0.7310585786300049
2017-08-19 18:44:59.999,0.7310585786300049,0.7310585786300049
2017-08-19 18:59:59.999,0.7310585786300049,0.7310585786300049
2017-08-19 19:14:59.999,0.7310585786300049,0.7310585786300049
2017-08-19 19:29:59.999,0.7310585786300049,0.7310585786300049
2017-08-19 19:44:59.999,0.7310585786300049,0.7310585786300049
2017-08-19 19:59:59.999,0.7310585786300049,0.7310585786300049
2017-08-19 20:14:59.999,0.7310585786300049,0.7310585786300049
2017-08-19 20:29:59.999,0.7310585786300049,0.7310585786300049
2017-08-19 20:44:59.999,0.7310585786300049,0.7310585786300049
2017-08-19 20:59:59.999,0.7310585786300049,0.7310585786300049
2017-08-19 21:14:59.999,0.7310585786300049,0.7310585786300049
2017-08-19 21:29:59.999,0.7310585786300049,0.7310585786300049
2017-08-19 21:44:59.999,0.7310585786300049,0.7310585786300049
2017-08-19 21:59:59.999,0.7310585786300049,0.7310585786300049
2017-08-19 22:14:59.999,0.7310585786300049,0.7310585786300049
2017-08-19 22:29:59.999,0.7310585786300049,0.7310585786300049
2017-08-19 22:44:59.999,0.7310585786300049,0.7310585786300049
2017-08-19 22:59:59.999,0.7310585786300049,0.7310585786300049
2017-08-19 23:14:59.999,0.7310585786300049,0.7310585786300049
2017-08-19 23:29:59.999,0.7310585786300049,0.7310585786300049
2017-08-19 23:44:59.999,0.7310585786300049,0.7310585786300049
2017-08-19 23:59:59.999,0.7310585786300049,0.7310585786300049
2017-08-20 00:14:59.999,0.7310585786300049,0.7310585786300049
2017-08-20 00:29:59.999,0.7310585786300049,0.7310585786300049
2017-08-20 00:44:59.999,0.7310585786300049,0.7310585786300049
2017-08-20 00:59:59.999,0.7310585786300049,0.7310585786300049
2017-08-20 01:14:59.999,0.7310585786300049,0.7310585786300049
2017-08-20 01:29:59.999,0.7310585786300049,0.7310585786300049
2017-08-20 01:44:59.999,0.7310585786300049,0.7310585786300049
2017-08-20 01:59:59.999,0.7310585786300049,0.7310585786300049
2017-08-20 02:14:59.999,0.7310585786300049,0.7310585786300049
2017-08-20 02:29:59.999,0.7310585786300049,0.7310585786300049
2017-08-20 02:44:59.999,0.7310585786300049,0.7310585786300049
2017-08-20 02:59:59.999,0.7310585786300049,0.7310585786300049
2017-08-20 03:14:59.999,0.7310585786300049,0.7310585786300049
2017-08-20 03:29:59.999,0.7310585786300049,0.7310585786300049
2017-08-20 03:44:59.999,0.7310585786300049,0.7310585786300049
2017-08-20 03:59:59.999,0.7310585786300049,0.7310585786300049
2017-08-20 04:14:59.999,0.7310585786300049,0.7310585786300049
2017-08-20 04:29:59.999,0.7310585786300049,0.7310585786300049
2017-08-20 04:44:59.999,0.7310585786300049,0.7310585786300049
2017-08-20 04:59:59.999,0.7310585786300049,0.7310585786300049
2017-08-20 05:14:59.999,0.7310585786300049,0.7310585786300049
2017-08-20 05:29:59.999,0.7310585786300049,0.7310585786300049
2017-08-20 05:44:59.999,0.7310585786300049,0.7310585786300049
2017-08-20 05:59:59.999,0.7310585786300049,0.7310585786300049
2017-08-20 06:14:59.999,0.7310585786300049,0.7310585786300049
2017-08-20 06:29:59.999,0.7310585786300049,0.7310585786300049
2017-08-20 06:44:59.999,0.7310585786300049,0.7310585786300049
2017-08-20 06:59:59.999,0.7310585786300049,0.7310585786300049
2017-08-20 07:14:59.999,0.7310585786300049,0.7310585786300049
2017-08-20 07:29:59.999,0.7310585786300049,0.7310585786300049
2017-08-20 07:44:59.999,0.7310585786300049,0.7310585786300049
2017-08-20 07:59:59.999,0.7310585786300049,0.7310585786300049
2017-08-20 08:14:59.999,0.7310585786300049,0.7310585786300049
2017-08-20 08:29:59.999,0.7310585786300049,0.7310585786300049
2017-08-20 08:44:59.999,0.7310585786300049,0.7310585786300049
2017-08-20 08:59:59.999,0.7310585786300049,0.7310585786300049
2017-08-20 09:14:59.999,0.7310585786300049,0.7310585786300049
2017-08-20 09:29:59.999,0.7310585786300049,0.7310585786300049
2017-08-20 09:44:59.999,0.7310585786300049,0.7310585786300049
2017-08-20 09:59:59.999,0.7310585786300049,0.7310585786300049
2017-08-20 10:14:59.999,0.7310585786300049,0.7310585786300049
2017-08-20 10:29:59.999,0.7310585786300049,0.7310585786300049
2017-08-20 10:44:59.999,0.7310585786300049,0.7310585786300049
2017-08-20 10:59:59.999,0.7310585786300049,0.7310585786300049
2017-08-20 11:14:59.999,0.7310585786300049,0.7310585786300049
2017-08-20 11:29:59.999,0.7310585786300049,0.7310585786300049
2017-08-20 11:44:59.999,0.7310585786300049,0.7310585786300049
2017-08-20 11:59:59.999,0.7310585786300049,0.7310585786300049
2017-08-20 12:14:59.999,0.7310585786300049,0.7310585786300049
2017-08-20 12:29:59.999,0.7310585786300049,0.7310585786300049
2017-08-20 12:44:59.999,0.7310585786300049,0.7310585786300049
2017-08-20 12:59:59.999,0.7310585786300049,0.7310585786300049
2017-08-20 13:14:59.999,0.7310585786300049,0.7310585786300049
2017-08-20 13:29:59.999,0.7310585786300049,0.7310585786300049
2017-08-20 13:44:59.999,0.7310585786300049,0.7310585786300049
2017-08-20 13:59:59.999,0.7310585786300049,0.7310585786300049
2017-08-20 14:14:59.999,0.7310585786300049,0.7310585786300049
2017-08-20 14:29:59.999,0.7310585786300049,0.7310585786300049
2017-08-20 14:44:59.999,0.7310585786300049,0.7310585786300049
2017-08-20 14:59:59.999,0.7310585786300049,0.7310585786300049
2017-08-20 15:14:59.999,0.7310585786300049,0.7310585786300049
2017-08-20 15:29:59.999,0.7310585786300049,0.7310585786300049
2017-08-20 15:44:59.999,0.7310585786300049,0.7310585786300049
2017-08-20 15:59:59.999,0.7310585786300049,0.7310585786300049
2017-08-20 16:14:59.999,0.7310585786300049,0.7310585786300049
2017-08-20 16:29:59.999,0.7310585786300049,0.7310585786300049
2017-08-20 16:44:59.999,0.7310585786300049,0.7310585786300049
2017-08-20 16:59:59.999,0.7310585786300049,0.7310585786300049
2017-08-20 17:14:59.999,0.7310585786300049,0.7310585786300049
2017-08-20 17:29:59.999,0.7310585786300049,0.7310585786300049
2017-08-20 17:44:59.999,0.7310585786300049,0.7310585786300049
2017-08-20 17:59:59.999,0.7310585786300049,0.7310585786300049
2017-08-20 18:14:59.999,0.7310585786300049,0.7310585786300049
2017-08-20 18:29:59.999,0.7310585786300049,0.7310585786300049
2017-08-20 18:44:59.999,0.7310585786300049,0.7310585786300049
2017-08-20 18:59:59.999,0.7310585786300049,0.7310585786300049
2017-08-20 19:14:59.999,0.7310585786300049,0.7310585786300049
2017-08-20 19:29:59.999,0.7310585786300049,0.7310585786300049
2017-08-20 19:44:59.999,0.7310585786300049,0.7310585786300049
2017-08-20 19:59:59.999,0.7310585786300049,0.7310585786300049
2017-08-20 20:14:59.999,0.7310585786300049,0.7310585786300049
2017-08-20 20:29:59.999,0.7310585786300049,0.7310585786300049
2017-08-20 20:44:59.999,0.7310585786300049,0.7310585786300049
2017-08-20 20:59:59.999,0.7310585786300049,0.7310585786300049
2017-08-20 21:14:59.999,0.7310585786300049,0.7310585786300049
2017-08-20 21:29:59.999,0.7310585786300049,0.7310585786300049
2017-08-20 21:44:59.999,0.7310585786300049,0.7310585786300049
2017-08-20 21:59:59.999,0.7310585786300049,0.7310585786300049
2017-08-20 22:14:59.999,0.7310585786300049,0.7310585786300049
2017-08-20 22:29:59.999,0.7310585786300049,0.7310585786300049
2017-08-20 22:44:59.999,0.7310585786300049,0.7310585786300049
2017-08-20 22:59:59.999,0.7310585786300049,0.7310585786300049
2017-08-20 23:14:59.999,0.7310585786300049,0.7310585786300049
2017-08-20 23:29:59.999,0.7310585786300049,0.7310585786300049
2017-08-20 23:44:59.999,0.7310585786300049,0.7310585786300049
2017-08-20 23:59:59.999,0.7310585786300049,0.7310585786300049
2017-08-21 00:14:59.999,0.7310585786300049,0.7310585786300049
2017-08-21 00:29:59.999,0.7310585786300049,0.7310585786300049
2017-08-21 00:44:59.999,0.7310585786300049,0.7310585786300049
2017-08-21 00:59:59.999,0.7310585786300049,0.7310585786300049
2017-08-21 01:14:59.999,0.7310585786300049,0.7310585786300049
2017-08-21 01:29:59.999,0.7310585786300049,0.7310585786300049
2017-08-21 01:44:59.999,0.7310585786300049,0.7310585786300049
2017-08-21 01:59:59.999,0.7310585786300049,0.7310585786300049
2017-08-21 02:14:59.999,0.7310585786300049,0.7310585786300049
2017-08-21 02:29:59.999,0.7310585786300049,0.7310585786300049
2017-08-21 02:44:59.999,0.7310585786300049,0.7310585786300049
2017-08-21 02:59:59.999,0.7310585786300049,0.7310585786300049
2017-08-21 03:14:59.999,0.7310585786300049,0.7310585786300049
2017-08-21 03:29:59.999,0.7310585786300049,0.7310585786300049
2017-08-21 03:44:59.999,0.7310585786300049,0.7310585786300049
2017-08-21 03:59:59.999,0.7310585786300049,0.7310585786300049
2017-08-21 04:14:59.999,0.7310585786300049,0.7310585786300049
2017-08-21 04:29:59.999,0.7310585786300049,0.7310585786300049
2017-08-21 04:44:59.999,0.7310585786300049,0.7310585786300049
2017-08-21 04:59:59.999,0.7310585786300049,0.7310585786300049
2017-08-21 05:14:59.999,0.7310585786300049,0.7310585786300049
2017-08-21 05:29:59.999,0.7310585786300049,0.7310585786300049
2017-08-21 05:44:59.999,0.7310585786300049,0.7310585786300049
2017-08-21 05:59:59.999,0.7310585786300049,0.7310585786300049
2017-08-21 06:14:59.999,0.7310585786300049,0.7310585786300049
2017-08-21 06:29:59.999,0.7310585786300049,0.7310585786300049
2017-08-21 06:44:59.999,0.7310585786300049,0.7310585786300049
2017-08-21 06:59:59.999,0.7310585786300049,0.7310585786300049
2017-08-21 07:14:59.999,0.7310585786300049,0.7310585786300049
2017-08-21 07:29:59.999,0.7310585786300049,0.7310585786300049
2017-08-21 07:44:59.999,0.7310585786300049,0.7310585786300049
2017-08-21 07:59:59.999,0.7310585786300049,0.7310585786300049
2017-08-21 08:14:59.999,0.7310585786300049,0.7310585786300049
2017-08-21 08:29:59.999,0.7310585786300049,0.7310585786300049
2017-08-21 08:44:59.999,0.7310585786300049,0.7310585786300049
2017-08-21 08:59:59.999,0.7310585786300049,0.7310585786300049
2017-08-21 09:14:59.999,0.7310585786300049,0.7310585786300049
2017-08-21 09:29:59.999,0.7310585786300049,0.7310585786300049
2017-08-21 09:44:59.999,0.7310585786300049,0.7310585786300049
2017-08-21 09:59:59.999,0.7310585786300049,0.7310585786300049
2017-08-21 10:14:59.999,0.7310585786300049,0.7310585786300049
2017-08-21 10:29:59.999,0.7310585786300049,0.7310585786300049
2017-08-21 10:44:59.999,0.7310585786300049,0.7310585786300049
2017-08-21 10:59:59.999,0.7310585786300049,0.7310585786300049
2017-08-21 11:14:59.999,0.7310585786300049,0.7310585786300049
2017-08-21 11:29:59.999,0.7310585786300049,0.7310585786300049
2017-08-21 11:44:59.999,0.7310585786300049,0.7310585786300049
2017-08-21 11:59:59.999,0.7310585786300049,0.7310585786300049
2017-08-21 12:14:59.999,0.7310585786300049,0.7310585786300049
2017-08-21 12:29:59.999,0.7310585786300049,0.7310585786300049
2017-08-21 12:44:59.999,0.7310585786300049,0.7310585786300049
2017-08-21 12:59:59.999,0.7310585786300049,0.7310585786300049
2017-08-21 13:14:59.999,0.7310585786300049,0.7310585786300049
2017-08-21 13:29:59.999,0.7310585786300049,0.7310585786300049
2017-08-21 13:44:59.999,0.7310585786300049,0.7310585786300049
2017-08-21 13:59:59.999,0.7310585786300049,0.7310585786300049
2017-08-21 14:14:59.999,0.7310585786300049,0.7310585786300049
2017-08-21 14:29:59.999,0.7310585786300049,0.7310585786300049
2017-08-21 14:44:59.999,0.7310585786300049,0.7310585786300049
2017-08-21 14:59:59.999,0.7310585786300049,0.7310585786300049
2017-08-21 15:14:59.999,0.7310585786300049,0.7310585786300049
2017-08-21 15:29:59.999,0.7310585786300049,0.7310585786300049
2017-08-21 15:44:59.999,0.7310585786300049,0.7310585786300049
2017-08-21 15:59:59.999,0.7310585786300049,0.7310585786300049
2017-08-21 16:14:59.999,0.7310585786300049,0.7310585786300049
2017-08-21 16:29:59.999,0.7310585786300049,0.7310585786300049
2017-08-21 16:44:59.999,0.7310585786300049,0.7310585786300049
2017-08-21 16:59:59.999,0.7310585786300049,0.7310585786300049
2017-08-21 17:14:59.999,0.7310585786300049,0.7310585786300049
2017-08-21 17:29:59.999,0.7310585786300049,0.7310585786300049
2017-08-21 17:44:59.999,0.7310585786300049,0.7310585786300049
2017-08-21 17:59:59.999,0.7310585786300049,0.7310585786300049
2017-08-21 18:14:59.999,0.7310585786300049,0.7310585786300049
2017-08-21 18:29:59.999,0.7310585786300049,0.7310585786300049
2017-08-21 18:44:59.999,0.7310585786300049,0.7310585786300049
2017-08-21 18:59:59.999,0.7310585786300049,0.7310585786300049
2017-08-21 19:14:59.999,0.7310585786300049,0.7310585786300049
2017-08-21 19:29:59.999,0.7310585786300049,0.7310585786300049
2017-08-21 19:44:59.999,0.7310585786300049,0.7310585786300049
2017-08-21 19:59:59.999,0.7310585786300049,0.7310585786300049
2017-08-21 20:14:59.999,0.7310585786300049,0.7310585786300049
2017-08-21 20:29:59.999,0.7310585786300049,0.7310585786300049
2017-08-21 20:44:59.999,0.7310585786300049,0.7310585786300049
2017-08-21 20:59:59.999,0.7310585786300049,0.7310585786300049
2017-08-21 21:14:59.999,0.7310585786300049,0.7310585786300049
2017-08-21 21:29:59.999,0.7310585786300049,0.7310585786300049
2017-08-21 21:44:59.999,0.7310585786300049,0.7310585786300049
2017-08-21 21:59:59.999,0.7310585786300049,0.7310585786300049
2017-08-21 22:14:59.999,0.7310585786300049,0.7310585786300049
2017-08-21 22:29:59.999,0.7310585786300049,0.7310585786300049
2017-08-21 22:44:59.999,0.7310585786300049,0.7310585786300049
2017-08-21 22:59:59.999,0.7310585786300049,0.7310585786300049
2017-08-21 23:14:59.999,0.7310585786300049,0.7310585786300049
2017-08-21 23:29:59.999,0.7310585786300049,0.7310585786300049
2017-08-21 23:44:59.999,0.7310585786300049,0.7310585786300049
2017-08-21 23:59:59.999,0.7310585786300049,0.7310585786300049
2017-08-22 00:14:59.999,0.7310585786300049,0.7310585786300049
2017-08-22 00:29:59.999,0.7310585786300049,0.7310585786300049
2017-08-22 00:44:59.999,0.7310585786300049,0.7310585786300049
2017-08-22 00:59:59.999,0.7310585786300049,0.7310585786300049
2017-08-22 01:14:59.999,0.7310585786300049,0.7310585786300049
2017-08-22 01:29:59.999,0.7310585786300049,0.7310585786300049
2017-08-22 01:44:59.999,0.7310585786300049,0.7310585786300049
2017-08-22 01:59:59.999,0.7310585786300049,0.7310585786300049
2017-08-22 02:14:59.999,0.7310585786300049,0.7310585786300049
2017-08-22 02:29:59.999,0.7310585786300049,0.7310585786300049
2017-08-22 02:44:59.999,0.7310585786300049,0.7310585786300049
2017-08-22 02:59:59.999,0.7310585786300049,0.7310585786300049
2017-08-22 03:14:59.999,0.7310585786300049,0.7310585786300049
2017-08-22 03:29:59.999,0.7310585786300049,0.7310585786300049
2017-08-22 03:44:59.999,0.7310585786300049,0.7310585786300049
2017-08-22 03:59:59.999,0.7310585786300049,0.7310585786300049
2017-08-22 04:14:59.999,0.7310585786300049,0.7310585786300049
2017-08-22 04:29:59.999,0.7310585786300049,0.7310585786300049
2017-08-22 04:44:59.999,0.7310585786300049,0.7310585786300049
2017-08-22 04:59:59.999,0.7310585786300049,0.7310585786300049
2017-08-22 05:14:59.999,0.7310585786300049,0.7310585786300049
2017-08-22 05:29:59.999,0.7310585786300049,0.7310585786300049
2017-08-22 05:44:59.999,0.7310585786300049,0.7310585786300049
2017-08-22 05:59:59.999,0.7310585786300049,0.7310585786300049
2017-08-22 06:14:59.999,0.7310585786300049,0.7310585786300049
2017-08-22 06:29:59.999,0.7310585786300049,0.7310585786300049
2017-08-22 06:44:59.999,0.7310585786300049,0.7310585786300049
2017-08-22 06:59:59.999,0.7310585786300049,0.7310585786300049
2017-08-22 07:14:59.999,0.7310585786300049,0.7310585786300049
2017-08-22 07:29:59.999,0.7310585786300049,0.7310585786300049
2017-08-22 07:44:59.999,0.7310585786300049,0.7310585786300049
2017-08-22 07:59:59.999,0.7310585786300049,0.7310585786300049
2017-08-22 08:14:59.999,0.7310585786300049,0.7310585786300049
2017-08-22 08:29:59.999,0.7310585786300049,0.7310585786300049
2017-08-22 08:44:59.999,0.7310585786300049,0.7310585786300049
2017-08-22 08:59:59.999,0.7310585786300049,0.7310585786300049
2017-08-22 09:14:59.999,0.7310585786300049,0.7310585786300049
2017-08-22 09:29:59.999,0.7310585786300049,0.7310585786300049
2017-08-22 09:44:59.999,0.7310585786300049,0.7310585786300049
2017-08-22 09:59:59.999,0.7310585786300049,0.7310585786300049
2017-08-22 10:14:59.999,0.7310585786300049,0.7310585786300049
2017-08-22 10:29:59.999,0.7310585786300049,0.7310585786300049
2017-08-22 10:44:59.999,0.7310585786300049,0.7310585786300049
2017-08-22 10:59:59.999,0.7310585786300049,0.7310585786300049
2017-08-22 11:14:59.999,0.7310585786300049,0.7310585786300049
2017-08-22 11:29:59.999,0.7310585786300049,0.7310585786300049
2017-08-22 11:44:59.999,0.7310585786300049,0.7310585786300049
2017-08-22 11:59:59.999,0.7310585786300049,0.7310585786300049
2017-08-22 12:14:59.999,0.7310585786300049,0.7310585786300049
2017-08-22 12:29:59.999,0.7310585786300049,0.7310585786300049
2017-08-22 12:44:59.999,0.7310585786300049,0.7310585786300049
2017-08-22 12:59:59.999,0.7310585786300049,0.7310585786300049
2017-08-22 13:14:59.999,0.7310585786300049,0.7310585786300049
2017-08-22 13:29:59.999,0.7310585786300049,0.7310585786300049
2017-08-22 13:44:59.999,0.7310585786300049,0.7310585786300049
2017-08-22 13:59:59.999,0.7310585786300049,0.7310585786300049
2017-08-22 14:14:59.999,0.7310585786300049,0.7310585786300049
2017-08-22 14:29:59.999,0.7310585786300049,0.7310585786300049
2017-08-22 14:44:59.999,0.7310585786300049,0.7310585786300049
2017-08-22 14:59:59.999,0.7310585786300049,0.7310585786300049
2017-08-22 15:14:59.999,0.7310585786300049,0.7310585786300049
2017-08-22 15:29:59.999,0.7310585786300049,0.7310585786300049
2017-08-22 15:44:59.999,0.7310585786300049,0.7310585786300049
2017-08-22 15:59:59.999,0.7310585786300049,0.7310585786300049
2017-08-22 16:14:59.999,0.7310585786300049,0.7310585786300049
2017-08-22 16:29:59.999,0.7310585786300049,0.7310585786300049
2017-08-22 16:44:59.999,0.7310585786300049,0.7310585786300049
2017-08-22 16:59:59.999,0.7310585786300049,0.7310585786300049
2017-08-22 17:14:59.999,0.7310585786300049,0.7310585786300049
2017-08-22 17:29:59.999,0.7310585786300049,0.7310585786300049
2017-08-22 17:44:59.999,0.7310585786300049,0.7310585786300049
2017-08-22 17:59:59.999,0.7310585786300049,0.7310585786300049
2017-08-22 18:14:59.999,0.7310585786300049,0.7310585786300049
2017-08-22 18:29:59.999,0.7310585786300049,0.7310585786300049
2017-08-22 18:44:59.999,0.7310585786300049,0.7310585786300049
2017-08-22 18:59:59.999,0.7310585786300049,0.7310585786300049
2017-08-22 19:14:59.999,0.7310585786300049,0.7310585786300049
2017-08-22 19:29:59.999,0.7310585786300049,0.7310585786300049
2017-08-22 19:44:59.999,0.7310585786300049,0.7310585786300049
2017-08-22 19:59:59.999,0.7310585786300049,0.7310585786300049
2017-08-22 20:14:59.999,0.7310585786300049,0.7310585786300049
2017-08-22 20:29:59.999,0.7310585786300049,0.7310585786300049
2017-08-22 20:44:59.999,0.7310585786300049,0.7310585786300049
2017-08-22 20:59:59.999,0.7310585786300049,0.7310585786300049
2017-08-22 21:14:59.999,0.7310585786300049,0.7310585786300049
2017-08-22 21:29:59.999,0.7310585786300049,0.7310585786300049
2017-08-22 21:44:59.999,0.7310585786300049,0.7310585786300049
2017-08-22 21:59:59.999,0.7310585786300049,0.7310585786300049
2017-08-22 22:14:59.999,0.7310585786300049,0.7310585786300049
2017-08-22 22:29:59.999,0.7310585786300049,0.7310585786300049
2017-08-22 22:44:59.999,0.7310585786300049,0.7310585786300049
2017-08-22 22:59:59.999,0.7310585786300049,0.7310585786300049
2017-08-22 23:14:59.999,0.7310585786300049,0.7310585786300049
2017-08-22 23:29:59.999,0.7310585786300049,0.7310585786300049
2017-08-22 23:44:59.999,0.7310585786300049,0.7310585786300049
2017-08-22 23:59:59.999,0.7310585786300049,0.7310585786300049
2017-08-23 00:14:59.999,0.7310585786300049,0.7310585786300049
2017-08-23 00:29:59.999,0.7310585786300049,0.7310585786300049
2017-08-23 00:44:59.999,0.7310585786300049,0.7310585786300049
2017-08-23 00:59:59.999,0.7310585786300049,0.7310585786300049
2017-08-23 01:14:59.999,0.7310585786300049,0.7310585786300049
2017-08-23 01:29:59.999,0.7310585786300049,0.7310585786300049
2017-08-23 01:44:59.999,0.7310585786300049,0.7310585786300049
2017-08-23 01:59:59.999,0.7310585786300049,0.7310585786300049
2017-08-23 02:14:59.999,0.7310585786300049,0.7310585786300049
2017-08-23 02:29:59.999,0.7310585786300049,0.7310585786300049
2017-08-23 02:44:59.999,0.7310585786300049,0.7310585786300049
2017-08-23 02:59:59.999,0.7310585786300049,0.7310585786300049
2017-08-23 03:14:59.999,0.7310585786300049,0.7310585786300049
2017-08-23 03:29:59.999,0.7310585786300049,0.7310585786300049
2017-08-23 03:44:59.999,0.7310585786300049,0.7310585786300049
2017-08-23 03:59:59.999,0.7310585786300049,0.7310585786300049
2017-08-23 04:14:59.999,0.7310585786300049,0.7310585786300049
2017-08-23 04:29:59.999,0.7310585786300049,0.7310585786300049
2017-08-23 04:44:59.999,0.7310585786300049,0.7310585786300049
2017-08-23 04:59:59.999,0.7310585786300049,0.7310585786300049
2017-08-23 05:14:59.999,0.7310585786300049,0.7310585786300049
2017-08-23 05:29:59.999,0.7310585786300049,0.7310585786300049
2017-08-23 05:44:59.999,0.7310585786300049,0.7310585786300049
2017-08-23 05:59:59.999,0.7310585786300049,0.7310585786300049
2017-08-23 06:14:59.999,0.7310585786300049,0.7310585786300049
2017-08-23 06:29:59.999,0.7310585786300049,0.7310585786300049
2017-08-23 06:44:59.999,0.7310585786300049,0.7310585786300049
2017-08-23 06:59:59.999,0.7310585786300049,0.7310585786300049
2017-08-23 07:14:59.999,0.7310585786300049,0.7310585786300049
2017-08-23 07:29:59.999,0.7310585786300049,0.7310585786300049
2017-08-23 07:44:59.999,0.7310585786300049,0.7310585786300049
2017-08-23 07:59:59.999,0.7310585786300049,0.7310585786300049
2017-08-23 08:14:59.999,0.7310585786300049,0.7310585786300049
2017-08-23 08:29:59.999,0.7310585786300049,0.7310585786300049
2017-08-23 08:44:59.999,0.7310585786300049,0.7310585786300049
2017-08-23 08:59:59.999,0.7310585786300049,0.7310585786300049
2017-08-23 09:14:59.999,0.7310585786300049,0.7310585786300049
2017-08-23 09:29:59.999,0.7310585786300049,0.7310585786300049
2017-08-23 09:44:59.999,0.7310585786300049,0.7310585786300049
2017-08-23 09:59:59.999,0.7310585786300049,0.7310585786300049
2017-08-23 10:14:59.999,0.7310585786300049,0.7310585786300049
2017-08-23 10:29:59.999,0.7310585786300049,0.7310585786300049
2017-08-23 10:44:59.999,0.7310585786300049,0.7310585786300049
2017-08-23 10:59:59.999,0.7310585786300049,0.7310585786300049
2017-08-23 11:14:59.999,0.7310585786300049,0.7310585786300049
2017-08-23 11:29:59.999,0.7310585786300049,0.7310585786300049
2017-08-23 11:44:59.999,0.7310585786300049,0.7310585786300049
2017-08-23 11:59:59.999,0.7310585786300049,0.7310585786300049
2017-08-23 12:14:59.999,0.7310585786300049,0.7310585786300049
2017-08-23 12:29:59.999,0.7310585786300049,0.7310585786300049
2017-08-23 12:44:59.999,0.7310585786300049,0.7310585786300049
2017-08-23 12:59:59.999,0.7310585786300049,0.7310585786300049
2017-08-23 13:14:59.999,0.7310585786300049,0.7310585786300049
2017-08-23 13:29:59.999,0.7310585786300049,0.7310585786300049
2017-08-23 13:44:59.999,0.7310585786300049,0.7310585786300049
2017-08-23 13:59:59.999,0.7310585786300049,0.7310585786300049
2017-08-23 14:14:59.999,0.7310585786300049,0.7310585786300049
2017-08-23 14:29:59.999,0.7310585786300049,0.7310585786300049
2017-08-23 14:44:59.999,0.7310585786300049,0.7310585786300049
2017-08-23 14:59:59.999,0.7310585786300049,0.7310585786300049
2017-08-23 15:14:59.999,0.7310585786300049,0.7310585786300049
2017-08-23 15:29:59.999,0.7310585786300049,0.7310585786300049
2017-08-23 15:44:59.999,0.7310585786300049,0.7310585786300049
2017-08-23 15:59:59.999,0.7310585786300049,0.7310585786300049
2017-08-23 16:14:59.999,0.7310585786300049,0.7310585786300049
2017-08-23 16:29:59.999,0.7310585786300049,0.7310585786300049
2017-08-23 16:44:59.999,0.7310585786300049,0.7310585786300049
2017-08-23 16:59:59.999,0.7310585786300049,0.7310585786300049
2017-08-23 17:14:59.999,0.7310585786300049,0.7310585786300049
2017-08-23 17:29:59.999,0.7310585786300049,0.7310585786300049
2017-08-23 17:44:59.999,0.7310585786300049,0.7310585786300049
2017-08-23 17:59:59.999,0.7310585786300049,0.7310585786300049
2017-08-23 18:14:59.999,0.7310585786300049,0.7310585786300049
2017-08-23 18:29:59.999,0.7310585786300049,0.7310585786300049
2017-08-23 18:44:59.999,0.7310585786300049,0.7310585786300049
2017-08-23 18:59:59.999,0.7310585786300049,0.7310585786300049
2017-08-23 19:14:59.999,0.7310585786300049,0.7310585786300049
2017-08-23 19:29:59.999,0.7310585786300049,0.7310585786300049
2017-08-23 19:44:59.999,0.7310585786300049,0.7310585786300049
2017-08-23 19:59:59.999,0.7310585786300049,0.7310585786300049
2017-08-23 20:14:59.999,0.7310585786300049,0.7310585786300049
2017-08-23 20:29:59.999,0.7310585786300049,0.7310585786300049
2017-08-23 20:44:59.999,0.7310585786300049,0.7310585786300049
2017-08-23 20:59:59.999,0.7310585786300049,0.7310585786300049
2017-08-23 21:14:59.999,0.7310585786300049,0.7310585786300049
2017-08-23 21:29:59.999,0.7310585786300049,0.7310585786300049
2017-08-23 21:44:59.999,0.7310585786300049,0.7310585786300049
2017-08-23 21:59:59.999,0.7310585786300049,0.7310585786300049
2017-08-23 22:14:59.999,0.7310585786300049,0.7310585786300049
2017-08-23 22:29:59.999,0.7310585786300049,0.7310585786300049
2017-08-23 22:44:59.999,0.7310585786300049,0.7310585786300049
2017-08-23 22:59:59.999,0.7310585786300049,0.7310585786300049
2017-08-23 23:14:59.999,0.7310585786300049,0.7310585786300049
2017-08-23 23:29:59.999,0.7310585786300049,0.7310585786300049
2017-08-23 23:44:59.999,0.7310585786300049,0.7310585786300049
2017-08-23 23:59:59.999,0.7310585786300049,0.7310585786300049
2017-08-24 00:14:59.999,0.7310585786300049,0.7310585786300049
2017-08-24 00:29:59.999,0.7310585786300049,0.7310585786300049
2017-08-24 00:44:59.999,0.7310585786300049,0.7310585786300049
2017-08-24 00:59:59.999,0.7310585786300049,0.7310585786300049
2017-08-24 01:14:59.999,0.7310585786300049,0.7310585786300049
2017-08-24 01:29:59.999,0.7310585786300049,0.7310585786300049
2017-08-24 01:44:59.999,0.7310585786300049,0.7310585786300049
2017-08-24 01:59:59.999,0.7310585786300049,0.7310585786300049
2017-08-24 02:14:59.999,0.7310585786300049,0.7310585786300049
2017-08-24 02:29:59.999,0.7310585786300049,0.7310585786300049
2017-08-24 02:44:59.999,0.7310585786300049,0.7310585786300049
2017-08-24 02:59:59.999,0.7310585786300049,0.7310585786300049
2017-08-24 03:14:59.999,0.7310585786300049,0.7310585786300049
2017-08-24 03:29:59.999,0.7310585786300049,0.7310585786300049
2017-08-24 03:44:59.999,0.7310585786300049,0.7310585786300049
2017-08-24 03:59:59.999,0.7310585786300049,0.7310585786300049
2017-08-24 04:14:59.999,0.7310585786300049,0.7310585786300049
2017-08-24 04:29:59.999,0.7310585786300049,0.7310585786300049
2017-08-24 04:44:59.999,0.7310585786300049,0.7310585786300049
2017-08-24 04:59:59.999,0.7310585786300049,0.7310585786300049
2017-08-24 05:14:59.999,0.7310585786300049,0.7310585786300049
2017-08-24 05:29:59.999,0.7310585786300049,0.7310585786300049
2017-08-24 05:44:59.999,0.7310585786300049,0.7310585786300049
2017-08-24 05:59:59.999,0.7310585786300049,0.7310585786300049
2017-08-24 06:14:59.999,0.7310585786300049,0.7310585786300049
2017-08-24 06:29:59.999,0.7310585786300049,0.7310585786300049
2017-08-24 06:44:59.999,0.7310585786300049,0.7310585786300049
2017-08-24 06:59:59.999,0.7310585786300049,0.7310585786300049
2017-08-24 07:14:59.999,0.7310585786300049,0.7310585786300049
2017-08-24 07:29:59.999,0.7310585786300049,0.7310585786300049
2017-08-24 07:44:59.999,0.7310585786300049,0.7310585786300049
2017-08-24 07:59:59.999,0.7310585786300049,0.7310585786300049
2017-08-24 08:14:59.999,0.7310585786300049,0.7310585786300049
2017-08-24 08:29:59.999,0.7310585786300049,0.7310585786300049
2017-08-24 08:44:59.999,0.7310585786300049,0.7310585786300049
2017-08-24 08:59:59.999,0.7310585786300049,0.7310585786300049
2017-08-24 09:14:59.999,0.7310585786300049,0.7310585786300049
2017-08-24 09:29:59.999,0.7310585786300049,0.7310585786300049
2017-08-24 09:44:59.999,0.7310585786300049,0.7310585786300049
2017-08-24 09:59:59.999,0.7310585786300049,0.7310585786300049
2017-08-24 10:14:59.999,0.7310585786300049,0.7310585786300049
2017-08-24 10:29:59.999,0.7310585786300049,0.7310585786300049
2017-08-24 10:44:59.999,0.7310585786300049,0.7310585786300049
2017-08-24 10:59:59.999,0.7310585786300049,0.7310585786300049
2017-08-24 11:14:59.999,0.7310585786300049,0.7310585786300049
2017-08-24 11:29:59.999,0.7310585786300049,0.7310585786300049
2017-08-24 11:44:59.999,0.7310585786300049,0.7310585786300049
2017-08-24 11:59:59.999,0.7310585786300049,0.7310585786300049
2017-08-24 12:14:59.999,0.7310585786300049,0.7310585786300049
2017-08-24 12:29:59.999,0.7310585786300049,0.7310585786300049
2017-08-24 12:44:59.999,0.7310585786300049,0.7310585786300049
2017-08-24 12:59:59.999,0.7310585786300049,0.7310585786300049
2017-08-24 13:14:59.999,0.7310585786300049,0.7310585786300049
2017-08-24 13:29:59.999,0.7310585786300049,0.7310585786300049
2017-08-24 13:44:59.999,0.7310585786300049,0.7310585786300049
2017-08-24 13:59:59.999,0.7310585786300049,0.7310585786300049
2017-08-24 14:14:59.999,0.7310585786300049,0.7310585786300049
2017-08-24 14:29:59.999,0.7310585786300049,0.7310585786300049
2017-08-24 14:44:59.999,0.7310585786300049,0.7310585786300049
2017-08-24 14:59:59.999,0.7310585786300049,0.7310585786300049
2017-08-24 15:14:59.999,0.7310585786300049,0.7310585786300049
2017-08-24 15:29:59.999,0.7310585786300049,0.7310585786300049
2017-08-24 15:44:59.999,0.7310585786300049,0.7310585786300049
2017-08-24 15:59:59.999,0.7310585786300049,0.7310585786300049
2017-08-24 16:14:59.999,0.7310585786300049,0.7310585786300049
2017-08-24 16:29:59.999,0.7310585786300049,0.7310585786300049
2017-08-24 16:44:59.999,0.7310585786300049,0.7310585786300049
2017-08-24 16:59:59.999,0.7310585786300049,0.7310585786300049
2017-08-24 17:14:59.999,0.7310585786300049,0.7310585786300049
2017-08-24 17:29:59.999,0.7310585786300049,0.7310585786300049
2017-08-24 17:44:59.999,0.7310585786300049,0.7310585786300049
2017-08-24 17:59:59.999,0.7310585786300049,0.7310585786300049
2017-08-24 18:14:59.999,0.7310585786300049,0.7310585786300049
2017-08-24 18:29:59.999,0.7310585786300049,0.7310585786300049
2017-08-24 18:44:59.999,0.7310585786300049,0.7310585786300049
2017-08-24 18:59:59.999,0.7310585786300049,0.7310585786300049
2017-08-24 19:14:59.999,0.7310585786300049,0.7310585786300049
2017-08-24 19:29:59.999,0.7310585786300049,0.7310585786300049
2017-08-24 19:44:59.999,0.7310585786300049,0.7310585786300049
2017-08-24 19:59:59.999,0.7310585786300049,0.7310585786300049
2017-08-24 20:14:59.999,0.7310585786300049,0.7310585786300049
2017-08-24 20:29:59.999,0.7310585786300049,0.7310585786300049
2017-08-24 20:44:59.999,0.7310585786300049,0.7310585786300049
2017-08-24 20:59:59.999,0.7310585786300049,0.7310585786300049
2017-08-24 21:14:59.999,0.7310585786300049,0.7310585786300049
2017-08-24 21:29:59.999,0.7310585786300049,0.7310585786300049
2017-08-24 21:44:59.999,0.7310585786300049,0.7310585786300049
2017-08-24 21:59:59.999,0.7310585786300049,0.7310585786300049
2017-08-24 22:14:59.999,0.7310585786300049,0.7310585786300049
2017-08-24 22:29:59.999,0.7310585786300049,0.7310585786300049
2017-08-24 22:44:59.999,0.7310585786300049,0.7310585786300049
2017-08-24 22:59:59.999,0.7310585786300049,0.7310585786300049
2017-08-24 23:14:59.999,0.7310585786300049,0.7310585786300049
2017-08-24 23:29:59.999,0.7310585786300049,0.7310585786300049
2017-08-24 23:44:59.999,0.7310585786300049,0.7310585786300049
2017-08-24 23:59:59.999,0.7310585786300049,0.7310585786300049
2017-08-25 00:14:59.999,0.7310585786300049,0.7310585786300049
2017-08-25 00:29:59.999,0.7310585786300049,0.7310585786300049
2017-08-25 00:44:59.999,0.7310585786300049,0.7310585786300049
2017-08-25 00:59:59.999,0.7310585786300049,0.7310585786300049
2017-08-25 01:14:59.999,0.7310585786300049,0.7310585786300049
2017-08-25 01:29:59.999,0.7310585786300049,0.7310585786300049
2017-08-25 01:44:59.999,0.7310585786300049,0.7310585786300049
2017-08-25 01:59:59.999,0.7310585786300049,0.7310585786300049
2017-08-25 02:14:59.999,0.7310585786300049,0.7310585786300049
2017-08-25 02:29:59.999,0.7310585786300049,0.7310585786300049
2017-08-25 02:44:59.999,0.7310585786300049,0.7310585786300049
2017-08-25 02:59:59.999,0.7310585786300049,0.7310585786300049
2017-08-25 03:14:59.999,0.7310585786300049,0.7310585786300049
2017-08-25 03:29:59.999,0.7310585786300049,0.7310585786300049
2017-08-25 03:44:59.999,0.7310585786300049,0.7310585786300049
2017-08-25 03:59:59.999,0.7310585786300049,0.7310585786300049
2017-08-25 04:14:59.999,0.7310585786300049,0.7310585786300049
2017-08-25 04:29:59.999,0.7310585786300049,0.7310585786300049
2017-08-25 04:44:59.999,0.7310585786300049,0.7310585786300049
2017-08-25 04:59:59.999,0.7310585786300049,0.7310585786300049
2017-08-25 05:14:59.999,0.7310585786300049,0.7310585786300049
2017-08-25 05:29:59.999,0.7310585786300049,0.7310585786300049
2017-08-25 05:44:59.999,0.7310585786300049,0.7310585786300049
2017-08-25 05:59:59.999,0.7310585786300049,0.7310585786300049
2017-08-25 06:14:59.999,0.7310585786300049,0.7310585786300049
2017-08-25 06:29:59.999,0.7310585786300049,0.7310585786300049
2017-08-25 06:44:59.999,0.7310585786300049,0.7310585786300049
2017-08-25 06:59:59.999,0.7310585786300049,0.7310585786300049
2017-08-25 07:14:59.999,0.7310585786300049,0.7310585786300049
2017-08-25 07:29:59.999,0.7310585786300049,0.7310585786300049
2017-08-25 07:44:59.999,0.7310585786300049,0.7310585786300049
2017-08-25 07:59:59.999,0.7310585786300049,0.7310585786300049
2017-08-25 08:14:59.999,0.7310585786300049,0.7310585786300049
2017-08-25 08:29:59.999,0.7310585786300049,0.7310585786300049
2017-08-25 08:44:59.999,0.7310585786300049,0.7310585786300049
2017-08-25 08:59:59.999,0.7310585786300049,0.7310585786300049
2017-08-25 09:14:59.999,0.7310585786300049,0.7310585786300049
2017-08-25 09:29:59.999,0.7310585786300049,0.7310585786300049
2017-08-25 09:44:59.999,0.7310585786300049,0.7310585786300049
2017-08-25 09:59:59.999,0.7310585786300049,0.7310585786300049
2017-08-25 10:14:59.999,0.7310585786300049,0.7310585786300049
2017-08-25 10:29:59.999,0.7310585786300049,0.7310585786300049
2017-08-25 10:44:59.999,0.7310585786300049,0.7310585786300049
2017-08-25 10:59:59.999,0.7310585786300049,0.7310585786300049
2017-08-25 11:14:59.999,0.7310585786300049,0.7310585786300049
2017-08-25 11:29:59.999,0.7310585786300049,0.7310585786300049
2017-08-25 11:44:59.999,0.7310585786300049,0.7310585786300049
2017-08-25 11:59:59.999,0.7310585786300049,0.7310585786300049
2017-08-25 12:14:59.999,0.7310585786300049,0.7310585786300049
2017-08-25 12:29:59.999,0.7310585786300049,0.7310585786300049
2017-08-25 12:44:59.999,0.7310585786300049,0.7310585786300049
2017-08-25 12:59:59.999,0.7310585786300049,0.7310585786300049
2017-08-25 13:14:59.999,0.7310585786300049,0.7310585786300049
2017-08-25 13:29:59.999,0.7310585786300049,0.7310585786300049
2017-08-25 13:44:59.999,0.7310585786300049,0.7310585786300049
2017-08-25 13:59:59.999,0.7310585786300049,0.7310585786300049
2017-08-25 14:14:59.999,0.7310585786300049,0.7310585786300049
2017-08-25 14:29:59.999,0.7310585786300049,0.7310585786300049
2017-08-25 14:44:59.999,0.7310585786300049,0.7310585786300049
2017-08-25 14:59:59.999,0.7310585786300049,0.7310585786300049
2017-08-25 15:14:59.999,0.7310585786300049,0.7310585786300049
2017-08-25 15:29:59.999,0.7310585786300049,0.7310585786300049
2017-08-25 15:44:59.999,0.7310585786300049,0.7310585786300049
2017-08-25 15:59:59.999,0.7310585786300049,0.7310585786300049
2017-08-25 16:14:59.999,0.7310585786300049,0.7310585786300049
2017-08-25 16:29:59.999,0.7310585786300049,0.7310585786300049
2017-08-25 16:44:59.999,0.7310585786300049,0.7310585786300049
2017-08-25 16:59:59.999,0.7310585786300049,0.7310585786300049
2017-08-25 17:14:59.999,0.7310585786300049,0.7310585786300049
2017-08-25 17:29:59.999,0.7310585786300049,0.7310585786300049
2017-08-25 17:44:59.999,0.7310585786300049,0.7310585786300049
2017-08-25 17:59:59.999,0.7310585786300049,0.7310585786300049
2017-08-25 18:14:59.999,0.7310585786300049,0.7310585786300049
2017-08-25 18:29:59.999,0.7310585786300049,0.7310585786300049
2017-08-25 18:44:59.999,0.7310585786300049,0.7310585786300049
2017-08-25 18:59:59.999,0.7310585786300049,0.7310585786300049
2017-08-25 19:14:59.999,0.7310585786300049,0.7310585786300049
2017-08-25 19:29:59.999,0.7310585786300049,0.7310585786300049
2017-08-25 19:44:59.999,0.7310585786300049,0.7310585786300049
2017-08-25 19:59:59.999,0.7310585786300049,0.7310585786300049
2017-08-25 20:14:59.999,0.7310585786300049,0.7310585786300049
2017-08-25 20:29:59.999,0.7310585786300049,0.7310585786300049
2017-08-25 20:44:59.999,0.7310585786300049,0.7310585786300049
2017-08-25 20:59:59.999,0.7310585786300049,0.7310585786300049
2017-08-25 21:14:59.999,0.7310585786300049,0.7310585786300049
2017-08-25 21:29:59.999,0.7310585786300049,0.7310585786300049
2017-08-25 21:44:59.999,0.7310585786300049,0.7310585786300049
2017-08-25 21:59:59.999,0.7310585786300049,0.7310585786300049
2017-08-25 22:14:59.999,0.7310585786300049,0.7310585786300049
2017-08-25 22:29:59.999,0.7310585786300049,0.7310585786300049
2017-08-25 22:44:59.999,0.7310585786300049,0.7310585786300049
2017-08-25 22:59:59.999,0.7310585786300049,0.7310585786300049
2017-08-25 23:14:59.999,0.7310585786300049,0.7310585786300049
2017-08-25 23:29:59.999,0.7310585786300049,0.7310585786300049
2017-08-25 23:44:59.999,0.7310585786300049,0.7310585786300049
2017-08-25 23:59:59.999,0.7310585786300049,0.7310585786300049
2017-08-26 00:14:59.999,0.7310585786300049,0.7310585786300049
2017-08-26 00:29:59.999,0.7310585786300049,0.7310585786300049
2017-08-26 00:44:59.999,0.7310585786300049,0.7310585786300049
2017-08-26 00:59:59.999,0.7310585786300049,0.7310585786300049
2017-08-26 01:14:59.999,0.7310585786300049,0.7310585786300049
2017-08-26 01:29:59.999,0.7310585786300049,0.7310585786300049
2017-08-26 01:44:59.999,0.7310585786300049,0.7310585786300049
2017-08-26 01:59:59.999,0.7310585786300049,0.7310585786300049
2017-08-26 02:14:59.999,0.7310585786300049,0.7310585786300049
2017-08-26 02:29:59.999,0.7310585786300049,0.7310585786300049
2017-08-26 02:44:59.999,0.7310585786300049,0.7310585786300049
2017-08-26 02:59:59.999,0.7310585786300049,0.7310585786300049
2017-08-26 03:14:59.999,0.7310585786300049,0.7310585786300049
2017-08-26 03:29:59.999,0.7310585786300049,0.7310585786300049
2017-08-26 03:44:59.999,0.7310585786300049,0.7310585786300049
2017-08-26 03:59:59.999,0.7310585786300049,0.7310585786300049
2017-08-26 04:14:59.999,0.7310585786300049,0.7310585786300049
2017-08-26 04:29:59.999,0.7310585786300049,0.7310585786300049
2017-08-26 04:44:59.999,0.7310585786300049,0.7310585786300049
2017-08-26 04:59:59.999,0.7310585786300049,0.7310585786300049
2017-08-26 05:14:59.999,0.7310585786300049,0.7310585786300049
2017-08-26 05:29:59.999,0.7310585786300049,0.7310585786300049
2017-08-26 05:44:59.999,0.7310585786300049,0.7310585786300049
2017-08-26 05:59:59.999,0.7310585786300049,0.7310585786300049
2017-08-26 06:14:59.999,0.7310585786300049,0.7310585786300049
2017-08-26 06:29:59.999,0.7310585786300049,0.7310585786300049
2017-08-26 06:44:59.999,0.7310585786300049,0.7310585786300049
2017-08-26 06:59:59.999,0.7310585786300049,0.7310585786300049
2017-08-26 07:14:59.999,0.7310585786300049,0.7310585786300049
2017-08-26 07:29:59.999,0.7310585786300049,0.7310585786300049
2017-08-26 07:44:59.999,0.7310585786300049,0.7310585786300049
2017-08-26 07:59:59.999,0.7310585786300049,0.7310585786300049
2017-08-26 08:14:59.999,0.7310585786300049,0.7310585786300049
2017-08-26 08:29:59.999,0.7310585786300049,0.7310585786300049
2017-08-26 08:44:59.999,0.7310585786300049,0.7310585786300049
2017-08-26 08:59:59.999,0.7310585786300049,0.7310585786300049
2017-08-26 09:14:59.999,0.7310585786300049,0.7310585786300049
2017-08-26 09:29:59.999,0.7310585786300049,0.7310585786300049
2017-08-26 09:44:59.999,0.7310585786300049,0.7310585786300049
2017-08-26 09:59:59.999,0.7310585786300049,0.7310585786300049
2017-08-26 10:14:59.999,0.7310585786300049,0.7310585786300049
2017-08-26 10:29:59.999,0.7310585786300049,0.7310585786300049
2017-08-26 10:44:59.999,0.7310585786300049,0.7310585786300049
2017-08-26 10:59:59.999,0.7310585786300049,0.7310585786300049
2017-08-26 11:14:59.999,0.7310585786300049,0.7310585786300049
2017-08-26 11:29:59.999,0.7310585786300049,0.7310585786300049
2017-08-26 11:44:59.999,0.7310585786300049,0.7310585786300049
2017-08-26 11:59:59.999,0.7310585786300049,0.7310585786300049
2017-08-26 12:14:59.999,0.7310585786300049,0.7310585786300049
2017-08-26 12:29:59.999,0.7310585786300049,0.7310585786300049
2017-08-26 12:44:59.999,0.7310585786300049,0.7310585786300049
2017-08-26 12:59:59.999,0.7310585786300049,0.7310585786300049
2017-08-26 13:14:59.999,0.7310585786300049,0.7310585786300049
2017-08-26 13:29:59.999,0.7310585786300049,0.7310585786300049
2017-08-26 13:44:59.999,0.7310585786300049,0.7310585786300049
2017-08-26 13:59:59.999,0.7310585786300049,0.7310585786300049
2017-08-26 14:14:59.999,0.7310585786300049,0.7310585786300049
2017-08-26 14:29:59.999,0.7310585786300049,0.7310585786300049
2017-08-26 14:44:59.999,0.7310585786300049,0.7310585786300049
2017-08-26 14:59:59.999,0.7310585786300049,0.7310585786300049
2017-08-26 15:14:59.999,0.7310585786300049,0.7310585786300049
2017-08-26 15:29:59.999,0.7310585786300049,0.7310585786300049
2017-08-26 15:44:59.999,0.7310585786300049,0.7310585786300049
2017-08-26 15:59:59.999,0.7310585786300049,0.7310585786300049
2017-08-26 16:14:59.999,0.7310585786300049,0.7310585786300049
2017-08-26 16:29:59.999,0.7310585786300049,0.7310585786300049
2017-08-26 16:44:59.999,0.7310585786300049,0.7310585786300049
2017-08-26 16:59:59.999,0.7310585786300049,0.7310585786300049
2017-08-26 17:14:59.999,0.7310585786300049,0.7310585786300049
2017-08-26 17:29:59.999,0.7310585786300049,0.7310585786300049
2017-08-26 17:44:59.999,0.7310585786300049,0.7310585786300049
2017-08-26 17:59:59.999,0.7310585786300049,0.7310585786300049
2017-08-26 18:14:59.999,0.7310585786300049,0.7310585786300049
2017-08-26 18:29:59.999,0.7310585786300049,0.7310585786300049
2017-08-26 18:44:59.999,0.7310585786300049,0.7310585786300049
2017-08-26 18:59:59.999,0.7310585786300049,0.7310585786300049
2017-08-26 19:14:59.999,0.7310585786300049,0.7310585786300049
2017-08-26 19:29:59.999,0.7310585786300049,0.7310585786300049
2017-08-26 19:44:59.999,0.7310585786300049,0.7310585786300049
2017-08-26 19:59:59.999,0.7310585786300049,0.7310585786300049
2017-08-26 20:14:59.999,0.7310585786300049,0.7310585786300049
2017-08-26 20:29:59.999,0.7310585786300049,0.7310585786300049
2017-08-26 20:44:59.999,0.7310585786300049,0.7310585786300049
2017-08-26 20:59:59.999,0.7310585786300049,0.7310585786300049
2017-08-26 21:14:59.999,0.7310585786300049,0.7310585786300049
2017-08-26 21:29:59.999,0.7310585786300049,0.7310585786300049
2017-08-26 21:44:59.999,0.7310585786300049,0.7310585786300049
2017-08-26 21:59:59.999,0.7310585786300049,0.7310585786300049
2017-08-26 22:14:59.999,0.7310585786300049,0.7310585786300049
2017-08-26 22:29:59.999,0.7310585786300049,0.7310585786300049
2017-08-26 22:44:59.999,0.7310585786300049,0.7310585786300049
2017-08-26 22:59:59.999,0.7310585786300049,0.7310585786300049
2017-08-26 23:14:59.999,0.7310585786300049,0.7310585786300049
2017-08-26 23:29:59.999,0.7310585786300049,0.7310585786300049
2017-08-26 23:44:59.999,0.7310585786300049,0.7310585786300049
2017-08-26 23:59:59.999,0.7310585786300049,0.7310585786300049
2017-08-27 00:14:59.999,0.7310585786300049,0.7310585786300049
2017-08-27 00:29:59.999,0.7310585786300049,0.7310585786300049
2017-08-27 00:44:59.999,0.7310585786300049,0.7310585786300049
2017-08-27 00:59:59.999,0.7310585786300049,0.7310585786300049
2017-08-27 01:14:59.999,0.7310585786300049,0.7310585786300049
2017-08-27 01:29:59.999,0.7310585786300049,0.7310585786300049
2017-08-27 01:44:59.999,0.7310585786300049,0.7310585786300049
2017-08-27 01:59:59.999,0.7310585786300049,0.7310585786300049
2017-08-27 02:14:59.999,0.7310585786300049,0.7310585786300049
2017-08-27 02:29:59.999,0.7310585786300049,0.7310585786300049
2017-08-27 02:44:59.999,0.7310585786300049,0.7310585786300049
2017-08-27 02:59:59.999,0.7310585786300049,0.7310585786300049
2017-08-27 03:14:59.999,0.7310585786300049,0.7310585786300049
2017-08-27 03:29:59.999,0.7310585786300049,0.7310585786300049
2017-08-27 03:44:59.999,0.7310585786300049,0.7310585786300049
2017-08-27 03:59:59.999,0.7310585786300049,0.7310585786300049
2017-08-27 04:14:59.999,0.7310585786300049,0.7310585786300049
2017-08-27 04:29:59.999,0.7310585786300049,0.7310585786300049
2017-08-27 04:44:59.999,0.7310585786300049,0.7310585786300049
2017-08-27 04:59:59.999,0.7310585786300049,0.7310585786300049
2017-08-27 05:14:59.999,0.7310585786300049,0.7310585786300049
2017-08-27 05:29:59.999,0.7310585786300049,0.7310585786300049
2017-08-27 05:44:59.999,0.7310585786300049,0.7310585786300049
2017-08-27 05:59:59.999,0.7310585786300049,0.7310585786300049
2017-08-27 06:14:59.999,0.7310585786300049,0.7310585786300049
2017-08-27 06:29:59.999,0.7310585786300049,0.7310585786300049
2017-08-27 06:44:59.999,0.7310585786300049,0.7310585786300049
2017-08-27 06:59:59.999,0.7310585786300049,0.7310585786300049
2017-08-27 07:14:59.999,0.7310585786300049,0.7310585786300049
2017-08-27 07:29:59.999,0.7310585786300049,0.7310585786300049
2017-08-27 07:44:59.999,0.7310585786300049,0.7310585786300049
2017-08-27 07:59:59.999,0.7310585786300049,0.7310585786300049
2017-08-27 08:14:59.999,0.7310585786300049,0.7310585786300049
2017-08-27 08:29:59.999,0.7310585786300049,0.7310585786300049
2017-08-27 08:44:59.999,0.7310585786300049,0.7310585786300049
2017-08-27 08:59:59.999,0.7310585786300049,0.7310585786300049
2017-08-27 09:14:59.999,0.7310585786300049,0.7310585786300049
2017-08-27 09:29:59.999,0.7310585786300049,0.7310585786300049
2017-08-27 09:44:59.999,0.7310585786300049,0.7310585786300049
2017-08-27 09:59:59.999,0.7310585786300049,0.7310585786300049
2017-08-27 10:14:59.999,0.7310585786300049,0.7310585786300049
2017-08-27 10:29:59.999,0.7310585786300049,0.7310585786300049
2017-08-27 10:44:59.999,0.7310585786300049,0.7310585786300049
2017-08-27 10:59:59.999,0.7310585786300049,0.7310585786300049
2017-08-27 11:14:59.999,0.7310585786300049,0.7310585786300049
2017-08-27 11:29:59.999,0.7310585786300049,0.7310585786300049
2017-08-27 11:44:59.999,0.7310585786300049,0.7310585786300049
2017-08-27 11:59:59.999,0.7310585786300049,0.7310585786300049
2017-08-27 12:14:59.999,0.7310585786300049,0.7310585786300049
2017-08-27 12:29:59.999,0.7310585786300049,0.7310585786300049
2017-08-27 12:44:59.999,0.7310585786300049,0.7310585786300049
2017-08-27 12:59:59.999,0.7310585786300049,0.7310585786300049
2017-08-27 13:14:59.999,0.7310585786300049,0.7310585786300049
2017-08-27 13:29:59.999,0.7310585786300049,0.7310585786300049
2017-08-27 13:44:59.999,0.7310585786300049,0.7310585786300049
2017-08-27 13:59:59.999,0.7310585786300049,0.7310585786300049
2017-08-27 14:14:59.999,0.7310585786300049,0.7310585786300049
2017-08-27 14:29:59.999,0.7310585786300049,0.7310585786300049
2017-08-27 14:44:59.999,0.7310585786300049,0.7310585786300049
2017-08-27 14:59:59.999,0.7310585786300049,0.7310585786300049
2017-08-27 15:14:59.999,0.7310585786300049,0.7310585786300049
2017-08-27 15:29:59.999,0.7310585786300049,0.7310585786300049
2017-08-27 15:44:59.999,0.7310585786300049,0.7310585786300049
2017-08-27 15:59:59.999,0.7310585786300049,0.7310585786300049
2017-08-27 16:14:59.999,0.7310585786300049,0.7310585786300049
2017-08-27 16:29:59.999,0.7310585786300049,0.7310585786300049
2017-08-27 16:44:59.999,0.7310585786300049,0.7310585786300049
2017-08-27 16:59:59.999,0.7310585786300049,0.7310585786300049
2017-08-27 17:14:59.999,0.7310585786300049,0.7310585786300049
2017-08-27 17:29:59.999,0.7310585786300049,0.7310585786300049
2017-08-27 17:44:59.999,0.7310585786300049,0.7310585786300049
2017-08-27 17:59:59.999,0.7310585786300049,0.7310585786300049
2017-08-27 18:14:59.999,0.7310585786300049,0.7310585786300049
2017-08-27 18:29:59.999,0.7310585786300049,0.7310585786300049
2017-08-27 18:44:59.999,0.7310585786300049,0.7310585786300049
2017-08-27 18:59:59.999,0.7310585786300049,0.7310585786300049
2017-08-27 19:14:59.999,0.7310585786300049,0.7310585786300049
2017-08-27 19:29:59.999,0.7310585786300049,0.7310585786300049
2017-08-27 19:44:59.999,0.7310585786300049,0.7310585786300049
2017-08-27 19:59:59.999,0.7310585786300049,0.7310585786300049
2017-08-27 20:14:59.999,0.7310585786300049,0.7310585786300049
2017-08-27 20:29:59.999,0.7310585786300049,0.7310585786300049
2017-08-27 20:44:59.999,0.7310585786300049,0.7310585786300049
2017-08-27 20:59:59.999,0.7310585786300049,0.7310585786300049
2017-08-27 21:14:59.999,0.7310585786300049,0.7310585786300049
2017-08-27 21:29:59.999,0.7310585786300049,0.7310585786300049
2017-08-27 21:44:59.999,0.7310585786300049,0.7310585786300049
2017-08-27 21:59:59.999,0.7310585786300049,0.7310585786300049
2017-08-27 22:14:59.999,0.7310585786300049,0.7310585786300049
2017-08-27 22:29:59.999,0.7310585786300049,0.7310585786300049
2017-08-27 22:44:59.999,0.7310585786300049,0.7310585786300049
2017-08-27 22:59:59.999,0.7310585786300049,0.7310585786300049
2017-08-27 23:14:59.999,0.7310585786300049,0.7310585786300049
2017-08-27 23:29:59.999,0.7310585786300049,0.7310585786300049
2017-08-27 23:44:59.999,0.7310585786300049,0.7310585786300049
2017-08-27 23:59:59.999,0.7310585786300049,0.7310585786300049
2017-08-28 00:14:59.999,0.7310585786300049,0.7310585786300049
2017-08-28 00:29:59.999,0.7310585786300049,0.7310585786300049
2017-08-28 00:44:59.999,0.7310585786300049,0.7310585786300049
2017-08-28 00:59:59.999,0.7310585786300049,0.7310585786300049
2017-08-28 01:14:59.999,0.7310585786300049,0.7310585786300049
2017-08-28 01:29:59.999,0.7310585786300049,0.7310585786300049
2017-08-28 01:44:59.999,0.7310585786300049,0.7310585786300049
2017-08-28 01:59:59.999,0.7310585786300049,0.7310585786300049
2017-08-28 02:14:59.999,0.7310585786300049,0.7310585786300049
2017-08-28 02:29:59.999,0.7310585786300049,0.7310585786300049
2017-08-28 02:44:59.999,0.7310585786300049,0.7310585786300049
2017-08-28 02:59:59.999,0.7310585786300049,0.7310585786300049
2017-08-28 03:14:59.999,0.7310585786300049,0.7310585786300049
2017-08-28 03:29:59.999,0.7310585786300049,0.7310585786300049
2017-08-28 03:44:59.999,0.7310585786300049,0.7310585786300049
2017-08-28 03:59:59.999,0.7310585786300049,0.7310585786300049
2017-08-28 04:14:59.999,0.7310585786300049,0.7310585786300049
2017-08-28 04:29:59.999,0.7310585786300049,0.7310585786300049
2017-08-28 04:44:59.999,0.7310585786300049,0.7310585786300049
2017-08-28 04:59:59.999,0.7310585786300049,0.7310585786300049
2017-08-28 05:14:59.999,0.7310585786300049,0.7310585786300049
2017-08-28 05:29:59.999,0.7310585786300049,0.7310585786300049
2017-08-28 05:44:59.999,0.7310585786300049,0.7310585786300049
2017-08-28 05:59:59.999,0.7310585786300049,0.7310585786300049
2017-08-28 06:14:59.999,0.7310585786300049,0.7310585786300049
2017-08-28 06:29:59.999,0.7310585786300049,0.7310585786300049
2017-08-28 06:44:59.999,0.7310585786300049,0.7310585786300049
2017-08-28 06:59:59.999,0.7310585786300049,0.7310585786300049
2017-08-28 07:14:59.999,0.7310585786300049,0.7310585786300049
2017-08-28 07:29:59.999,0.7310585786300049,0.7310585786300049
2017-08-28 07:44:59.999,0.7310585786300049,0.7310585786300049
2017-08-28 07:59:59.999,0.7310585786300049,0.7310585786300049
2017-08-28 08:14:59.999,0.7310585786300049,0.7310585786300049
2017-08-28 08:29:59.999,0.7310585786300049,0.7310585786300049
2017-08-28 08:44:59.999,0.7310585786300049,0.7310585786300049
2017-08-28 08:59:59.999,0.7310585786300049,0.7310585786300049
2017-08-28 09:14:59.999,0.7310585786300049,0.7310585786300049
2017-08-28 09:29:59.999,0.7310585786300049,0.7310585786300049
2017-08-28 09:44:59.999,0.7310585786300049,0.7310585786300049
2017-08-28 09:59:59.999,0.7310585786300049,0.7310585786300049
2017-08-28 10:14:59.999,0.7310585786300049,0.7310585786300049
2017-08-28 10:29:59.999,0.7310585786300049,0.7310585786300049
2017-08-28 10:44:59.999,0.7310585786300049,0.7310585786300049
2017-08-28 10:59:59.999,0.7310585786300049,0.7310585786300049
2017-08-28 11:14:59.999,0.7310585786300049,0.7310585786300049
2017-08-28 11:29:59.999,0.7310585786300049,0.7310585786300049
2017-08-28 11:44:59.999,0.7310585786300049,0.7310585786300049
2017-08-28 11:59:59.999,0.7310585786300049,0.7310585786300049
2017-08-28 12:14:59.999,0.7310585786300049,0.7310585786300049
2017-08-28 12:29:59.999,0.7310585786300049,0.7310585786300049
2017-08-28 12:44:59.999,0.7310585786300049,0.7310585786300049
2017-08-28 12:59:59.999,0.7310585786300049,0.7310585786300049
2017-08-28 13:14:59.999,0.7310585786300049,0.7310585786300049
2017-08-28 13:29:59.999,0.7310585786300049,0.7310585786300049
2017-08-28 13:44:59.999,0.7310585786300049,0.7310585786300049
2017-08-28 13:59:59.999,0.7310585786300049,0.7310585786300049
2017-08-28 14:14:59.999,0.7310585786300049,0.7310585786300049
2017-08-28 14:29:59.999,0.7310585786300049,0.7310585786300049
2017-08-28 14:44:59.999,0.7310585786300049,0.7310585786300049
2017-08-28 14:59:59.999,0.7310585786300049,0.7310585786300049
2017-08-28 15:14:59.999,0.7310585786300049,0.7310585786300049
2017-08-28 15:29:59.999,0.7310585786300049,0.7310585786300049
2017-08-28 15:44:59.999,0.7310585786300049,0.7310585786300049
2017-08-28 15:59:59.999,0.7310585786300049,0.7310585786300049
2017-08-28 16:14:59.999,0.7310585786300049,0.7310585786300049
2017-08-28 16:29:59.999,0.7310585786300049,0.7310585786300049
2017-08-28 16:44:59.999,0.7310585786300049,0.7310585786300049
2017-08-28 16:59:59.999,0.7310585786300049,0.7310585786300049
2017-08-28 17:14:59.999,0.7310585786300049,0.7310585786300049
2017-08-28 17:29:59.999,0.7310585786300049,0.7310585786300049
2017-08-28 17:44:59.999,0.7310585786300049,0.7310585786300049
2017-08-28 17:59:59.999,0.7310585786300049,0.7310585786300049
2017-08-28 18:14:59.999,0.7310585786300049,0.7310585786300049
2017-08-28 18:29:59.999,0.7310585786300049,0.7310585786300049
2017-08-28 18:44:59.999,0.7310585786300049,0.7310585786300049
2017-08-28 18:59:59.999,0.7310585786300049,0.7310585786300049
2017-08-28 19:14:59.999,0.7310585786300049,0.7310585786300049
2017-08-28 19:29:59.999,0.7310585786300049,0.7310585786300049
2017-08-28 19:44:59.999,0.7310585786300049,0.7310585786300049
2017-08-28 19:59:59.999,0.7310585786300049,0.7310585786300049
2017-08-28 20:14:59.999,0.7310585786300049,0.7310585786300049
2017-08-28 20:29:59.999,0.7310585786300049,0.7310585786300049
2017-08-28 20:44:59.999,0.7310585786300049,0.7310585786300049
2017-08-28 20:59:59.999,0.7310585786300049,0.7310585786300049
2017-08-28 21:14:59.999,0.7310585786300049,0.7310585786300049
2017-08-28 21:29:59.999,0.7310585786300049,0.7310585786300049
2017-08-28 21:44:59.999,0.7310585786300049,0.7310585786300049
2017-08-28 21:59:59.999,0.7310585786300049,0.7310585786300049
2017-08-28 22:14:59.999,0.7310585786300049,0.7310585786300049
2017-08-28 22:29:59.999,0.7310585786300049,0.7310585786300049
2017-08-28 22:44:59.999,0.7310585786300049,0.7310585786300049
2017-08-28 22:59:59.999,0.7310585786300049,0.7310585786300049
2017-08-28 23:14:59.999,0.7310585786300049,0.7310585786300049
2017-08-28 23:29:59.999,0.7310585786300049,0.7310585786300049
2017-08-28 23:44:59.999,0.7310585786300049,0.7310585786300049
2017-08-28 23:59:59.999,0.7310585786300049,0.7310585786300049
2017-08-29 00:14:59.999,0.7310585786300049,0.7310585786300049
2017-08-29 00:29:59.999,0.7310585786300049,0.7310585786300049
2017-08-29 00:44:59.999,0.7310585786300049,0.7310585786300049
2017-08-29 00:59:59.999,0.7310585786300049,0.7310585786300049
2017-08-29 01:14:59.999,0.7310585786300049,0.7310585786300049
2017-08-29 01:29:59.999,0.7310585786300049,0.7310585786300049
2017-08-29 01:44:59.999,0.7310585786300049,0.7310585786300049
2017-08-29 01:59:59.999,0.7310585786300049,0.7310585786300049
2017-08-29 02:14:59.999,0.7310585786300049,0.7310585786300049
2017-08-29 02:29:59.999,0.7310585786300049,0.7310585786300049
2017-08-29 02:44:59.999,0.7310585786300049,0.7310585786300049
2017-08-29 02:59:59.999,0.7310585786300049,0.7310585786300049
2017-08-29 03:14:59.999,0.7310585786300049,0.7310585786300049
2017-08-29 03:29:59.999,0.7310585786300049,0.7310585786300049
2017-08-29 03:44:59.999,0.7310585786300049,0.7310585786300049
2017-08-29 03:59:59.999,0.7310585786300049,0.7310585786300049
2017-08-29 04:14:59.999,0.7310585786300049,0.7310585786300049
2017-08-29 04:29:59.999,0.7310585786300049,0.7310585786300049
2017-08-29 04:44:59.999,0.7310585786300049,0.7310585786300049
2017-08-29 04:59:59.999,0.7310585786300049,0.7310585786300049
2017-08-29 05:14:59.999,0.7310585786300049,0.7310585786300049
2017-08-29 05:29:59.999,0.7310585786300049,0.7310585786300049
2017-08-29 05:44:59.999,0.7310585786300049,0.7310585786300049
2017-08-29 05:59:59.999,0.7310585786300049,0.7310585786300049
2017-08-29 06:14:59.999,0.7310585786300049,0.7310585786300049
2017-08-29 06:29:59.999,0.7310585786300049,0.7310585786300049
2017-08-29 06:44:59.999,0.7310585786300049,0.7310585786300049
2017-08-29 06:59:59.999,0.7310585786300049,0.7310585786300049
2017-08-29 07:14:59.999,0.7310585786300049,0.7310585786300049
2017-08-29 07:29:59.999,0.7310585786300049,0.7310585786300049
2017-08-29 07:44:59.999,0.7310585786300049,0.7310585786300049
2017-08-29 07:59:59.999,0.7310585786300049,0.7310585786300049
2017-08-29 08:14:59.999,0.7310585786300049,0.7310585786300049
2017-08-29 08:29:59.999,0.7310585786300049,0.7310585786300049
2017-08-29 08:44:59.999,0.7310585786300049,0.7310585786300049
2017-08-29 08:59:59.999,0.7310585786300049,0.7310585786300049
2017-08-29 09:14:59.999,0.7310585786300049,0.7310585786300049
2017-08-29 09:29:59.999,0.7310585786300049,0.7310585786300049
2017-08-29 09:44:59.999,0.7310585786300049,0.7310585786300049
2017-08-29 09:59:59.999,0.7310585786300049,0.7310585786300049
2017-08-29 10:14:59.999,0.7310585786300049,0.7310585786300049
2017-08-29 10:29:59.999,0.7310585786300049,0.7310585786300049
2017-08-29 10:44:59.999,0.7310585786300049,0.7310585786300049
2017-08-29 10:59:59.999,0.7310585786300049,0.7310585786300049
2017-08-29 11:14:59.999,0.7310585786300049,0.7310585786300049
2017-08-29 11:29:59.999,0.7310585786300049,0.7310585786300049
2017-08-29 11:44:59.999,0.7310585786300049,0.7310585786300049
2017-08-29 11:59:59.999,0.7310585786300049,0.7310585786300049
2017-08-29 12:14:59.999,0.7310585786300049,0.7310585786300049
2017-08-29 12:29:59.999,0.7310585786300049,0.7310585786300049
2017-08-29 12:44:59.999,0.7310585786300049,0.7310585786300049
2017-08-29 12:59:59.999,0.7310585786300049,0.7310585786300049
2017-08-29 13:14:59.999,0.7310585786300049,0.7310585786300049
2017-08-29 13:29:59.999,0.7310585786300049,0.7310585786300049
2017-08-29 13:44:59.999,0.7310585786300049,0.7310585786300049
2017-08-29 13:59:59.999,0.7310585786300049,0.7310585786300049
2017-08-29 14:14:59.999,0.7310585786300049,0.7310585786300049
2017-08-29 14:29:59.999,0.7310585786300049,0.7310585786300049
2017-08-29 14:44:59.999,0.7310585786300049,0.7310585786300049
2017-08-29 14:59:59.999,0.7310585786300049,0.7310585786300049
2017-08-29 15:14:59.999,0.7310585786300049,0.7310585786300049
2017-08-29 15:29:59.999,0.7310585786300049,0.7310585786300049
2017-08-29 15:44:59.999,0.7310585786300049,0.7310585786300049
2017-08-29 15:59:59.999,0.7310585786300049,0.7310585786300049
2017-08-29 16:14:59.999,0.7310585786300049,0.7310585786300049
2017-08-29 16:29:59.999,0.7310585786300049,0.7310585786300049
2017-08-29 16:44:59.999,0.7310585786300049,0.7310585786300049
2017-08-29 16:59:59.999,0.7310585786300049,0.7310585786300049
2017-08-29 17:14:59.999,0.7310585786300049,0.7310585786300049
2017-08-29 17:29:59.999,0.7310585786300049,0.7310585786300049
2017-08-29 17:44:59.999,0.7310585786300049,0.7310585786300049
2017-08-29 17:59:59.999,0.7310585786300049,0.7310585786300049
2017-08-29 18:14:59.999,0.7310585786300049,0.7310585786300049
2017-08-29 18:29:59.999,0.7310585786300049,0.7310585786300049
2017-08-29 18:44:59.999,0.7310585786300049,0.7310585786300049
2017-08-29 18:59:59.999,0.7310585786300049,0.7310585786300049
2017-08-29 19:14:59.999,0.7310585786300049,0.7310585786300049
2017-08-29 19:29:59.999,0.7310585786300049,0.7310585786300049
2017-08-29 19:44:59.999,0.7310585786300049,0.7310585786300049
2017-08-29 19:59:59.999,0.7310585786300049,0.7310585786300049
2017-08-29 20:14:59.999,0.7310585786300049,0.7310585786300049
2017-08-29 20:29:59.999,0.7310585786300049,0.7310585786300049
2017-08-29 20:44:59.999,0.7310585786300049,0.7310585786300049
2017-08-29 20:59:59.999,0.7310585786300049,0.7310585786300049
2017-08-29 21:14:59.999,0.7310585786300049,0.7310585786300049
2017-08-29 21:29:59.999,0.7310585786300049,0.7310585786300049
2017-08-29 21:44:59.999,0.7310585786300049,0.7310585786300049
2017-08-29 21:59:59.999,0.7310585786300049,0.7310585786300049
2017-08-29 22:14:59.999,0.7310585786300049,0.7310585786300049
2017-08-29 22:29:59.999,0.7310585786300049,0.7310585786300049
2017-08-29 22:44:59.999,0.7310585786300049,0.7310585786300049
2017-08-29 22:59:59.999,0.7310585786300049,0.7310585786300049
2017-08-29 23:14:59.999,0.7310585786300049,0.7310585786300049
2017-08-29 23:29:59.999,0.7310585786300049,0.7310585786300049
2017-08-29 23:44:59.999,0.7310585786300049,0.7310585786300049
2017-08-29 23:59:59.999,0.7310585786300049,0.7310585786300049
2017-08-30 00:14:59.999,0.7310585786300049,0.7310585786300049
2017-08-30 00:29:59.999,0.7310585786300049,0.7310585786300049
2017-08-30 00:44:59.999,0.7310585786300049,0.7310585786300049
2017-08-30 00:59:59.999,0.7310585786300049,0.7310585786300049
2017-08-30 01:14:59.999,0.7310585786300049,0.7310585786300049
2017-08-30 01:29:59.999,0.7310585786300049,0.7310585786300049
2017-08-30 01:44:59.999,0.7310585786300049,0.7310585786300049
2017-08-30 01:59:59.999,0.7310585786300049,0.7310585786300049
2017-08-30 02:14:59.999,0.7310585786300049,0.7310585786300049
2017-08-30 02:29:59.999,0.7310585786300049,0.7310585786300049
2017-08-30 02:44:59.999,0.7310585786300049,0.7310585786300049
2017-08-30 02:59:59.999,0.7310585786300049,0.7310585786300049
2017-08-30 03:14:59.999,0.7310585786300049,0.7310585786300049
2017-08-30 03:29:59.999,0.7310585786300049,0.7310585786300049
2017-08-30 03:44:59.999,0.7310585786300049,0.7310585786300049
2017-08-30 03:59:59.999,0.7310585786300049,0.7310585786300049
2017-08-30 04:14:59.999,0.7310585786300049,0.7310585786300049
2017-08-30 04:29:59.999,0.7310585786300049,0.7310585786300049
2017-08-30 04:44:59.999,0.7310585786300049,0.7310585786300049
2017-08-30 04:59:59.999,0.7310585786300049,0.7310585786300049
2017-08-30 05:14:59.999,0.7310585786300049,0.7310585786300049
2017-08-30 05:29:59.999,0.7310585786300049,0.7310585786300049
2017-08-30 05:44:59.999,0.7310585786300049,0.7310585786300049
2017-08-30 05:59:59.999,0.7310585786300049,0.7310585786300049
2017-08-30 06:14:59.999,0.7310585786300049,0.7310585786300049
2017-08-30 06:29:59.999,0.7310585786300049,0.7310585786300049
2017-08-30 06:44:59.999,0.7310585786300049,0.7310585786300049
2017-08-30 06:59:59.999,0.7310585786300049,0.7310585786300049
2017-08-30 07:14:59.999,0.7310585786300049,0.7310585786300049
2017-08-30 07:29:59.999,0.7310585786300049,0.7310585786300049
2017-08-30 07:44:59.999,0.7310585786300049,0.7310585786300049
2017-08-30 07:59:59.999,0.7310585786300049,0.7310585786300049
2017-08-30 08:14:59.999,0.7310585786300049,0.7310585786300049
2017-08-30 08:29:59.999,0.7310585786300049,0.7310585786300049
2017-08-30 08:44:59.999,0.7310585786300049,0.7310585786300049
2017-08-30 08:59:59.999,0.7310585786300049,0.7310585786300049
2017-08-30 09:14:59.999,0.7310585786300049,0.7310585786300049
2017-08-30 09:29:59.999,0.7310585786300049,0.7310585786300049
2017-08-30 09:44:59.999,0.7310585786300049,0.7310585786300049
2017-08-30 09:59:59.999,0.7310585786300049,0.7310585786300049
2017-08-30 10:14:59.999,0.7310585786300049,0.7310585786300049
2017-08-30 10:29:59.999,0.7310585786300049,0.7310585786300049
2017-08-30 10:44:59.999,0.7310585786300049,0.7310585786300049
2017-08-30 10:59:59.999,0.7310585786300049,0.7310585786300049
2017-08-30 11:14:59.999,0.7310585786300049,0.7310585786300049
2017-08-30 11:29:59.999,0.7310585786300049,0.7310585786300049
2017-08-30 11:44:59.999,0.7310585786300049,0.7310585786300049
2017-08-30 11:59:59.999,0.7310585786300049,0.7310585786300049
2017-08-30 12:14:59.999,0.7310585786300049,0.7310585786300049
2017-08-30 12:29:59.999,0.7310585786300049,0.7310585786300049
2017-08-30 12:44:59.999,0.7310585786300049,0.7310585786300049
2017-08-30 12:59:59.999,0.7310585786300049,0.7310585786300049
2017-08-30 13:14:59.999,0.7310585786300049,0.7310585786300049
2017-08-30 13:29:59.999,0.7310585786300049,0.7310585786300049
2017-08-30 13:44:59.999,0.7310585786300049,0.7310585786300049
2017-08-30 13:59:59.999,0.7310585786300049,0.7310585786300049
2017-08-30 14:14:59.999,0.7310585786300049,0.7310585786300049
2017-08-30 14:29:59.999,0.7310585786300049,0.7310585786300049
2017-08-30 14:44:59.999,0.7310585786300049,0.7310585786300049
2017-08-30 14:59:59.999,0.7310585786300049,0.7310585786300049
2017-08-30 15:14:59.999,0.7310585786300049,0.7310585786300049
2017-08-30 15:29:59.999,0.7310585786300049,0.7310585786300049
2017-08-30 15:44:59.999,0.7310585786300049,0.7310585786300049
2017-08-30 15:59:59.999,0.7310585786300049,0.7310585786300049
2017-08-30 16:14:59.999,0.7310585786300049,0.7310585786300049
2017-08-30 16:29:59.999,0.7310585786300049,0.7310585786300049
2017-08-30 16:44:59.999,0.7310585786300049,0.7310585786300049
2017-08-30 16:59:59.999,0.7310585786300049,0.7310585786300049
2017-08-30 17:14:59.999,0.7310585786300049,0.7310585786300049
2017-08-30 17:29:59.999,0.7310585786300049,0.7310585786300049
2017-08-30 17:44:59.999,0.7310585786300049,0.7310585786300049
2017-08-30 17:59:59.999,0.7310585786300049,0.7310585786300049
2017-08-30 18:14:59.999,0.7310585786300049,0.7310585786300049
2017-08-30 18:29:59.999,0.7310585786300049,0.7310585786300049
2017-08-30 18:44:59.999,0.7310585786300049,0.7310585786300049
2017-08-30 18:59:59.999,0.7310585786300049,0.7310585786300049
2017-08-30 19:14:59.999,0.7310585786300049,0.7310585786300049
2017-08-30 19:29:59.999,0.7310585786300049,0.7310585786300049
2017-08-30 19:44:59.999,0.7310585786300049,0.7310585786300049
2017-08-30 19:59:59.999,0.7310585786300049,0.7310585786300049
2017-08-30 20:14:59.999,0.7310585786300049,0.7310585786300049
2017-08-30 20:29:59.999,0.7310585786300049,0.7310585786300049
2017-08-30 20:44:59.999,0.7310585786300049,0.7310585786300049
2017-08-30 20:59:59.999,0.7310585786300049,0.7310585786300049
2017-08-30 21:14:59.999,0.7310585786300049,0.7310585786300049
2017-08-30 21:29:59.999,0.7310585786300049,0.7310585786300049
2017-08-30 21:44:59.999,0.7310585786300049,0.7310585786300049
2017-08-30 21:59:59.999,0.7310585786300049,0.7310585786300049
2017-08-30 22:14:59.999,0.7310585786300049,0.7310585786300049
2017-08-30 22:29:59.999,0.7310585786300049,0.7310585786300049
2017-08-30 22:44:59.999,0.7310585786300049,0.7310585786300049
2017-08-30 22:59:59.999,0.7310585786300049,0.7310585786300049
2017-08-30 23:14:59.999,0.7310585786300049,0.7310585786300049
2017-08-30 23:29:59.999,0.7310585786300049,0.7310585786300049
2017-08-30 23:44:59.999,0.7310585786300049,0.7310585786300049
2017-08-30 23:59:59.999,0.7310585786300049,0.7310585786300049
2017-08-31 00:14:59.999,0.7310585786300049,0.7310585786300049
2017-08-31 00:29:59.999,0.7310585786300049,0.7310585786300049
2017-08-31 00:44:59.999,0.7310585786300049,0.7310585786300049
2017-08-31 00:59:59.999,0.7310585786300049,0.7310585786300049
2017-08-31 01:14:59.999,0.7310585786300049,0.7310585786300049
2017-08-31 01:29:59.999,0.7310585786300049,0.7310585786300049
2017-08-31 01:44:59.999,0.7310585786300049,0.7310585786300049
2017-08-31 01:59:59.999,0.7310585786300049,0.7310585786300049
2017-08-31 02:14:59.999,0.7310585786300049,0.7310585786300049
2017-08-31 02:29:59.999,0.7310585786300049,0.7310585786300049
2017-08-31 02:44:59.999,0.7310585786300049,0.7310585786300049
2017-08-31 02:59:59.999,0.7310585786300049,0.7310585786300049
2017-08-31 03:14:59.999,0.7310585786300049,0.7310585786300049
2017-08-31 03:29:59.999,0.7310585786300049,0.7310585786300049
2017-08-31 03:44:59.999,0.7310585786300049,0.7310585786300049
2017-08-31 03:59:59.999,0.7310585786300049,0.7310585786300049
2017-08-31 04:14:59.999,0.7310585786300049,0.7310585786300049
2017-08-31 04:29:59.999,0.7310585786300049,0.7310585786300049
2017-08-31 04:44:59.999,0.7310585786300049,0.7310585786300049
2017-08-31 04:59:59.999,0.7310585786300049,0.7310585786300049
2017-08-31 05:14:59.999,0.7310585786300049,0.7310585786300049
2017-08-31 05:29:59.999,0.7310585786300049,0.7310585786300049
2017-08-31 05:44:59.999,0.7310585786300049,0.7310585786300049
2017-08-31 05:59:59.999,0.7310585786300049,0.7310585786300049
2017-08-31 06:14:59.999,0.7310585786300049,0.7310585786300049
2017-08-31 06:29:59.999,0.7310585786300049,0.7310585786300049
2017-08-31 06:44:59.999,0.7310585786300049,0.7310585786300049
2017-08-31 06:59:59.999,0.7310585786300049,0.7310585786300049
2017-08-31 07:14:59.999,0.7310585786300049,0.7310585786300049
2017-08-31 07:29:59.999,0.7310585786300049,0.7310585786300049
2017-08-31 07:44:59.999,0.7310585786300049,0.7310585786300049
2017-08-31 07:59:59.999,0.7310585786300049,0.7310585786300049
2017-08-31 08:14:59.999,0.7310585786300049,0.7310585786300049
2017-08-31 08:29:59.999,0.7310585786300049,0.7310585786300049
2017-08-31 08:44:59.999,0.7310585786300049,0.7310585786300049
2017-08-31 08:59:59.999,0.7310585786300049,0.7310585786300049
2017-08-31 09:14:59.999,0.7310585786300049,0.7310585786300049
2017-08-31 09:29:59.999,0.7310585786300049,0.7310585786300049
2017-08-31 09:44:59.999,0.7310585786300049,0.7310585786300049
2017-08-31 09:59:59.999,0.7310585786300049,0.7310585786300049
2017-08-31 10:14:59.999,0.7310585786300049,0.7310585786300049
2017-08-31 10:29:59.999,0.7310585786300049,0.7310585786300049
2017-08-31 10:44:59.999,0.7310585786300049,0.7310585786300049
2017-08-31 10:59:59.999,0.7310585786300049,0.7310585786300049
2017-08-31 11:14:59.999,0.7310585786300049,0.7310585786300049
2017-08-31 11:29:59.999,0.7310585786300049,0.7310585786300049
2017-08-31 11:44:59.999,0.7310585786300049,0.7310585786300049
2017-08-31 11:59:59.999,0.7310585786300049,0.7310585786300049
2017-08-31 12:14:59.999,0.7310585786300049,0.7310585786300049
2017-08-31 12:29:59.999,0.7310585786300049,0.7310585786300049
2017-08-31 12:44:59.999,0.7310585786300049,0.7310585786300049
2017-08-31 12:59:59.999,0.7310585786300049,0.7310585786300049
2017-08-31 13:14:59.999,0.7310585786300049,0.7310585786300049
2017-08-31 13:29:59.999,0.7310585786300049,0.7310585786300049
2017-08-31 13:44:59.999,0.7310585786300049,0.7310585786300049
2017-08-31 13:59:59.999,0.7310585786300049,0.7310585786300049
2017-08-31 14:14:59.999,0.7310585786300049,0.7310585786300049
2017-08-31 14:29:59.999,0.7310585786300049,0.7310585786300049
2017-08-31 14:44:59.999,0.7310585786300049,0.7310585786300049
2017-08-31 14:59:59.999,0.7310585786300049,0.7310585786300049
2017-08-31 15:14:59.999,0.7310585786300049,0.7310585786300049
2017-08-31 15:29:59.999,0.7310585786300049,0.7310585786300049
2017-08-31 15:44:59.999,0.7310585786300049,0.7310585786300049
2017-08-31 15:59:59.999,0.7310585786300049,0.7310585786300049
2017-08-31 16:14:59.999,0.7310585786300049,0.7310585786300049
2017-08-31 16:29:59.999,0.7310585786300049,0.7310585786300049
2017-08-31 16:44:59.999,0.7310585786300049,0.7310585786300049
2017-08-31 16:59:59.999,0.7310585786300049,0.7310585786300049
2017-08-31 17:14:59.999,0.7310585786300049,0.7310585786300049
2017-08-31 17:29:59.999,0.7310585786300049,0.7310585786300049
2017-08-31 17:44:59.999,0.7310585786300049,0.7310585786300049
2017-08-31 17:59:59.999,0.7310585786300049,0.7310585786300049
2017-08-31 18:14:59.999,0.7310585786300049,0.7310585786300049
2017-08-31 18:29:59.999,0.7310585786300049,0.7310585786300049
2017-08-31 18:44:59.999,0.7310585786300049,0.7310585786300049
2017-08-31 18:59:59.999,0.7310585786300049,0.7310585786300049
2017-08-31 19:14:59.999,0.7310585786300049,0.7310585786300049
2017-08-31 19:29:59.999,0.7310585786300049,0.7310585786300049
2017-08-31 19:44:59.999,0.7310585786300049,0.7310585786300049
2017-08-31 19:59:59.999,0.7310585786300049,0.7310585786300049
2017-08-31 20:14:59.999,0.7310585786300049,0.7310585786300049
2017-08-31 20:29:59.999,0.7310585786300049,0.7310585786300049
2017-08-31 20:44:59.999,0.7310585786300049,0.7310585786300049
2017-08-31 20:59:59.999,0.7310585786300049,0.7310585786300049
2017-08-31 21:14:59.999,0.7310585786300049,0.7310585786300049
2017-08-31 21:29:59.999,0.7310585786300049,0.7310585786300049
2017-08-31 21:44:59.999,0.7310585786300049,0.7310585786300049
2017-08-31 21:59:59.999,0.7310585786300049,0.7310585786300049
2017-08-31 22:14:59.999,0.7310585786300049,0.7310585786300049
2017-08-31 22:29:59.999,0.7310585786300049,0.7310585786300049
2017-08-31 22:44:59.999,0.7310585786300049,0.7310585786300049
2017-08-31 22:59:59.999,0.7310585786300049,0.7310585786300049
2017-08-31 23:14:59.999,0.7310585786300049,0.7310585786300049
2017-08-31 23:29:59.999,0.7310585786300049,0.7310585786300049
2017-08-31 23:44:59.999,0.7310585786300049,0.7310585786300049
2017-08-31 23:59:59.999,0.7310585786300049,0.7310585786300049
2017-09-01 00:14:59.999,0.7310585786300049,0.7310585786300049
2017-09-01 00:29:59.999,0.7310585786300049,0.7310585786300049
2017-09-01 00:44:59.999,0.7310585786300049,0.7310585786300049
2017-09-01 00:59:59.999,0.7310585786300049,0.7310585786300049
2017-09-01 01:14:59.999,0.7310585786300049,0.7310585786300049
2017-09-01 01:29:59.999,0.7310585786300049,0.7310585786300049
2017-09-01 01:44:59.999,0.7310585786300049,0.7310585786300049
2017-09-01 01:59:59.999,0.7310585786300049,0.7310585786300049
2017-09-01 02:14:59.999,0.7310585786300049,0.7310585786300049
2017-09-01 02:29:59.999,0.7310585786300049,0.7310585786300049
2017-09-01 02:44:59.999,0.7310585786300049,0.7310585786300049
2017-09-01 02:59:59.999,0.7310585786300049,0.7310585786300049
2017-09-01 03:14:59.999,0.7310585786300049,0.7310585786300049
2017-09-01 03:29:59.999,0.7310585786300049,0.7310585786300049
2017-09-01 03:44:59.999,0.7310585786300049,0.7310585786300049
2017-09-01 03:59:59.999,0.7310585786300049,0.7310585786300049
2017-09-01 04:14:59.999,0.7310585786300049,0.7310585786300049
2017-09-01 04:29:59.999,0.7310585786300049,0.7310585786300049
2017-09-01 04:44:59.999,0.7310585786300049,0.7310585786300049
2017-09-01 04:59:59.999,0.7310585786300049,0.7310585786300049
2017-09-01 05:14:59.999,0.7310585786300049,0.7310585786300049
2017-09-01 05:29:59.999,0.7310585786300049,0.7310585786300049
2017-09-01 05:44:59.999,0.7310585786300049,0.7310585786300049
2017-09-01 05:59:59.999,0.7310585786300049,0.7310585786300049
2017-09-01 06:14:59.999,0.7310585786300049,0.7310585786300049
2017-09-01 06:29:59.999,0.7310585786300049,0.7310585786300049
2017-09-01 06:44:59.999,0.7310585786300049,0.7310585786300049
2017-09-01 06:59:59.999,0.7310585786300049,0.7310585786300049
2017-09-01 07:14:59.999,0.7310585786300049,0.7310585786300049
2017-09-01 07:29:59.999,0.7310585786300049,0.7310585786300049
2017-09-01 07:44:59.999,0.7310585786300049,0.7310585786300049
2017-09-01 07:59:59.999,0.7310585786300049,0.7310585786300049
2017-09-01 08:14:59.999,0.7310585786300049,0.7310585786300049
2017-09-01 08:29:59.999,0.7310585786300049,0.7310585786300049
2017-09-01 08:44:59.999,0.7310585786300049,0.7310585786300049
2017-09-01 08:59:59.999,0.7310585786300049,0.7310585786300049
2017-09-01 09:14:59.999,0.7310585786300049,0.7310585786300049
2017-09-01 09:29:59.999,0.7310585786300049,0.7310585786300049
2017-09-01 09:44:59.999,0.7310585786300049,0.7310585786300049
2017-09-01 09:59:59.999,0.7310585786300049,0.7310585786300049
2017-09-01 10:14:59.999,0.7310585786300049,0.7310585786300049
2017-09-01 10:29:59.999,0.7310585786300049,0.7310585786300049
2017-09-01 10:44:59.999,0.7310585786300049,0.7310585786300049
2017-09-01 10:59:59.999,0.7310585786300049,0.7310585786300049
2017-09-01 11:14:59.999,0.7310585786300049,0.7310585786300049
2017-09-01 11:29:59.999,0.7310585786300049,0.7310585786300049
2017-09-01 11:44:59.999,0.7310585786300049,0.7310585786300049
2017-09-01 11:59:59.999,0.7310585786300049,0.7310585786300049
2017-09-01 12:14:59.999,0.7310585786300049,0.7310585786300049
2017-09-01 12:29:59.999,0.7310585786300049,0.7310585786300049
2017-09-01 12:44:59.999,0.7310585786300049,0.7310585786300049
2017-09-01 12:59:59.999,0.7310585786300049,0.7310585786300049
2017-09-01 13:14:59.999,0.7310585786300049,0.7310585786300049
2017-09-01 13:29:59.999,0.7310585786300049,0.7310585786300049
2017-09-01 13:44:59.999,0.7310585786300049,0.7310585786300049
2017-09-01 13:59:59.999,0.7310585786300049,0.7310585786300049
2017-09-01 14:14:59.999,0.7310585786300049,0.7310585786300049
2017-09-01 14:29:59.999,0.7310585786300049,0.7310585786300049
2017-09-01 14:44:59.999,0.7310585786300049,0.7310585786300049
2017-09-01 14:59:59.999,0.7310585786300049,0.7310585786300049
2017-09-01 15:14:59.999,0.7310585786300049,0.7310585786300049
2017-09-01 15:29:59.999,0.7310585786300049,0.7310585786300049
2017-09-01 15:44:59.999,0.7310585786300049,0.7310585786300049
2017-09-01 15:59:59.999,0.7310585786300049,0.7310585786300049
2017-09-01 16:14:59.999,0.7310585786300049,0.7310585786300049
2017-09-01 16:29:59.999,0.7310585786300049,0.7310585786300049
2017-09-01 16:44:59.999,0.7310585786300049,0.7310585786300049
2017-09-01 16:59:59.999,0.7310585786300049,0.7310585786300049
2017-09-01 17:14:59.999,0.7310585786300049,0.7310585786300049
2017-09-01 17:29:59.999,0.7310585786300049,0.7310585786300049
2017-09-01 17:44:59.999,0.7310585786300049,0.7310585786300049
2017-09-01 17:59:59.999,0.7310585786300049,0.7310585786300049
2017-09-01 18:14:59.999,0.7310585786300049,0.7310585786300049
2017-09-01 18:29:59.999,0.7310585786300049,0.7310585786300049
2017-09-01 18:44:59.999,0.7310585786300049,0.7310585786300049
2017-09-01 18:59:59.999,0.7310585786300049,0.7310585786300049
2017-09-01 19:14:59.999,0.7310585786300049,0.7310585786300049
2017-09-01 19:29:59.999,0.7310585786300049,0.7310585786300049
2017-09-01 19:44:59.999,0.7310585786300049,0.7310585786300049
2017-09-01 19:59:59.999,0.7310585786300049,0.7310585786300049
2017-09-01 20:14:59.999,0.7310585786300049,0.7310585786300049
2017-09-01 20:29:59.999,0.7310585786300049,0.7310585786300049
2017-09-01 20:44:59.999,0.7310585786300049,0.7310585786300049
2017-09-01 20:59:59.999,0.7310585786300049,0.7310585786300049
2017-09-01 21:14:59.999,0.7310585786300049,0.7310585786300049
2017-09-01 21:29:59.999,0.7310585786300049,0.7310585786300049
2017-09-01 21:44:59.999,0.7310585786300049,0.7310585786300049
2017-09-01 21:59:59.999,0.7310585786300049,0.7310585786300049
2017-09-01 22:14:59.999,0.7310585786300049,0.7310585786300049
2017-09-01 22:29:59.999,0.7310585786300049,0.7310585786300049
2017-09-01 22:44:59.999,0.7310585786300049,0.7310585786300049
2017-09-01 22:59:59.999,0.7310585786300049,0.7310585786300049
2017-09-01 23:14:59.999,0.7310585786300049,0.7310585786300049
2017-09-01 23:29:59.999,0.7310585786300049,0.7310585786300049
2017-09-01 23:44:59.999,0.7310585786300049,0.7310585786300049
2017-09-01 23:59:59.999,0.7310585786300049,0.7310585786300049
2017-09-02 00:14:59.999,0.7310585786300049,0.7310585786300049
2017-09-02 00:29:59.999,0.7310585786300049,0.7310585786300049
2017-09-02 00:44:59.999,0.7310585786300049,0.7310585786300049
2017-09-02 00:59:59.999,0.7310585786300049,0.7310585786300049
2017-09-02 01:14:59.999,0.7310585786300049,0.7310585786300049
2017-09-02 01:29:59.999,0.7310585786300049,0.7310585786300049
2017-09-02 01:44:59.999,0.7310585786300049,0.7310585786300049
2017-09-02 01:59:59.999,0.7310585786300049,0.7310585786300049
2017-09-02 02:14:59.999,0.7310585786300049,0.7310585786300049
2017-09-02 02:29:59.999,0.7310585786300049,0.7310585786300049
2017-09-02 02:44:59.999,0.7310585786300049,0.7310585786300049
2017-09-02 02:59:59.999,0.7310585786300049,0.7310585786300049
2017-09-02 03:14:59.999,0.7310585786300049,0.7310585786300049
2017-09-02 03:29:59.999,0.7310585786300049,0.7310585786300049
2017-09-02 03:44:59.999,0.7310585786300049,0.7310585786300049
2017-09-02 03:59:59.999,0.7310585786300049,0.7310585786300049
2017-09-02 04:14:59.999,0.7310585786300049,0.7310585786300049
2017-09-02 04:29:59.999,0.7310585786300049,0.7310585786300049
2017-09-02 04:44:59.999,0.7310585786300049,0.7310585786300049
2017-09-02 04:59:59.999,0.7310585786300049,0.7310585786300049
2017-09-02 05:14:59.999,0.7310585786300049,0.7310585786300049
2017-09-02 05:29:59.999,0.7310585786300049,0.7310585786300049
2017-09-02 05:44:59.999,0.7310585786300049,0.7310585786300049
2017-09-02 05:59:59.999,0.7310585786300049,0.7310585786300049
2017-09-02 06:14:59.999,0.7310585786300049,0.7310585786300049
2017-09-02 06:29:59.999,0.7310585786300049,0.7310585786300049
2017-09-02 06:44:59.999,0.7310585786300049,0.7310585786300049
2017-09-02 06:59:59.999,0.7310585786300049,0.7310585786300049
2017-09-02 07:14:59.999,0.7310585786300049,0.7310585786300049
2017-09-02 07:29:59.999,0.7310585786300049,0.7310585786300049
2017-09-02 07:44:59.999,0.7310585786300049,0.7310585786300049
2017-09-02 07:59:59.999,0.7310585786300049,0.7310585786300049
2017-09-02 08:14:59.999,0.7310585786300049,0.7310585786300049
2017-09-02 08:29:59.999,0.7310585786300049,0.7310585786300049
2017-09-02 08:44:59.999,0.7310585786300049,0.7310585786300049
2017-09-02 08:59:59.999,0.7310585786300049,0.7310585786300049
2017-09-02 09:14:59.999,0.7310585786300049,0.7310585786300049
2017-09-02 09:29:59.999,0.7310585786300049,0.7310585786300049
2017-09-02 09:44:59.999,0.7310585786300049,0.7310585786300049
2017-09-02 09:59:59.999,0.7310585786300049,0.7310585786300049
2017-09-02 10:14:59.999,0.7310585786300049,0.7310585786300049
2017-09-02 10:29:59.999,0.7310585786300049,0.7310585786300049
2017-09-02 10:44:59.999,0.7310585786300049,0.7310585786300049
2017-09-02 10:59:59.999,0.7310585786300049,0.7310585786300049
2017-09-02 11:14:59.999,0.7310585786300049,0.7310585786300049
2017-09-02 11:29:59.999,0.7310585786300049,0.7310585786300049
2017-09-02 11:44:59.999,0.7310585786300049,0.7310585786300049
2017-09-02 11:59:59.999,0.7310585786300049,0.7310585786300049
2017-09-02 12:14:59.999,0.7310585786300049,0.7310585786300049
2017-09-02 12:29:59.999,0.7310585786300049,0.7310585786300049
2017-09-02 12:44:59.999,0.7310585786300049,0.7310585786300049
2017-09-02 12:59:59.999,0.7310585786300049,0.7310585786300049
2017-09-02 13:14:59.999,0.7310585786300049,0.7310585786300049
2017-09-02 13:29:59.999,0.7310585786300049,0.7310585786300049
2017-09-02 13:44:59.999,0.7310585786300049,0.7310585786300049
2017-09-02 13:59:59.999,0.7310585786300049,0.7310585786300049
2017-09-02 14:14:59.999,0.7310585786300049,0.7310585786300049
2017-09-02 14:29:59.999,0.7310585786300049,0.7310585786300049
2017-09-02 14:44:59.999,0.7310585786300049,0.7310585786300049
2017-09-02 14:59:59.999,0.7310585786300049,0.7310585786300049
2017-09-02 15:14:59.999,0.7310585786300049,0.7310585786300049
2017-09-02 15:29:59.999,0.7310585786300049,0.7310585786300049
2017-09-02 15:44:59.999,0.7310585786300049,0.7310585786300049
2017-09-02 15:59:59.999,0.7310585786300049,0.7310585786300049
2017-09-02 16:14:59.999,0.7310585786300049,0.7310585786300049
2017-09-02 16:29:59.999,0.7310585786300049,0.7310585786300049
2017-09-02 16:44:59.999,0.7310585786300049,0.7310585786300049
2017-09-02 16:59:59.999,0.7310585786300049,0.7310585786300049
2017-09-02 17:14:59.999,0.7310585786300049,0.7310585786300049
2017-09-02 17:29:59.999,0.7310585786300049,0.7310585786300049
2017-09-02 17:44:59.999,0.7310585786300049,0.7310585786300049
2017-09-02 17:59:59.999,0.7310585786300049,0.7310585786300049
2017-09-02 18:14:59.999,0.7310585786300049,0.7310585786300049
2017-09-02 18:29:59.999,0.7310585786300049,0.7310585786300049
2017-09-02 18:44:59.999,0.7310585786300049,0.7310585786300049
2017-09-02 18:59:59.999,0.7310585786300049,0.7310585786300049
2017-09-02 19:14:59.999,0.7310585786300049,0.7310585786300049
2017-09-02 19:29:59.999,0.7310585786300049,0.7310585786300049
2017-09-02 19:44:59.999,0.7310585786300049,0.7310585786300049
2017-09-02 19:59:59.999,0.7310585786300049,0.7310585786300049
2017-09-02 20:14:59.999,0.7310585786300049,0.7310585786300049
2017-09-02 20:29:59.999,0.7310585786300049,0.7310585786300049
2017-09-02 20:44:59.999,0.7310585786300049,0.7310585786300049
2017-09-02 20:59:59.999,0.7310585786300049,0.7310585786300049
2017-09-02 21:14:59.999,0.7310585786300049,0.7310585786300049
2017-09-02 21:29:59.999,0.7310585786300049,0.7310585786300049
2017-09-02 21:44:59.999,0.7310585786300049,0.7310585786300049
2017-09-02 21:59:59.999,0.7310585786300049,0.7310585786300049
2017-09-02 22:14:59.999,0.7310585786300049,0.7310585786300049
2017-09-02 22:29:59.999,0.7310585786300049,0.7310585786300049
2017-09-02 22:44:59.999,0.7310585786300049,0.7310585786300049
2017-09-02 22:59:59.999,0.7310585786300049,0.7310585786300049
2017-09-02 23:14:59.999,0.7310585786300049,0.7310585786300049
2017-09-02 23:29:59.999,0.7310585786300049,0.7310585786300049
2017-09-02 23:44:59.999,0.7310585786300049,0.7310585786300049
2017-09-02 23:59:59.999,0.7310585786300049,0.7310585786300049
2017-09-03 00:14:59.999,0.7310585786300049,0.7310585786300049
2017-09-03 00:29:59.999,0.7310585786300049,0.7310585786300049
2017-09-03 00:44:59.999,0.7310585786300049,0.7310585786300049
2017-09-03 00:59:59.999,0.7310585786300049,0.7310585786300049
2017-09-03 01:14:59.999,0.7310585786300049,0.7310585786300049
2017-09-03 01:29:59.999,0.7310585786300049,0.7310585786300049
2017-09-03 01:44:59.999,0.7310585786300049,0.7310585786300049
2017-09-03 01:59:59.999,0.7310585786300049,0.7310585786300049
2017-09-03 02:14:59.999,0.7310585786300049,0.7310585786300049
2017-09-03 02:29:59.999,0.7310585786300049,0.7310585786300049
2017-09-03 02:44:59.999,0.7310585786300049,0.7310585786300049
2017-09-03 02:59:59.999,0.7310585786300049,0.7310585786300049
2017-09-03 03:14:59.999,0.7310585786300049,0.7310585786300049
2017-09-03 03:29:59.999,0.7310585786300049,0.7310585786300049
2017-09-03 03:44:59.999,0.7310585786300049,0.7310585786300049
2017-09-03 03:59:59.999,0.7310585786300049,0.7310585786300049
2017-09-03 04:14:59.999,0.7310585786300049,0.7310585786300049
2017-09-03 04:29:59.999,0.7310585786300049,0.7310585786300049
2017-09-03 04:44:59.999,0.7310585786300049,0.7310585786300049
2017-09-03 04:59:59.999,0.7310585786300049,0.7310585786300049
2017-09-03 05:14:59.999,0.7310585786300049,0.7310585786300049
2017-09-03 05:29:59.999,0.7310585786300049,0.7310585786300049
2017-09-03 05:44:59.999,0.7310585786300049,0.7310585786300049
2017-09-03 05:59:59.999,0.7310585786300049,0.7310585786300049
2017-09-03 06:14:59.999,0.7310585786300049,0.7310585786300049
2017-09-03 06:29:59.999,0.7310585786300049,0.7310585786300049
2017-09-03 06:44:59.999,0.7310585786300049,0.7310585786300049
2017-09-03 06:59:59.999,0.7310585786300049,0.7310585786300049
2017-09-03 07:14:59.999,0.7310585786300049,0.7310585786300049
2017-09-03 07:29:59.999,0.7310585786300049,0.7310585786300049
2017-09-03 07:44:59.999,0.7310585786300049,0.7310585786300049
2017-09-03 07:59:59.999,0.7310585786300049,0.7310585786300049
2017-09-03 08:14:59.999,0.7310585786300049,0.7310585786300049
2017-09-03 08:29:59.999,0.7310585786300049,0.7310585786300049
2017-09-03 08:44:59.999,0.7310585786300049,0.7310585786300049
2017-09-03 08:59:59.999,0.7310585786300049,0.7310585786300049
2017-09-03 09:14:59.999,0.7310585786300049,0.7310585786300049
2017-09-03 09:29:59.999,0.7310585786300049,0.7310585786300049
2017-09-03 09:44:59.999,0.7310585786300049,0.7310585786300049
2017-09-03 09:59:59.999,0.7310585786300049,0.7310585786300049
2017-09-03 10:14:59.999,0.7310585786300049,0.7310585786300049
2017-09-03 10:29:59.999,0.7310585786300049,0.7310585786300049
2017-09-03 10:44:59.999,0.7310585786300049,0.7310585786300049
2017-09-03 10:59:59.999,0.7310585786300049,0.7310585786300049
2017-09-03 11:14:59.999,0.7310585786300049,0.7310585786300049
2017-09-03 11:29:59.999,0.7310585786300049,0.7310585786300049
2017-09-03 11:44:59.999,0.7310585786300049,0.7310585786300049
2017-09-03 11:59:59.999,0.7310585786300049,0.7310585786300049
2017-09-03 12:14:59.999,0.7310585786300049,0.7310585786300049
2017-09-03 12:29:59.999,0.7310585786300049,0.7310585786300049
2017-09-03 12:44:59.999,0.7310585786300049,0.7310585786300049
2017-09-03 12:59:59.999,0.7310585786300049,0.7310585786300049
2017-09-03 13:14:59.999,0.7310585786300049,0.7310585786300049
2017-09-03 13:29:59.999,0.7310585786300049,0.7310585786300049
2017-09-03 13:44:59.999,0.7310585786300049,0.7310585786300049
2017-09-03 13:59:59.999,0.7310585786300049,0.7310585786300049
2017-09-03 14:14:59.999,0.7310585786300049,0.7310585786300049
2017-09-03 14:29:59.999,0.7310585786300049,0.7310585786300049
2017-09-03 14:44:59.999,0.7310585786300049,0.7310585786300049
2017-09-03 14:59:59.999,0.7310585786300049,0.7310585786300049
2017-09-03 15:14:59.999,0.7310585786300049,0.7310585786300049
2017-09-03 15:29:59.999,0.7310585786300049,0.7310585786300049
2017-09-03 15:44:59.999,0.7310585786300049,0.7310585786300049
2017-09-03 15:59:59.999,0.7310585786300049,0.7310585786300049
2017-09-03 16:14:59.999,0.7310585786300049,0.7310585786300049
2017-09-03 16:29:59.999,0.7310585786300049,0.7310585786300049
2017-09-03 16:44:59.999,0.7310585786300049,0.7310585786300049
2017-09-03 16:59:59.999,0.7310585786300049,0.7310585786300049
2017-09-03 17:14:59.999,0.7310585786300049,0.7310585786300049
2017-09-03 17:29:59.999,0.7310585786300049,0.7310585786300049
2017-09-03 17:44:59.999,0.7310585786300049,0.7310585786300049
2017-09-03 17:59:59.999,0.7310585786300049,0.7310585786300049
2017-09-03 18:14:59.999,0.7310585786300049,0.7310585786300049
2017-09-03 18:29:59.999,0.7310585786300049,0.7310585786300049
2017-09-03 18:44:59.999,0.7310585786300049,0.7310585786300049
2017-09-03 18:59:59.999,0.7310585786300049,0.7310585786300049
2017-09-03 19:14:59.999,0.7310585786300049,0.7310585786300049
2017-09-03 19:29:59.999,0.7310585786300049,0.7310585786300049
2017-09-03 19:44:59.999,0.7310585786300049,0.7310585786300049
2017-09-03 19:59:59.999,0.7310585786300049,0.7310585786300049
2017-09-03 20:14:59.999,0.7310585786300049,0.7310585786300049
2017-09-03 20:29:59.999,0.7310585786300049,0.7310585786300049
2017-09-03 20:44:59.999,0.7310585786300049,0.7310585786300049
2017-09-03 20:59:59.999,0.7310585786300049,0.7310585786300049
2017-09-03 21:14:59.999,0.7310585786300049,0.7310585786300049
2017-09-03 21:29:59.999,0.7310585786300049,0.7310585786300049
2017-09-03 21:44:59.999,0.7310585786300049,0.7310585786300049
2017-09-03 21:59:59.999,0.7310585786300049,0.7310585786300049
2017-09-03 22:14:59.999,0.7310585786300049,0.7310585786300049
2017-09-03 22:29:59.999,0.7310585786300049,0.7310585786300049
2017-09-03 22:44:59.999,0.7310585786300049,0.7310585786300049
2017-09-03 22:59:59.999,0.7310585786300049,0.7310585786300049
2017-09-03 23:14:59.999,0.7310585786300049,0.7310585786300049
2017-09-03 23:29:59.999,0.7310585786300049,0.7310585786300049
2017-09-03 23:44:59.999,0.7310585786300049,0.7310585786300049
2017-09-03 23:59:59.999,0.7310585786300049,0.7310585786300049
2017-09-04 00:14:59.999,0.7310585786300049,0.7310585786300049
2017-09-04 00:29:59.999,0.7310585786300049,0.7310585786300049
2017-09-04 00:44:59.999,0.7310585786300049,0.7310585786300049
2017-09-04 00:59:59.999,0.7310585786300049,0.7310585786300049
2017-09-04 01:14:59.999,0.7310585786300049,0.7310585786300049
2017-09-04 01:29:59.999,0.7310585786300049,0.7310585786300049
2017-09-04 01:44:59.999,0.7310585786300049,0.7310585786300049
2017-09-04 01:59:59.999,0.7310585786300049,0.7310585786300049
2017-09-04 02:14:59.999,0.7310585786300049,0.7310585786300049
2017-09-04 02:29:59.999,0.7310585786300049,0.7310585786300049
2017-09-04 02:44:59.999,0.7310585786300049,0.7310585786300049
2017-09-04 02:59:59.999,0.7310585786300049,0.7310585786300049
2017-09-04 03:14:59.999,0.7310585786300049,0.7310585786300049
2017-09-04 03:29:59.999,0.7310585786300049,0.7310585786300049
2017-09-04 03:44:59.999,0.7310585786300049,0.7310585786300049
2017-09-04 03:59:59.999,0.7310585786300049,0.7310585786300049
2017-09-04 04:14:59.999,0.7310585786300049,0.7310585786300049
2017-09-04 04:29:59.999,0.7310585786300049,0.7310585786300049
2017-09-04 04:44:59.999,0.7310585786300049,0.7310585786300049
2017-09-04 04:59:59.999,0.7310585786300049,0.7310585786300049
2017-09-04 05:14:59.999,0.7310585786300049,0.7310585786300049
2017-09-04 05:29:59.999,0.7310585786300049,0.7310585786300049
2017-09-04 05:44:59.999,0.7310585786300049,0.7310585786300049
2017-09-04 05:59:59.999,0.7310585786300049,0.7310585786300049
2017-09-04 06:14:59.999,0.7310585786300049,0.7310585786300049
2017-09-04 06:29:59.999,0.7310585786300049,0.7310585786300049
2017-09-04 06:44:59.999,0.7310585786300049,0.7310585786300049
2017-09-04 06:59:59.999,0.7310585786300049,0.7310585786300049
2017-09-04 07:14:59.999,0.7310585786300049,0.7310585786300049
2017-09-04 07:29:59.999,0.7310585786300049,0.7310585786300049
2017-09-04 07:44:59.999,0.7310585786300049,0.7310585786300049
2017-09-04 07:59:59.999,0.7310585786300049,0.7310585786300049
2017-09-04 08:14:59.999,0.7310585786300049,0.7310585786300049
2017-09-04 08:29:59.999,0.7310585786300049,0.7310585786300049
2017-09-04 08:44:59.999,0.7310585786300049,0.7310585786300049
2017-09-04 08:59:59.999,0.7310585786300049,0.7310585786300049
2017-09-04 09:14:59.999,0.7310585786300049,0.7310585786300049
2017-09-04 09:29:59.999,0.7310585786300049,0.7310585786300049
2017-09-04 09:44:59.999,0.7310585786300049,0.7310585786300049
2017-09-04 09:59:59.999,0.7310585786300049,0.7310585786300049
2017-09-04 10:14:59.999,0.7310585786300049,0.7310585786300049
2017-09-04 10:29:59.999,0.7310585786300049,0.7310585786300049
2017-09-04 10:44:59.999,0.7310585786300049,0.7310585786300049
2017-09-04 10:59:59.999,0.7310585786300049,0.7310585786300049
2017-09-04 11:14:59.999,0.7310585786300049,0.7310585786300049
2017-09-04 11:29:59.999,0.7310585786300049,0.7310585786300049
2017-09-04 11:44:59.999,0.7310585786300049,0.7310585786300049
2017-09-04 11:59:59.999,0.7310585786300049,0.7310585786300049
2017-09-04 12:14:59.999,0.7310585786300049,0.7310585786300049
2017-09-04 12:29:59.999,0.7310585786300049,0.7310585786300049
2017-09-04 12:44:59.999,0.7310585786300049,0.7310585786300049
2017-09-04 12:59:59.999,0.7310585786300049,0.7310585786300049
2017-09-04 13:14:59.999,0.7310585786300049,0.7310585786300049
2017-09-04 13:29:59.999,0.7310585786300049,0.7310585786300049
2017-09-04 13:44:59.999,0.7310585786300049,0.7310585786300049
2017-09-04 13:59:59.999,0.7310585786300049,0.7310585786300049
2017-09-04 14:14:59.999,0.7310585786300049,0.7310585786300049
2017-09-04 14:29:59.999,0.7310585786300049,0.7310585786300049
2017-09-04 14:44:59.999,0.7310585786300049,0.7310585786300049
2017-09-04 14:59:59.999,0.7310585786300049,0.7310585786300049
2017-09-04 15:14:59.999,0.7310585786300049,0.7310585786300049
2017-09-04 15:29:59.999,0.7310585786300049,0.7310585786300049
2017-09-04 15:44:59.999,0.7310585786300049,0.7310585786300049
2017-09-04 15:59:59.999,0.7310585786300049,0.7310585786300049
2017-09-04 16:14:59.999,0.7310585786300049,0.7310585786300049
2017-09-04 16:29:59.999,0.7310585786300049,0.7310585786300049
2017-09-04 16:44:59.999,0.7310585786300049,0.7310585786300049
2017-09-04 16:59:59.999,0.7310585786300049,0.7310585786300049
2017-09-04 17:14:59.999,0.7310585786300049,0.7310585786300049
2017-09-04 17:29:59.999,0.7310585786300049,0.7310585786300049
2017-09-04 17:44:59.999,0.7310585786300049,0.7310585786300049
2017-09-04 17:59:59.999,0.7310585786300049,0.7310585786300049
2017-09-04 18:14:59.999,0.7310585786300049,0.7310585786300049
2017-09-04 18:29:59.999,0.7310585786300049,0.7310585786300049
2017-09-04 18:44:59.999,0.7310585786300049,0.7310585786300049
2017-09-04 18:59:59.999,0.7310585786300049,0.7310585786300049
2017-09-04 19:14:59.999,0.7310585786300049,0.7310585786300049
2017-09-04 19:29:59.999,0.7310585786300049,0.7310585786300049
2017-09-04 19:44:59.999,0.7310585786300049,0.7310585786300049
2017-09-04 19:59:59.999,0.7310585786300049,0.7310585786300049
2017-09-04 20:14:59.999,0.7310585786300049,0.7310585786300049
2017-09-04 20:29:59.999,0.7310585786300049,0.7310585786300049
2017-09-04 20:44:59.999,0.7310585786300049,0.7310585786300049
2017-09-04 20:59:59.999,0.7310585786300049,0.7310585786300049
2017-09-04 21:14:59.999,0.7310585786300049,0.7310585786300049
2017-09-04 21:29:59.999,0.7310585786300049,0.7310585786300049
2017-09-04 21:44:59.999,0.7310585786300049,0.7310585786300049
2017-09-04 21:59:59.999,0.7310585786300049,0.7310585786300049
2017-09-04 22:14:59.999,0.7310585786300049,0.7310585786300049
2017-09-04 22:29:59.999,0.7310585786300049,0.7310585786300049
2017-09-04 22:44:59.999,0.7310585786300049,0.7310585786300049
2017-09-04 22:59:59.999,0.7310585786300049,0.7310585786300049
2017-09-04 23:14:59.999,0.7310585786300049,0.7310585786300049
2017-09-04 23:29:59.999,0.7310585786300049,0.7310585786300049
2017-09-04 23:44:59.999,0.7310585786300049,0.7310585786300049
2017-09-04 23:59:59.999,0.7310585786300049,0.7310585786300049
2017-09-05 00:14:59.999,0.7310585786300049,0.7310585786300049
2017-09-05 00:29:59.999,0.7310585786300049,0.7310585786300049
2017-09-05 00:44:59.999,0.7310585786300049,0.7310585786300049
2017-09-05 00:59:59.999,0.7310585786300049,0.7310585786300049
2017-09-05 01:14:59.999,0.7310585786300049,0.7310585786300049
2017-09-05 01:29:59.999,0.7310585786300049,0.7310585786300049
2017-09-05 01:44:59.999,0.7310585786300049,0.7310585786300049
2017-09-05 01:59:59.999,0.7310585786300049,0.7310585786300049
2017-09-05 02:14:59.999,0.7310585786300049,0.7310585786300049
2017-09-05 02:29:59.999,0.7310585786300049,0.7310585786300049
2017-09-05 02:44:59.999,0.7310585786300049,0.7310585786300049
2017-09-05 02:59:59.999,0.7310585786300049,0.7310585786300049
2017-09-05 03:14:59.999,0.7310585786300049,0.7310585786300049
2017-09-05 03:29:59.999,0.7310585786300049,0.7310585786300049
2017-09-05 03:44:59.999,0.7310585786300049,0.7310585786300049
2017-09-05 03:59:59.999,0.7310585786300049,0.7310585786300049
2017-09-05 04:14:59.999,0.7310585786300049,0.7310585786300049
2017-09-05 04:29:59.999,0.7310585786300049,0.7310585786300049
2017-09-05 04:44:59.999,0.7310585786300049,0.7310585786300049
2017-09-05 04:59:59.999,0.7310585786300049,0.7310585786300049
2017-09-05 05:14:59.999,0.7310585786300049,0.7310585786300049
2017-09-05 05:29:59.999,0.7310585786300049,0.7310585786300049
2017-09-05 05:44:59.999,0.7310585786300049,0.7310585786300049
2017-09-05 05:59:59.999,0.7310585786300049,0.7310585786300049
2017-09-05 06:14:59.999,0.7310585786300049,0.7310585786300049
2017-09-05 06:29:59.999,0.7310585786300049,0.7310585786300049
2017-09-05 06:44:59.999,0.7310585786300049,0.7310585786300049
2017-09-05 06:59:59.999,0.7310585786300049,0.7310585786300049
2017-09-05 07:14:59.999,0.7310585786300049,0.7310585786300049
2017-09-05 07:29:59.999,0.7310585786300049,0.7310585786300049
2017-09-05 07:44:59.999,0.7310585786300049,0.7310585786300049
2017-09-05 07:59:59.999,0.7310585786300049,0.7310585786300049
2017-09-05 08:14:59.999,0.7310585786300049,0.7310585786300049
2017-09-05 08:29:59.999,0.7310585786300049,0.7310585786300049
2017-09-05 08:44:59.999,0.7310585786300049,0.7310585786300049
2017-09-05 08:59:59.999,0.7310585786300049,0.7310585786300049
2017-09-05 09:14:59.999,0.7310585786300049,0.7310585786300049
2017-09-05 09:29:59.999,0.7310585786300049,0.7310585786300049
2017-09-05 09:44:59.999,0.7310585786300049,0.7310585786300049
2017-09-05 09:59:59.999,0.7310585786300049,0.7310585786300049
2017-09-05 10:14:59.999,0.7310585786300049,0.7310585786300049
2017-09-05 10:29:59.999,0.7310585786300049,0.7310585786300049
2017-09-05 10:44:59.999,0.7310585786300049,0.7310585786300049
2017-09-05 10:59:59.999,0.7310585786300049,0.7310585786300049
2017-09-05 11:14:59.999,0.7310585786300049,0.7310585786300049
2017-09-05 11:29:59.999,0.7310585786300049,0.7310585786300049
2017-09-05 11:44:59.999,0.7310585786300049,0.7310585786300049
2017-09-05 11:59:59.999,0.7310585786300049,0.7310585786300049
2017-09-05 12:14:59.999,0.7310585786300049,0.7310585786300049
2017-09-05 12:29:59.999,0.7310585786300049,0.7310585786300049
2017-09-05 12:44:59.999,0.7310585786300049,0.7310585786300049
2017-09-05 12:59:59.999,0.7310585786300049,0.7310585786300049
2017-09-05 13:14:59.999,0.7310585786300049,0.7310585786300049
2017-09-05 13:29:59.999,0.7310585786300049,0.7310585786300049
2017-09-05 13:44:59.999,0.7310585786300049,0.7310585786300049
2017-09-05 13:59:59.999,0.7310585786300049,0.7310585786300049
2017-09-05 14:14:59.999,0.7310585786300049,0.7310585786300049
2017-09-05 14:29:59.999,0.7310585786300049,0.7310585786300049
2017-09-05 14:44:59.999,0.7310585786300049,0.7310585786300049
2017-09-05 14:59:59.999,0.7310585786300049,0.7310585786300049
2017-09-05 15:14:59.999,0.7310585786300049,0.7310585786300049
2017-09-05 15:29:59.999,0.7310585786300049,0.7310585786300049
2017-09-05 15:44:59.999,0.7310585786300049,0.7310585786300049
2017-09-05 15:59:59.999,0.7310585786300049,0.7310585786300049
2017-09-05 16:14:59.999,0.7310585786300049,0.7310585786300049
2017-09-05 16:29:59.999,0.7310585786300049,0.7310585786300049
2017-09-05 16:44:59.999,0.7310585786300049,0.7310585786300049
2017-09-05 16:59:59.999,0.7310585786300049,0.7310585786300049
2017-09-05 17:14:59.999,0.7310585786300049,0.7310585786300049
2017-09-05 17:29:59.999,0.7310585786300049,0.7310585786300049
2017-09-05 17:44:59.999,0.7310585786300049,0.7310585786300049
2017-09-05 17:59:59.999,0.7310585786300049,0.7310585786300049
2017-09-05 18:14:59.999,0.7310585786300049,0.7310585786300049
2017-09-05 18:29:59.999,0.7310585786300049,0.7310585786300049
2017-09-05 18:44:59.999,0.7310585786300049,0.7310585786300049
2017-09-05 18:59:59.999,0.7310585786300049,0.7310585786300049
2017-09-05 19:14:59.999,0.7310585786300049,0.7310585786300049
2017-09-05 19:29:59.999,0.7310585786300049,0.7310585786300049
2017-09-05 19:44:59.999,0.7310585786300049,0.7310585786300049
2017-09-05 19:59:59.999,0.7310585786300049,0.7310585786300049
2017-09-05 20:14:59.999,0.7310585786300049,0.7310585786300049
2017-09-05 20:29:59.999,0.7310585786300049,0.7310585786300049
2017-09-05 20:44:59.999,0.7310585786300049,0.7310585786300049
2017-09-05 20:59:59.999,0.7310585786300049,0.7310585786300049
2017-09-05 21:14:59.999,0.7310585786300049,0.7310585786300049
2017-09-05 21:29:59.999,0.7310585786300049,0.7310585786300049
2017-09-05 21:44:59.999,0.7310585786300049,0.7310585786300049
2017-09-05 21:59:59.999,0.7310585786300049,0.7310585786300049
2017-09-05 22:14:59.999,0.7310585786300049,0.7310585786300049
2017-09-05 22:29:59.999,0.7310585786300049,0.7310585786300049
2017-09-05 22:44:59.999,0.7310585786300049,0.7310585786300049
2017-09-05 22:59:59.999,0.7310585786300049,0.7310585786300049
2017-09-05 23:14:59.999,0.7310585786300049,0.7310585786300049
2017-09-05 23:29:59.999,0.7310585786300049,0.7310585786300049
2017-09-05 23:44:59.999,0.7310585786300049,0.7310585786300049
2017-09-05 23:59:59.999,0.7310585786300049,0.7310585786300049
2017-09-06 00:14:59.999,0.7310585786300049,0.7310585786300049
2017-09-06 00:29:59.999,0.7310585786300049,0.7310585786300049
2017-09-06 00:44:59.999,0.7310585786300049,0.7310585786300049
2017-09-06 00:59:59.999,0.7310585786300049,0.7310585786300049
2017-09-06 01:14:59.999,0.7310585786300049,0.7310585786300049
2017-09-06 01:29:59.999,0.7310585786300049,0.7310585786300049
2017-09-06 01:44:59.999,0.7310585786300049,0.7310585786300049
2017-09-06 01:59:59.999,0.7310585786300049,0.7310585786300049
2017-09-06 02:14:59.999,0.7310585786300049,0.7310585786300049
2017-09-06 02:29:59.999,0.7310585786300049,0.7310585786300049
2017-09-06 02:44:59.999,0.7310585786300049,0.7310585786300049
2017-09-06 02:59:59.999,0.7310585786300049,0.7310585786300049
2017-09-06 03:14:59.999,0.7310585786300049,0.7310585786300049
2017-09-06 03:29:59.999,0.7310585786300049,0.7310585786300049
2017-09-06 03:44:59.999,0.7310585786300049,0.7310585786300049
2017-09-06 03:59:59.999,0.7310585786300049,0.7310585786300049
2017-09-06 04:14:59.999,0.7310585786300049,0.7310585786300049
2017-09-06 04:29:59.999,0.7310585786300049,0.7310585786300049
2017-09-06 04:44:59.999,0.7310585786300049,0.7310585786300049
2017-09-06 04:59:59.999,0.7310585786300049,0.7310585786300049
2017-09-06 05:14:59.999,0.7310585786300049,0.7310585786300049
2017-09-06 05:29:59.999,0.7310585786300049,0.7310585786300049
2017-09-06 05:44:59.999,0.7310585786300049,0.7310585786300049
2017-09-06 05:59:59.999,0.7310585786300049,0.7310585786300049
2017-09-06 06:14:59.999,0.7310585786300049,0.7310585786300049
2017-09-06 06:29:59.999,0.7310585786300049,0.7310585786300049
2017-09-06 06:44:59.999,0.7310585786300049,0.7310585786300049
2017-09-06 06:59:59.999,0.7310585786300049,0.7310585786300049
2017-09-06 07:14:59.999,0.7310585786300049,0.7310585786300049
2017-09-06 07:29:59.999,0.7310585786300049,0.7310585786300049
2017-09-06 07:44:59.999,0.7310585786300049,0.7310585786300049
2017-09-06 07:59:59.999,0.7310585786300049,0.7310585786300049
2017-09-06 08:14:59.999,0.7310585786300049,0.7310585786300049
2017-09-06 08:29:59.999,0.7310585786300049,0.7310585786300049
2017-09-06 08:44:59.999,0.7310585786300049,0.7310585786300049
2017-09-06 08:59:59.999,0.7310585786300049,0.7310585786300049
2017-09-06 09:14:59.999,0.7310585786300049,0.7310585786300049
2017-09-06 09:29:59.999,0.7310585786300049,0.7310585786300049
2017-09-06 09:44:59.999,0.7310585786300049,0.7310585786300049
2017-09-06 09:59:59.999,0.7310585786300049,0.7310585786300049
2017-09-06 10:14:59.999,0.7310585786300049,0.7310585786300049
2017-09-06 10:29:59.999,0.7310585786300049,0.7310585786300049
2017-09-06 10:44:59.999,0.7310585786300049,0.7310585786300049
2017-09-06 10:59:59.999,0.7310585786300049,0.7310585786300049
2017-09-06 11:14:59.999,0.7310585786300049,0.7310585786300049
2017-09-06 11:29:59.999,0.7310585786300049,0.7310585786300049
2017-09-06 11:44:59.999,0.7310585786300049,0.7310585786300049
2017-09-06 11:59:59.999,0.7310585786300049,0.7310585786300049
2017-09-06 12:14:59.999,0.7310585786300049,0.7310585786300049
2017-09-06 12:29:59.999,0.7310585786300049,0.7310585786300049
2017-09-06 12:44:59.999,0.7310585786300049,0.7310585786300049
2017-09-06 12:59:59.999,0.7310585786300049,0.7310585786300049
2017-09-06 13:14:59.999,0.7310585786300049,0.7310585786300049
2017-09-06 13:29:59.999,0.7310585786300049,0.7310585786300049
2017-09-06 13:44:59.999,0.7310585786300049,0.7310585786300049
2017-09-06 13:59:59.999,0.7310585786300049,0.7310585786300049
2017-09-06 14:14:59.999,0.7310585786300049,0.7310585786300049
2017-09-06 14:29:59.999,0.7310585786300049,0.7310585786300049
2017-09-06 14:44:59.999,0.7310585786300049,0.7310585786300049
2017-09-06 14:59:59.999,0.7310585786300049,0.7310585786300049
2017-09-06 15:14:59.999,0.7310585786300049,0.7310585786300049
2017-09-06 15:29:59.999,0.7310585786300049,0.7310585786300049
2017-09-06 15:44:59.999,0.7310585786300049,0.7310585786300049
2017-09-06 15:59:59.999,0.7310585786300049,0.7310585786300049
2017-09-06 16:00:00.000,0.7310585786300049,0.7310585786300049
2017-09-06 23:14:59.999,0.7310585786300049,0.7310585786300049
2017-09-06 23:29:59.999,0.7310585786300049,0.7310585786300049
2017-09-06 23:44:59.999,0.7310585786300049,0.7310585786300049
2017-09-06 23:59:59.999,0.7310585786300049,0.7310585786300049
2017-09-07 00:14:59.999,0.7310585786300049,0.7310585786300049
2017-09-07 00:29:59.999,0.7310585786300049,0.7310585786300049
2017-09-07 00:44:59.999,0.7310585786300049,0.7310585786300049
2017-09-07 00:59:59.999,0.7310585786300049,0.7310585786300049
2017-09-07 01:14:59.999,0.7310585786300049,0.7310585786300049
2017-09-07 01:29:59.999,0.7310585786300049,0.7310585786300049
2017-09-07 01:44:59.999,0.7310585786300049,0.7310585786300049
2017-09-07 01:59:59.999,0.7310585786300049,0.7310585786300049
2017-09-07 02:14:59.999,0.7310585786300049,0.7310585786300049
2017-09-07 02:29:59.999,0.7310585786300049,0.7310585786300049
2017-09-07 02:44:59.999,0.7310585786300049,0.7310585786300049
2017-09-07 02:59:59.999,0.7310585786300049,0.7310585786300049
2017-09-07 03:14:59.999,0.7310585786300049,0.7310585786300049
2017-09-07 03:29:59.999,0.7310585786300049,0.7310585786300049
2017-09-07 03:44:59.999,0.7310585786300049,0.7310585786300049
2017-09-07 03:59:59.999,0.7310585786300049,0.7310585786300049
2017-09-07 04:14:59.999,0.7310585786300049,0.7310585786300049
2017-09-07 04:29:59.999,0.7310585786300049,0.7310585786300049
2017-09-07 04:44:59.999,0.7310585786300049,0.7310585786300049
2017-09-07 04:59:59.999,0.7310585786300049,0.7310585786300049
2017-09-07 05:14:59.999,0.7310585786300049,0.7310585786300049
2017-09-07 05:29:59.999,0.7310585786300049,0.7310585786300049
2017-09-07 05:44:59.999,0.7310585786300049,0.7310585786300049
2017-09-07 05:59:59.999,0.7310585786300049,0.7310585786300049
2017-09-07 06:14:59.999,0.7310585786300049,0.7310585786300049
2017-09-07 06:29:59.999,0.7310585786300049,0.7310585786300049
2017-09-07 06:44:59.999,0.7310585786300049,0.7310585786300049
2017-09-08 07:44:59.999,0.7310585786300049,0.7310585786300049
2017-09-09 08:44:59.999,0.7310585786300049,0.7310585786300049
2017-09-10 09:44:59.999,0.7310585786300049,0.7310585786300049
2017-09-11 10:44:59.999,0.7310585786300049,0.7310585786300049
2017-09-12 11:44:59.999,0.7310585786300049,0.7310585786300049
2017-09-13 12:44:59.999,0.7310585786300049,0.7310585786300049
2017-09-14 13:44:59.999,0.7310585786300049,0.7310585786300049
2017-09-15 14:44:59.999,0.7310585786300049,0.7310585786300049
2017-09-16 15:44:59.999,0.7310585786300049,0.7310585786300049
2017-09-17 16:44:59.999,0.7310585786300049,0.7310585786300049
2017-09-18 17:44:59.999,0.7310585786300049,0.7310585786300049
2017-09-19 18:44:59.999,0.7310585786300049,0.7310585786300049
2017-09-20 19:44:59.999,0.7310585786300049,0.7310585786300049
2017-09-21 20:44:59.999,0.7310585786300049,0.7310585786300049
2017-09-22 21:44:59.999,0.7310585786300049,0.7310585786300049
2017-09-23 22:44:59.999,0.7310585786300049,0.7310585786300049
2017-09-24 23:44:59.999,0.7310585786300049,0.7310585786300049
2017-09-26 00:44:59.999,0.7310585786300049,0.7310585786300049
2017-09-27 01:44:59.999,0.7310585786300049,0.7310585786300049
2017-09-28 02:44:59.999,0.7310585786300049,0.7310585786300049
2017-09-29 03:44:59.999,0.7310585786300049,0.7310585786300049
2017-09-30 04:44:59.999,0.7310585786300049,0.7310585786300049
2017-10-01 05:44:59.999,0.7310585786300049,0.7310585786300049
2017-10-02 06:44:59.999,0.7310585786300049,0.7310585786300049
2017-10-03 07:44:59.999,0.7310585786300049,0.7310585786300049
2017-10-04 08:44:59.999,0.7310585786300049,0.7310585786300049
2017-10-05 09:44:59.999,0.7310585786300049,0.7310585786300049
2017-10-06 10:44:59.999,0.7310585786300049,0.7310585786300049
2017-10-07 11:44:59.999,0.7310585786300049,0.7310585786300049
2017-10-08 12:44:59.999,0.7310585786300049,0.7310585786300049
2017-10-09 13:44:59.999,0.7310585786300049,0.7310585786300049
2017-10-10 14:44:59.999,0.7310585786300049,0.7310585786300049
2017-10-11 15:44:59.999,0.7310585786300049,0.7310585786300049
2017-10-12 16:44:59.999,0.7310585786300049,0.7310585786300049
2017-10-13 17:44:59.999,0.7310585786300049,0.7310585786300049
2017-10-14 18:44:59.999,0.7310585786300049,0.7310585786300049
2017-10-15 19:44:59.999,0.7310585786300049,0.7310585786300049
2017-10-16 20:44:59.999,0.7310585786300049,0.7310585786300049
2017-10-17 21:44:59.999,0.7310585786300049,0.7310585786300049
2017-10-18 22:44:59.999,0.7310585786300049,0.7310585786300049
2017-10-19 23:44:59.999,0.7310585786300049,0.7310585786300049
2017-10-21 00:44:59.999,0.7310585786300049,0.7310585786300049
2017-10-22 01:44:59.999,0.7310585786300049,0.7310585786300049
2017-10-23 02:44:59.999,0.7310585786300049,0.7310585786300049
2017-10-24 03:44:59.999,0.7310585786300049,0.7310585786300049
2017-10-25 04:44:59.999,0.7310585786300049,0.7310585786300049
2017-10-26 05:44:59.999,0.7310585786300049,0.7310585786300049
2017-10-27 06:44:59.999,0.7310585786300049,0.7310585786300049
2017-10-28 07:44:59.999,0.7310585786300049,0.7310585786300049
2017-10-29 08:44:59.999,0.7310585786300049,0.7310585786300049
2017-10-30 09:44:59.999,0.7310585786300049,0.7310585786300049
2017-10-31 10:44:59.999,0.7310585786300049,0.7310585786300049
2017-11-01 11:44:59.999,0.7310585786300049,0.7310585786300049
2017-11-02 12:44:59.999,0.7310585786300049,0.7310585786300049
2017-11-03 13:44:59.999,0.7310585786300049,0.7310585786300049
2017-11-04 14:44:59.999,0.7310585786300049,0.7310585786300049
2017-11-05 15:44:59.999,0.7310585786300049,0.7310585786300049
2017-11-06 16:44:59.999,0.7310585786300049,0.7310585786300049
2017-11-07 17:44:59.999,0.7310585786300049,0.7310585786300049
2017-11-08 18:44:59.999,0.7310585786300049,0.7310585786300049
2017-11-09 19:44:59.999,0.7310585786300049,0.7310585786300049
2017-11-10 20:44:59.999,0.7310585786300049,0.7310585786300049
2017-11-11 21:44:59.999,0.7310585786300049,0.7310585786300049
2017-11-12 22:44:59.999,0.7310585786300049,0.7310585786300049
2017-11-13 23:44:59.999,0.7310585786300049,0.7310585786300049
2017-11-15 00:44:59.999,0.7310585786300049,0.7310585786300049
2017-11-16 01:44:59.999,0.7310585786300049,0.7310585786300049
2017-11-17 02:44:59.999,0.7310585786300049,0.7310585786300049
2017-11-18 03:44:59.999,0.7310585786300049,0.7310585786300049
2017-11-19 04:44:59.999,0.7310585786300049,0.7310585786300049
2017-11-20 05:44:59.999,0.7310585786300049,0.7310585786300049
2017-11-21 06:44:59.999,0.7310585786300049,0.7310585786300049
2017-11-22 07:44:59.999,0.7310585786300049,0.7310585786300049
2017-11-23 08:44:59.999,0.7310585786300049,0.7310585786300049
2017-11-24 09:44:59.999,0.7310585786300049,0.7310585786300049
2017-11-25 10:44:59.999,0.7310585786300049,0.7310585786300049
2017-11-26 11:44:59.999,0.7310585786300049,0.7310585786300049
2017-11-27 12:44:59.999,0.7310585786300049,0.7310585786300049
2017-11-28 13:44:59.999,0.7310585786300049,0.7310585786300049
2017-11-29 14:44:59.999,0.7310585786300049,0.7310585786300049
2017-11-30 15:44:59.999,0.7310585786300049,0.7310585786300049
2017-12-01 16:44:59.999,0.7310585786300049,0.7310585786300049
2017-12-02 17:44:59.999,0.7310585786300049,0.7310585786300049
2017-12-03 18:44:59.999,0.7310585786300049,0.7310585786300049
2017-12-04 20:14:59.999,0.7310585786300049,0.7310585786300049
2017-12-05 21:14:59.999,0.7310585786300049,0.7310585786300049
2017-12-06 22:14:59.999,0.7310585786300049,0.7310585786300049
2017-12-07 23:14:59.999,0.7310585786300049,0.7310585786300049
2017-12-09 00:14:59.999,0.7310585786300049,0.7310585786300049
2017-12-10 01:14:59.999,0.7310585786300049,0.7310585786300049
2017-12-11 02:14:59.999,0.7310585786300049,0.7310585786300049
2017-12-12 03:14:59.999,0.7310585786300049,0.7310585786300049
2017-12-13 04:14:59.999,0.7310585786300049,0.7310585786300049
2017-12-14 05:14:59.999,0.7310585786300049,0.7310585786300049
2017-12-15 06:14:59.999,0.7310585786300049,0.7310585786300049
2017-12-16 07:14:59.999,0.7310585786300049,0.7310585786300049
2017-12-17 08:14:59.999,0.7310585786300049,0.7310585786300049
2017-12-18 09:14:59.999,0.7310585786300049,0.7310585786300049
2017-12-19 11:14:59.999,0.7310585786300049,0.7310585786300049
2017-12-20 12:14:59.999,0.7310585786300049,0.7310585786300049
2017-12-21 13:14:59.999,0.7310585786300049,0.7310585786300049
2017-12-22 14:14:59.999,0.7310585786300049,0.7310585786300049
2017-12-23 15:14:59.999,0.7310585786300049,0.7310585786300049
2017-12-24 16:14:59.999,0.7310585786300049,0.7310585786300049
2017-12-25 17:14:59.999,0.7310585786300049,0.7310585786300049
2017-12-26 18:14:59.999,0.7310585786300049,0.7310585786300049
2017-12-27 19:14:59.999,0.7310585786300049,0.7310585786300049
2017-12-28 20:14:59.999,0.7310585786300049,0.7310585786300049
2017-12-29 21:14:59.999,0.7310585786300049,0.7310585786300049
2017-12-30 22:14:59.999,0.7310585786300049,0.7310585786300049
2017-12-31 23:14:59.999,0.7310585786300049,0.7310585786300049
2018-01-02 00:14:59.999,0.7310585786300049,0.7310585786300049
2018-01-03 01:14:59.999,0.7310585786300049,0.7310585786300049
2018-01-04 02:14:59.999,0.7310585786300049,0.7310585786300049
2018-01-05 04:59:59.999,0.7310585786300049,0.7310585786300049
2018-01-06 05:59:59.999,0.7310585786300049,0.7310585786300049
2018-01-07 06:59:59.999,0.7310585786300049,0.7310585786300049
2018-01-08 07:59:59.999,0.7310585786300049,0.7310585786300049
2018-01-09 08:59:59.999,0.7310585786300049,0.7310585786300049
2018-01-10 09:59:59.999,0.7310585786300049,0.7310585786300049
2018-01-11 10:59:59.999,0.7310585786300049,0.7310585786300049
2018-01-12 11:59:59.999,0.7310585786300049,0.7310585786300049
2018-01-13 12:59:59.999,0.7310585786300049,0.7310585786300049
2018-01-14 13:59:59.999,0.7310585786300049,0.7310585786300049
2018-01-15 14:59:59.999,0.7310585786300049,0.7310585786300049
2018-01-16 15:59:59.999,0.7310585786300049,0.7310585786300049
2018-01-17 16:59:59.999,0.7310585786300049,0.7310585786300049
2018-01-18 17:59:59.999,0.7310585786300049,0.7310585786300049
2018-01-19 18:59:59.999,0.7310585786300049,0.7310585786300049
2018-01-20 19:59:59.999,0.7310585786300049,0.7310585786300049
2018-01-21 20:59:59.999,0.7310585786300049,0.7310585786300049
2018-01-22 21:59:59.999,0.7310585786300049,0.7310585786300049
2018-01-23 22:59:59.999,0.7310585786300049,0.7310585786300049
2018-01-24 23:59:59.999,0.7310585786300049,0.7310585786300049
2018-01-26 00:59:59.999,0.7310585786300049,0.7310585786300049
2018-01-27 01:59:59.999,0.7310585786300049,0.7310585786300049
2018-01-28 02:59:59.999,0.7310585786300049,0.7310585786300049
2018-01-29 03:59:59.999,0.7310585786300049,0.7310585786300049
2018-01-30 04:59:59.999,0.7310585786300049,0.7310585786300049
2018-01-31 05:59:59.999,0.7310585786300049,0.7310585786300049
2018-02-01 06:59:59.999,0.7310585786300049,0.7310585786300049
2018-02-02 07:59:59.999,0.7310585786300049,0.7310585786300049
2018-02-03 08:59:59.999,0.7310585786300049,0.7310585786300049
2018-02-04 09:59:59.999,0.7310585786300049,0.7310585786300049
2018-02-05 10:59:59.999,0.7310585786300049,0.7310585786300049
2018-02-06 11:59:59.999,0.7310585786300049,0.7310585786300049
2018-02-07 12:59:59.999,0.7310585786300049,0.7310585786300049
2018-02-09 23:29:59.999,0.7310585786300049,0.7310585786300049
2018-02-11 00:44:59.999,0.7310585786300049,0.7310585786300049
2018-02-12 01:59:59.999,0.7310585786300049,0.7310585786300049
2018-02-13 02:59:59.999,0.7310585786300049,0.7310585786300049
2018-02-14 03:59:59.999,0.7310585786300049,0.7310585786300049
2018-02-15 04:59:59.999,0.7310585786300049,0.7310585786300049
2018-02-16 05:59:59.999,0.7310585786300049,0.7310585786300049
2018-02-17 06:59:59.999,0.7310585786300049,0.7310585786300049
2018-02-18 07:59:59.999,0.7310585786300049,0.7310585786300049
2018-02-19 08:59:59.999,0.7310585786300049,0.7310585786300049
2018-02-20 09:59:59.999,0.7310585786300049,0.7310585786300049
2018-02-21 10:59:59.999,0.7310585786300049,0.7310585786300049
2018-02-22 11:59:59.999,0.7310585786300049,0.7310585786300049
2018-02-23 12:59:59.999,0.7310585786300049,0.7310585786300049
2018-02-24 13:59:59.999,0.7310585786300049,0.7310585786300049
2018-02-25 14:59:59.999,0.7310585786300049,0.7310585786300049
2018-02-26 15:59:59.999,0.7310585786300049,0.7310585786300049
2018-02-27 16:59:59.999,0.7310585786300049,0.7310585786300049
2018-02-28 17:59:59.999,0.7310585786300049,0.7310585786300049
2018-03-01 18:59:59.999,0.7310585786300049,0.7310585786300049
2018-03-02 19:59:59.999,0.7310585786300049,0.7310585786300049
2018-03-03 20:59:59.999,0.7310585786300049,0.7310585786300049
2018-03-04 21:59:59.999,0.7310585786300049,0.7310585786300049
2018-03-05 22:59:59.999,0.7310585786300049,0.7310585786300049
2018-03-06 23:59:59.999,0.7310585786300049,0.7310585786300049
2018-03-08 00:59:59.999,0.7310585786300049,0.7310585786300049
2018-03-09 01:59:59.999,0.7310585786300049,0.7310585786300049
2018-03-10 02:59:59.999,0.7310585786300049,0.7310585786300049
2018-03-11 03:59:59.999,0.7310585786300049,0.7310585786300049
2018-03-12 04:59:59.999,0.7310585786300049,0.7310585786300049
2018-03-13 05:59:59.999,0.7310585786300049,0.7310585786300049
2018-03-14 06:59:59.999,0.7310585786300049,0.7310585786300049
2018-03-15 07:59:59.999,0.7310585786300049,0.7310585786300049
2018-03-16 08:59:59.999,0.7310585786300049,0.7310585786300049
2018-03-17 09:59:59.999,0.7310585786300049,0.7310585786300049
2018-03-18 10:59:59.999,0.7310585786300049,0.7310585786300049
2018-03-19 11:59:59.999,0.7310585786300049,0.7310585786300049
2018-03-20 12:59:59.999,0.7310585786300049,0.7310585786300049
2018-03-21 13:59:59.999,0.7310585786300049,0.7310585786300049
2018-03-22 14:59:59.999,0.7310585786300049,0.7310585786300049
2018-03-23 15:59:59.999,0.7310585786300049,0.7310585786300049
2018-03-24 16:59:59.999,0.7310585786300049,0.7310585786300049
2018-03-25 17:59:59.999,0.7310585786300049,0.7310585786300049
2018-03-26 18:59:59.999,0.7310585786300049,0.7310585786300049
2018-03-27 19:59:59.999,0.7310585786300049,0.7310585786300049
2018-03-28 20:59:59.999,0.7310585786300049,0.7310585786300049
2018-03-29 21:59:59.999,0.7310585786300049,0.7310585786300049
2018-03-30 22:59:59.999,0.7310585786300049,0.7310585786300049
2018-03-31 23:59:59.999,0.7310585786300049,0.7310585786300049
2018-04-02 00:59:59.999,0.7310585786300049,0.7310585786300049
2018-04-03 01:59:59.999,0.7310585786300049,0.7310585786300049
2018-04-04 02:59:59.999,0.7310585786300049,0.7310585786300049
2018-04-05 03:59:59.999,0.7310585786300049,0.7310585786300049
2018-04-06 04:59:59.999,0.7310585786300049,0.7310585786300049
2018-04-07 05:59:59.999,0.7310585786300049,0.7310585786300049
2018-04-08 06:59:59.999,0.7310585786300049,0.7310585786300049
2018-04-09 07:59:59.999,0.7310585786300049,0.7310585786300049
2018-04-10 08:59:59.999,0.7310585786300049,0.7310585786300049
2018-04-11 09:59:59.999,0.7310585786300049,0.7310585786300049
2018-04-12 10:59:59.999,0.7310585786300049,0.7310585786300049
2018-04-13 11:59:59.999,0.7310585786300049,0.7310585786300049
2018-04-14 12:59:59.999,0.7310585786300049,0.7310585786300049
2018-04-15 13:59:59.999,0.7310585786300049,0.7310585786300049
2018-04-16 14:59:59.999,0.7310585786300049,0.7310585786300049
2018-04-17 15:59:59.999,0.7310585786300049,0.7310585786300049
2018-04-18 16:59:59.999,0.7310585786300049,0.7310585786300049
2018-04-19 17:59:59.999,0.7310585786300049,0.7310585786300049
2018-04-20 18:59:59.999,0.7310585786300049,0.7310585786300049
2018-04-21 19:59:59.999,0.7310585786300049,0.7310585786300049
2018-04-22 20:59:59.999,0.7310585786300049,0.7310585786300049
2018-04-23 21:59:59.999,0.7310585786300049,0.7310585786300049
2018-04-24 22:59:59.999,0.7310585786300049,0.7310585786300049
2018-04-25 23:59:59.999,0.7310585786300049,0.7310585786300049
2018-04-27 00:59:59.999,0.7310585786300049,0.7310585786300049
2018-04-28 01:59:59.999,0.7310585786300049,0.7310585786300049
2018-04-29 02:59:59.999,0.7310585786300049,0.7310585786300049
2018-04-30 03:59:59.999,0.7310585786300049,0.7310585786300049
2018-05-01 04:59:59.999,0.7310585786300049,0.7310585786300049
2018-05-02 05:59:59.999,0.7310585786300049,0.7310585786300049
2018-05-03 06:59:59.999,0.7310585786300049,0.7310585786300049
2018-05-04 07:59:59.999,0.7310585786300049,0.7310585786300049
2018-05-05 08:59:59.999,0.7310585786300049,0.7310585786300049
2018-05-06 09:59:59.999,0.7310585786300049,0.7310585786300049
2018-05-07 10:59:59.999,0.7310585786300049,0.7310585786300049
2018-05-08 11:59:59.999,0.7310585786300049,0.7310585786300049
2018-05-09 12:59:59.999,0.7310585786300049,0.7310585786300049
2018-05-10 13:59:59.999,0.7310585786300049,0.7310585786300049
2018-05-11 14:59:59.999,0.7310585786300049,0.7310585786300049
2018-05-12 15:59:59.999,0.7310585786300049,0.7310585786300049
2018-05-13 16:59:59.999,0.7310585786300049,0.7310585786300049
2018-05-14 17:59:59.999,0.7310585786300049,0.7310585786300049
2018-05-15 18:59:59.999,0.7310585786300049,0.7310585786300049
2018-05-16 19:59:59.999,0.7310585786300049,0.7310585786300049
2018-05-17 20:59:59.999,0.7310585786300049,0.7310585786300049
2018-05-18 21:59:59.999,0.7310585786300049,0.7310585786300049
2018-05-19 22:59:59.999,0.7310585786300049,0.7310585786300049
2018-05-20 23:59:59.999,0.7310585786300049,0.7310585786300049
2018-05-22 00:59:59.999,0.7310585786300049,0.7310585786300049
2018-05-23 01:59:59.999,0.7310585786300049,0.7310585786300049
2018-05-24 02:59:59.999,0.7310585786300049,0.7310585786300049
2018-05-25 03:59:59.999,0.7310585786300049,0.7310585786300049
2018-05-26 04:59:59.999,0.7310585786300049,0.7310585786300049
2018-05-27 05:59:59.999,0.7310585786300049,0.7310585786300049
2018-05-28 06:59:59.999,0.7310585786300049,0.7310585786300049
2018-05-29 07:59:59.999,0.7310585786300049,0.7310585786300049
2018-05-30 08:59:59.999,0.7310585786300049,0.7310585786300049
2018-05-31 09:59:59.999,0.7310585786300049,0.7310585786300049
2018-06-01 10:59:59.999,0.7310585786300049,0.7310585786300049
2018-06-02 11:59:59.999,0.7310585786300049,0.7310585786300049
2018-06-03 12:59:59.999,0.7310585786300049,0.7310585786300049
2018-06-04 13:59:59.999,0.7310585786300049,0.7310585786300049
2018-06-05 14:59:59.999,0.7310585786300049,0.7310585786300049
2018-06-06 15:59:59.999,0.7310585786300049,0.7310585786300049
2018-06-07 16:59:59.999,0.7310585786300049,0.7310585786300049
2018-06-08 17:59:59.999,0.7310585786300049,0.7310585786300049
2018-06-09 18:59:59.999,0.7310585786300049,0.7310585786300049
2018-06-10 19:59:59.999,0.7310585786300049,0.7310585786300049
2018-06-11 20:59:59.999,0.7310585786300049,0.7310585786300049
2018-06-12 21:59:59.999,0.7310585786300049,0.7310585786300049
2018-06-13 22:59:59.999,0.7310585786300049,0.7310585786300049
2018-06-14 23:59:59.999,0.7310585786300049,0.7310585786300049
2018-06-16 00:59:59.999,0.7310585786300049,0.7310585786300049
2018-06-17 01:59:59.999,0.7310585786300049,0.7310585786300049
2018-06-18 02:59:59.999,0.7310585786300049,0.7310585786300049
2018-06-19 03:59:59.999,0.7310585786300049,0.7310585786300049
2018-06-20 04:59:59.999,0.7310585786300049,0.7310585786300049
2018-06-21 05:59:59.999,0.7310585786300049,0.7310585786300049
2018-06-22 06:59:59.999,0.7310585786300049,0.7310585786300049
2018-06-23 07:59:59.999,0.7310585786300049,0.7310585786300049
2018-06-24 08:59:59.999,0.7310585786300049,0.7310585786300049
2018-06-25 09:59:59.999,0.7310585786300049,0.7310585786300049
2018-06-26 20:59:59.999,0.7310585786300049,0.7310585786300049
2018-06-27 23:44:59.999,0.7310585786300049,0.7310585786300049
2018-06-29 00:44:59.999,0.7310585786300049,0.7310585786300049
2018-06-30 01:44:59.999,0.7310585786300049,0.7310585786300049
2018-07-01 02:44:59.999,0.7310585786300049,0.7310585786300049
2018-07-02 03:44:59.999,0.7310585786300049,0.7310585786300049
2018-07-03 04:44:59.999,0.7310585786300049,0.7310585786300049
2018-07-04 13:14:59.999,0.7310585786300049,0.7310585786300049
2018-07-05 14:14:59.999,0.7310585786300049,0.7310585786300049
2018-07-06 15:14:59.999,0.7310585786300049,0.7310585786300049
2018-07-07 16:14:59.999,0.7310585786300049,0.7310585786300049
2018-07-08 17:14:59.999,0.7310585786300049,0.7310585786300049
2018-07-09 18:14:59.999,0.7310585786300049,0.7310585786300049
2018-07-10 19:14:59.999,0.7310585786300049,0.7310585786300049
2018-07-11 20:14:59.999,0.7310585786300049,0.7310585786300049
2018-07-12 21:14:59.999,0.7310585786300049,0.7310585786300049
2018-07-13 22:14:59.999,0.7310585786300049,0.7310585786300049
2018-07-14 23:14:59.999,0.7310585786300049,0.7310585786300049
2018-07-16 00:14:59.999,0.7310585786300049,0.7310585786300049
2018-07-17 01:14:59.999,0.7310585786300049,0.7310585786300049
2018-07-18 02:14:59.999,0.7310585786300049,0.7310585786300049
2018-07-19 03:14:59.999,0.7310585786300049,0.7310585786300049
2018-07-20 04:14:59.999,0.7310585786300049,0.7310585786300049
2018-07-21 05:14:59.999,0.7310585786300049,0.7310585786300049
2018-07-22 06:14:59.999,0.7310585786300049,0.7310585786300049
2018-07-23 07:14:59.999,0.7310585786300049,0.7310585786300049
2018-07-24 08:14:59.999,0.7310585786300049,0.7310585786300049
2018-07-25 09:14:59.999,0.7310585786300049,0.7310585786300049
2018-07-26 10:14:59.999,0.7310585786300049,0.7310585786300049
2018-07-27 11:14:59.999,0.7310585786300049,0.7310585786300049
2018-07-28 12:14:59.999,0.7310585786300049,0.7310585786300049
2018-07-29 13:14:59.999,0.7310585786300049,0.7310585786300049
2018-07-30 14:14:59.999,0.7310585786300049,0.7310585786300049
2018-07-31 15:14:59.999,0.7310585786300049,0.7310585786300049
2018-08-01 16:14:59.999,0.7310585786300049,0.7310585786300049
2018-08-02 17:14:59.999,0.7310585786300049,0.7310585786300049
2018-08-03 18:14:59.999,0.7310585786300049,0.7310585786300049
2018-08-04 19:14:59.999,0.7310585786300049,0.7310585786300049
2018-08-05 20:14:59.999,0.7310585786300049,0.7310585786300049
2018-08-06 21:14:59.999,0.7310585786300049,0.7310585786300049
2018-08-07 22:14:59.999,0.7310585786300049,0.7310585786300049
2018-08-08 23:14:59.999,0.7310585786300049,0.7310585786300049
2018-08-10 00:14:59.999,0.7310585786300049,0.7310585786300049
2018-08-11 01:14:59.999,0.7310585786300049,0.7310585786300049
2018-08-12 02:14:59.999,0.7310585786300049,0.7310585786300049
2018-08-13 03:14:59.999,0.7310585786300049,0.7310585786300049
2018-08-14 04:14:59.999,0.7310585786300049,0.7310585786300049
2018-08-15 05:14:59.999,0.7310585786300049,0.7310585786300049
2018-08-16 06:14:59.999,0.7310585786300049,0.7310585786300049
2018-08-17 07:14:59.999,0.7310585786300049,0.7310585786300049
2018-08-18 08:14:59.999,0.7310585786300049,0.7310585786300049
2018-08-19 09:14:59.999,0.7310585786300049,0.7310585786300049
2018-08-20 10:14:59.999,0.7310585786300049,0.7310585786300049
2018-08-21 11:14:59.999,0.7310585786300049,0.7310585786300049
2018-08-22 12:14:59.999,0.7310585786300049,0.7310585786300049
2018-08-23 13:14:59.999,0.7310585786300049,0.7310585786300049
2018-08-24 14:14:59.999,0.7310585786300049,0.7310585786300049
2018-08-25 15:14:59.999,0.7310585786300049,0.7310585786300049
2018-08-26 16:14:59.999,0.7310585786300049,0.7310585786300049
2018-08-27 17:14:59.999,0.7310585786300049,0.7310585786300049
2018-08-28 18:14:59.999,0.7310585786300049,0.7310585786300049
2018-08-29 19:14:59.999,0.7310585786300049,0.7310585786300049
2018-08-30 20:14:59.999,0.7310585786300049,0.7310585786300049
2018-08-31 21:14:59.999,0.7310585786300049,0.7310585786300049
2018-09-01 22:14:59.999,0.7310585786300049,0.7310585786300049
2018-09-02 23:14:59.999,0.7310585786300049,0.7310585786300049
2018-09-04 00:14:59.999,0.7310585786300049,0.7310585786300049
2018-09-05 01:14:59.999,0.7310585786300049,0.7310585786300049
2018-09-06 02:14:59.999,0.7310585786300049,0.7310585786300049
2018-09-07 03:14:59.999,0.7310585786300049,0.7310585786300049
2018-09-08 04:14:59.999,0.7310585786300049,0.7310585786300049
2018-09-09 05:14:59.999,0.7310585786300049,0.7310585786300049
2018-09-10 06:14:59.999,0.7310585786300049,0.7310585786300049
2018-09-11 07:14:59.999,0.7310585786300049,0.7310585786300049
2018-09-12 08:14:59.999,0.7310585786300049,0.7310585786300049
2018-09-13 09:14:59.999,0.7310585786300049,0.7310585786300049
2018-09-14 10:14:59.999,0.7310585786300049,0.7310585786300049
2018-09-15 11:14:59.999,0.7310585786300049,0.7310585786300049
2018-09-16 12:14:59.999,0.7310585786300049,0.7310585786300049
2018-09-17 13:14:59.999,0.7310585786300049,0.7310585786300049
2018-09-18 14:14:59.999,0.7310585786300049,0.7310585786300049
2018-09-19 15:14:59.999,0.7310585786300049,0.7310585786300049
2018-09-20 16:14:59.999,0.7310585786300049,0.7310585786300049
2018-09-21 17:14:59.999,0.7310585786300049,0.7310585786300049
2018-09-22 18:14:59.999,0.7310585786300049,0.7310585786300049
2018-09-23 19:14:59.999,0.7310585786300049,0.7310585786300049
2018-09-24 20:14:59.999,0.7310585786300049,0.7310585786300049
2018-09-25 21:14:59.999,0.7310585786300049,0.7310585786300049
2018-09-26 22:14:59.999,0.7310585786300049,0.7310585786300049
2018-09-27 23:14:59.999,0.7310585786300049,0.7310585786300049
2018-09-29 00:14:59.999,0.7310585786300049,0.7310585786300049
2018-09-30 01:14:59.999,0.7310585786300049,0.7310585786300049
2018-10-01 02:14:59.999,0.7310585786300049,0.7310585786300049
2018-10-02 03:14:59.999,0.7310585786300049,0.7310585786300049
2018-10-03 04:14:59.999,0.7310585786300049,0.7310585786300049
2018-10-04 05:14:59.999,0.7310585786300049,0.7310585786300049
2018-10-05 06:14:59.999,0.7310585786300049,0.7310585786300049
2018-10-06 07:14:59.999,0.7310585786300049,0.7310585786300049
2018-10-07 08:14:59.999,0.7310585786300049,0.7310585786300049
2018-10-08 09:14:59.999,0.7310585786300049,0.7310585786300049
2018-10-09 10:14:59.999,0.7310585786300049,0.7310585786300049
2018-10-10 11:14:59.999,0.7310585786300049,0.7310585786300049
2018-10-11 12:14:59.999,0.7310585786300049,0.7310585786300049
2018-10-12 13:14:59.999,0.7310585786300049,0.7310585786300049
2018-10-13 14:14:59.999,0.7310585786300049,0.7310585786300049
2018-10-14 15:14:59.999,0.7310585786300049,0.7310585786300049
2018-10-15 16:14:59.999,0.7310585786300049,0.7310585786300049
2018-10-16 17:14:59.999,0.7310585786300049,0.7310585786300049
2018-10-17 18:14:59.999,0.7310585786300049,0.7310585786300049
2018-10-18 19:14:59.999,0.7310585786300049,0.7310585786300049
2018-10-19 23:44:59.999,0.7310585786300049,0.7310585786300049
2018-10-21 00:44:59.999,0.7310585786300049,0.7310585786300049
2018-10-22 01:44:59.999,0.7310585786300049,0.7310585786300049
2018-10-23 02:44:59.999,0.7310585786300049,0.7310585786300049
2018-10-24 03:44:59.999,0.7310585786300049,0.7310585786300049
2018-10-25 04:44:59.999,0.7310585786300049,0.7310585786300049
2018-10-26 05:44:59.999,0.7310585786300049,0.7310585786300049
2018-10-27 06:44:59.999,0.7310585786300049,0.7310585786300049
2018-10-28 07:44:59.999,0.7310585786300049,0.7310585786300049
2018-10-29 08:44:59.999,0.7310585786300049,0.7310585786300049
2018-10-30 09:44:59.999,0.7310585786300049,0.7310585786300049
2018-10-31 10:44:59.999,0.7310585786300049,0.7310585786300049
2018-11-01 11:44:59.999,0.7310585786300049,0.7310585786300049
2018-11-02 12:44:59.999,0.7310585786300049,0.7310585786300049
2018-11-03 13:44:59.999,0.7310585786300049,0.7310585786300049
2018-11-04 14:44:59.999,0.7310585786300049,0.7310585786300049
2018-11-05 15:44:59.999,0.7310585786300049,0.7310585786300049
2018-11-06 16:44:59.999,0.7310585786300049,0.7310585786300049
2018-11-07 17:44:59.999,0.7310585786300049,0.7310585786300049
2018-11-08 18:44:59.999,0.7310585786300049,0.7310585786300049
2018-11-09 19:44:59.999,0.7310585786300049,0.7310585786300049
2018-11-10 20:44:59.999,0.7310585786300049,0.7310585786300049
2018-11-11 21:44:59.999,0.7310585786300049,0.7310585786300049
2018-11-12 22:44:59.999,0.7310585786300049,0.7310585786300049
2018-11-13 23:44:59.999,0.7310585786300049,0.7310585786300049
2018-11-15 07:44:59.999,0.7310585786300049,0.7310585786300049
2018-11-16 08:44:59.999,0.7310585786300049,0.7310585786300049
2018-11-17 09:44:59.999,0.7310585786300049,0.7310585786300049
2018-11-18 10:44:59.999,0.7310585786300049,0.7310585786300049
2018-11-19 11:44:59.999,0.7310585786300049,0.7310585786300049
2018-11-20 12:44:59.999,0.7310585786300049,0.7310585786300049
2018-11-21 13:44:59.999,0.7310585786300049,0.7310585786300049
2018-11-22 14:44:59.999,0.7310585786300049,0.7310585786300049
2018-11-23 15:44:59.999,0.7310585786300049,0.7310585786300049
2018-11-24 16:44:59.999,0.7310585786300049,0.7310585786300049
2018-11-25 17:44:59.999,0.7310585786300049,0.7310585786300049
2018-11-26 18:44:59.999,0.7310585786300049,0.7310585786300049
2018-11-27 19:44:59.999,0.7310585786300049,0.7310585786300049
2018-11-28 20:44:59.999,0.7310585786300049,0.7310585786300049
2018-11-29 21:44:59.999,0.7310585786300049,0.7310585786300049
2018-11-30 22:44:59.999,0.7310585786300049,0.7310585786300049
2018-12-01 23:44:59.999,0.7310585786300049,0.7310585786300049
2018-12-03 00:44:59.999,0.7310585786300049,0.7310585786300049
2018-12-04 01:44:59.999,0.7310585786300049,0.7310585786300049
2018-12-05 02:44:59.999,0.7310585786300049,0.7310585786300049
2018-12-06 03:44:59.999,0.7310585786300049,0.7310585786300049
2018-12-07 04:44:59.999,0.7310585786300049,0.7310585786300049
2018-12-08 05:44:59.999,0.7310585786300049,0.7310585786300049
2018-12-09 06:44:59.999,0.7310585786300049,0.7310585786300049
2018-12-10 07:44:59.999,0.7310585786300049,0.7310585786300049
2018-12-11 08:44:59.999,0.7310585786300049,0.7310585786300049
2018-12-12 09:44:59.999,0.7310585786300049,0.7310585786300049
2018-12-13 10:44:59.999,0.7310585786300049,0.7310585786300049
2018-12-14 11:44:59.999,0.7310585786300049,0.7310585786300049
2018-12-15 12:44:59.999,0.7310585786300049,0.7310585786300049
2018-12-16 13:44:59.999,0.7310585786300049,0.7310585786300049
2018-12-17 14:44:59.999,0.7310585786300049,0.7310585786300049
2018-12-18 15:44:59.999,0.7310585786300049,0.7310585786300049
2018-12-19 16:44:59.999,0.7310585786300049,0.7310585786300049
2018-12-20 17:44:59.999,0.7310585786300049,0.7310585786300049
2018-12-21 18:44:59.999,0.7310585786300049,0.7310585786300049
2018-12-22 19:44:59.999,0.7310585786300049,0.7310585786300049
2018-12-23 20:44:59.999,0.7310585786300049,0.7310585786300049
2018-12-24 21:44:59.999,0.7310585786300049,0.7310585786300049
2018-12-25 22:44:59.999,0.7310585786300049,0.7310585786300049
2018-12-26 23:44:59.999,0.7310585786300049,0.7310585786300049
2018-12-28 00:44:59.999,0.7310585786300049,0.7310585786300049
2018-12-29 01:44:59.999,0.7310585786300049,0.7310585786300049
2018-12-30 02:44:59.999,0.7310585786300049,0.7310585786300049
2018-12-31 03:44:59.999,0.7310585786300049,0.7310585786300049
2019-01-01 04:44:59.999,0.7310585786300049,0.7310585786300049
2019-01-02 05:44:59.999,0.7310585786300049,0.7310585786300049
2019-01-03 06:44:59.999,0.7310585786300049,0.7310585786300049
2019-01-04 07:44:59.999,0.7310585786300049,0.7310585786300049
2019-01-05 08:44:59.999,0.7310585786300049,0.7310585786300049
2019-01-06 09:44:59.999,0.7310585786300049,0.7310585786300049
2019-01-07 10:44:59.999,0.7310585786300049,0.7310585786300049
2019-01-08 11:44:59.999,0.7310585786300049,0.7310585786300049
2019-01-09 12:44:59.999,0.7310585786300049,0.7310585786300049
2019-01-10 13:44:59.999,0.7310585786300049,0.7310585786300049
2019-01-11 14:44:59.999,0.7310585786300049,0.7310585786300049
2019-01-12 15:44:59.999,0.7310585786300049,0.7310585786300049
2019-01-13 16:44:59.999,0.7310585786300049,0.7310585786300049
2019-01-14 17:44:59.999,0.7310585786300049,0.7310585786300049
2019-01-15 18:44:59.999,0.7310585786300049,0.7310585786300049
2019-01-16 19:44:59.999,0.7310585786300049,0.7310585786300049
2019-01-17 20:44:59.999,0.7310585786300049,0.7310585786300049
2019-01-18 21:44:59.999,0.7310585786300049,0.7310585786300049
2019-01-19 22:44:59.999,0.7310585786300049,0.7310585786300049
2019-01-20 23:44:59.999,0.7310585786300049,0.7310585786300049
2019-01-22 00:44:59.999,0.7310585786300049,0.7310585786300049
2019-01-23 01:44:59.999,0.7310585786300049,0.7310585786300049
2019-01-24 02:44:59.999,0.7310585786300049,0.7310585786300049
2019-01-25 03:44:59.999,0.7310585786300049,0.7310585786300049
2019-01-26 04:44:59.999,0.7310585786300049,0.7310585786300049
2019-01-27 05:44:59.999,0.7310585786300049,0.7310585786300049
2019-01-28 06:44:59.999,0.7310585786300049,0.7310585786300049
2019-01-29 07:44:59.999,0.7310585786300049,0.7310585786300049
2019-01-30 08:44:59.999,0.7310585786300049,0.7310585786300049
2019-01-31 09:44:59.999,0.7310585786300049,0.7310585786300049
2019-02-01 10:44:59.999,0.7310585786300049,0.7310585786300049
2019-02-02 11:44:59.999,0.7310585786300049,0.7310585786300049
2019-02-03 12:44:59.999,0.7310585786300049,0.7310585786300049
2019-02-04 13:44:59.999,0.7310585786300049,0.7310585786300049
2019-02-05 14:44:59.999,0.7310585786300049,0.7310585786300049
2019-02-06 15:44:59.999,0.7310585786300049,0.7310585786300049
2019-02-07 16:44:59.999,0.7310585786300049,0.7310585786300049
2019-02-08 17:44:59.999,0.7310585786300049,0.7310585786300049
2019-02-09 18:44:59.999,0.7310585786300049,0.7310585786300049
2019-02-10 19:44:59.999,0.7310585786300049,0.7310585786300049
2019-02-11 20:44:59.999,0.7310585786300049,0.7310585786300049
2019-02-12 21:44:59.999,0.7310585786300049,0.7310585786300049
2019-02-13 22:44:59.999,0.7310585786300049,0.7310585786300049
2019-02-14 23:44:59.999,0.7310585786300049,0.7310585786300049
2019-02-16 00:44:59.999,0.7310585786300049,0.7310585786300049
2019-02-17 01:44:59.999,0.7310585786300049,0.7310585786300049
2019-02-18 02:44:59.999,0.7310585786300049,0.7310585786300049
2019-02-19 03:44:59.999,0.7310585786300049,0.7310585786300049
2019-02-20 04:44:59.999,0.7310585786300049,0.7310585786300049
2019-02-21 05:44:59.999,0.7310585786300049,0.7310585786300049
2019-02-22 06:44:59.999,0.7310585786300049,0.7310585786300049
2019-02-23 07:44:59.999,0.7310585786300049,0.7310585786300049
2019-02-24 08:44:59.999,0.7310585786300049,0.7310585786300049
2019-02-25 09:44:59.999,0.7310585786300049,0.7310585786300049
2019-02-26 10:44:59.999,0.7310585786300049,0.7310585786300049
2019-02-27 11:44:59.999,0.7310585786300049,0.7310585786300049
2019-02-28 12:44:59.999,0.7310585786300049,0.7310585786300049
2019-03-01 13:44:59.999,0.7310585786300049,0.7310585786300049
2019-03-02 14:44:59.999,0.7310585786300049,0.7310585786300049
2019-03-03 15:44:59.999,0.7310585786300049,0.7310585786300049
2019-03-04 16:44:59.999,0.7310585786300049,0.7310585786300049
2019-03-05 17:44:59.999,0.7310585786300049,0.7310585786300049
2019-03-06 18:44:59.999,0.7310585786300049,0.7310585786300049
2019-03-07 19:44:59.999,0.7310585786300049,0.7310585786300049
2019-03-08 20:44:59.999,0.7310585786300049,0.7310585786300049
2019-03-09 21:44:59.999,0.7310585786300049,0.7310585786300049
2019-03-10 22:44:59.999,0.7310585786300049,0.7310585786300049
2019-03-11 23:44:59.999,0.7310585786300049,0.7310585786300049
2019-03-13 06:44:59.999,0.7310585786300049,0.7310585786300049
2019-03-14 07:44:59.999,0.7310585786300049,0.7310585786300049
2019-03-15 08:44:59.999,0.7310585786300049,0.7310585786300049
2019-03-16 09:44:59.999,0.7310585786300049,0.7310585786300049
2019-03-17 10:44:59.999,0.7310585786300049,0.7310585786300049
2019-03-18 11:44:59.999,0.7310585786300049,0.7310585786300049
2019-03-19 12:44:59.999,0.7310585786300049,0.7310585786300049
2019-03-20 13:44:59.999,0.7310585786300049,0.7310585786300049
2019-03-21 14:44:59.999,0.7310585786300049,0.7310585786300049
2019-03-22 15:44:59.999,0.7310585786300049,0.7310585786300049
2019-03-23 16:44:59.999,0.7310585786300049,0.7310585786300049
2019-03-24 17:44:59.999,0.7310585786300049,0.7310585786300049
2019-03-25 18:44:59.999,0.7310585786300049,0.7310585786300049
2019-03-26 19:44:59.999,0.7310585786300049,0.7310585786300049
2019-03-27 20:44:59.999,0.7310585786300049,0.7310585786300049
2019-03-28 21:44:59.999,0.7310585786300049,0.7310585786300049
2019-03-29 22:44:59.999,0.7310585786300049,0.7310585786300049
2019-03-30 23:44:59.999,0.7310585786300049,0.7310585786300049
2019-04-01 00:44:59.999,0.7310585786300049,0.7310585786300049
2019-04-02 01:44:59.999,0.7310585786300049,0.7310585786300049
2019-04-03 02:44:59.999,0.7310585786300049,0.7310585786300049
2019-04-04 03:44:59.999,0.7310585786300049,0.7310585786300049
2019-04-05 04:44:59.999,0.7310585786300049,0.7310585786300049
2019-04-06 05:44:59.999,0.7310585786300049,0.7310585786300049
2019-04-07 06:44:59.999,0.7310585786300049,0.7310585786300049
2019-04-08 07:44:59.999,0.7310585786300049,0.7310585786300049
2019-04-09 08:44:59.999,0.7310585786300049,0.7310585786300049
2019-04-10 09:44:59.999,0.7310585786300049,0.7310585786300049
2019-04-11 10:44:59.999,0.7310585786300049,0.7310585786300049
2019-04-12 11:44:59.999,0.7310585786300049,0.7310585786300049
2019-04-13 12:44:59.999,0.7310585786300049,0.7310585786300049
2019-04-14 13:44:59.999,0.7310585786300049,0.7310585786300049
2019-04-15 14:44:59.999,0.7310585786300049,0.7310585786300049
2019-04-16 15:44:59.999,0.7310585786300049,0.7310585786300049
2019-04-17 16:44:59.999,0.7310585786300049,0.7310585786300049
2019-04-18 17:44:59.999,0.7310585786300049,0.7310585786300049
2019-04-19 18:44:59.999,0.7310585786300049,0.7310585786300049
2019-04-20 19:44:59.999,0.7310585786300049,0.7310585786300049
2019-04-21 20:44:59.999,0.7310585786300049,0.7310585786300049
2019-04-22 21:44:59.999,0.7310585786300049,0.7310585786300049
2019-04-23 22:44:59.999,0.7310585786300049,0.7310585786300049
2019-04-24 23:44:59.999,0.7310585786300049,0.7310585786300049
2019-04-26 00:44:59.999,0.7310585786300049,0.7310585786300049
2019-04-27 01:44:59.999,0.7310585786300049,0.7310585786300049
2019-04-28 02:44:59.999,0.7310585786300049,0.7310585786300049
2019-04-29 03:44:59.999,0.7310585786300049,0.7310585786300049
2019-04-30 04:44:59.999,0.7310585786300049,0.7310585786300049
2019-05-01 05:44:59.999,0.7310585786300049,0.7310585786300049
2019-05-02 06:44:59.999,0.7310585786300049,0.7310585786300049
2019-05-03 07:44:59.999,0.7310585786300049,0.7310585786300049
2019-05-04 08:44:59.999,0.7310585786300049,0.7310585786300049
2019-05-05 09:44:59.999,0.7310585786300049,0.7310585786300049
2019-05-06 10:44:59.999,0.7310585786300049,0.7310585786300049
2019-05-07 11:44:59.999,0.7310585786300049,0.7310585786300049
2019-05-08 12:44:59.999,0.7310585786300049,0.7310585786300049
2019-05-09 13:44:59.999,0.7310585786300049,0.7310585786300049
2019-05-10 14:44:59.999,0.7310585786300049,0.7310585786300049
2019-05-11 15:44:59.999,0.7310585786300049,0.7310585786300049
2019-05-12 16:44:59.999,0.7310585786300049,0.7310585786300049
2019-05-13 17:44:59.999,0.7310585786300049,0.7310585786300049
2019-05-14 18:44:59.999,0.7310585786300049,0.7310585786300049
2019-05-16 05:44:59.999,0.7310585786300049,0.7310585786300049
2019-05-17 06:44:59.999,0.7310585786300049,0.7310585786300049
2019-05-18 07:44:59.999,0.7310585786300049,0.7310585786300049
2019-05-19 08:44:59.999,0.7310585786300049,0.7310585786300049
2019-05-20 09:44:59.999,0.7310585786300049,0.7310585786300049
2019-05-21 10:44:59.999,0.7310585786300049,0.7310585786300049
2019-05-22 11:44:59.999,0.7310585786300049,0.7310585786300049
2019-05-23 12:44:59.999,0.7310585786300049,0.7310585786300049
2019-05-24 13:44:59.999,0.7310585786300049,0.7310585786300049
2019-05-25 14:44:59.999,0.7310585786300049,0.7310585786300049
2019-05-26 15:44:59.999,0.7310585786300049,0.7310585786300049
2019-05-27 16:44:59.999,0.7310585786300049,0.7310585786300049
2019-05-28 17:44:59.999,0.7310585786300049,0.7310585786300049
2019-05-29 18:44:59.999,0.7310585786300049,0.7310585786300049
2019-05-30 19:44:59.999,0.7310585786300049,0.7310585786300049
2019-05-31 20:44:59.999,0.7310585786300049,0.7310585786300049
2019-06-01 21:44:59.999,0.7310585786300049,0.7310585786300049
2019-06-02 22:44:59.999,0.7310585786300049,0.7310585786300049
2019-06-03 23:44:59.999,0.7310585786300049,0.7310585786300049
2019-06-05 00:44:59.999,0.7310585786300049,0.7310585786300049
2019-06-06 01:44:59.999,0.7310585786300049,0.7310585786300049
2019-06-07 02:44:59.999,0.7310585786300049,0.7310585786300049
2019-06-08 04:44:59.999,0.7310585786300049,0.7310585786300049
2019-06-09 05:44:59.999,0.7310585786300049,0.7310585786300049
2019-06-10 06:44:59.999,0.7310585786300049,0.7310585786300049
2019-06-11 07:44:59.999,0.7310585786300049,0.7310585786300049
2019-06-12 08:44:59.999,0.7310585786300049,0.7310585786300049
2019-06-13 09:44:59.999,0.7310585786300049,0.7310585786300049
2019-06-14 10:44:59.999,0.7310585786300049,0.7310585786300049
2019-06-15 11:44:59.999,0.7310585786300049,0.7310585786300049
2019-06-16 12:44:59.999,0.7310585786300049,0.7310585786300049
2019-06-17 13:44:59.999,0.7310585786300049,0.7310585786300049
2019-06-18 14:44:59.999,0.7310585786300049,0.7310585786300049
2019-06-19 15:44:59.999,0.7310585786300049,0.7310585786300049
2019-06-20 16:44:59.999,0.7310585786300049,0.7310585786300049
2019-06-21 17:44:59.999,0.7310585786300049,0.7310585786300049
2019-06-22 18:44:59.999,0.7310585786300049,0.7310585786300049
2019-06-23 19:44:59.999,0.7310585786300049,0.7310585786300049
2019-06-24 20:44:59.999,0.7310585786300049,0.7310585786300049
2019-06-25 21:44:59.999,0.7310585786300049,0.7310585786300049
2019-06-26 22:44:59.999,0.7310585786300049,0.7310585786300049
2019-06-27 23:44:59.999,0.7310585786300049,0.7310585786300049
2019-06-29 00:44:59.999,0.7310585786300049,0.7310585786300049
2019-06-30 01:44:59.999,0.7310585786300049,0.7310585786300049
2019-07-01 02:44:59.999,0.7310585786300049,0.7310585786300049
2019-07-02 03:44:59.999,0.7310585786300049,0.7310585786300049
2019-07-03 04:44:59.999,0.7310585786300049,0.7310585786300049
2019-07-04 05:44:59.999,0.7310585786300049,0.7310585786300049
2019-07-05 06:44:59.999,0.7310585786300049,0.7310585786300049
2019-07-06 07:44:59.999,0.7310585786300049,0.7310585786300049
2019-07-07 08:44:59.999,0.7310585786300049,0.7310585786300049
2019-07-08 09:44:59.999,0.7310585786300049,0.7310585786300049
2019-07-09 10:44:59.999,0.7310585786300049,0.7310585786300049
2019-07-10 11:44:59.999,0.7310585786300049,0.7310585786300049
2019-07-11 12:44:59.999,0.7310585786300049,0.7310585786300049
2019-07-12 13:44:59.999,0.7310585786300049,0.7310585786300049
2019-07-13 14:44:59.999,0.7310585786300049,0.7310585786300049
2019-07-14 15:44:59.999,0.7310585786300049,0.7310585786300049
2019-07-15 16:44:59.999,0.7310585786300049,0.7310585786300049
2019-07-16 17:44:59.999,0.7310585786300049,0.7310585786300049
2019-07-17 18:44:59.999,0.7310585786300049,0.7310585786300049
2019-07-18 19:44:59.999,0.7310585786300049,0.7310585786300049
2019-07-19 20:44:59.999,0.7310585786300049,0.7310585786300049
2019-07-20 21:44:59.999,0.7310585786300049,0.7310585786300049
2019-07-21 22:44:59.999,0.7310585786300049,0.7310585786300049
2019-07-22 23:44:59.999,0.7310585786300049,0.7310585786300049
2019-07-24 00:44:59.999,0.7310585786300049,0.7310585786300049
2019-07-25 01:44:59.999,0.7310585786300049,0.7310585786300049
2019-07-26 02:44:59.999,0.7310585786300049,0.7310585786300049
2019-07-27 03:44:59.999,0.7310585786300049,0.7310585786300049
2019-07-28 04:44:59.999,0.7310585786300049,0.7310585786300049
2019-07-29 05:44:59.999,0.7310585786300049,0.7310585786300049
2019-07-30 06:44:59.999,0.7310585786300049,0.7310585786300049
2019-07-31 07:44:59.999,0.7310585786300049,0.7310585786300049
2019-08-01 08:44:59.999,0.7310585786300049,0.7310585786300049
2019-08-02 09:44:59.999,0.7310585786300049,0.7310585786300049
2019-08-03 10:44:59.999,0.7310585786300049,0.7310585786300049
2019-08-04 11:44:59.999,0.7310585786300049,0.7310585786300049
2019-08-05 12:44:59.999,0.7310585786300049,0.7310585786300049
2019-08-06 13:44:59.999,0.7310585786300049,0.7310585786300049
2019-08-07 14:44:59.999,0.7310585786300049,0.7310585786300049
2019-08-08 15:44:59.999,0.7310585786300049,0.7310585786300049
2019-08-09 16:44:59.999,0.7310585786300049,0.7310585786300049
2019-08-10 17:44:59.999,0.7310585786300049,0.7310585786300049
2019-08-11 18:44:59.999,0.7310585786300049,0.7310585786300049
2019-08-12 19:44:59.999,0.7310585786300049,0.7310585786300049
2019-08-13 20:44:59.999,0.7310585786300049,0.7310585786300049
2019-08-14 21:44:59.999,0.7310585786300049,0.7310585786300049
2019-08-16 06:44:59.999,0.7310585786300049,0.7310585786300049
2019-08-17 07:44:59.999,0.7310585786300049,0.7310585786300049
2019-08-18 08:44:59.999,0.7310585786300049,0.7310585786300049
2019-08-19 09:44:59.999,0.7310585786300049,0.7310585786300049
2019-08-20 10:44:59.999,0.7310585786300049,0.7310585786300049
2019-08-21 11:44:59.999,0.7310585786300049,0.7310585786300049
2019-08-22 12:44:59.999,0.7310585786300049,0.7310585786300049
2019-08-23 13:44:59.999,0.7310585786300049,0.7310585786300049
2019-08-24 14:44:59.999,0.7310585786300049,0.7310585786300049
2019-08-25 15:44:59.999,0.7310585786300049,0.7310585786300049
2019-08-26 16:44:59.999,0.7310585786300049,0.7310585786300049
2019-08-27 17:44:59.999,0.7310585786300049,0.7310585786300049
2019-08-28 18:44:59.999,0.7310585786300049,0.7310585786300049
2019-08-29 19:44:59.999,0.7310585786300049,0.7310585786300049
2019-08-30 20:44:59.999,0.7310585786300049,0.7310585786300049
2019-08-31 21:44:59.999,0.7310585786300049,0.7310585786300049
2019-09-01 22:44:59.999,0.7310585786300049,0.7310585786300049
2019-09-02 23:44:59.999,0.7310585786300049,0.7310585786300049
2019-09-04 00:44:59.999,0.7310585786300049,0.7310585786300049
2019-09-05 01:44:59.999,0.7310585786300049,0.7310585786300049
2019-09-06 02:44:59.999,0.7310585786300049,0.7310585786300049
2019-09-07 03:44:59.999,0.7310585786300049,0.7310585786300049
2019-09-08 04:44:59.999,0.7310585786300049,0.7310585786300049
2019-09-09 05:44:59.999,0.7310585786300049,0.7310585786300049
2019-09-10 06:44:59.999,0.7310585786300049,0.7310585786300049
2019-09-11 07:44:59.999,0.7310585786300049,0.7310585786300049
2019-09-12 08:44:59.999,0.7310585786300049,0.7310585786300049
2019-09-13 09:44:59.999,0.7310585786300049,0.7310585786300049
2019-09-14 10:44:59.999,0.7310585786300049,0.7310585786300049
2019-09-15 11:44:59.999,0.7310585786300049,0.7310585786300049
2019-09-16 12:44:59.999,0.7310585786300049,0.7310585786300049
2019-09-17 13:44:59.999,0.7310585786300049,0.7310585786300049
2019-09-18 14:44:59.999,0.7310585786300049,0.7310585786300049
2019-09-19 15:44:59.999,0.7310585786300049,0.7310585786300049
2019-09-20 16:44:59.999,0.7310585786300049,0.7310585786300049
2019-09-21 17:44:59.999,0.7310585786300049,0.7310585786300049
2019-09-22 18:44:59.999,0.7310585786300049,0.7310585786300049
2019-09-23 19:44:59.999,0.7310585786300049,0.7310585786300049
2019-09-24 20:44:59.999,0.7310585786300049,0.7310585786300049
2019-09-25 21:44:59.999,0.7310585786300049,0.7310585786300049
2019-09-26 22:44:59.999,0.7310585786300049,0.7310585786300049
2019-09-27 23:44:59.999,0.7310585786300049,0.7310585786300049
2019-09-29 00:44:59.999,0.7310585786300049,0.7310585786300049
2019-09-30 01:44:59.999,0.7310585786300049,0.7310585786300049
2019-10-01 02:44:59.999,0.7310585786300049,0.7310585786300049
2019-10-02 03:44:59.999,0.7310585786300049,0.7310585786300049
2019-10-03 04:44:59.999,0.7310585786300049,0.7310585786300049
2019-10-04 05:44:59.999,0.7310585786300049,0.7310585786300049
2019-10-05 06:44:59.999,0.7310585786300049,0.7310585786300049
2019-10-06 07:44:59.999,0.7310585786300049,0.7310585786300049
2019-10-07 08:44:59.999,0.7310585786300049,0.7310585786300049
2019-10-08 09:44:59.999,0.7310585786300049,0.7310585786300049
2019-10-09 10:44:59.999,0.7310585786300049,0.7310585786300049
2019-10-10 11:44:59.999,0.7310585786300049,0.7310585786300049
2019-10-11 12:44:59.999,0.7310585786300049,0.7310585786300049
2019-10-12 13:44:59.999,0.7310585786300049,0.7310585786300049
2019-10-13 14:44:59.999,0.7310585786300049,0.7310585786300049
2019-10-14 15:44:59.999,0.7310585786300049,0.7310585786300049
2019-10-15 16:44:59.999,0.7310585786300049,0.7310585786300049
2019-10-16 17:44:59.999,0.7310585786300049,0.7310585786300049
2019-10-17 18:44:59.999,0.7310585786300049,0.7310585786300049
2019-10-18 19:44:59.999,0.7310585786300049,0.7310585786300049
2019-10-19 20:44:59.999,0.7310585786300049,0.7310585786300049
2019-10-20 21:44:59.999,0.7310585786300049,0.7310585786300049
2019-10-21 22:44:59.999,0.7310585786300049,0.7310585786300049
2019-10-22 23:44:59.999,0.7310585786300049,0.7310585786300049
2019-10-24 00:44:59.999,0.7310585786300049,0.7310585786300049
2019-10-25 01:44:59.999,0.7310585786300049,0.7310585786300049
2019-10-26 02:44:59.999,0.7310585786300049,0.7310585786300049
2019-10-27 03:44:59.999,0.7310585786300049,0.7310585786300049
2019-10-28 04:44:59.999,0.7310585786300049,0.7310585786300049
2019-10-29 05:44:59.999,0.7310585786300049,0.7310585786300049
2019-10-30 06:44:59.999,0.7310585786300049,0.7310585786300049
2019-10-31 07:44:59.999,0.7310585786300049,0.7310585786300049
2019-11-01 08:44:59.999,0.7310585786300049,0.7310585786300049
2019-11-02 09:44:59.999,0.7310585786300049,0.7310585786300049
2019-11-03 10:44:59.999,0.7310585786300049,0.7310585786300049
2019-11-04 11:44:59.999,0.7310585786300049,0.7310585786300049
2019-11-05 12:44:59.999,0.7310585786300049,0.7310585786300049
2019-11-06 13:44:59.999,0.7310585786300049,0.7310585786300049
2019-11-07 14:44:59.999,0.7310585786300049,0.7310585786300049
2019-11-08 15:44:59.999,0.7310585786300049,0.7310585786300049
2019-11-09 16:44:59.999,0.7310585786300049,0.7310585786300049
2019-11-10 17:44:59.999,0.7310585786300049,0.7310585786300049
2019-11-11 18:44:59.999,0.7310585786300049,0.7310585786300049
2019-11-12 19:44:59.999,0.7310585786300049,0.7310585786300049
2019-11-13 22:59:59.999,0.7310585786300049,0.7310585786300049
2019-11-14 23:59:59.999,0.7310585786300049,0.7310585786300049
2019-11-16 00:59:59.999,0.7310585786300049,0.7310585786300049
2019-11-17 01:59:59.999,0.7310585786300049,0.7310585786300049
2019-11-18 02:59:59.999,0.7310585786300049,0.7310585786300049
2019-11-19 03:59:59.999,0.7310585786300049,0.7310585786300049
2019-11-20 04:59:59.999,0.7310585786300049,0.7310585786300049
2019-11-21 05:59:59.999,0.7310585786300049,0.7310585786300049
2019-11-22 06:59:59.999,0.7310585786300049,0.7310585786300049
2019-11-23 07:59:59.999,0.7310585786300049,0.7310585786300049
2019-11-24 08:59:59.999,0.7310585786300049,0.7310585786300049
2019-11-25 11:59:59.999,0.7310585786300049,0.7310585786300049
2019-11-26 12:59:59.999,0.7310585786300049,0.7310585786300049
2019-11-27 13:59:59.999,0.7310585786300049,0.7310585786300049
2019-11-28 14:59:59.999,0.7310585786300049,0.7310585786300049
2019-11-29 15:59:59.999,0.7310585786300049,0.7310585786300049
2019-11-30 16:59:59.999,0.7310585786300049,0.7310585786300049
2019-12-01 17:59:59.999,0.7310585786300049,0.7310585786300049
2019-12-02 18:59:59.999,0.7310585786300049,0.7310585786300049
2019-12-03 19:59:59.999,0.7310585786300049,0.7310585786300049
2019-12-04 20:59:59.999,0.7310585786300049,0.7310585786300049
2019-12-05 21:59:59.999,0.7310585786300049,0.7310585786300049
2019-12-06 22:59:59.999,0.7310585786300049,0.7310585786300049
2019-12-07 23:59:59.999,0.7310585786300049,0.7310585786300049
2019-12-09 00:59:59.999,0.7310585786300049,0.7310585786300049
2019-12-10 01:59:59.999,0.7310585786300049,0.7310585786300049
2019-12-11 02:59:59.999,0.7310585786300049,0.7310585786300049
2019-12-12 03:59:59.999,0.7310585786300049,0.7310585786300049
2019-12-13 04:59:59.999,0.7310585786300049,0.7310585786300049
2019-12-14 05:59:59.999,0.7310585786300049,0.7310585786300049
2019-12-15 06:59:59.999,0.7310585786300049,0.7310585786300049
2019-12-16 07:59:59.999,0.7310585786300049,0.7310585786300049
2019-12-17 08:59:59.999,0.7310585786300049,0.7310585786300049
2019-12-18 09:59:59.999,0.7310585786300049,0.7310585786300049
2019-12-19 10:59:59.999,0.7310585786300049,0.7310585786300049
2019-12-20 11:59:59.999,0.7310585786300049,0.7310585786300049
2019-12-21 12:59:59.999,0.7310585786300049,0.7310585786300049
2019-12-22 13:59:59.999,0.7310585786300049,0.7310585786300049
2019-12-23 14:59:59.999,0.7310585786300049,0.7310585786300049
2019-12-24 15:59:59.999,0.7310585786300049,0.7310585786300049
2019-12-25 16:59:59.999,0.7310585786300049,0.7310585786300049
2019-12-26 17:59:59.999,0.7310585786300049,0.7310585786300049
2019-12-27 18:59:59.999,0.7310585786300049,0.7310585786300049
2019-12-28 19:59:59.999,0.7310585786300049,0.7310585786300049
2019-12-29 20:59:59.999,0.7310585786300049,0.7310585786300049
2019-12-30 21:59:59.999,0.7310585786300049,0.7310585786300049
2019-12-31 22:59:59.999,0.7310585786300049,0.7310585786300049
2020-01-01 23:59:59.999,0.7310585786300049,0.7310585786300049
2020-01-03 00:59:59.999,0.7310585786300049,0.7310585786300049
2020-01-04 01:59:59.999,0.7310585786300049,0.7310585786300049
2020-01-05 02:59:59.999,0.7310585786300049,0.7310585786300049
2020-01-06 03:59:59.999,0.7310585786300049,0.7310585786300049
2020-01-07 04:59:59.999,0.7310585786300049,0.7310585786300049
2020-01-08 05:59:59.999,0.7310585786300049,0.7310585786300049
2020-01-09 06:59:59.999,0.7310585786300049,0.7310585786300049
2020-01-10 07:59:59.999,0.7310585786300049,0.7310585786300049
2020-01-11 08:59:59.999,0.7310585786300049,0.7310585786300049
2020-01-12 09:59:59.999,0.7310585786300049,0.7310585786300049
2020-01-13 10:59:59.999,0.7310585786300049,0.7310585786300049
2020-01-14 11:59:59.999,0.7310585786300049,0.7310585786300049
2020-01-15 12:59:59.999,0.7310585786300049,0.7310585786300049
2020-01-16 13:59:59.999,0.7310585786300049,0.7310585786300049
2020-01-17 14:59:59.999,0.7310585786300049,0.7310585786300049
2020-01-18 15:59:59.999,0.7310585786300049,0.7310585786300049
2020-01-19 16:59:59.999,0.7310585786300049,0.7310585786300049
2020-01-20 17:59:59.999,0.7310585786300049,0.7310585786300049
2020-01-21 18:59:59.999,0.7310585786300049,0.7310585786300049
2020-01-22 19:59:59.999,0.7310585786300049,0.7310585786300049
2020-01-23 20:59:59.999,0.7310585786300049,0.7310585786300049
2020-01-24 21:59:59.999,0.7310585786300049,0.7310585786300049
2020-01-25 22:59:59.999,0.7310585786300049,0.7310585786300049
2020-01-26 23:59:59.999,0.7310585786300049,0.7310585786300049
2020-01-28 00:59:59.999,0.7310585786300049,0.7310585786300049
2020-01-29 01:59:59.999,0.7310585786300049,0.7310585786300049
2020-01-30 02:59:59.999,0.7310585786300049,0.7310585786300049
2020-01-31 03:59:59.999,0.7310585786300049,0.7310585786300049
2020-02-01 04:59:59.999,0.7310585786300049,0.7310585786300049
2020-02-02 05:59:59.999,0.7310585786300049,0.7310585786300049
2020-02-03 06:59:59.999,0.7310585786300049,0.7310585786300049
2020-02-04 07:59:59.999,0.7310585786300049,0.7310585786300049
2020-02-05 08:59:59.999,0.7310585786300049,0.7310585786300049
2020-02-06 09:59:59.999,0.7310585786300049,0.7310585786300049
2020-02-07 10:59:59.999,0.7310585786300049,0.7310585786300049
2020-02-08 11:59:59.999,0.7310585786300049,0.7310585786300049
2020-02-09 13:59:59.999,0.7310585786300049,0.7310585786300049
2020-02-10 14:59:59.999,0.7310585786300049,0.7310585786300049
2020-02-11 15:59:59.999,0.7310585786300049,0.7310585786300049
2020-02-12 16:59:59.999,0.7310585786300049,0.7310585786300049
2020-02-13 17:59:59.999,0.7310585786300049,0.7310585786300049
2020-02-14 18:59:59.999,0.7310585786300049,0.7310585786300049
2020-02-15 19:59:59.999,0.7310585786300049,0.7310585786300049
2020-02-16 20:59:59.999,0.7310585786300049,0.7310585786300049
2020-02-17 21:59:59.999,0.7310585786300049,0.7310585786300049
2020-02-18 22:59:59.999,0.7310585786300049,0.7310585786300049
2020-02-20 05:44:59.999,0.7310585786300049,0.7310585786300049
2020-02-21 06:44:59.999,0.7310585786300049,0.7310585786300049
2020-02-22 07:44:59.999,0.7310585786300049,0.7310585786300049
2020-02-23 08:44:59.999,0.7310585786300049,0.7310585786300049
2020-02-24 09:44:59.999,0.7310585786300049,0.7310585786300049
2020-02-25 10:44:59.999,0.7310585786300049,0.7310585786300049
2020-02-26 11:44:59.999,0.7310585786300049,0.7310585786300049
2020-02-27 12:44:59.999,0.7310585786300049,0.7310585786300049
2020-02-28 13:44:59.999,0.7310585786300049,0.7310585786300049
2020-02-29 14:44:59.999,0.7310585786300049,0.7310585786300049
2020-03-01 15:44:59.999,0.7310585786300049,0.7310585786300049
2020-03-02 16:44:59.999,0.7310585786300049,0.7310585786300049
2020-03-03 17:44:59.999,0.7310585786300049,0.7310585786300049
2020-03-04 20:44:59.999,0.7310585786300049,0.7310585786300049
2020-03-05 21:44:59.999,0.7310585786300049,0.7310585786300049
2020-03-06 22:44:59.999,0.7310585786300049,0.7310585786300049
2020-03-07 23:44:59.999,0.7310585786300049,0.7310585786300049
2020-03-09 00:44:59.999,0.7310585786300049,0.7310585786300049
2020-03-10 01:44:59.999,0.7310585786300049,0.7310585786300049
2020-03-11 02:44:59.999,0.7310585786300049,0.7310585786300049
2020-03-12 03:44:59.999,0.7310585786300049,0.7310585786300049
2020-03-13 04:44:59.999,0.7310585786300049,0.7310585786300049
2020-03-14 05:44:59.999,0.7310585786300049,0.7310585786300049
2020-03-15 06:44:59.999,0.7310585786300049,0.7310585786300049
2020-03-16 07:44:59.999,0.7310585786300049,0.7310585786300049
2020-03-17 08:44:59.999,0.7310585786300049,0.7310585786300049
2020-03-18 09:44:59.999,0.7310585786300049,0.7310585786300049
2020-03-19 10:44:59.999,0.7310585786300049,0.7310585786300049
2020-03-20 11:44:59.999,0.7310585786300049,0.7310585786300049
2020-03-21 12:44:59.999,0.7310585786300049,0.7310585786300049
2020-03-22 13:44:59.999,0.7310585786300049,0.7310585786300049
2020-03-23 14:44:59.999,0.7310585786300049,0.7310585786300049
2020-03-24 15:44:59.999,0.7310585786300049,0.7310585786300049
2020-03-25 16:44:59.999,0.7310585786300049,0.7310585786300049
2020-03-26 17:44:59.999,0.7310585786300049,0.7310585786300049
2020-03-27 18:44:59.999,0.7310585786300049,0.7310585786300049
2020-03-28 19:44:59.999,0.7310585786300049,0.7310585786300049
2020-03-29 20:44:59.999,0.7310585786300049,0.7310585786300049
2020-03-30 21:44:59.999,0.7310585786300049,0.7310585786300049
2020-03-31 22:44:59.999,0.7310585786300049,0.7310585786300049
2020-04-01 23:44:59.999,0.7310585786300049,0.7310585786300049
2020-04-03 00:44:59.999,0.7310585786300049,0.7310585786300049
2020-04-04 01:44:59.999,0.7310585786300049,0.7310585786300049
2020-04-05 02:44:59.999,0.7310585786300049,0.7310585786300049
2020-04-06 03:44:59.999,0.7310585786300049,0.7310585786300049
2020-04-07 04:44:59.999,0.7310585786300049,0.7310585786300049
2020-04-08 05:44:59.999,0.7310585786300049,0.7310585786300049
2020-04-09 06:44:59.999,0.7310585786300049,0.7310585786300049
2020-04-10 07:44:59.999,0.7310585786300049,0.7310585786300049
2020-04-11 08:44:59.999,0.7310585786300049,0.7310585786300049
2020-04-12 09:44:59.999,0.7310585786300049,0.7310585786300049
2020-04-13 10:44:59.999,0.7310585786300049,0.7310585786300049
2020-04-14 11:44:59.999,0.7310585786300049,0.7310585786300049
2020-04-15 12:44:59.999,0.7310585786300049,0.7310585786300049
2020-04-16 13:44:59.999,0.7310585786300049,0.7310585786300049
2020-04-17 14:44:59.999,0.7310585786300049,0.7310585786300049
2020-04-18 15:44:59.999,0.7310585786300049,0.7310585786300049
2020-04-19 16:44:59.999,0.7310585786300049,0.7310585786300049
2020-04-20 17:44:59.999,0.7310585786300049,0.7310585786300049
2020-04-21 18:44:59.999,0.7310585786300049,0.7310585786300049
2020-04-22 19:44:59.999,0.7310585786300049,0.7310585786300049
2020-04-23 20:44:59.999,0.7310585786300049,0.7310585786300049
2020-04-24 21:44:59.999,0.7310585786300049,0.7310585786300049
2020-04-26 01:14:59.999,0.7310585786300049,0.7310585786300049
2020-04-27 02:14:59.999,0.7310585786300049,0.7310585786300049
2020-04-28 03:14:59.999,0.7310585786300049,0.7310585786300049
2020-04-29 04:14:59.999,0.7310585786300049,0.7310585786300049
2020-04-30 05:14:59.999,0.7310585786300049,0.7310585786300049
2020-05-01 06:14:59.999,0.7310585786300049,0.7310585786300049
2020-05-02 07:14:59.999,0.7310585786300049,0.7310585786300049
2020-05-03 08:14:59.999,0.7310585786300049,0.7310585786300049
2020-05-04 09:14:59.999,0.7310585786300049,0.7310585786300049
2020-05-05 10:14:59.999,0.7310585786300049,0.7310585786300049
2020-05-06 11:14:59.999,0.7310585786300049,0.7310585786300049
2020-05-07 12:14:59.999,0.7310585786300049,0.7310585786300049
2020-05-08 13:14:59.999,0.7310585786300049,0.7310585786300049
2020-05-09 14:14:59.999,0.7310585786300049,0.7310585786300049
2020-05-10 15:14:59.999,0.7310585786300049,0.7310585786300049
2020-05-11 16:14:59.999,0.7310585786300049,0.7310585786300049
2020-05-12 17:14:59.999,0.7310585786300049,0.7310585786300049
2020-05-13 18:14:59.999,0.7310585786300049,0.7310585786300049
2020-05-14 19:14:59.999,0.7310585786300049,0.7310585786300049
2020-05-15 20:14:59.999,0.7310585786300049,0.7310585786300049
2020-05-16 21:14:59.999,0.7310585786300049,0.7310585786300049
2020-05-17 22:14:59.999,0.7310585786300049,0.7310585786300049
2020-05-18 23:14:59.999,0.7310585786300049,0.7310585786300049
2020-05-20 00:14:59.999,0.7310585786300049,0.7310585786300049
2020-05-21 01:14:59.999,0.7310585786300049,0.7310585786300049
2020-05-22 02:14:59.999,0.7310585786300049,0.7310585786300049
2020-05-23 03:14:59.999,0.7310585786300049,0.7310585786300049
2020-05-24 04:14:59.999,0.7310585786300049,0.7310585786300049
2020-05-25 05:14:59.999,0.7310585786300049,0.7310585786300049
2020-05-26 06:14:59.999,0.7310585786300049,0.7310585786300049
2020-05-27 07:14:59.999,0.7310585786300049,0.7310585786300049
2020-05-28 08:14:59.999,0.7310585786300049,0.7310585786300049
2020-05-29 09:14:59.999,0.7310585786300049,0.7310585786300049
2020-05-30 10:14:59.999,0.7310585786300049,0.7310585786300049
2020-05-31 11:14:59.999,0.7310585786300049,0.7310585786300049
2020-06-01 12:14:59.999,0.7310585786300049,0.7310585786300049
2020-06-02 13:14:59.999,0.7310585786300049,0.7310585786300049
2020-06-03 14:14:59.999,0.7310585786300049,0.7310585786300049
2020-06-04 15:14:59.999,0.7310585786300049,0.7310585786300049
2020-06-05 16:14:59.999,0.7310585786300049,0.7310585786300049
2020-06-06 17:14:59.999,0.7310585786300049,0.7310585786300049
2020-06-07 18:14:59.999,0.7310585786300049,0.7310585786300049
2020-06-08 19:14:59.999,0.7310585786300049,0.7310585786300049
2020-06-09 20:14:59.999,0.7310585786300049,0.7310585786300049
2020-06-10 21:14:59.999,0.7310585786300049,0.7310585786300049
2020-06-11 22:14:59.999,0.7310585786300049,0.7310585786300049
2020-06-12 23:14:59.999,0.7310585786300049,0.7310585786300049
2020-06-14 00:14:59.999,0.7310585786300049,0.7310585786300049
2020-06-15 01:14:59.999,0.7310585786300049,0.7310585786300049
2020-06-16 02:14:59.999,0.7310585786300049,0.7310585786300049
2020-06-17 03:14:59.999,0.7310585786300049,0.7310585786300049
2020-06-18 04:14:59.999,0.7310585786300049,0.7310585786300049
2020-06-19 05:14:59.999,0.7310585786300049,0.7310585786300049
2020-06-20 06:14:59.999,0.7310585786300049,0.7310585786300049
2020-06-21 07:14:59.999,0.7310585786300049,0.7310585786300049
2020-06-22 08:14:59.999,0.7310585786300049,0.7310585786300049
2020-06-23 09:14:59.999,0.7310585786300049,0.7310585786300049
2020-06-24 10:14:59.999,0.7310585786300049,0.7310585786300049
2020-06-25 11:14:59.999,0.7310585786300049,0.7310585786300049
2020-06-26 12:14:59.999,0.7310585786300049,0.7310585786300049
2020-06-27 13:14:59.999,0.7310585786300049,0.7310585786300049
2020-06-28 17:44:59.999,0.7310585786300049,0.7310585786300049
2020-06-29 18:44:59.999,0.7310585786300049,0.7310585786300049
2020-06-30 19:44:59.999,0.7310585786300049,0.7310585786300049
2020-07-01 20:44:59.999,0.7310585786300049,0.7310585786300049
2020-07-02 21:44:59.999,0.7310585786300049,0.7310585786300049
2020-07-03 22:44:59.999,0.7310585786300049,0.7310585786300049
2020-07-04 23:44:59.999,0.7310585786300049,0.7310585786300049
2020-07-06 00:44:59.999,0.7310585786300049,0.7310585786300049
2020-07-07 01:44:59.999,0.7310585786300049,0.7310585786300049
2020-07-08 02:44:59.999,0.7310585786300049,0.7310585786300049
2020-07-09 03:44:59.999,0.7310585786300049,0.7310585786300049
2020-07-10 04:44:59.999,0.7310585786300049,0.7310585786300049
2020-07-11 05:44:59.999,0.7310585786300049,0.7310585786300049
2020-07-12 06:44:59.999,0.7310585786300049,0.7310585786300049
2020-07-13 07:44:59.999,0.7310585786300049,0.7310585786300049
2020-07-14 08:44:59.999,0.7310585786300049,0.7310585786300049
2020-07-15 09:44:59.999,0.7310585786300049,0.7310585786300049
2020-07-16 10:44:59.999,0.7310585786300049,0.7310585786300049
2020-07-17 11:44:59.999,0.7310585786300049,0.7310585786300049
2020-07-18 12:44:59.999,0.7310585786300049,0.7310585786300049
2020-07-19 13:44:59.999,0.7310585786300049,0.7310585786300049
2020-07-20 14:44:59.999,0.7310585786300049,0.7310585786300049
2020-07-21 15:44:59.999,0.7310585786300049,0.7310585786300049
2020-07-22 16:44:59.999,0.7310585786300049,0.7310585786300049
2020-07-23 17:44:59.999,0.7310585786300049,0.7310585786300049
2020-07-24 18:44:59.999,0.7310585786300049,0.7310585786300049
2020-07-25 19:44:59.999,0.7310585786300049,0.7310585786300049
2020-07-26 20:44:59.999,0.7310585786300049,0.7310585786300049
2020-07-27 21:44:59.999,0.7310585786300049,0.7310585786300049
2020-07-28 22:44:59.999,0.7310585786300049,0.7310585786300049
2020-07-29 23:44:59.999,0.7310585786300049,0.7310585786300049
2020-07-31 00:44:59.999,0.7310585786300049,0.7310585786300049
2020-08-01 01:44:59.999,0.7310585786300049,0.7310585786300049
2020-08-02 02:44:59.999,0.7310585786300049,0.7310585786300049
2020-08-03 03:44:59.999,0.7310585786300049,0.7310585786300049
2020-08-04 04:44:59.999,0.7310585786300049,0.7310585786300049
2020-08-05 05:44:59.999,0.7310585786300049,0.7310585786300049
2020-08-06 06:44:59.999,0.7310585786300049,0.7310585786300049
2020-08-07 07:44:59.999,0.7310585786300049,0.7310585786300049
2020-08-08 08:44:59.999,0.7310585786300049,0.7310585786300049
2020-08-09 09:44:59.999,0.7310585786300049,0.7310585786300049
2020-08-10 10:44:59.999,0.7310585786300049,0.7310585786300049
2020-08-11 11:44:59.999,0.7310585786300049,0.7310585786300049
2020-08-12 12:44:59.999,0.7310585786300049,0.7310585786300049
2020-08-13 13:44:59.999,0.7310585786300049,0.7310585786300049
2020-08-14 14:44:59.999,0.7310585786300049,0.7310585786300049
2020-08-15 15:44:59.999,0.7310585786300049,0.7310585786300049
2020-08-16 16:44:59.999,0.7310585786300049,0.7310585786300049
2020-08-17 17:44:59.999,0.7310585786300049,0.7310585786300049
2020-08-18 18:44:59.999,0.7310585786300049,0.7310585786300049
2020-08-19 19:44:59.999,0.7310585786300049,0.7310585786300049
2020-08-20 20:44:59.999,0.7310585786300049,0.7310585786300049
2020-08-21 21:44:59.999,0.7310585786300049,0.7310585786300049
2020-08-22 22:44:59.999,0.7310585786300049,0.7310585786300049
2020-08-23 23:44:59.999,0.7310585786300049,0.7310585786300049
2020-08-25 00:44:59.999,0.7310585786300049,0.7310585786300049
2020-08-26 01:44:59.999,0.7310585786300049,0.7310585786300049
2020-08-27 02:44:59.999,0.7310585786300049,0.7310585786300049
2020-08-28 03:44:59.999,0.7310585786300049,0.7310585786300049
2020-08-29 04:44:59.999,0.7310585786300049,0.7310585786300049
2020-08-30 05:44:59.999,0.7310585786300049,0.7310585786300049
2020-08-31 06:44:59.999,0.7310585786300049,0.7310585786300049
2020-09-01 07:44:59.999,0.7310585786300049,0.7310585786300049
2020-09-02 08:44:59.999,0.7310585786300049,0.7310585786300049
2020-09-03 09:44:59.999,0.7310585786300049,0.7310585786300049
2020-09-04 10:44:59.999,0.7310585786300049,0.7310585786300049
2020-09-05 11:44:59.999,0.7310585786300049,0.7310585786300049
2020-09-06 12:44:59.999,0.7310585786300049,0.7310585786300049
2020-09-07 13:44:59.999,0.7310585786300049,0.7310585786300049
2020-09-08 14:44:59.999,0.7310585786300049,0.7310585786300049
2020-09-09 15:44:59.999,0.7310585786300049,0.7310585786300049
2020-09-10 16:44:59.999,0.7310585786300049,0.7310585786300049
2020-09-11 17:44:59.999,0.7310585786300049,0.7310585786300049
2020-09-12 18:44:59.999,0.7310585786300049,0.7310585786300049
2020-09-13 19:44:59.999,0.7310585786300049,0.7310585786300049
2020-09-14 20:44:59.999,0.7310585786300049,0.7310585786300049
2020-09-15 21:44:59.999,0.7310585786300049,0.7310585786300049
2020-09-16 22:44:59.999,0.7310585786300049,0.7310585786300049
2020-09-17 23:44:59.999,0.7310585786300049,0.7310585786300049
2020-09-19 00:44:59.999,0.7310585786300049,0.7310585786300049
2020-09-20 01:44:59.999,0.7310585786300049,0.7310585786300049
2020-09-21 02:44:59.999,0.7310585786300049,0.7310585786300049
2020-09-22 03:44:59.999,0.7310585786300049,0.7310585786300049
2020-09-23 04:44:59.999,0.7310585786300049,0.7310585786300049
2020-09-24 05:44:59.999,0.7310585786300049,0.7310585786300049
2020-09-25 06:44:59.999,0.7310585786300049,0.7310585786300049
2020-09-26 07:44:59.999,0.7310585786300049,0.7310585786300049
2020-09-27 08:44:59.999,0.7310585786300049,0.7310585786300049
2020-09-28 09:44:59.999,0.7310585786300049,0.7310585786300049
2020-09-29 10:44:59.999,0.7310585786300049,0.7310585786300049
2020-09-30 11:44:59.999,0.7310585786300049,0.7310585786300049
2020-10-01 12:44:59.999,0.7310585786300049,0.7310585786300049
2020-10-02 13:44:59.999,0.7310585786300049,0.7310585786300049
2020-10-03 14:44:59.999,0.7310585786300049,0.7310585786300049
2020-10-04 15:44:59.999,0.7310585786300049,0.7310585786300049
2020-10-05 16:44:59.999,0.7310585786300049,0.7310585786300049
2020-10-06 17:44:59.999,0.7310585786300049,0.7310585786300049
2020-10-07 18:44:59.999,0.7310585786300049,0.7310585786300049
2020-10-08 19:44:59.999,0.7310585786300049,0.7310585786300049
2020-10-09 20:44:59.999,0.7310585786300049,0.7310585786300049
2020-10-10 21:44:59.999,0.7310585786300049,0.7310585786300049
2020-10-11 22:44:59.999,0.7310585786300049,0.7310585786300049
2020-10-12 23:44:59.999,0.7310585786300049,0.7310585786300049
2020-10-14 00:44:59.999,0.7310585786300049,0.7310585786300049
2020-10-15 01:44:59.999,0.7310585786300049,0.7310585786300049
2020-10-16 02:44:59.999,0.7310585786300049,0.7310585786300049
2020-10-17 03:44:59.999,0.7310585786300049,0.7310585786300049
2020-10-18 04:44:59.999,0.7310585786300049,0.7310585786300049
2020-10-19 05:44:59.999,0.7310585786300049,0.7310585786300049
2020-10-20 06:44:59.999,0.7310585786300049,0.7310585786300049
2020-10-21 07:44:59.999,0.7310585786300049,0.7310585786300049
2020-10-22 08:44:59.999,0.7310585786300049,0.7310585786300049
2020-10-23 09:44:59.999,0.7310585786300049,0.7310585786300049
2020-10-24 10:44:59.999,0.7310585786300049,0.7310585786300049
2020-10-25 11:44:59.999,0.7310585786300049,0.7310585786300049
2020-10-26 12:44:59.999,0.7310585786300049,0.7310585786300049
2020-10-27 13:44:59.999,0.7310585786300049,0.7310585786300049
2020-10-28 14:44:59.999,0.7310585786300049,0.7310585786300049
2020-10-29 15:44:59.999,0.7310585786300049,0.7310585786300049
2020-10-30 16:44:59.999,0.7310585786300049,0.7310585786300049
2020-10-31 17:44:59.999,0.7310585786300049,0.7310585786300049
2020-11-01 18:44:59.999,0.7310585786300049,0.7310585786300049
2020-11-02 19:44:59.999,0.7310585786300049,0.7310585786300049
2020-11-03 20:44:59.999,0.7310585786300049,0.7310585786300049
2020-11-04 21:44:59.999,0.7310585786300049,0.7310585786300049
2020-11-05 22:44:59.999,0.7310585786300049,0.7310585786300049
2020-11-06 23:44:59.999,0.7310585786300049,0.7310585786300049
2020-11-08 00:44:59.999,0.7310585786300049,0.7310585786300049
2020-11-09 01:44:59.999,0.7310585786300049,0.7310585786300049
2020-11-10 02:44:59.999,0.7310585786300049,0.7310585786300049
2020-11-11 03:44:59.999,0.7310585786300049,0.7310585786300049
2020-11-12 04:44:59.999,0.7310585786300049,0.7310585786300049
2020-11-13 05:44:59.999,0.7310585786300049,0.7310585786300049
2020-11-14 06:44:59.999,0.7310585786300049,0.7310585786300049
2020-11-15 07:44:59.999,0.7310585786300049,0.7310585786300049
2020-11-16 08:44:59.999,0.7310585786300049,0.7310585786300049
2020-11-17 09:44:59.999,0.7310585786300049,0.7310585786300049
2020-11-18 10:44:59.999,0.7310585786300049,0.7310585786300049
2020-11-19 11:44:59.999,0.7310585786300049,0.7310585786300049
2020-11-20 12:44:59.999,0.7310585786300049,0.7310585786300049
2020-11-21 13:44:59.999,0.7310585786300049,0.7310585786300049
2020-11-22 14:44:59.999,0.7310585786300049,0.7310585786300049
2020-11-23 15:44:59.999,0.7310585786300049,0.7310585786300049
2020-11-24 16:44:59.999,0.7310585786300049,0.7310585786300049
2020-11-25 17:44:59.999,0.7310585786300049,0.7310585786300049
2020-11-26 18:44:59.999,0.7310585786300049,0.7310585786300049
2020-11-27 19:44:59.999,0.7310585786300049,0.7310585786300049
2020-11-28 20:44:59.999,0.7310585786300049,0.7310585786300049
2020-11-29 21:44:59.999,0.7310585786300049,0.7310585786300049
2020-11-30 23:44:59.999,0.7310585786300049,0.7310585786300049
2020-12-02 00:44:59.999,0.7310585786300049,0.7310585786300049
2020-12-03 01:44:59.999,0.7310585786300049,0.7310585786300049
2020-12-04 02:44:59.999,0.7310585786300049,0.7310585786300049
2020-12-05 03:44:59.999,0.7310585786300049,0.7310585786300049
2020-12-06 04:44:59.999,0.7310585786300049,0.7310585786300049
2020-12-07 05:44:59.999,0.7310585786300049,0.7310585786300049
2020-12-08 06:44:59.999,0.7310585786300049,0.7310585786300049
2020-12-09 07:44:59.999,0.7310585786300049,0.7310585786300049
2020-12-10 08:44:59.999,0.7310585786300049,0.7310585786300049
2020-12-11 09:44:59.999,0.7310585786300049,0.7310585786300049
2020-12-12 10:44:59.999,0.7310585786300049,0.7310585786300049
2020-12-13 11:44:59.999,0.7310585786300049,0.7310585786300049
2020-12-14 12:44:59.999,0.7310585786300049,0.7310585786300049
2020-12-15 13:44:59.999,0.7310585786300049,0.7310585786300049
2020-12-16 14:44:59.999,0.7310585786300049,0.7310585786300049
2020-12-17 15:44:59.999,0.7310585786300049,0.7310585786300049
2020-12-18 16:44:59.999,0.7310585786300049,0.7310585786300049
2020-12-19 17:44:59.999,0.7310585786300049,0.7310585786300049
2020-12-20 18:44:59.999,0.7310585786300049,0.7310585786300049
2020-12-21 23:44:59.999,0.7310585786300049,0.7310585786300049
2020-12-23 00:44:59.999,0.7310585786300049,0.7310585786300049
2020-12-24 01:44:59.999,0.7310585786300049,0.7310585786300049
2020-12-25 03:44:59.999,0.7310585786300049,0.7310585786300049
2020-12-26 04:44:59.999,0.7310585786300049,0.7310585786300049
2020-12-27 05:44:59.999,0.7310585786300049,0.7310585786300049
2020-12-28 06:44:59.999,0.7310585786300049,0.7310585786300049
2020-12-29 07:44:59.999,0.7310585786300049,0.7310585786300049
2020-12-30 08:44:59.999,0.7310585786300049,0.7310585786300049
2020-12-31 09:44:59.999,0.7310585786300049,0.7310585786300049
2021-01-01 10:44:59.999,0.7310585786300049,0.7310585786300049
2021-01-02 11:44:59.999,0.7310585786300049,0.7310585786300049
2021-01-03 12:44:59.999,0.7310585786300049,0.7310585786300049
2021-01-04 13:44:59.999,0.7310585786300049,0.7310585786300049
2021-01-05 14:44:59.999,0.7310585786300049,0.7310585786300049
2021-01-06 15:44:59.999,0.7310585786300049,0.7310585786300049
2021-01-07 16:44:59.999,0.7310585786300049,0.7310585786300049
2021-01-08 17:44:59.999,0.7310585786300049,0.7310585786300049
2021-01-09 18:44:59.999,0.7310585786300049,0.7310585786300049
2021-01-10 19:44:59.999,0.7310585786300049,0.7310585786300049
2021-01-11 20:44:59.999,0.7310585786300049,0.7310585786300049
2021-01-12 21:44:59.999,0.7310585786300049,0.7310585786300049
2021-01-13 22:44:59.999,0.7310585786300049,0.7310585786300049
2021-01-14 23:44:59.999,0.7310585786300049,0.7310585786300049
2021-01-16 00:44:59.999,0.7310585786300049,0.7310585786300049
2021-01-17 01:44:59.999,0.7310585786300049,0.7310585786300049
2021-01-18 02:44:59.999,0.7310585786300049,0.7310585786300049
2021-01-19 03:44:59.999,0.7310585786300049,0.7310585786300049
2021-01-20 04:44:59.999,0.7310585786300049,0.7310585786300049
2021-01-21 05:44:59.999,0.7310585786300049,0.7310585786300049
2021-01-22 06:44:59.999,0.7310585786300049,0.7310585786300049
2021-01-23 07:44:59.999,0.7310585786300049,0.7310585786300049
2021-01-24 08:44:59.999,0.7310585786300049,0.7310585786300049
2021-01-25 09:44:59.999,0.7310585786300049,0.7310585786300049
2021-01-26 10:44:59.999,0.7310585786300049,0.7310585786300049
2021-01-27 11:44:59.999,0.7310585786300049,0.7310585786300049
2021-01-28 12:44:59.999,0.7310585786300049,0.7310585786300049
2021-01-29 13:44:59.999,0.7310585786300049,0.7310585786300049
2021-01-30 14:44:59.999,0.7310585786300049,0.7310585786300049
2021-01-31 15:44:59.999,0.7310585786300049,0.7310585786300049
2021-02-01 16:44:59.999,0.7310585786300049,0.7310585786300049
2021-02-02 17:44:59.999,0.7310585786300049,0.7310585786300049
2021-02-03 18:44:59.999,0.7310585786300049,0.7310585786300049
2021-02-04 19:44:59.999,0.7310585786300049,0.7310585786300049
2021-02-05 20:44:59.999,0.7310585786300049,0.7310585786300049
2021-02-06 21:44:59.999,0.7310585786300049,0.7310585786300049
2021-02-07 22:44:59.999,0.7310585786300049,0.7310585786300049
2021-02-08 23:44:59.999,0.7310585786300049,0.7310585786300049
2021-02-10 00:44:59.999,0.7310585786300049,0.7310585786300049
2021-02-11 01:44:59.999,0.7310585786300049,0.7310585786300049
2021-02-12 03:59:59.999,0.7310585786300049,0.7310585786300049
2021-02-13 04:59:59.999,0.7310585786300049,0.7310585786300049
2021-02-14 05:59:59.999,0.7310585786300049,0.7310585786300049
2021-02-15 06:59:59.999,0.7310585786300049,0.7310585786300049
2021-02-16 07:59:59.999,0.7310585786300049,0.7310585786300049
2021-02-17 08:59:59.999,0.7310585786300049,0.7310585786300049
2021-02-18 09:59:59.999,0.7310585786300049,0.7310585786300049
2021-02-19 10:59:59.999,0.7310585786300049,0.7310585786300049
2021-02-20 11:59:59.999,0.7310585786300049,0.7310585786300049
2021-02-21 12:59:59.999,0.7310585786300049,0.7310585786300049
2021-02-22 13:59:59.999,0.7310585786300049,0.7310585786300049
2021-02-23 14:59:59.999,0.7310585786300049,0.7310585786300049
2021-02-24 15:59:59.999,0.7310585786300049,0.7310585786300049
2021-02-25 16:59:59.999,0.7310585786300049,0.7310585786300049
2021-02-26 17:59:59.999,0.7310585786300049,0.7310585786300049
2021-02-27 18:59:59.999,0.7310585786300049,0.7310585786300049
2021-02-28 19:59:59.999,0.7310585786300049,0.7310585786300049
2021-03-01 20:59:59.999,0.7310585786300049,0.7310585786300049
2021-03-02 21:59:59.999,0.7310585786300049,0.7310585786300049
2021-03-03 22:59:59.999,0.7310585786300049,0.7310585786300049
2021-03-04 23:59:59.999,0.7310585786300049,0.7310585786300049
2021-03-06 00:59:59.999,0.7310585786300049,0.7310585786300049
2021-03-07 03:29:59.999,0.7310585786300049,0.7310585786300049
2021-03-08 04:29:59.999,0.7310585786300049,0.7310585786300049
2021-03-09 05:29:59.999,0.7310585786300049,0.7310585786300049
2021-03-10 06:29:59.999,0.7310585786300049,0.7310585786300049
2021-03-11 07:29:59.999,0.7310585786300049,0.7310585786300049
2021-03-12 08:29:59.999,0.7310585786300049,0.7310585786300049
2021-03-13 09:29:59.999,0.7310585786300049,0.7310585786300049
2021-03-14 10:29:59.999,0.7310585786300049,0.7310585786300049
2021-03-15 11:29:59.999,0.7310585786300049,0.7310585786300049
2021-03-16 12:29:59.999,0.7310585786300049,0.7310585786300049
2021-03-17 13:29:59.999,0.7310585786300049,0.7310585786300049
2021-03-18 14:29:59.999,0.7310585786300049,0.7310585786300049
2021-03-19 15:29:59.999,0.7310585786300049,0.7310585786300049
2021-03-20 16:29:59.999,0.7310585786300049,0.7310585786300049
2021-03-21 17:29:59.999,0.7310585786300049,0.7310585786300049
2021-03-22 18:29:59.999,0.7310585786300049,0.7310585786300049
2021-03-23 19:29:59.999,0.7310585786300049,0.7310585786300049
2021-03-24 20:29:59.999,0.7310585786300049,0.7310585786300049
2021-03-25 21:29:59.999,0.7310585786300049,0.7310585786300049
2021-03-26 22:29:59.999,0.7310585786300049,0.7310585786300049
2021-03-27 23:29:59.999,0.7310585786300049,0.7310585786300049
2021-03-29 00:29:59.999,0.7310585786300049,0.7310585786300049
2021-03-30 01:29:59.999,0.7310585786300049,0.7310585786300049
2021-03-31 02:29:59.999,0.7310585786300049,0.7310585786300049
2021-04-01 03:29:59.999,0.7310585786300049,0.7310585786300049
2021-04-02 04:29:59.999,0.7310585786300049,0.7310585786300049
2021-04-03 05:29:59.999,0.7310585786300049,0.7310585786300049
2021-04-04 06:29:59.999,0.7310585786300049,0.7310585786300049
2021-04-05 07:29:59.999,0.7310585786300049,0.7310585786300049
2021-04-06 08:29:59.999,0.7310585786300049,0.7310585786300049
2021-04-07 09:29:59.999,0.7310585786300049,0.7310585786300049
2021-04-08 10:29:59.999,0.7310585786300049,0.7310585786300049
2021-04-09 11:29:59.999,0.7310585786300049,0.7310585786300049
2021-04-10 12:29:59.999,0.7310585786300049,0.7310585786300049
2021-04-11 13:29:59.999,0.7310585786300049,0.7310585786300049
2021-04-12 14:29:59.999,0.7310585786300049,0.7310585786300049
2021-04-13 15:29:59.999,0.7310585786300049,0.7310585786300049
2021-04-14 16:29:59.999,0.7310585786300049,0.7310585786300049
2021-04-15 17:29:59.999,0.7310585786300049,0.7310585786300049
2021-04-16 18:29:59.999,0.7310585786300049,0.7310585786300049
2021-04-17 19:29:59.999,0.7310585786300049,0.7310585786300049
2021-04-18 20:29:59.999,0.7310585786300049,0.7310585786300049
2021-04-19 21:29:59.999,0.7310585786300049,0.7310585786300049
2021-04-21 00:59:59.999,0.7310585786300049,0.7310585786300049
2021-04-22 01:59:59.999,0.7310585786300049,0.7310585786300049
2021-04-23 02:59:59.999,0.7310585786300049,0.7310585786300049
2021-04-24 03:59:59.999,0.7310585786300049,0.7310585786300049
2021-04-25 09:29:59.999,0.7310585786300049,0.7310585786300049
2021-04-26 10:29:59.999,0.7310585786300049,0.7310585786300049
2021-04-27 11:29:59.999,0.7310585786300049,0.7310585786300049
2021-04-28 12:29:59.999,0.7310585786300049,0.7310585786300049
2021-04-29 13:29:59.999,0.7310585786300049,0.7310585786300049
2021-04-30 14:29:59.999,0.7310585786300049,0.7310585786300049
2021-05-01 15:29:59.999,0.7310585786300049,0.7310585786300049
2021-05-02 16:29:59.999,0.7310585786300049,0.7310585786300049
2021-05-03 17:29:59.999,0.7310585786300049,0.7310585786300049
2021-05-04 18:29:59.999,0.7310585786300049,0.7310585786300049
2021-05-05 19:29:59.999,0.7310585786300049,0.7310585786300049
2021-05-06 20:29:59.999,0.7310585786300049,0.7310585786300049
2021-05-07 21:29:59.999,0.7310585786300049,0.7310585786300049
2021-05-08 22:29:59.999,0.7310585786300049,0.7310585786300049
2021-05-09 23:29:59.999,0.7310585786300049,0.7310585786300049
2021-05-11 00:29:59.999,0.7310585786300049,0.7310585786300049
2021-05-12 01:29:59.999,0.7310585786300049,0.7310585786300049
2021-05-13 02:29:59.999,0.7310585786300049,0.7310585786300049
2021-05-14 03:29:59.999,0.7310585786300049,0.7310585786300049
2021-05-15 04:29:59.999,0.7310585786300049,0.7310585786300049
2021-05-16 05:29:59.999,0.7310585786300049,0.7310585786300049
2021-05-17 06:29:59.999,0.7310585786300049,0.7310585786300049
2021-05-18 07:29:59.999,0.7310585786300049,0.7310585786300049
2021-05-19 08:29:59.999,0.7310585786300049,0.7310585786300049
2021-05-20 09:29:59.999,0.7310585786300049,0.7310585786300049
2021-05-21 10:29:59.999,0.7310585786300049,0.7310585786300049
2021-05-22 11:29:59.999,0.7310585786300049,0.7310585786300049
2021-05-23 12:29:59.999,0.7310585786300049,0.7310585786300049
2021-05-24 13:29:59.999,0.7310585786300049,0.7310585786300049
2021-05-25 14:29:59.999,0.7310585786300049,0.7310585786300049
2021-05-26 15:29:59.999,0.7310585786300049,0.7310585786300049
2021-05-27 16:29:59.999,0.7310585786300049,0.7310585786300049
2021-05-28 17:29:59.999,0.7310585786300049,0.7310585786300049
2021-05-29 18:29:59.999,0.7310585786300049,0.7310585786300049
2021-05-30 19:29:59.999,0.7310585786300049,0.7310585786300049
2021-05-31 20:29:59.999,0.7310585786300049,0.7310585786300049
2021-06-01 21:29:59.999,0.7310585786300049,0.7310585786300049
2021-06-02 22:29:59.999,0.7310585786300049,0.7310585786300049
2021-06-03 23:29:59.999,0.7310585786300049,0.7310585786300049
2021-06-05 00:29:59.999,0.7310585786300049,0.7310585786300049
2021-06-06 01:29:59.999,0.7310585786300049,0.7310585786300049
2021-06-07 02:29:59.999,0.7310585786300049,0.7310585786300049
2021-06-08 03:29:59.999,0.7310585786300049,0.7310585786300049
2021-06-09 04:29:59.999,0.7310585786300049,0.7310585786300049
2021-06-10 05:29:59.999,0.7310585786300049,0.7310585786300049
2021-06-11 06:29:59.999,0.7310585786300049,0.7310585786300049
2021-06-12 07:29:59.999,0.7310585786300049,0.7310585786300049
2021-06-13 08:29:59.999,0.7310585786300049,0.7310585786300049
2021-06-14 09:29:59.999,0.7310585786300049,0.7310585786300049
2021-06-15 10:29:59.999,0.7310585786300049,0.7310585786300049
2021-06-16 11:29:59.999,0.7310585786300049,0.7310585786300049
2021-06-17 12:29:59.999,0.7310585786300049,0.7310585786300049
2021-06-18 13:29:59.999,0.7310585786300049,0.7310585786300049
2021-06-19 14:29:59.999,0.7310585786300049,0.7310585786300049
2021-06-20 15:29:59.999,0.7310585786300049,0.7310585786300049
2021-06-21 16:29:59.999,0.7310585786300049,0.7310585786300049
2021-06-22 17:29:59.999,0.7310585786300049,0.7310585786300049
2021-06-23 18:29:59.999,0.7310585786300049,0.7310585786300049
2021-06-24 19:29:59.999,0.7310585786300049,0.7310585786300049
2021-06-25 20:29:59.999,0.7310585786300049,0.7310585786300049
2021-06-26 21:29:59.999,0.7310585786300049,0.7310585786300049
2021-06-27 22:29:59.999,0.7310585786300049,0.7310585786300049
2021-06-28 23:29:59.999,0.7310585786300049,0.7310585786300049
2021-06-30 00:29:59.999,0.7310585786300049,0.7310585786300049
2021-07-01 01:29:59.999,0.7310585786300049,0.7310585786300049
2021-07-02 02:29:59.999,0.7310585786300049,0.7310585786300049
2021-07-03 03:29:59.999,0.7310585786300049,0.7310585786300049
2021-07-04 04:29:59.999,0.7310585786300049,0.7310585786300049
2021-07-05 05:29:59.999,0.7310585786300049,0.7310585786300049
2021-07-06 06:29:59.999,0.7310585786300049,0.7310585786300049
2021-07-07 07:29:59.999,0.7310585786300049,0.7310585786300049
2021-07-08 08:29:59.999,0.7310585786300049,0.7310585786300049
2021-07-09 09:29:59.999,0.7310585786300049,0.7310585786300049
2021-07-10 10:29:59.999,0.7310585786300049,0.7310585786300049
2021-07-11 11:29:59.999,0.7310585786300049,0.7310585786300049
2021-07-12 12:29:59.999,0.7310585786300049,0.7310585786300049
2021-07-13 13:29:59.999,0.7310585786300049,0.7310585786300049
2021-07-14 14:29:59.999,0.7310585786300049,0.7310585786300049
2021-07-15 15:29:59.999,0.7310585786300049,0.7310585786300049
2021-07-16 16:29:59.999,0.7310585786300049,0.7310585786300049
2021-07-17 17:29:59.999,0.7310585786300049,0.7310585786300049
2021-07-18 18:29:59.999,0.7310585786300049,0.7310585786300049
2021-07-19 19:29:59.999,0.7310585786300049,0.7310585786300049
2021-07-20 20:29:59.999,0.7310585786300049,0.7310585786300049
2021-07-21 21:29:59.999,0.7310585786300049,0.7310585786300049
2021-07-22 22:29:59.999,0.7310585786300049,0.7310585786300049
2021-07-23 23:29:59.999,0.7310585786300049,0.7310585786300049
2021-07-25 00:29:59.999,0.7310585786300049,0.7310585786300049
2021-07-26 01:29:59.999,0.7310585786300049,0.7310585786300049
2021-07-27 02:29:59.999,0.7310585786300049,0.7310585786300049
2021-07-28 03:29:59.999,0.7310585786300049,0.7310585786300049
2021-07-29 04:29:59.999,0.7310585786300049,0.7310585786300049
2021-07-30 05:29:59.999,0.7310585786300049,0.7310585786300049
2021-07-31 06:29:59.999,0.7310585786300049,0.7310585786300049
2021-08-01 07:29:59.999,0.7310585786300049,0.7310585786300049
2021-08-02 08:29:59.999,0.7310585786300049,0.7310585786300049
2021-08-03 09:29:59.999,0.7310585786300049,0.7310585786300049
2021-08-04 10:29:59.999,0.7310585786300049,0.7310585786300049
2021-08-05 11:29:59.999,0.7310585786300049,0.7310585786300049
2021-08-06 12:29:59.999,0.7310585786300049,0.7310585786300049
2021-08-07 13:29:59.999,0.7310585786300049,0.7310585786300049
2021-08-08 14:29:59.999,0.7310585786300049,0.7310585786300049
2021-08-09 15:29:59.999,0.7310585786300049,0.7310585786300049
2021-08-10 16:29:59.999,0.7310585786300049,0.7310585786300049
2021-08-11 17:29:59.999,0.7310585786300049,0.7310585786300049
2021-08-12 18:29:59.999,0.7310585786300049,0.7310585786300049
2021-08-13 23:59:59.999,0.7310585786300049,0.7310585786300049
2021-08-15 00:59:59.999,0.7310585786300049,0.7310585786300049
2021-08-16 01:59:59.999,0.7310585786300049,0.7310585786300049
2021-08-17 02:59:59.999,0.7310585786300049,0.7310585786300049
2021-08-18 03:59:59.999,0.7310585786300049,0.7310585786300049
2021-08-19 04:59:59.999,0.7310585786300049,0.7310585786300049
2021-08-20 05:59:59.999,0.7310585786300049,0.7310585786300049
2021-08-21 06:59:59.999,0.7310585786300049,0.7310585786300049
2021-08-22 07:59:59.999,0.7310585786300049,0.7310585786300049
2021-08-23 08:59:59.999,0.7310585786300049,0.7310585786300049
2021-08-24 09:59:59.999,0.7310585786300049,0.7310585786300049
2021-08-25 10:59:59.999,0.7310585786300049,0.7310585786300049
2021-08-26 11:59:59.999,0.7310585786300049,0.7310585786300049
2021-08-27 12:59:59.999,0.7310585786300049,0.7310585786300049
2021-08-28 13:59:59.999,0.7310585786300049,0.7310585786300049
2021-08-29 14:59:59.999,0.7310585786300049,0.7310585786300049
2021-08-30 15:59:59.999,0.7310585786300049,0.7310585786300049
2021-08-31 16:59:59.999,0.7310585786300049,0.7310585786300049
2021-09-01 17:59:59.999,0.7310585786300049,0.7310585786300049
2021-09-02 18:59:59.999,0.7310585786300049,0.7310585786300049
2021-09-03 19:59:59.999,0.7310585786300049,0.7310585786300049
2021-09-04 20:59:59.999,0.7310585786300049,0.7310585786300049
2021-09-05 21:59:59.999,0.7310585786300049,0.7310585786300049
2021-09-06 22:59:59.999,0.7310585786300049,0.7310585786300049
2021-09-07 23:59:59.999,0.7310585786300049,0.7310585786300049
2021-09-09 00:59:59.999,0.7310585786300049,0.7310585786300049
2021-09-10 01:59:59.999,0.7310585786300049,0.7310585786300049
2021-09-11 02:59:59.999,0.7310585786300049,0.7310585786300049
2021-09-12 03:59:59.999,0.7310585786300049,0.7310585786300049
2021-09-13 04:59:59.999,0.7310585786300049,0.7310585786300049
2021-09-14 05:59:59.999,0.7310585786300049,0.7310585786300049
2021-09-15 06:59:59.999,0.7310585786300049,0.7310585786300049
2021-09-16 07:59:59.999,0.7310585786300049,0.7310585786300049
2021-09-17 08:59:59.999,0.7310585786300049,0.7310585786300049
2021-09-18 09:59:59.999,0.7310585786300049,0.7310585786300049
2021-09-19 10:59:59.999,0.7310585786300049,0.7310585786300049
2021-09-20 11:59:59.999,0.7310585786300049,0.7310585786300049
2021-09-21 12:59:59.999,0.7310585786300049,0.7310585786300049
2021-09-22 13:59:59.999,0.7310585786300049,0.7310585786300049
2021-09-23 14:59:59.999,0.7310585786300049,0.7310585786300049
2021-09-24 15:59:59.999,0.7310585786300049,0.7310585786300049
2021-09-25 16:59:59.999,0.7310585786300049,0.7310585786300049
2021-09-26 17:59:59.999,0.7310585786300049,0.7310585786300049
2021-09-27 18:59:59.999,0.7310585786300049,0.7310585786300049
2021-09-28 19:59:59.999,0.7310585786300049,0.7310585786300049
2021-09-29 22:59:59.999,0.7310585786300049,0.7310585786300049
2021-09-30 23:59:59.999,0.7310585786300049,0.7310585786300049
2021-10-02 00:59:59.999,0.7310585786300049,0.7310585786300049
2021-10-03 01:59:59.999,0.7310585786300049,0.7310585786300049
2021-10-04 02:59:59.999,0.7310585786300049,0.7310585786300049
2021-10-05 03:59:59.999,0.7310585786300049,0.7310585786300049
2021-10-06 04:59:59.999,0.7310585786300049,0.7310585786300049
2021-10-07 05:59:59.999,0.7310585786300049,0.7310585786300049
2021-10-08 06:59:59.999,0.7310585786300049,0.7310585786300049
2021-10-09 07:59:59.999,0.7310585786300049,0.7310585786300049
2021-10-10 08:59:59.999,0.7310585786300049,0.7310585786300049
2021-10-11 09:59:59.999,0.7310585786300049,0.7310585786300049
2021-10-12 10:59:59.999,0.7310585786300049,0.7310585786300049
2021-10-13 11:59:59.999,0.7310585786300049,0.7310585786300049
2021-10-14 12:59:59.999,0.7310585786300049,0.7310585786300049
2021-10-15 13:59:59.999,0.7310585786300049,0.7310585786300049
2021-10-16 14:59:59.999,0.7310585786300049,0.7310585786300049
2021-10-17 15:59:59.999,0.7310585786300049,0.7310585786300049
2021-10-18 16:59:59.999,0.7310585786300049,0.7310585786300049
2021-10-19 17:59:59.999,0.7310585786300049,0.7310585786300049
2021-10-20 18:59:59.999,0.7310585786300049,0.7310585786300049
2021-10-21 19:59:59.999,0.7310585786300049,0.7310585786300049
2021-10-22 20:59:59.999,0.7310585786300049,0.7310585786300049
2021-10-23 21:59:59.999,0.7310585786300049,0.7310585786300049
2021-10-24 22:59:59.999,0.7310585786300049,0.7310585786300049
2021-10-25 23:59:59.999,0.7310585786300049,0.7310585786300049
2021-10-27 00:59:59.999,0.7310585786300049,0.7310585786300049
2021-10-28 01:59:59.999,0.7310585786300049,0.7310585786300049
2021-10-29 02:59:59.999,0.7310585786300049,0.7310585786300049
2021-10-30 03:59:59.999,0.7310585786300049,0.7310585786300049
2021-10-31 04:59:59.999,0.7310585786300049,0.7310585786300049
2021-11-01 05:59:59.999,0.7310585786300049,0.7310585786300049
2021-11-02 06:59:59.999,0.7310585786300049,0.7310585786300049
2021-11-03 07:59:59.999,0.7310585786300049,0.7310585786300049
2021-11-04 08:59:59.999,0.7310585786300049,0.7310585786300049
2021-11-05 09:59:59.999,0.7310585786300049,0.7310585786300049
2021-11-06 10:59:59.999,0.7310585786300049,0.7310585786300049
2021-11-07 11:59:59.999,0.7310585786300049,0.7310585786300049
2021-11-08 12:59:59.999,0.7310585786300049,0.7310585786300049
2021-11-09 13:59:59.999,0.7310585786300049,0.7310585786300049
2021-11-10 14:59:59.999,0.7310585786300049,0.7310585786300049
2021-11-11 15:59:59.999,0.7310585786300049,0.7310585786300049
2021-11-12 16:59:59.999,0.7310585786300049,0.7310585786300049
2021-11-13 17:59:59.999,0.7310585786300049,0.7310585786300049
2021-11-14 18:59:59.999,0.7310585786300049,0.7310585786300049
2021-11-15 19:59:59.999,0.7310585786300049,0.7310585786300049
2021-11-16 20:59:59.999,0.7310585786300049,0.7310585786300049
2021-11-17 21:59:59.999,0.7310585786300049,0.7310585786300049
2021-11-18 22:59:59.999,0.7310585786300049,0.7310585786300049
2021-11-19 23:59:59.999,0.7310585786300049,0.7310585786300049
2021-11-21 00:59:59.999,0.7310585786300049,0.7310585786300049
2021-11-22 01:59:59.999,0.7310585786300049,0.7310585786300049
2021-11-23 02:59:59.999,0.7310585786300049,0.7310585786300049
2021-11-24 03:59:59.999,0.7310585786300049,0.7310585786300049
2021-11-25 04:59:59.999,0.7310585786300049,0.7310585786300049
2021-11-26 05:59:59.999,0.7310585786300049,0.7310585786300049
2021-11-27 06:59:59.999,0.7310585786300049,0.7310585786300049
2021-11-28 07:59:59.999,0.7310585786300049,0.7310585786300049
2021-11-29 08:59:59.999,0.7310585786300049,0.7310585786300049
2021-11-30 09:59:59.999,0.7310585786300049,0.7310585786300049
2021-12-01 10:59:59.999,0.7310585786300049,0.7310585786300049
2021-12-02 11:59:59.999,0.7310585786300049,0.7310585786300049
2021-12-03 12:59:59.999,0.7310585786300049,0.7310585786300049
2021-12-04 13:59:59.999,0.7310585786300049,0.7310585786300049
2021-12-05 14:59:59.999,0.7310585786300049,0.7310585786300049
2021-12-06 15:59:59.999,0.7310585786300049,0.7310585786300049
2021-12-07 16:59:59.999,0.7310585786300049,0.7310585786300049
2021-12-08 17:59:59.999,0.7310585786300049,0.7310585786300049
2021-12-09 18:59:59.999,0.7310585786300049,0.7310585786300049
2021-12-10 19:59:59.999,0.7310585786300049,0.7310585786300049
2021-12-11 20:59:59.999,0.7310585786300049,0.7310585786300049
2021-12-12 21:59:59.999,0.7310585786300049,0.7310585786300049
2021-12-13 22:59:59.999,0.7310585786300049,0.7310585786300049
2021-12-14 23:59:59.999,0.7310585786300049,0.7310585786300049
2021-12-16 00:59:59.999,0.7310585786300049,0.7310585786300049
2021-12-17 01:59:59.999,0.7310585786300049,0.7310585786300049
2021-12-18 02:59:59.999,0.7310585786300049,0.7310585786300049
2021-12-19 03:59:59.999,0.7310585786300049,0.7310585786300049
2021-12-20 04:59:59.999,0.7310585786300049,0.7310585786300049
2021-12-21 05:59:59.999,0.7310585786300049,0.7310585786300049
2021-12-22 06:59:59.999,0.7310585786300049,0.7310585786300049
2021-12-23 07:59:59.999,0.7310585786300049,0.7310585786300049
2021-12-24 08:59:59.999,0.7310585786300049,0.7310585786300049
2021-12-25 09:59:59.999,0.7310585786300049,0.7310585786300049
2021-12-26 10:59:59.999,0.7310585786300049,0.7310585786300049
2021-12-27 11:59:59.999,0.7310585786300049,0.7310585786300049
2021-12-28 12:59:59.999,0.7310585786300049,0.7310585786300049
2021-12-29 13:59:59.999,0.7310585786300049,0.7310585786300049
2021-12-30 14:59:59.999,0.7310585786300049,0.7310585786300049
2021-12-31 15:59:59.999,0.7310585786300049,0.7310585786300049
2022-01-01 16:59:59.999,0.7310585786300049,0.7310585786300049
2022-01-02 17:59:59.999,0.7310585786300049,0.7310585786300049
2022-01-03 18:59:59.999,0.7310585786300049,0.7310585786300049
2022-01-04 19:59:59.999,0.7310585786300049,0.7310585786300049
2022-01-05 20:59:59.999,0.7310585786300049,0.7310585786300049
2022-01-06 21:59:59.999,0.7310585786300049,0.7310585786300049
2022-01-07 22:59:59.999,0.7310585786300049,0.7310585786300049
2022-01-08 23:59:59.999,0.7310585786300049,0.7310585786300049
2022-01-10 00:59:59.999,0.7310585786300049,0.7310585786300049
2022-01-11 01:59:59.999,0.7310585786300049,0.7310585786300049
2022-01-12 02:59:59.999,0.7310585786300049,0.7310585786300049
2022-01-13 03:59:59.999,0.7310585786300049,0.7310585786300049
2022-01-14 04:59:59.999,0.7310585786300049,0.7310585786300049
2022-01-15 05:59:59.999,0.7310585786300049,0.7310585786300049
2022-01-16 06:59:59.999,0.7310585786300049,0.7310585786300049
2022-01-17 07:59:59.999,0.7310585786300049,0.7310585786300049
2022-01-18 08:59:59.999,0.7310585786300049,0.7310585786300049
2022-01-19 09:59:59.999,0.7310585786300049,0.7310585786300049
2022-01-20 10:59:59.999,0.7310585786300049,0.7310585786300049
2022-01-21 11:59:59.999,0.7310585786300049,0.7310585786300049
2022-01-22 12:59:59.999,0.7310585786300049,0.7310585786300049
2022-01-23 13:59:59.999,0.7310585786300049,0.7310585786300049
2022-01-24 14:59:59.999,0.7310585786300049,0.7310585786300049
2022-01-25 15:59:59.999,0.7310585786300049,0.7310585786300049
2022-01-26 16:59:59.999,0.7310585786300049,0.7310585786300049
2022-01-27 17:59:59.999,0.7310585786300049,0.7310585786300049
2022-01-28 18:59:59.999,0.7310585786300049,0.7310585786300049
2022-01-29 19:59:59.999,0.7310585786300049,0.7310585786300049
2022-01-30 20:59:59.999,0.7310585786300049,0.7310585786300049
2022-01-31 21:59:59.999,0.7310585786300049,0.7310585786300049
2022-02-01 22:59:59.999,0.7310585786300049,0.7310585786300049
2022-02-02 23:59:59.999,0.7310585786300049,0.7310585786300049
2022-02-04 00:59:59.999,0.7310585786300049,0.7310585786300049
2022-02-05 01:59:59.999,0.7310585786300049,0.7310585786300049
2022-02-06 02:59:59.999,0.7310585786300049,0.7310585786300049
2022-02-07 03:59:59.999,0.7310585786300049,0.7310585786300049
2022-02-08 04:59:59.999,0.7310585786300049,0.7310585786300049
2022-02-09 05:59:59.999,0.7310585786300049,0.7310585786300049
2022-02-10 06:59:59.999,0.7310585786300049,0.7310585786300049
2022-02-11 07:59:59.999,0.7310585786300049,0.7310585786300049
2022-02-12 08:59:59.999,0.7310585786300049,0.7310585786300049
2022-02-13 09:59:59.999,0.7310585786300049,0.7310585786300049
2022-02-14 10:59:59.999,0.7310585786300049,0.7310585786300049
2022-02-15 11:59:59.999,0.7310585786300049,0.7310585786300049
2022-02-16 12:59:59.999,0.7310585786300049,0.7310585786300049
2022-02-17 13:59:59.999,0.7310585786300049,0.7310585786300049
2022-02-18 14:59:59.999,0.7310585786300049,0.7310585786300049
2022-02-19 15:59:59.999,0.7310585786300049,0.7310585786300049
2022-02-20 16:59:59.999,0.7310585786300049,0.7310585786300049
2022-02-21 17:59:59.999,0.7310585786300049,0.7310585786300049
2022-02-22 18:59:59.999,0.7310585786300049,0.7310585786300049
2022-02-23 19:59:59.999,0.7310585786300049,0.7310585786300049
2022-02-24 20:59:59.999,0.7310585786300049,0.7310585786300049
2022-02-25 21:59:59.999,0.7310585786300049,0.7310585786300049
2022-02-26 22:59:59.999,0.7310585786300049,0.7310585786300049
2022-02-27 23:59:59.999,0.7310585786300049,0.7310585786300049
2022-03-01 00:59:59.999,0.7310585786300049,0.7310585786300049
2022-03-02 01:59:59.999,0.7310585786300049,0.7310585786300049
2022-03-03 02:59:59.999,0.7310585786300049,0.7310585786300049
2022-03-04 03:59:59.999,0.7310585786300049,0.7310585786300049
2022-03-05 04:59:59.999,0.7310585786300049,0.7310585786300049
2022-03-06 05:59:59.999,0.7310585786300049,0.7310585786300049
2022-03-07 06:59:59.999,0.7310585786300049,0.7310585786300049
2022-03-08 07:59:59.999,0.7310585786300049,0.7310585786300049
2022-03-09 08:59:59.999,0.7310585786300049,0.7310585786300049
2022-03-10 09:59:59.999,0.7310585786300049,0.7310585786300049
2022-03-11 10:59:59.999,0.7310585786300049,0.7310585786300049
2022-03-12 11:59:59.999,0.7310585786300049,0.7310585786300049
2022-03-13 12:59:59.999,0.7310585786300049,0.7310585786300049
2022-03-14 13:59:59.999,0.7310585786300049,0.7310585786300049
2022-03-15 14:59:59.999,0.7310585786300049,0.7310585786300049
2022-03-16 15:59:59.999,0.7310585786300049,0.7310585786300049
2022-03-17 16:59:59.999,0.7310585786300049,0.7310585786300049
2022-03-18 17:59:59.999,0.7310585786300049,0.7310585786300049
2022-03-19 18:59:59.999,0.7310585786300049,0.7310585786300049
2022-03-20 19:59:59.999,0.7310585786300049,0.7310585786300049
2022-03-21 20:59:59.999,0.7310585786300049,0.7310585786300049
2022-03-22 21:59:59.999,0.7310585786300049,0.7310585786300049
2022-03-23 22:59:59.999,0.7310585786300049,0.7310585786300049
2022-03-24 23:59:59.999,0.7310585786300049,0.7310585786300049
2022-03-26 00:59:59.999,0.7310585786300049,0.7310585786300049
2022-03-27 01:59:59.999,0.7310585786300049,0.7310585786300049
2022-03-28 02:59:59.999,0.7310585786300049,0.7310585786300049
2022-03-29 03:59:59.999,0.7310585786300049,0.7310585786300049
2022-03-30 04:59:59.999,0.7310585786300049,0.7310585786300049
2022-03-31 05:59:59.999,0.7310585786300049,0.7310585786300049
2022-04-01 06:59:59.999,0.7310585786300049,0.7310585786300049
2022-04-02 07:59:59.999,0.7310585786300049,0.7310585786300049
2022-04-03 08:59:59.999,0.7310585786300049,0.7310585786300049
2022-04-04 09:59:59.999,0.7310585786300049,0.7310585786300049
2022-04-05 10:59:59.999,0.7310585786300049,0.7310585786300049
2022-04-06 11:59:59.999,0.7310585786300049,0.7310585786300049
2022-04-07 12:59:59.999,0.7310585786300049,0.7310585786300049
2022-04-08 13:59:59.999,0.7310585786300049,0.7310585786300049
2022-04-09 14:59:59.999,0.7310585786300049,0.7310585786300049
2022-04-10 15:59:59.999,0.7310585786300049,0.7310585786300049
2022-04-11 16:59:59.999,0.7310585786300049,0.7310585786300049
2022-04-12 17:59:59.999,0.7310585786300049,0.7310585786300049
2022-04-13 18:59:59.999,0.7310585786300049,0.7310585786300049
2022-04-14 19:59:59.999,0.7310585786300049,0.7310585786300049
2022-04-15 20:59:59.999,0.7310585786300049,0.7310585786300049
2022-04-16 21:59:59.999,0.7310585786300049,0.7310585786300049
2022-04-17 22:59:59.999,0.7310585786300049,0.7310585786300049
2022-04-18 23:59:59.999,0.7310585786300049,0.7310585786300049
2022-04-20 00:59:59.999,0.7310585786300049,0.7310585786300049
2022-04-21 01:59:59.999,0.7310585786300049,0.7310585786300049
2022-04-22 02:59:59.999,0.7310585786300049,0.7310585786300049
2022-04-23 03:59:59.999,0.7310585786300049,0.7310585786300049
2022-04-24 04:59:59.999,0.7310585786300049,0.7310585786300049
2022-04-25 05:59:59.999,0.7310585786300049,0.7310585786300049
2022-04-26 06:59:59.999,0.7310585786300049,0.7310585786300049
2022-04-27 07:59:59.999,0.7310585786300049,0.7310585786300049
2022-04-28 08:59:59.999,0.7310585786300049,0.7310585786300049
2022-04-29 09:59:59.999,0.7310585786300049,0.7310585786300049
2022-04-30 10:59:59.999,0.7310585786300049,0.7310585786300049
2022-05-01 11:59:59.999,0.7310585786300049,0.7310585786300049
2022-05-02 12:59:59.999,0.7310585786300049,0.7310585786300049
2022-05-03 13:59:59.999,0.7310585786300049,0.7310585786300049
2022-05-04 14:59:59.999,0.7310585786300049,0.7310585786300049
2022-05-05 15:59:59.999,0.7310585786300049,0.7310585786300049
2022-05-06 16:59:59.999,0.7310585786300049,0.7310585786300049
2022-05-07 17:59:59.999,0.7310585786300049,0.7310585786300049
2022-05-08 18:59:59.999,0.7310585786300049,0.7310585786300049
2022-05-09 19:59:59.999,0.7310585786300049,0.7310585786300049
2022-05-10 20:59:59.999,0.7310585786300049,0.7310585786300049
2022-05-11 21:59:59.999,0.7310585786300049,0.7310585786300049
2022-05-12 22:59:59.999,0.7310585786300049,0.7310585786300049
2022-05-13 23:59:59.999,0.7310585786300049,0.7310585786300049
2022-05-15 00:59:59.999,0.7310585786300049,0.7310585786300049
2022-05-16 01:59:59.999,0.7310585786300049,0.7310585786300049
2022-05-17 02:59:59.999,0.7310585786300049,0.7310585786300049
2022-05-18 03:59:59.999,0.7310585786300049,0.7310585786300049
2022-05-19 04:59:59.999,0.7310585786300049,0.7310585786300049
2022-05-20 05:59:59.999,0.7310585786300049,0.7310585786300049
2022-05-21 06:59:59.999,0.7310585786300049,0.7310585786300049
2022-05-22 07:59:59.999,0.7310585786300049,0.7310585786300049
2022-05-23 08:59:59.999,0.7310585786300049,0.7310585786300049
2022-05-24 09:59:59.999,0.7310585786300049,0.7310585786300049
2022-05-25 10:59:59.999,0.7310585786300049,0.7310585786300049
2022-05-26 11:59:59.999,0.7310585786300049,0.7310585786300049
2022-05-27 12:59:59.999,0.7310585786300049,0.7310585786300049
2022-05-28 13:59:59.999,0.7310585786300049,0.7310585786300049
2022-05-29 14:59:59.999,0.7310585786300049,0.7310585786300049
2022-05-30 15:59:59.999,0.7310585786300049,0.7310585786300049
2022-05-31 16:59:59.999,0.7310585786300049,0.7310585786300049
2022-06-01 17:59:59.999,0.7310585786300049,0.7310585786300049
2022-06-02 18:59:59.999,0.7310585786300049,0.7310585786300049
2022-06-03 19:59:59.999,0.7310585786300049,0.7310585786300049
2022-06-04 20:59:59.999,0.7310585786300049,0.7310585786300049
2022-06-05 21:59:59.999,0.7310585786300049,0.7310585786300049
2022-06-06 22:59:59.999,0.7310585786300049,0.7310585786300049
2022-06-07 23:59:59.999,0.7310585786300049,0.7310585786300049
2022-06-09 00:59:59.999,0.7310585786300049,0.7310585786300049
2022-06-10 01:59:59.999,0.7310585786300049,0.7310585786300049
2022-06-11 02:59:59.999,0.7310585786300049,0.7310585786300049
2022-06-12 03:59:59.999,0.7310585786300049,0.7310585786300049
2022-06-13 04:59:59.999,0.7310585786300049,0.7310585786300049
2022-06-14 05:59:59.999,0.7310585786300049,0.7310585786300049
2022-06-15 06:59:59.999,0.7310585786300049,0.7310585786300049
2022-06-16 07:59:59.999,0.7310585786300049,0.7310585786300049
2022-06-17 08:59:59.999,0.7310585786300049,0.7310585786300049
2022-06-18 09:59:59.999,0.7310585786300049,0.7310585786300049
2022-06-19 10:59:59.999,0.7310585786300049,0.7310585786300049
2022-06-20 11:59:59.999,0.7310585786300049,0.7310585786300049
2022-06-21 12:59:59.999,0.7310585786300049,0.7310585786300049
2022-06-22 13:59:59.999,0.7310585786300049,0.7310585786300049
2022-06-23 14:59:59.999,0.7310585786300049,0.7310585786300049
2022-06-24 15:59:59.999,0.7310585786300049,0.7310585786300049
2022-06-25 16:59:59.999,0.7310585786300049,0.7310585786300049
2022-06-26 17:59:59.999,0.7310585786300049,0.7310585786300049
2022-06-27 18:59:59.999,0.7310585786300049,0.7310585786300049
2022-06-28 19:59:59.999,0.7310585786300049,0.7310585786300049
2022-06-29 20:59:59.999,0.7310585786300049,0.7310585786300049
2022-06-30 21:59:59.999,0.7310585786300049,0.7310585786300049
2022-07-01 22:59:59.999,0.7310585786300049,0.7310585786300049
2022-07-02 23:59:59.999,0.7310585786300049,0.7310585786300049
2022-07-04 00:59:59.999,0.7310585786300049,0.7310585786300049
2022-07-05 01:59:59.999,0.7310585786300049,0.7310585786300049
2022-07-06 02:59:59.999,0.7310585786300049,0.7310585786300049
2022-07-07 03:59:59.999,0.7310585786300049,0.7310585786300049
2022-07-08 04:59:59.999,0.7310585786300049,0.7310585786300049
2022-07-09 05:59:59.999,0.7310585786300049,0.7310585786300049
2022-07-10 06:59:59.999,0.7310585786300049,0.7310585786300049
2022-07-11 07:59:59.999,0.7310585786300049,0.7310585786300049
2022-07-12 08:59:59.999,0.7310585786300049,0.7310585786300049
2022-07-13 09:59:59.999,0.7310585786300049,0.7310585786300049
2022-07-14 10:59:59.999,0.7310585786300049,0.7310585786300049
2022-07-15 11:59:59.999,0.7310585786300049,0.7310585786300049
2022-07-16 12:59:59.999,0.7310585786300049,0.7310585786300049
2022-07-17 13:59:59.999,0.7310585786300049,0.7310585786300049
2022-07-18 14:59:59.999,0.7310585786300049,0.7310585786300049
2022-07-19 15:59:59.999,0.7310585786300049,0.7310585786300049
2022-07-20 16:59:59.999,0.7310585786300049,0.7310585786300049
2022-07-21 17:59:59.999,0.7310585786300049,0.7310585786300049
2022-07-22 18:59:59.999,0.7310585786300049,0.7310585786300049
2022-07-23 19:59:59.999,0.7310585786300049,0.7310585786300049
2022-07-24 20:59:59.999,0.7310585786300049,0.7310585786300049
2022-07-25 21:59:59.999,0.7310585786300049,0.7310585786300049
2022-07-26 22:59:59.999,0.7310585786300049,0.7310585786300049
2022-07-27 23:59:59.999,0.7310585786300049,0.7310585786300049
2022-07-29 00:59:59.999,0.7310585786300049,0.7310585786300049
2022-07-30 01:59:59.999,0.7310585786300049,0.7310585786300049
2022-07-31 02:59:59.999,0.7310585786300049,0.7310585786300049
2022-08-01 03:59:59.999,0.7310585786300049,0.7310585786300049
2022-08-02 04:59:59.999,0.7310585786300049,0.7310585786300049
2022-08-03 05:59:59.999,0.7310585786300049,0.7310585786300049
2022-08-04 06:59:59.999,0.7310585786300049,0.7310585786300049
2022-08-05 07:59:59.999,0.7310585786300049,0.7310585786300049
2022-08-06 08:59:59.999,0.7310585786300049,0.7310585786300049
2022-08-07 09:59:59.999,0.7310585786300049,0.7310585786300049
2022-08-08 10:59:59.999,0.7310585786300049,0.7310585786300049
2022-08-09 11:59:59.999,0.7310585786300049,0.7310585786300049
2022-08-10 12:59:59.999,0.7310585786300049,0.7310585786300049
2022-08-11 13:59:59.999,0.7310585786300049,0.7310585786300049
2022-08-12 14:59:59.999,0.7310585786300049,0.7310585786300049
2022-08-13 15:59:59.999,0.7310585786300049,0.7310585786300049
2022-08-14 16:59:59.999,0.7310585786300049,0.7310585786300049
2022-08-15 17:59:59.999,0.7310585786300049,0.7310585786300049
2022-08-16 18:59:59.999,0.7310585786300049,0.7310585786300049
2022-08-17 19:59:59.999,0.7310585786300049,0.7310585786300049
2022-08-18 20:59:59.999,0.7310585786300049,0.7310585786300049
2022-08-19 21:59:59.999,0.7310585786300049,0.7310585786300049
2022-08-20 22:59:59.999,0.7310585786300049,0.7310585786300049
2022-08-21 23:59:59.999,0.7310585786300049,0.7310585786300049
2022-08-23 00:59:59.999,0.7310585786300049,0.7310585786300049
2022-08-24 01:59:59.999,0.7310585786300049,0.7310585786300049
2022-08-25 02:59:59.999,0.7310585786300049,0.7310585786300049
2022-08-26 03:59:59.999,0.7310585786300049,0.7310585786300049
2022-08-27 04:59:59.999,0.7310585786300049,0.7310585786300049
2022-08-28 05:59:59.999,0.7310585786300049,0.7310585786300049
2022-08-29 06:59:59.999,0.7310585786300049,0.7310585786300049
2022-08-30 07:59:59.999,0.7310585786300049,0.7310585786300049
2022-08-31 08:59:59.999,0.7310585786300049,0.7310585786300049
2022-09-01 09:59:59.999,0.7310585786300049,0.7310585786300049
2022-09-02 10:59:59.999,0.7310585786300049,0.7310585786300049
2022-09-03 11:59:59.999,0.7310585786300049,0.7310585786300049
2022-09-04 12:59:59.999,0.7310585786300049,0.7310585786300049
2022-09-05 13:59:59.999,0.7310585786300049,0.7310585786300049
2022-09-06 14:59:59.999,0.7310585786300049,0.7310585786300049
2022-09-07 15:59:59.999,0.7310585786300049,0.7310585786300049
2022-09-08 16:59:59.999,0.7310585786300049,0.7310585786300049
2022-09-09 17:59:59.999,0.7310585786300049,0.7310585786300049
2022-09-10 18:59:59.999,0.7310585786300049,0.7310585786300049
2022-09-11 19:59:59.999,0.7310585786300049,0.7310585786300049
2022-09-12 20:59:59.999,0.7310585786300049,0.7310585786300049
2022-09-13 21:59:59.999,0.7310585786300049,0.7310585786300049
2022-09-14 22:59:59.999,0.7310585786300049,0.7310585786300049
2022-09-15 23:59:59.999,0.7310585786300049,0.7310585786300049
2022-09-17 00:59:59.999,0.7310585786300049,0.7310585786300049
2022-09-18 01:59:59.999,0.7310585786300049,0.7310585786300049
2022-09-19 02:59:59.999,0.7310585786300049,0.7310585786300049
2022-09-20 03:59:59.999,0.7310585786300049,0.7310585786300049
2022-09-21 04:59:59.999,0.7310585786300049,0.7310585786300049
2022-09-22 05:59:59.999,0.7310585786300049,0.7310585786300049
2022-09-23 06:59:59.999,0.7310585786300049,0.7310585786300049
2022-09-24 07:59:59.999,0.7310585786300049,0.7310585786300049
2022-09-25 08:59:59.999,0.7310585786300049,0.7310585786300049
2022-09-26 09:59:59.999,0.7310585786300049,0.7310585786300049
2022-09-27 10:59:59.999,0.7310585786300049,0.7310585786300049
2022-09-28 11:59:59.999,0.7310585786300049,0.7310585786300049
2022-09-29 12:59:59.999,0.7310585786300049,0.7310585786300049
2022-09-30 13:59:59.999,0.7310585786300049,0.7310585786300049
2022-10-01 14:59:59.999,0.7310585786300049,0.7310585786300049
2022-10-02 15:59:59.999,0.7310585786300049,0.7310585786300049
2022-10-03 16:59:59.999,0.7310585786300049,0.7310585786300049
2022-10-04 17:59:59.999,0.7310585786300049,0.7310585786300049
2022-10-05 18:59:59.999,0.7310585786300049,0.7310585786300049
2022-10-06 19:59:59.999,0.7310585786300049,0.7310585786300049
2022-10-07 20:59:59.999,0.7310585786300049,0.7310585786300049
2022-10-08 21:59:59.999,0.7310585786300049,0.7310585786300049
2022-10-09 22:59:59.999,0.7310585786300049,0.7310585786300049
2022-10-10 23:59:59.999,0.7310585786300049,0.7310585786300049
2022-10-12 00:59:59.999,0.7310585786300049,0.7310585786300049
2022-10-13 01:59:59.999,0.7310585786300049,0.7310585786300049
2022-10-14 02:59:59.999,0.7310585786300049,0.7310585786300049
2022-10-15 03:59:59.999,0.7310585786300049,0.7310585786300049
2022-10-16 04:59:59.999,0.7310585786300049,0.7310585786300049
2022-10-17 05:59:59.999,0.7310585786300049,0.7310585786300049
2022-10-18 06:59:59.999,0.7310585786300049,0.7310585786300049
2022-10-19 07:59:59.999,0.7310585786300049,0.7310585786300049
2022-10-20 08:59:59.999,0.7310585786300049,0.7310585786300049
2022-10-21 09:59:59.999,0.7310585786300049,0.7310585786300049
2022-10-22 10:59:59.999,0.7310585786300049,0.7310585786300049
2022-10-23 11:59:59.999,0.7310585786300049,0.7310585786300049
2022-10-24 12:59:59.999,0.7310585786300049,0.7310585786300049
2022-10-25 13:59:59.999,0.7310585786300049,0.7310585786300049
2022-10-26 14:59:59.999,0.7310585786300049,0.7310585786300049
2022-10-27 15:59:59.999,0.7310585786300049,0.7310585786300049
2022-10-28 16:59:59.999,0.7310585786300049,0.7310585786300049
2022-10-29 17:59:59.999,0.7310585786300049,0.7310585786300049
2022-10-30 18:59:59.999,0.7310585786300049,0.7310585786300049
2022-10-31 19:59:59.999,0.7310585786300049,0.7310585786300049
2022-11-01 20:59:59.999,0.7310585786300049,0.7310585786300049
2022-11-02 21:59:59.999,0.7310585786300049,0.7310585786300049
2022-11-03 22:59:59.999,0.7310585786300049,0.7310585786300049
2022-11-04 23:59:59.999,0.7310585786300049,0.7310585786300049
2022-11-06 00:59:59.999,0.7310585786300049,0.7310585786300049
2022-11-07 01:59:59.999,0.7310585786300049,0.7310585786300049
2022-11-08 02:59:59.999,0.7310585786300049,0.7310585786300049
2022-11-09 03:59:59.999,0.7310585786300049,0.7310585786300049
2022-11-10 04:59:59.999,0.7310585786300049,0.7310585786300049
2022-11-11 05:59:59.999,0.7310585786300049,0.7310585786300049
2022-11-12 06:59:59.999,0.7310585786300049,0.7310585786300049
2022-11-13 07:59:59.999,0.7310585786300049,0.7310585786300049
2022-11-14 08:59:59.999,0.7310585786300049,0.7310585786300049
2022-11-15 09:59:59.999,0.7310585786300049,0.7310585786300049
2022-11-16 10:59:59.999,0.7310585786300049,0.7310585786300049
2022-11-17 11:59:59.999,0.7310585786300049,0.7310585786300049
2022-11-18 12:59:59.999,0.7310585786300049,0.7310585786300049
2022-11-19 13:59:59.999,0.7310585786300049,0.7310585786300049
2022-11-20 14:59:59.999,0.7310585786300049,0.7310585786300049
2022-11-21 15:59:59.999,0.7310585786300049,0.7310585786300049
2022-11-22 16:59:59.999,0.7310585786300049,0.7310585786300049
2022-11-23 17:59:59.999,0.7310585786300049,0.7310585786300049
2022-11-24 18:59:59.999,0.7310585786300049,0.7310585786300049
2022-11-25 19:59:59.999,0.7310585786300049,0.7310585786300049
2022-11-26 20:59:59.999,0.7310585786300049,0.7310585786300049
2022-11-27 21:59:59.999,0.7310585786300049,0.7310585786300049
2022-11-28 22:59:59.999,0.7310585786300049,0.7310585786300049
2022-11-29 23:59:59.999,0.7310585786300049,0.7310585786300049
2022-12-01 00:59:59.999,0.7310585786300049,0.7310585786300049
2022-12-02 01:59:59.999,0.7310585786300049,0.7310585786300049
2022-12-03 02:59:59.999,0.7310585786300049,0.7310585786300049
2022-12-04 03:59:59.999,0.7310585786300049,0.7310585786300049
2022-12-05 04:59:59.999,0.7310585786300049,0.7310585786300049
2022-12-06 05:59:59.999,0.7310585786300049,0.7310585786300049
2022-12-07 06:59:59.999,0.7310585786300049,0.7310585786300049
2022-12-08 07:59:59.999,0.7310585786300049,0.7310585786300049
2022-12-09 08:59:59.999,0.7310585786300049,0.7310585786300049
2022-12-10 09:59:59.999,0.7310585786300049,0.7310585786300049
2022-12-11 10:59:59.999,0.7310585786300049,0.7310585786300049
2022-12-12 11:59:59.999,0.7310585786300049,0.7310585786300049
2022-12-13 12:59:59.999,0.7310585786300049,0.7310585786300049
2022-12-14 13:59:59.999,0.7310585786300049,0.7310585786300049
2022-12-15 14:59:59.999,0.7310585786300049,0.7310585786300049
2022-12-16 15:59:59.999,0.7310585786300049,0.7310585786300049
2022-12-17 16:59:59.999,0.7310585786300049,0.7310585786300049
2022-12-18 17:59:59.999,0.7310585786300049,0.7310585786300049
2022-12-19 18:59:59.999,0.7310585786300049,0.7310585786300049
2022-12-20 19:59:59.999,0.7310585786300049,0.7310585786300049
2022-12-21 20:59:59.999,0.7310585786300049,0.7310585786300049
2022-12-22 21:59:59.999,0.7310585786300049,0.7310585786300049
2022-12-23 22:59:59.999,0.7310585786300049,0.7310585786300049
2022-12-24 23:59:59.999,0.7310585786300049,0.7310585786300049
2022-12-26 00:59:59.999,0.7310585786300049,0.7310585786300049
2022-12-27 01:59:59.999,0.7310585786300049,0.7310585786300049
2022-12-28 02:59:59.999,0.7310585786300049,0.7310585786300049
2022-12-29 03:59:59.999,0.7310585786300049,0.7310585786300049
2022-12-30 04:59:59.999,0.7310585786300049,0.7310585786300049
2022-12-31 05:59:59.999,0.7310585786300049,0.7310585786300049
2023-01-01 06:59:59.999,0.7310585786300049,0.7310585786300049
2023-01-02 07:59:59.999,0.7310585786300049,0.7310585786300049
2023-01-03 08:59:59.999,0.7310585786300049,0.7310585786300049
2023-01-04 09:59:59.999,0.7310585786300049,0.7310585786300049
2023-01-05 10:59:59.999,0.7310585786300049,0.7310585786300049
2023-01-06 11:59:59.999,0.7310585786300049,0.7310585786300049
2023-01-07 12:59:59.999,0.7310585786300049,0.7310585786300049
2023-01-08 13:59:59.999,0.7310585786300049,0.7310585786300049
2023-01-09 14:59:59.999,0.7310585786300049,0.7310585786300049
2023-01-10 15:59:59.999,0.7310585786300049,0.7310585786300049
2023-01-11 16:59:59.999,0.7310585786300049,0.7310585786300049
2023-01-12 17:59:59.999,0.7310585786300049,0.7310585786300049
2023-01-13 18:59:59.999,0.7310585786300049,0.7310585786300049
2023-01-14 19:59:59.999,0.7310585786300049,0.7310585786300049
2023-01-15 20:59:59.999,0.7310585786300049,0.7310585786300049
2023-01-16 21:59:59.999,0.7310585786300049,0.7310585786300049
2023-01-17 22:59:59.999,0.7310585786300049,0.7310585786300049
2023-01-18 23:59:59.999,0.7310585786300049,0.7310585786300049
2023-01-20 00:59:59.999,0.7310585786300049,0.7310585786300049
2023-01-21 01:59:59.999,0.7310585786300049,0.7310585786300049
2023-01-22 02:59:59.999,0.7310585786300049,0.7310585786300049
2023-01-23 03:59:59.999,0.7310585786300049,0.7310585786300049
2023-01-24 04:59:59.999,0.7310585786300049,0.7310585786300049
2023-01-25 05:59:59.999,0.7310585786300049,0.7310585786300049
2023-01-26 06:59:59.999,0.7310585786300049,0.7310585786300049
2023-01-27 07:59:59.999,0.7310585786300049,0.7310585786300049
2023-01-28 08:59:59.999,0.7310585786300049,0.7310585786300049
2023-01-29 09:59:59.999,0.7310585786300049,0.7310585786300049
2023-01-30 10:59:59.999,0.7310585786300049,0.7310585786300049
2023-01-31 11:59:59.999,0.7310585786300049,0.7310585786300049
2023-02-01 12:59:59.999,0.7310585786300049,0.7310585786300049
2023-02-02 13:59:59.999,0.7310585786300049,0.7310585786300049
2023-02-03 14:59:59.999,0.7310585786300049,0.7310585786300049
2023-02-04 15:59:59.999,0.7310585786300049,0.7310585786300049
2023-02-05 16:59:59.999,0.7310585786300049,0.7310585786300049
2023-02-06 17:59:59.999,0.7310585786300049,0.7310585786300049
2023-02-07 18:59:59.999,0.7310585786300049,0.7310585786300049
2023-02-08 19:59:59.999,0.7310585786300049,0.7310585786300049
2023-02-09 20:59:59.999,0.7310585786300049,0.7310585786300049
2023-02-10 21:59:59.999,0.7310585786300049,0.7310585786300049
2023-02-11 22:59:59.999,0.7310585786300049,0.7310585786300049
2023-02-12 23:59:59.999,0.7310585786300049,0.7310585786300049
2023-02-14 00:59:59.999,0.7310585786300049,0.7310585786300049
2023-02-15 01:59:59.999,0.7310585786300049,0.7310585786300049
2023-02-16 02:59:59.999,0.7310585786300049,0.7310585786300049
2023-02-17 03:59:59.999,0.7310585786300049,0.7310585786300049
2023-02-18 04:59:59.999,0.7310585786300049,0.7310585786300049
2023-02-19 05:59:59.999,0.7310585786300049,0.7310585786300049
2023-02-20 06:59:59.999,0.7310585786300049,0.7310585786300049
2023-02-21 07:59:59.999,0.7310585786300049,0.7310585786300049
2023-02-22 08:59:59.999,0.7310585786300049,0.7310585786300049
2023-02-23 09:59:59.999,0.7310585786300049,0.7310585786300049
2023-02-24 10:59:59.999,0.7310585786300049,0.7310585786300049
2023-02-25 11:59:59.999,0.7310585786300049,0.7310585786300049
2023-02-26 12:59:59.999,0.7310585786300049,0.7310585786300049
2023-02-27 13:59:59.999,0.7310585786300049,0.7310585786300049
2023-02-28 14:59:59.999,0.7310585786300049,0.7310585786300049
2023-03-01 15:59:59.999,0.7310585786300049,0.7310585786300049
2023-03-02 16:59:59.999,0.7310585786300049,0.7310585786300049
2023-03-03 17:59:59.999,0.7310585786300049,0.7310585786300049
2023-03-04 18:59:59.999,0.7310585786300049,0.7310585786300049
2023-03-05 19:59:59.999,0.7310585786300049,0.7310585786300049
2023-03-06 20:59:59.999,0.7310585786300049,0.7310585786300049
2023-03-07 21:59:59.999,0.7310585786300049,0.7310585786300049
2023-03-08 22:59:59.999,0.7310585786300049,0.7310585786300049
2023-03-09 23:59:59.999,0.7310585786300049,0.7310585786300049
2023-03-11 00:59:59.999,0.7310585786300049,0.7310585786300049
2023-03-12 01:59:59.999,0.7310585786300049,0.7310585786300049
2023-03-13 02:59:59.999,0.7310585786300049,0.7310585786300049
2023-03-14 03:59:59.999,0.7310585786300049,0.7310585786300049
2023-03-15 04:59:59.999,0.7310585786300049,0.7310585786300049
2023-03-16 05:59:59.999,0.7310585786300049,0.7310585786300049
2023-03-17 06:59:59.999,0.7310585786300049,0.7310585786300049
2023-03-18 07:59:59.999,0.7310585786300049,0.7310585786300049
2023-03-19 08:59:59.999,0.7310585786300049,0.7310585786300049
2023-03-20 09:59:59.999,0.7310585786300049,0.7310585786300049
2023-03-21 10:59:59.999,0.7310585786300049,0.7310585786300049
2023-03-22 11:59:59.999,0.7310585786300049,0.7310585786300049
2023-03-23 12:59:59.999,0.7310585786300049,0.7310585786300049
2023-03-24 15:14:59.999,0.7310585786300049,0.7310585786300049
2023-03-25 16:14:59.999,0.7310585786300049,0.7310585786300049
2023-03-26 17:14:59.999,0.7310585786300049,0.7310585786300049
2023-03-27 18:14:59.999,0.7310585786300049,0.7310585786300049
2023-03-28 19:14:59.999,0.7310585786300049,0.7310585786300049
2023-03-29 20:14:59.999,0.7310585786300049,0.7310585786300049
2023-03-30 21:14:59.999,0.7310585786300049,0.7310585786300049
2023-03-31 22:14:59.999,0.7310585786300049,0.7310585786300049
2023-04-01 23:14:59.999,0.7310585786300049,0.7310585786300049
2023-04-03 00:14:59.999,0.7310585786300049,0.7310585786300049
2023-04-04 01:14:59.999,0.7310585786300049,0.7310585786300049
2023-04-05 02:14:59.999,0.7310585786300049,0.7310585786300049
2023-04-06 03:14:59.999,0.7310585786300049,0.7310585786300049
2023-04-07 04:14:59.999,0.7310585786300049,0.7310585786300049
2023-04-08 05:14:59.999,0.7310585786300049,0.7310585786300049
2023-04-09 06:14:59.999,0.7310585786300049,0.7310585786300049
2023-04-10 07:14:59.999,0.7310585786300049,0.7310585786300049
2023-04-11 08:14:59.999,0.7310585786300049,0.7310585786300049
2023-04-12 09:14:59.999,0.7310585786300049,0.7310585786300049
2023-04-13 10:14:59.999,0.7310585786300049,0.7310585786300049
2023-04-14 11:14:59.999,0.7310585786300049,0.7310585786300049
2023-04-15 12:14:59.999,0.7310585786300049,0.7310585786300049
2023-04-16 13:14:59.999,0.7310585786300049,0.7310585786300049
2023-04-17 14:14:59.999,0.7310585786300049,0.7310585786300049
2023-04-18 15:14:59.999,0.7310585786300049,0.7310585786300049
2023-04-19 16:14:59.999,0.7310585786300049,0.7310585786300049
2023-04-20 17:14:59.999,0.7310585786300049,0.7310585786300049
2023-04-21 18:14:59.999,0.7310585786300049,0.7310585786300049
2023-04-22 19:14:59.999,0.7310585786300049,0.7310585786300049
2023-04-23 20:14:59.999,0.7310585786300049,0.7310585786300049
2023-04-24 21:14:59.999,0.7310585786300049,0.7310585786300049
2023-04-25 22:14:59.999,0.7310585786300049,0.7310585786300049
2023-04-26 23:14:59.999,0.7310585786300049,0.7310585786300049
2023-04-28 00:14:59.999,0.7310585786300049,0.7310585786300049
2023-04-29 01:14:59.999,0.7310585786300049,0.7310585786300049
2023-04-30 02:14:59.999,0.7310585786300049,0.7310585786300049
2023-05-01 03:14:59.999,0.7310585786300049,0.7310585786300049
2023-05-02 04:14:59.999,0.7310585786300049,0.7310585786300049
2023-05-03 05:14:59.999,0.7310585786300049,0.7310585786300049
2023-05-04 06:14:59.999,0.7310585786300049,0.7310585786300049
2023-05-05 07:14:59.999,0.7310585786300049,0.7310585786300049
2023-05-06 08:14:59.999,0.7310585786300049,0.7310585786300049
2023-05-07 09:14:59.999,0.7310585786300049,0.7310585786300049
2023-05-08 10:14:59.999,0.7310585786300049,0.7310585786300049
2023-05-09 11:14:59.999,0.7310585786300049,0.7310585786300049
2023-05-10 12:14:59.999,0.7310585786300049,0.7310585786300049
2023-05-11 13:14:59.999,0.7310585786300049,0.7310585786300049
2023-05-12 14:14:59.999,0.7310585786300049,0.7310585786300049
2023-05-13 15:14:59.999,0.7310585786300049,0.7310585786300049
2023-05-14 16:14:59.999,0.7310585786300049,0.7310585786300049
2023-05-15 17:14:59.999,0.7310585786300049,0.7310585786300049
2023-05-16 18:14:59.999,0.7310585786300049,0.7310585786300049
2023-05-17 19:14:59.999,0.7310585786300049,0.7310585786300049
2023-05-18 20:14:59.999,0.7310585786300049,0.7310585786300049
2023-05-19 21:14:59.999,0.7310585786300049,0.7310585786300049
2023-05-20 22:14:59.999,0.7310585786300049,0.7310585786300049
2023-05-21 23:14:59.999,0.7310585786300049,0.7310585786300049
2023-05-23 00:14:59.999,0.7310585786300049,0.7310585786300049
2023-05-24 01:14:59.999,0.7310585786300049,0.7310585786300049
2023-05-25 02:14:59.999,0.7310585786300049,0.7310585786300049
2023-05-26 03:14:59.999,0.7310585786300049,0.7310585786300049
2023-05-27 04:14:59.999,0.7310585786300049,0.7310585786300049
2023-05-28 05:14:59.999,0.7310585786300049,0.7310585786300049
2023-05-29 06:14:59.999,0.7310585786300049,0.7310585786300049
2023-05-30 07:14:59.999,0.7310585786300049,0.7310585786300049
2023-05-31 08:14:59.999,0.7310585786300049,0.7310585786300049
2023-06-01 09:14:59.999,0.7310585786300049,0.7310585786300049
2023-06-02 10:14:59.999,0.7310585786300049,0.7310585786300049
2023-06-03 11:14:59.999,0.7310585786300049,0.7310585786300049
2023-06-04 12:14:59.999,0.7310585786300049,0.7310585786300049
2023-06-05 13:14:59.999,0.7310585786300049,0.7310585786300049
2023-06-06 14:14:59.999,0.7310585786300049,0.7310585786300049
2023-06-07 15:14:59.999,0.7310585786300049,0.7310585786300049
2023-06-08 16:14:59.999,0.7310585786300049,0.7310585786300049
2023-06-09 17:14:59.999,0.7310585786300049,0.7310585786300049
2023-06-10 18:14:59.999,0.7310585786300049,0.7310585786300049
2023-06-11 19:14:59.999,0.7310585786300049,0.7310585786300049
2023-06-12 20:14:59.999,0.7310585786300049,0.7310585786300049
2023-06-13 21:14:59.999,0.7310585786300049,0.7310585786300049
2023-06-14 22:14:59.999,0.7310585786300049,0.7310585786300049
2023-06-15 23:14:59.999,0.7310585786300049,0.7310585786300049
2023-06-17 00:14:59.999,0.7310585786300049,0.7310585786300049
2023-06-18 01:14:59.999,0.7310585786300049,0.7310585786300049
2023-06-19 02:14:59.999,0.7310585786300049,0.7310585786300049
2023-06-20 03:14:59.999,0.7310585786300049,0.7310585786300049
2023-06-21 04:14:59.999,0.7310585786300049,0.7310585786300049
2023-06-22 05:14:59.999,0.7310585786300049,0.7310585786300049
2023-06-23 06:14:59.999,0.7310585786300049,0.7310585786300049
2023-06-24 07:14:59.999,0.7310585786300049,0.7310585786300049
2023-06-25 08:14:59.999,0.7310585786300049,0.7310585786300049
2023-06-26 09:14:59.999,0.7310585786300049,0.7310585786300049
2023-06-27 10:14:59.999,0.7310585786300049,0.7310585786300049
2023-06-28 11:14:59.999,0.7310585786300049,0.7310585786300049
2023-06-29 12:14:59.999,0.7310585786300049,0.7310585786300049
2023-06-30 13:14:59.999,0.7310585786300049,0.7310585786300049
2023-07-01 14:14:59.999,0.7310585786300049,0.7310585786300049
2023-07-02 15:14:59.999,0.7310585786300049,0.7310585786300049
2023-07-03 16:14:59.999,0.7310585786300049,0.7310585786300049
2023-07-04 17:14:59.999,0.7310585786300049,0.7310585786300049
2023-07-05 18:14:59.999,0.7310585786300049,0.7310585786300049
2023-07-06 19:14:59.999,0.7310585786300049,0.7310585786300049
2023-07-07 20:14:59.999,0.7310585786300049,0.7310585786300049
2023-07-08 21:14:59.999,0.7310585786300049,0.7310585786300049
2023-07-09 22:14:59.999,0.7310585786300049,0.7310585786300049
2023-07-10 23:14:59.999,0.7310585786300049,0.7310585786300049
2023-07-12 00:14:59.999,0.7310585786300049,0.7310585786300049
2023-07-13 01:14:59.999,0.7310585786300049,0.7310585786300049
2023-07-14 02:14:59.999,0.7310585786300049,0.7310585786300049
2023-07-15 03:14:59.999,0.7310585786300049,0.7310585786300049
2023-07-16 04:14:59.999,0.7310585786300049,0.7310585786300049
2023-07-17 05:14:59.999,0.7310585786300049,0.7310585786300049
2023-07-18 06:14:59.999,0.7310585786300049,0.7310585786300049
2023-07-19 07:14:59.999,0.7310585786300049,0.7310585786300049
2023-07-20 08:14:59.999,0.7310585786300049,0.7310585786300049
2023-07-21 09:14:59.999,0.7310585786300049,0.7310585786300049
2023-07-22 10:14:59.999,0.7310585786300049,0.7310585786300049
2023-07-23 11:14:59.999,0.7310585786300049,0.7310585786300049
2023-07-24 12:14:59.999,0.7310585786300049,0.7310585786300049
2023-07-25 13:14:59.999,0.7310585786300049,0.7310585786300049
2023-07-26 14:14:59.999,0.7310585786300049,0.7310585786300049
2023-07-27 15:14:59.999,0.7310585786300049,0.7310585786300049
2023-07-28 16:14:59.999,0.7310585786300049,0.7310585786300049
2023-07-29 17:14:59.999,0.7310585786300049,0.7310585786300049
2023-07-30 18:14:59.999,0.7310585786300049,0.7310585786300049
2023-07-31 19:14:59.999,0.7310585786300049,0.7310585786300049
2023-08-01 20:14:59.999,0.7310585786300049,0.7310585786300049
2023-08-02 21:14:59.999,0.7310585786300049,0.7310585786300049
2023-08-03 22:14:59.999,0.7310585786300049,0.7310585786300049
2023-08-04 23:14:59.999,0.7310585786300049,0.7310585786300049
2023-08-06 00:14:59.999,0.7310585786300049,0.7310585786300049
2023-08-07 01:14:59.999,0.7310585786300049,0.7310585786300049
2023-08-08 02:14:59.999,0.7310585786300049,0.7310585786300049
2023-08-09 03:14:59.999,0.7310585786300049,0.7310585786300049
2023-08-10 04:14:59.999,0.7310585786300049,0.7310585786300049
2023-08-11 05:14:59.999,0.7310585786300049,0.7310585786300049
2023-08-12 06:14:59.999,0.7310585786300049,0.7310585786300049
2023-08-13 07:14:59.999,0.7310585786300049,0.7310585786300049
2023-08-14 08:14:59.999,0.7310585786300049,0.7310585786300049
2023-08-15 09:14:59.999,0.7310585786300049,0.7310585786300049
2023-08-16 10:14:59.999,0.7310585786300049,0.7310585786300049
2023-08-17 11:14:59.999,0.7310585786300049,0.7310585786300049
2023-08-18 12:14:59.999,0.7310585786300049,0.7310585786300049
2023-08-19 13:14:59.999,0.7310585786300049,0.7310585786300049
2023-08-20 14:14:59.999,0.7310585786300049,0.7310585786300049
2023-08-21 15:14:59.999,0.7310585786300049,0.7310585786300049
2023-08-22 16:14:59.999,0.7310585786300049,0.7310585786300049
2023-08-23 17:14:59.999,0.7310585786300049,0.7310585786300049
2023-08-24 18:14:59.999,0.7310585786300049,0.7310585786300049
2023-08-25 19:14:59.999,0.7310585786300049,0.7310585786300049
2023-08-26 20:14:59.999,0.7310585786300049,0.7310585786300049
2023-08-27 21:14:59.999,0.7310585786300049,0.7310585786300049
2023-08-28 22:14:59.999,0.7310585786300049,0.7310585786300049
2023-08-29 23:14:59.999,0.7310585786300049,0.7310585786300049
2023-08-31 00:14:59.999,0.7310585786300049,0.7310585786300049
2023-09-01 01:14:59.999,0.7310585786300049,0.7310585786300049
2023-09-02 02:14:59.999,0.7310585786300049,0.7310585786300049
2023-09-03 03:14:59.999,0.7310585786300049,0.7310585786300049
2023-09-04 04:14:59.999,0.7310585786300049,0.7310585786300049
2023-09-05 05:14:59.999,0.7310585786300049,0.7310585786300049
2023-09-06 06:14:59.999,0.7310585786300049,0.7310585786300049
2023-09-07 07:14:59.999,0.7310585786300049,0.7310585786300049
2023-09-08 08:14:59.999,0.7310585786300049,0.7310585786300049
2023-09-09 09:14:59.999,0.7310585786300049,0.7310585786300049
2023-09-10 10:14:59.999,0.7310585786300049,0.7310585786300049
2023-09-11 11:14:59.999,0.7310585786300049,0.7310585786300049
2023-09-12 12:14:59.999,0.7310585786300049,0.7310585786300049
2023-09-13 13:14:59.999,0.7310585786300049,0.7310585786300049
2023-09-14 14:14:59.999,0.7310585786300049,0.7310585786300049
2023-09-15 15:14:59.999,0.7310585786300049,0.7310585786300049
2023-09-16 16:14:59.999,0.7310585786300049,0.7310585786300049
2023-09-17 17:14:59.999,0.7310585786300049,0.7310585786300049
2023-09-18 18:14:59.999,0.7310585786300049,0.7310585786300049
2023-09-19 19:14:59.999,0.7310585786300049,0.7310585786300049
2023-09-20 20:14:59.999,0.7310585786300049,0.7310585786300049
2023-09-21 21:14:59.999,0.7310585786300049,0.7310585786300049
2023-09-22 22:14:59.999,0.7310585786300049,0.7310585786300049
2023-09-23 23:14:59.999,0.7310585786300049,0.7310585786300049
2023-09-25 00:14:59.999,0.7310585786300049,0.7310585786300049
2023-09-26 01:14:59.999,0.7310585786300049,0.7310585786300049
2023-09-27 02:14:59.999,0.7310585786300049,0.7310585786300049
2023-09-28 03:14:59.999,0.7310585786300049,0.7310585786300049
2023-09-29 04:14:59.999,0.7310585786300049,0.7310585786300049
2023-09-30 05:14:59.999,0.7310585786300049,0.7310585786300049
2023-10-01 06:14:59.999,0.7310585786300049,0.7310585786300049
2023-10-02 07:14:59.999,0.7310585786300049,0.7310585786300049
2023-10-03 08:14:59.999,0.7310585786300049,0.7310585786300049
2023-10-04 09:14:59.999,0.7310585786300049,0.7310585786300049
2023-10-05 10:14:59.999,0.7310585786300049,0.7310585786300049
2023-10-06 11:14:59.999,0.7310585786300049,0.7310585786300049
2023-10-07 12:14:59.999,0.7310585786300049,0.7310585786300049
2023-10-08 13:14:59.999,0.7310585786300049,0.7310585786300049
2023-10-09 14:14:59.999,0.7310585786300049,0.7310585786300049
2023-10-10 15:14:59.999,0.7310585786300049,0.7310585786300049
2023-10-11 16:14:59.999,0.7310585786300049,0.7310585786300049
2023-10-12 17:14:59.999,0.7310585786300049,0.7310585786300049
2023-10-13 18:14:59.999,0.7310585786300049,0.7310585786300049
2023-10-14 19:14:59.999,0.7310585786300049,0.7310585786300049
2023-10-15 20:14:59.999,0.7310585786300049,0.7310585786300049
2023-10-16 21:14:59.999,0.7310585786300049,0.7310585786300049
2023-10-17 22:14:59.999,0.7310585786300049,0.7310585786300049
2023-10-18 23:14:59.999,0.7310585786300049,0.7310585786300049
2023-10-20 00:14:59.999,0.7310585786300049,0.7310585786300049
2023-10-21 01:14:59.999,0.7310585786300049,0.7310585786300049
2023-10-22 02:14:59.999,0.7310585786300049,0.7310585786300049
2023-10-23 03:14:59.999,0.7310585786300049,0.7310585786300049
2023-10-24 04:14:59.999,0.7310585786300049,0.7310585786300049
2023-10-25 05:14:59.999,0.7310585786300049,0.7310585786300049
2023-10-26 06:14:59.999,0.7310585786300049,0.7310585786300049
2023-10-27 07:14:59.999,0.7310585786300049,0.7310585786300049
2023-10-28 08:14:59.999,0.7310585786300049,0.7310585786300049
2023-10-29 09:14:59.999,0.7310585786300049,0.7310585786300049
2023-10-30 10:14:59.999,0.7310585786300049,0.7310585786300049
2023-10-31 11:14:59.999,0.7310585786300049,0.7310585786300049
2023-11-01 12:14:59.999,0.7310585786300049,0.7310585786300049
2023-11-02 13:14:59.999,0.7310585786300049,0.7310585786300049
2023-11-03 14:14:59.999,0.7310585786300049,0.7310585786300049
2023-11-04 15:14:59.999,0.7310585786300049,0.7310585786300049
2023-11-05 16:14:59.999,0.7310585786300049,0.7310585786300049
2023-11-06 17:14:59.999,0.7310585786300049,0.7310585786300049
2023-11-07 18:14:59.999,0.7310585786300049,0.7310585786300049
2023-11-08 19:14:59.999,0.7310585786300049,0.7310585786300049
2023-11-09 20:14:59.999,0.7310585786300049,0.7310585786300049
2023-11-10 21:14:59.999,0.7310585786300049,0.7310585786300049
2023-11-11 22:14:59.999,0.7310585786300049,0.7310585786300049
2023-11-12 23:14:59.999,0.7310585786300049,0.7310585786300049
2023-11-14 00:14:59.999,0.7310585786300049,0.7310585786300049
2023-11-15 01:14:59.999,0.7310585786300049,0.7310585786300049
2023-11-16 02:14:59.999,0.7310585786300049,0.7310585786300049
2023-11-17 03:14:59.999,0.7310585786300049,0.7310585786300049
2023-11-18 04:14:59.999,0.7310585786300049,0.7310585786300049
2023-11-19 05:14:59.999,0.7310585786300049,0.7310585786300049
2023-11-20 06:14:59.999,0.7310585786300049,0.7310585786300049
2023-11-21 07:14:59.999,0.7310585786300049,0.7310585786300049
2023-11-22 08:14:59.999,0.7310585786300049,0.7310585786300049
2023-11-23 09:14:59.999,0.7310585786300049,0.7310585786300049
2023-11-24 10:14:59.999,0.7310585786300049,0.7310585786300049
2023-11-25 11:14:59.999,0.7310585786300049,0.7310585786300049
2023-11-26 12:14:59.999,0.7310585786300049,0.7310585786300049
2023-11-27 13:14:59.999,0.7310585786300049,0.7310585786300049
2023-11-28 14:14:59.999,0.7310585786300049,0.7310585786300049
2023-11-29 15:14:59.999,0.7310585786300049,0.7310585786300049
2023-11-30 16:14:59.999,0.7310585786300049,0.7310585786300049
2023-12-01 17:14:59.999,0.7310585786300049,0.7310585786300049
2023-12-02 18:14:59.999,0.7310585786300049,0.7310585786300049
2023-12-03 19:14:59.999,0.7310585786300049,0.7310585786300049
2023-12-04 20:14:59.999,0.7310585786300049,0.7310585786300049
2023-12-05 21:14:59.999,0.7310585786300049,0.7310585786300049
2023-12-06 22:14:59.999,0.7310585786300049,0.7310585786300049
2023-12-07 23:14:59.999,0.7310585786300049,0.7310585786300049
2023-12-09 00:14:59.999,0.7310585786300049,0.7310585786300049
2023-12-10 01:14:59.999,0.7310585786300049,0.7310585786300049
2023-12-11 02:14:59.999,0.7310585786300049,0.7310585786300049
2023-12-12 03:14:59.999,0.7310585786300049,0.7310585786300049
2023-12-13 04:14:59.999,0.7310585786300049,0.7310585786300049
2023-12-14 05:14:59.999,0.7310585786300049,0.7310585786300049
2023-12-15 06:14:59.999,0.7310585786300049,0.7310585786300049
2023-12-16 07:14:59.999,0.7310585786300049,0.7310585786300049
2023-12-17 08:14:59.999,0.7310585786300049,0.7310585786300049
2023-12-18 09:14:59.999,0.7310585786300049,0.7310585786300049
2023-12-19 10:14:59.999,0.7310585786300049,0.7310585786300049
2023-12-20 11:14:59.999,0.7310585786300049,0.7310585786300049
2023-12-21 12:14:59.999,0.7310585786300049,0.7310585786300049
2023-12-22 13:14:59.999,0.7310585786300049,0.7310585786300049
2023-12-23 14:14:59.999,0.7310585786300049,0.7310585786300049
2023-12-24 15:14:59.999,0.7310585786300049,0.7310585786300049
2023-12-25 16:14:59.999,0.7310585786300049,0.7310585786300049
2023-12-26 17:14:59.999,0.7310585786300049,0.7310585786300049
2023-12-27 18:14:59.999,0.7310585786300049,0.7310585786300049
2023-12-28 19:14:59.999,0.7310585786300049,0.7310585786300049
2023-12-29 20:14:59.999,0.7310585786300049,0.7310585786300049
2023-12-30 21:14:59.999,0.7310585786300049,0.7310585786300049
2023-12-31 22:14:59.999,0.7310585786300049,0.7310585786300049
2024-01-01 23:14:59.999,0.7310585786300049,0.7310585786300049
2024-01-03 00:14:59.999,0.7310585786300049,0.7310585786300049
2024-01-04 01:14:59.999,0.7310585786300049,0.7310585786300049
2024-01-05 02:14:59.999,0.7310585786300049,0.7310585786300049
2024-01-06 03:14:59.999,0.7310585786300049,0.7310585786300049
2024-01-07 04:14:59.999,0.7310585786300049,0.7310585786300049
2024-01-08 05:14:59.999,0.7310585786300049,0.7310585786300049
2024-01-09 06:14:59.999,0.7310585786300049,0.7310585786300049
2024-01-10 07:14:59.999,0.7310585786300049,0.7310585786300049
2024-01-11 08:14:59.999,0.7310585786300049,0.7310585786300049
2024-01-12 09:14:59.999,0.7310585786300049,0.7310585786300049
2024-01-13 10:14:59.999,0.7310585786300049,0.7310585786300049
2024-01-14 11:14:59.999,0.7310585786300049,0.7310585786300049
2024-01-15 12:14:59.999,0.7310585786300049,0.7310585786300049
2024-01-16 13:14:59.999,0.7310585786300049,0.7310585786300049
2024-01-17 14:14:59.999,0.7310585786300049,0.7310585786300049
2024-01-18 15:14:59.999,0.7310585786300049,0.7310585786300049
2024-01-19 16:14:59.999,0.7310585786300049,0.7310585786300049
2024-01-20 17:14:59.999,0.7310585786300049,0.7310585786300049
2024-01-21 18:14:59.999,0.7310585786300049,0.7310585786300049
2024-01-22 19:14:59.999,0.7310585786300049,0.7310585786300049
2024-01-23 20:14:59.999,0.7310585786300049,0.7310585786300049
2024-01-24 21:14:59.999,0.7310585786300049,0.7310585786300049
2024-01-25 22:14:59.999,0.7310585786300049,0.7310585786300049
2024-01-26 23:14:59.999,0.7310585786300049,0.7310585786300049
2024-01-28 00:14:59.999,0.7310585786300049,0.7310585786300049
2024-01-29 01:14:59.999,0.7310585786300049,0.7310585786300049
2024-01-30 02:14:59.999,0.7310585786300049,0.7310585786300049
2024-01-31 03:14:59.999,0.7310585786300049,0.7310585786300049
2024-02-01 04:14:59.999,0.7310585786300049,0.7310585786300049
2024-02-02 05:14:59.999,0.7310585786300049,0.7310585786300049
2024-02-03 06:14:59.999,0.7310585786300049,0.7310585786300049
2024-02-04 07:14:59.999,0.7310585786300049,0.7310585786300049
2024-02-05 08:14:59.999,0.7310585786300049,0.7310585786300049
2024-02-06 09:14:59.999,0.7310585786300049,0.7310585786300049
2024-02-07 10:14:59.999,0.7310585786300049,0.7310585786300049
2024-02-08 11:14:59.999,0.7310585786300049,0.7310585786300049
2024-02-09 12:14:59.999,0.7310585786300049,0.7310585786300049
2024-02-10 13:14:59.999,0.7310585786300049,0.7310585786300049
2024-02-11 14:14:59.999,0.7310585786300049,0.7310585786300049
2024-02-12 15:14:59.999,0.7310585786300049,0.7310585786300049
2024-02-13 16:14:59.999,0.7310585786300049,0.7310585786300049
2024-02-14 17:14:59.999,0.7310585786300049,0.7310585786300049
2024-02-15 18:14:59.999,0.7310585786300049,0.7310585786300049
2024-02-16 19:14:59.999,0.7310585786300049,0.7310585786300049
2024-02-17 20:14:59.999,0.7310585786300049,0.7310585786300049
2024-02-18 21:14:59.999,0.7310585786300049,0.7310585786300049
2024-02-19 22:14:59.999,0.7310585786300049,0.7310585786300049
2024-02-20 23:14:59.999,0.7310585786300049,0.7310585786300049
2024-02-22 00:14:59.999,0.7310585786300049,0.7310585786300049
2024-02-23 01:14:59.999,0.7310585786300049,0.7310585786300049
2024-02-24 02:14:59.999,0.7310585786300049,0.7310585786300049
2024-02-25 03:14:59.999,0.7310585786300049,0.7310585786300049
2024-02-26 04:14:59.999,0.7310585786300049,0.7310585786300049
2024-02-27 05:14:59.999,0.7310585786300049,0.7310585786300049
2024-02-28 06:14:59.999,0.7310585786300049,0.7310585786300049
2024-02-29 07:14:59.999,0.7310585786300049,0.7310585786300049
2024-03-01 08:14:59.999,0.7310585786300049,0.7310585786300049
2024-03-02 09:14:59.999,0.7310585786300049,0.7310585786300049
2024-03-03 10:14:59.999,0.7310585786300049,0.7310585786300049
2024-03-04 11:14:59.999,0.7310585786300049,0.7310585786300049
2024-03-05 12:14:59.999,0.7310585786300049,0.7310585786300049
2024-03-06 13:14:59.999,0.7310585786300049,0.7310585786300049
2024-03-07 14:14:59.999,0.7310585786300049,0.7310585786300049
2024-03-08 15:14:59.999,0.7310585786300049,0.7310585786300049
2024-03-09 16:14:59.999,0.7310585786300049,0.7310585786300049
2024-03-10 17:14:59.999,0.7310585786300049,0.7310585786300049
2024-03-11 18:14:59.999,0.7310585786300049,0.7310585786300049
2024-03-12 19:14:59.999,0.7310585786300049,0.7310585786300049
2024-03-13 20:14:59.999,0.7310585786300049,0.7310585786300049
2024-03-14 21:14:59.999,0.7310585786300049,0.7310585786300049
2024-03-15 22:14:59.999,0.7310585786300049,0.7310585786300049
2024-03-16 23:14:59.999,0.7310585786300049,0.7310585786300049
2024-03-18 00:14:59.999,0.7310585786300049,0.7310585786300049
2024-03-19 01:14:59.999,0.7310585786300049,0.7310585786300049
2024-03-20 02:14:59.999,0.7310585786300049,0.7310585786300049
2024-03-21 03:14:59.999,0.7310585786300049,0.7310585786300049
2024-03-22 04:14:59.999,0.7310585786300049,0.7310585786300049
2024-03-23 05:14:59.999,0.7310585786300049,0.7310585786300049
2024-03-24 06:14:59.999,0.7310585786300049,0.7310585786300049
2024-03-25 07:14:59.999,0.7310585786300049,0.7310585786300049
2024-03-26 08:14:59.999,0.7310585786300049,0.7310585786300049
2024-03-27 09:14:59.999,0.7310585786300049,0.7310585786300049
2024-03-28 10:14:59.999,0.7310585786300049,0.7310585786300049
2024-03-29 11:14:59.999,0.7310585786300049,0.7310585786300049
2024-03-30 12:14:59.999,0.7310585786300049,0.7310585786300049
2024-03-31 13:14:59.999,0.7310585786300049,0.7310585786300049
2024-04-01 14:14:59.999,0.7310585786300049,0.7310585786300049
2024-04-02 15:14:59.999,0.7310585786300049,0.7310585786300049
2024-04-03 16:14:59.999,0.7310585786300049,0.7310585786300049
2024-04-04 17:14:59.999,0.7310585786300049,0.7310585786300049
2024-04-05 18:14:59.999,0.7310585786300049,0.7310585786300049
2024-04-06 19:14:59.999,0.7310585786300049,0.7310585786300049
2024-04-07 20:14:59.999,0.7310585786300049,0.7310585786300049
2024-04-08 21:14:59.999,0.7310585786300049,0.7310585786300049
2024-04-09 22:14:59.999,0.7310585786300049,0.7310585786300049
2024-04-10 23:14:59.999,0.7310585786300049,0.7310585786300049
2024-04-12 00:14:59.999,0.7310585786300049,0.7310585786300049
2024-04-13 01:14:59.999,0.7310585786300049,0.7310585786300049
2024-04-14 02:14:59.999,0.7310585786300049,0.7310585786300049
2024-04-15 03:14:59.999,0.7310585786300049,0.7310585786300049
2024-04-16 04:14:59.999,0.7310585786300049,0.7310585786300049
2024-04-17 05:14:59.999,0.7310585786300049,0.7310585786300049
2024-04-18 06:14:59.999,0.7310585786300049,0.7310585786300049
2024-04-19 07:14:59.999,0.7310585786300049,0.7310585786300049
2024-04-20 08:14:59.999,0.7310585786300049,0.7310585786300049
2024-04-21 09:14:59.999,0.7310585786300049,0.7310585786300049
2024-04-22 10:14:59.999,0.7310585786300049,0.7310585786300049
2024-04-23 11:14:59.999,0.7310585786300049,0.7310585786300049
2024-04-24 12:14:59.999,0.7310585786300049,0.7310585786300049
2024-04-25 13:14:59.999,0.7310585786300049,0.7310585786300049
2024-04-26 14:14:59.999,0.7310585786300049,0.7310585786300049
2024-04-27 15:14:59.999,0.7310585786300049,0.7310585786300049
2024-04-28 16:14:59.999,0.7310585786300049,0.7310585786300049
2024-04-29 17:14:59.999,0.7310585786300049,0.7310585786300049
2024-04-30 18:14:59.999,0.7310585786300049,0.7310585786300049
2024-05-01 19:14:59.999,0.7310585786300049,0.7310585786300049
2024-05-02 20:14:59.999,0.7310585786300049,0.7310585786300049
2024-05-03 21:14:59.999,0.7310585786300049,0.7310585786300049
2024-05-04 22:14:59.999,0.7310585786300049,0.7310585786300049
2024-05-05 23:14:59.999,0.7310585786300049,0.7310585786300049
2024-05-07 00:14:59.999,0.7310585786300049,0.7310585786300049
2024-05-08 01:14:59.999,0.7310585786300049,0.7310585786300049
2024-05-09 02:14:59.999,0.7310585786300049,0.7310585786300049
2024-05-10 03:14:59.999,0.7310585786300049,0.7310585786300049
2024-05-11 04:14:59.999,0.7310585786300049,0.7310585786300049
2024-05-12 05:14:59.999,0.7310585786300049,0.7310585786300049
2024-05-13 06:14:59.999,0.7310585786300049,0.7310585786300049
2024-05-14 07:14:59.999,0.7310585786300049,0.7310585786300049
2024-05-15 08:14:59.999,0.7310585786300049,0.7310585786300049
2024-05-16 09:14:59.999,0.7310585786300049,0.7310585786300049
2024-05-17 10:14:59.999,0.7310585786300049,0.7310585786300049
2024-05-18 11:14:59.999,0.7310585786300049,0.7310585786300049
2024-05-19 12:14:59.999,0.7310585786300049,0.7310585786300049
2024-05-20 13:14:59.999,0.7310585786300049,0.7310585786300049
2024-05-21 14:14:59.999,0.7310585786300049,0.7310585786300049
2024-05-22 15:14:59.999,0.7310585786300049,0.7310585786300049
2024-05-23 16:14:59.999,0.7310585786300049,0.7310585786300049
2024-05-24 17:14:59.999,0.7310585786300049,0.7310585786300049
2024-05-25 18:14:59.999,0.7310585786300049,0.7310585786300049
2024-05-26 19:14:59.999,0.7310585786300049,0.7310585786300049
2024-05-27 20:14:59.999,0.7310585786300049,0.7310585786300049
2024-05-28 21:14:59.999,0.7310585786300049,0.7310585786300049
2024-05-29 22:14:59.999,0.7310585786300049,0.7310585786300049
2024-05-30 23:14:59.999,0.7310585786300049,0.7310585786300049
2024-06-01 00:14:59.999,0.7310585786300049,0.7310585786300049
2024-06-02 01:14:59.999,0.7310585786300049,0.7310585786300049
2024-06-03 02:14:59.999,0.7310585786300049,0.7310585786300049
2024-06-04 03:14:59.999,0.7310585786300049,0.7310585786300049
2024-06-05 04:14:59.999,0.7310585786300049,0.7310585786300049
2024-06-06 05:14:59.999,0.7310585786300049,0.7310585786300049
2024-06-07 06:14:59.999,0.7310585786300049,0.7310585786300049
2024-06-08 07:14:59.999,0.7310585786300049,0.7310585786300049
2024-06-09 08:14:59.999,0.7310585786300049,0.7310585786300049
2024-06-10 09:14:59.999,0.7310585786300049,0.7310585786300049
2024-06-11 10:14:59.999,0.7310585786300049,0.7310585786300049
2024-06-12 11:14:59.999,0.7310585786300049,0.7310585786300049
2024-06-13 12:14:59.999,0.7310585786300049,0.7310585786300049
2024-06-14 13:14:59.999,0.7310585786300049,0.7310585786300049
2024-06-15 14:14:59.999,0.7310585786300049,0.7310585786300049
2024-06-16 15:14:59.999,0.7310585786300049,0.7310585786300049
2024-06-17 16:14:59.999,0.7310585786300049,0.7310585786300049
2024-06-18 17:14:59.999,0.7310585786300049,0.7310585786300049
2024-06-19 18:14:59.999,0.7310585786300049,0.7310585786300049
2024-06-20 19:14:59.999,0.7310585786300049,0.7310585786300049
2024-06-21 20:14:59.999,0.7310585786300049,0.7310585786300049
2024-06-22 21:14:59.999,0.7310585786300049,0.7310585786300049
2024-06-23 22:14:59.999,0.7310585786300049,0.7310585786300049
2024-06-24 23:14:59.999,0.7310585786300049,0.7310585786300049
2024-06-26 00:14:59.999,0.7310585786300049,0.7310585786300049
2024-06-27 01:14:59.999,0.7310585786300049,0.7310585786300049
2024-06-28 02:14:59.999,0.7310585786300049,0.7310585786300049
2024-06-29 03:14:59.999,0.7310585786300049,0.7310585786300049
2024-06-30 04:14:59.999,0.7310585786300049,0.7310585786300049
2024-07-01 05:14:59.999,0.7310585786300049,0.7310585786300049
2024-07-02 06:14:59.999,0.7310585786300049,0.7310585786300049
2024-07-03 07:14:59.999,0.7310585786300049,0.7310585786300049
2024-07-04 08:14:59.999,0.7310585786300049,0.7310585786300049
2024-07-05 09:14:59.999,0.7310585786300049,0.7310585786300049
2024-07-06 10:14:59.999,0.7310585786300049,0.7310585786300049
2024-07-07 11:14:59.999,0.7310585786300049,0.7310585786300049
2024-07-08 12:14:59.999,0.7310585786300049,0.7310585786300049
2024-07-09 13:14:59.999,0.7310585786300049,0.7310585786300049
2024-07-10 14:14:59.999,0.7310585786300049,0.7310585786300049
2024-07-11 15:14:59.999,0.7310585786300049,0.7310585786300049
2024-07-12 16:14:59.999,0.7310585786300049,0.7310585786300049
2024-07-13 17:14:59.999,0.7310585786300049,0.7310585786300049
2024-07-14 18:14:59.999,0.7310585786300049,0.7310585786300049
2024-07-15 19:14:59.999,0.7310585786300049,0.7310585786300049
2024-07-16 20:14:59.999,0.7310585786300049,0.7310585786300049
2024-07-17 21:14:59.999,0.7310585786300049,0.7310585786300049
2024-07-18 22:14:59.999,0.7310585786300049,0.7310585786300049
2024-07-19 23:14:59.999,0.7310585786300049,0.7310585786300049
2024-07-21 00:14:59.999,0.7310585786300049,0.7310585786300049
2024-07-22 01:14:59.999,0.7310585786300049,0.7310585786300049
2024-07-23 02:14:59.999,0.7310585786300049,0.7310585786300049
2024-07-24 03:14:59.999,0.7310585786300049,0.7310585786300049
2024-07-25 04:14:59.999,0.7310585786300049,0.7310585786300049
2024-07-26 05:14:59.999,0.7310585786300049,0.7310585786300049
2024-07-27 06:14:59.999,0.7310585786300049,0.7310585786300049
2024-07-28 07:14:59.999,0.7310585786300049,0.7310585786300049
2024-07-29 08:14:59.999,0.7310585786300049,0.7310585786300049
2024-07-30 09:14:59.999,0.7310585786300049,0.7310585786300049
2024-07-31 10:14:59.999,0.7310585786300049,0.7310585786300049
2024-08-01 11:14:59.999,0.7310585786300049,0.7310585786300049
2024-08-02 12:14:59.999,0.7310585786300049,0.7310585786300049
2024-08-03 13:14:59.999,0.7310585786300049,0.7310585786300049
2024-08-04 14:14:59.999,0.7310585786300049,0.7310585786300049
2024-08-05 15:14:59.999,0.7310585786300049,0.7310585786300049
2024-08-06 16:14:59.999,0.7310585786300049,0.7310585786300049
2024-08-07 17:14:59.999,0.7310585786300049,0.7310585786300049
2024-08-08 18:14:59.999,0.7310585786300049,0.7310585786300049
2024-08-09 19:14:59.999,0.7310585786300049,0.7310585786300049
2024-08-10 20:14:59.999,0.7310585786300049,0.7310585786300049
2024-08-11 21:14:59.999,0.7310585786300049,0.7310585786300049
2024-08-12 22:14:59.999,0.7310585786300049,0.7310585786300049
2024-08-13 23:14:59.999,0.7310585786300049,0.7310585786300049
2024-08-15 00:14:59.999,0.7310585786300049,0.7310585786300049
2024-08-16 01:14:59.999,0.7310585786300049,0.7310585786300049
2024-08-17 02:14:59.999,0.7310585786300049,0.7310585786300049
2024-08-18 03:14:59.999,0.7310585786300049,0.7310585786300049
2024-08-19 04:14:59.999,0.7310585786300049,0.7310585786300049
2024-08-20 05:14:59.999,0.7310585786300049,0.7310585786300049
2024-08-21 06:14:59.999,0.7310585786300049,0.7310585786300049
2024-08-22 07:14:59.999,0.7310585786300049,0.7310585786300049
2024-08-23 08:14:59.999,0.7310585786300049,0.7310585786300049
2024-08-24 09:14:59.999,0.7310585786300049,0.7310585786300049
2024-08-25 10:14:59.999,0.7310585786300049,0.7310585786300049
2024-08-26 11:14:59.999,0.7310585786300049,0.7310585786300049
2024-08-27 12:14:59.999,0.7310585786300049,0.7310585786300049
2024-08-28 13:14:59.999,0.7310585786300049,0.7310585786300049
2024-08-29 14:14:59.999,0.7310585786300049,0.7310585786300049
2024-08-30 15:14:59.999,0.7310585786300049,0.7310585786300049
2024-08-31 16:14:59.999,0.7310585786300049,0.7310585786300049
2024-09-01 17:14:59.999,0.7310585786300049,0.7310585786300049
2024-09-02 18:14:59.999,0.7310585786300049,0.7310585786300049
2024-09-03 19:14:59.999,0.7310585786300049,0.7310585786300049
2024-09-04 20:14:59.999,0.7310585786300049,0.7310585786300049
2024-09-05 21:14:59.999,0.7310585786300049,0.7310585786300049
2024-09-06 22:14:59.999,0.7310585786300049,0.7310585786300049
2024-09-07 23:14:59.999,0.7310585786300049,0.7310585786300049
2024-09-09 00:14:59.999,0.7310585786300049,0.7310585786300049
2024-09-10 01:14:59.999,0.7310585786300049,0.7310585786300049
2024-09-11 02:14:59.999,0.7310585786300049,0.7310585786300049
2024-09-12 03:14:59.999,0.7310585786300049,0.7310585786300049
2024-09-13 04:14:59.999,0.7310585786300049,0.7310585786300049
2024-09-14 05:14:59.999,0.7310585786300049,0.7310585786300049
2024-09-15 06:14:59.999,0.7310585786300049,0.7310585786300049
2024-09-16 07:14:59.999,0.7310585786300049,0.7310585786300049
2024-09-17 08:14:59.999,0.7310585786300049,0.7310585786300049
2024-09-18 09:14:59.999,0.7310585786300049,0.7310585786300049
2024-09-19 10:14:59.999,0.7310585786300049,0.7310585786300049
2024-09-20 11:14:59.999,0.7310585786300049,0.7310585786300049
2024-09-21 12:14:59.999,0.7310585786300049,0.7310585786300049
2024-09-22 13:14:59.999,0.7310585786300049,0.7310585786300049
2024-09-23 14:14:59.999,0.7310585786300049,0.7310585786300049
2024-09-24 15:14:59.999,0.7310585786300049,0.7310585786300049
2024-09-25 16:14:59.999,0.7310585786300049,0.7310585786300049
2024-09-26 17:14:59.999,0.7310585786300049,0.7310585786300049
2024-09-27 18:14:59.999,0.7310585786300049,0.7310585786300049
2024-09-28 19:14:59.999,0.7310585786300049,0.7310585786300049
2024-09-29 20:14:59.999,0.7310585786300049,0.7310585786300049
2024-09-30 21:14:59.999,0.7310585786300049,0.7310585786300049
2024-10-01 22:14:59.999,0.7310585786300049,0.7310585786300049
2024-10-02 23:14:59.999,0.7310585786300049,0.7310585786300049
2024-10-04 00:14:59.999,0.7310585786300049,0.7310585786300049
2024-10-05 01:14:59.999,0.7310585786300049,0.7310585786300049
2024-10-06 02:14:59.999,0.7310585786300049,0.7310585786300049
2024-10-07 03:14:59.999,0.7310585786300049,0.7310585786300049
2024-10-08 04:14:59.999,0.7310585786300049,0.7310585786300049
2024-10-09 05:14:59.999,0.7310585786300049,0.7310585786300049
2024-10-10 06:14:59.999,0.7310585786300049,0.7310585786300049
2024-10-11 07:14:59.999,0.7310585786300049,0.7310585786300049
2024-10-12 08:14:59.999,0.7310585786300049,0.7310585786300049
2024-10-13 09:14:59.999,0.7310585786300049,0.7310585786300049
2024-10-14 10:14:59.999,0.7310585786300049,0.7310585786300049
2024-10-15 11:14:59.999,0.7310585786300049,0.7310585786300049
2024-10-16 12:14:59.999,0.7310585786300049,0.7310585786300049
2024-10-17 13:14:59.999,0.7310585786300049,0.7310585786300049
2024-10-18 14:14:59.999,0.7310585786300049,0.7310585786300049
2024-10-19 15:14:59.999,0.7310585786300049,0.7310585786300049
2024-10-20 16:14:59.999,0.7310585786300049,0.7310585786300049
2024-10-21 17:14:59.999,0.7310585786300049,0.7310585786300049
2024-10-22 18:14:59.999,0.7310585786300049,0.7310585786300049
2024-10-23 19:14:59.999,0.7310585786300049,0.7310585786300049
2024-10-24 20:14:59.999,0.7310585786300049,0.7310585786300049
2024-10-25 21:14:59.999,0.7310585786300049,0.7310585786300049
2024-10-26 22:14:59.999,0.7310585786300049,0.7310585786300049
2024-10-27 23:14:59.999,0.7310585786300049,0.7310585786300049
2024-10-29 00:14:59.999,0.7310585786300049,0.7310585786300049
2024-10-30 01:14:59.999,0.7310585786300049,0.7310585786300049
2024-10-31 02:14:59.999,0.7310585786300049,0.7310585786300049
2024-11-01 03:14:59.999,0.7310585786300049,0.7310585786300049
2024-11-02 04:14:59.999,0.7310585786300049,0.7310585786300049
2024-11-03 05:14:59.999,0.7310585786300049,0.7310585786300049
2024-11-04 06:14:59.999,0.7310585786300049,0.7310585786300049
2024-11-05 07:14:59.999,0.7310585786300049,0.7310585786300049
2024-11-06 08:14:59.999,0.7310585786300049,0.7310585786300049
2024-11-07 09:14:59.999,0.7310585786300049,0.7310585786300049
2024-11-08 10:14:59.999,0.7310585786300049,0.7310585786300049
2024-11-09 11:14:59.999,0.7310585786300049,0.7310585786300049
2024-11-10 12:14:59.999,0.7310585786300049,0.7310585786300049
2024-11-11 13:14:59.999,0.7310585786300049,0.7310585786300049
2024-11-12 14:14:59.999,0.7310585786300049,0.7310585786300049
2024-11-13 15:14:59.999,0.7310585786300049,0.7310585786300049
2024-11-14 16:14:59.999,0.7310585786300049,0.7310585786300049
2024-11-15 17:14:59.999,0.7310585786300049,0.7310585786300049
2024-11-16 18:14:59.999,0.7310585786300049,0.7310585786300049
2024-11-17 19:14:59.999,0.7310585786300049,0.7310585786300049
2024-11-18 20:14:59.999,0.7310585786300049,0.7310585786300049
2024-11-19 21:14:59.999,0.7310585786300049,0.7310585786300049
2024-11-20 22:14:59.999,0.7310585786300049,0.7310585786300049
2024-11-21 23:14:59.999,0.7310585786300049,0.7310585786300049
2024-11-23 00:14:59.999,0.7310585786300049,0.7310585786300049
2024-11-24 01:14:59.999,0.7310585786300049,0.7310585786300049
2024-11-25 02:14:59.999,0.7310585786300049,0.7310585786300049
2024-11-26 03:14:59.999,0.7310585786300049,0.7310585786300049
2024-11-27 04:14:59.999,0.7310585786300049,0.7310585786300049
2024-11-28 05:14:59.999,0.7310585786300049,0.7310585786300049
2024-11-29 06:14:59.999,0.7310585786300049,0.7310585786300049
2024-11-30 07:14:59.999,0.7310585786300049,0.7310585786300049
2024-12-01 08:14:59.999,0.7310585786300049,0.7310585786300049
2024-12-02 09:14:59.999,0.7310585786300049,0.7310585786300049
2024-12-03 10:14:59.999,0.7310585786300049,0.7310585786300049
2024-12-04 11:14:59.999,0.7310585786300049,0.7310585786300049
2024-12-05 12:14:59.999,0.7310585786300049,0.7310585786300049
2024-12-06 13:14:59.999,0.7310585786300049,0.7310585786300049
2024-12-07 14:14:59.999,0.7310585786300049,0.7310585786300049
2024-12-08 15:14:59.999,0.7310585786300049,0.7310585786300049
2024-12-09 16:14:59.999,0.7310585786300049,0.7310585786300049
2024-12-10 17:14:59.999,0.7310585786300049,0.7310585786300049
2024-12-11 18:14:59.999,0.7310585786300049,0.7310585786300049
2024-12-12 19:14:59.999,0.7310585786300049,0.7310585786300049
2024-12-13 20:14:59.999,0.7310585786300049,0.7310585786300049
2024-12-14 21:14:59.999,0.7310585786300049,0.7310585786300049
2024-12-15 22:14:59.999,0.7310585786300049,0.7310585786300049
2024-12-16 23:14:59.999,0.7310585786300049,0.7310585786300049
2024-12-18 00:14:59.999,0.7310585786300049,0.7310585786300049
2024-12-19 01:14:59.999,0.7310585786300049,0.7310585786300049
2024-12-20 02:14:59.999,0.7310585786300049,0.7310585786300049
2024-12-21 03:14:59.999,0.7310585786300049,0.7310585786300049
2024-12-22 04:14:59.999,0.7310585786300049,0.7310585786300049
2024-12-23 05:14:59.999,0.7310585786300049,0.7310585786300049
2024-12-24 06:14:59.999,0.7310585786300049,0.7310585786300049
2024-12-25 07:14:59.999,0.7310585786300049,0.7310585786300049
2024-12-26 08:14:59.999,0.7310585786300049,0.7310585786300049
2024-12-27 09:14:59.999,0.7310585786300049,0.7310585786300049
2024-12-28 10:14:59.999,0.7310585786300049,0.7310585786300049
2024-12-29 11:14:59.999,0.7310585786300049,0.7310585786300049
2024-12-30 12:14:59.999,0.7310585786300049,0.7310585786300049
2024-12-31 13:14:59.999,0.7310585786300049,0.7310585786300049
2025-01-01 14:14:59.999,0.7310585786300049,0.7310585786300049
2025-01-02 15:14:59.999,0.7310585786300049,0.7310585786300049
2025-01-03 16:14:59.999,0.7310585786300049,0.7310585786300049
2025-01-04 17:14:59.999,0.7310585786300049,0.7310585786300049
2025-01-05 18:14:59.999,0.7310585786300049,0.7310585786300049
2025-01-06 19:14:59.999,0.7310585786300049,0.7310585786300049
2025-01-07 20:14:59.999,0.7310585786300049,0.7310585786300049
2025-01-08 21:14:59.999,0.7310585786300049,0.7310585786300049
2025-01-09 22:14:59.999,0.7310585786300049,0.7310585786300049
2025-01-10 23:14:59.999,0.7310585786300049,0.7310585786300049
2025-01-12 00:14:59.999,0.7310585786300049,0.7310585786300049
2025-01-13 01:14:59.999,0.7310585786300049,0.7310585786300049
2025-01-14 02:14:59.999,0.7310585786300049,0.7310585786300049
2025-01-15 03:14:59.999,0.7310585786300049,0.7310585786300049
2025-01-16 04:14:59.999,0.7310585786300049,0.7310585786300049
2025-01-17 05:14:59.999,0.7310585786300049,0.7310585786300049
2025-01-18 06:14:59.999,0.7310585786300049,0.7310585786300049
2025-01-19 07:14:59.999,0.7310585786300049,0.7310585786300049
2025-01-20 08:14:59.999,0.7310585786300049,0.7310585786300049
2025-01-21 09:14:59.999,0.7310585786300049,0.7310585786300049
2025-01-22 10:14:59.999,0.7310585786300049,0.7310585786300049
2025-01-23 11:14:59.999,0.7310585786300049,0.7310585786300049
2025-01-24 12:14:59.999,0.7310585786300049,0.7310585786300049
2025-01-25 13:14:59.999,0.7310585786300049,0.7310585786300049
2025-01-26 14:14:59.999,0.7310585786300049,0.7310585786300049
2025-01-27 15:14:59.999,0.7310585786300049,0.7310585786300049
2025-01-28 16:14:59.999,0.7310585786300049,0.7310585786300049
2025-01-29 17:14:59.999,0.7310585786300049,0.7310585786300049
2025-01-30 18:14:59.999,0.7310585786300049,0.7310585786300049
2025-01-31 19:14:59.999,0.7310585786300049,0.7310585786300049
2025-02-01 20:14:59.999,0.7310585786300049,0.7310585786300049
2025-02-02 21:14:59.999,0.7310585786300049,0.7310585786300049
2025-02-03 22:14:59.999,0.7310585786300049,0.7310585786300049
2025-02-04 23:14:59.999,0.7310585786300049,0.7310585786300049
2025-02-06 00:14:59.999,0.7310585786300049,0.7310585786300049
2025-02-07 01:14:59.999,0.7310585786300049,0.7310585786300049
2025-02-08 02:14:59.999,0.7310585786300049,0.7310585786300049
2025-02-09 03:14:59.999,0.7310585786300049,0.7310585786300049
2025-02-10 04:14:59.999,0.7310585786300049,0.7310585786300049
2025-02-11 05:14:59.999,0.7310585786300049,0.7310585786300049
2025-02-12 06:14:59.999,0.7310585786300049,0.7310585786300049
2025-02-13 07:14:59.999,0.7310585786300049,0.7310585786300049
2025-02-14 08:14:59.999,0.7310585786300049,0.7310585786300049
2025-02-15 09:14:59.999,0.7310585786300049,0.7310585786300049
2025-02-16 10:14:59.999,0.7310585786300049,0.7310585786300049
2025-02-17 11:14:59.999,0.7310585786300049,0.7310585786300049
2025-02-18 12:14:59.999,0.7310585786300049,0.7310585786300049
2025-02-19 13:14:59.999,0.7310585786300049,0.7310585786300049
2025-02-20 14:14:59.999,0.7310585786300049,0.7310585786300049
2025-02-21 15:14:59.999,0.7310585786300049,0.7310585786300049
2025-02-22 16:14:59.999,0.7310585786300049,0.7310585786300049
2025-02-23 17:14:59.999,0.7310585786300049,0.7310585786300049
2025-02-24 18:14:59.999,0.7310585786300049,0.7310585786300049
2025-02-25 19:14:59.999,0.7310585786300049,0.7310585786300049
2025-02-26 20:14:59.999,0.7310585786300049,0.7310585786300049
2025-02-27 21:14:59.999,0.7310585786300049,0.7310585786300049
2025-02-28 22:14:59.999,0.7310585786300049,0.7310585786300049
2025-03-01 23:14:59.999,0.7310585786300049,0.7310585786300049
2025-03-03 00:14:59.999,0.7310585786300049,0.7310585786300049
2025-03-04 01:14:59.999,0.7310585786300049,0.7310585786300049
2025-03-05 02:14:59.999,0.7310585786300049,0.7310585786300049
2025-03-06 03:14:59.999,0.7310585786300049,0.7310585786300049
2025-03-07 04:14:59.999,0.7310585786300049,0.7310585786300049
2025-03-08 05:14:59.999,0.7310585786300049,0.7310585786300049
2025-03-09 06:14:59.999,0.7310585786300049,0.7310585786300049
2025-03-10 07:14:59.999,0.7310585786300049,0.7310585786300049
2025-03-11 08:14:59.999,0.7310585786300049,0.7310585786300049
2025-03-12 09:14:59.999,0.7310585786300049,0.7310585786300049
2025-03-13 10:14:59.999,0.7310585786300049,0.7310585786300049
2025-03-14 11:14:59.999,0.7310585786300049,0.7310585786300049
2025-03-15 12:14:59.999,0.7310585786300049,0.7310585786300049
2025-03-16 13:14:59.999,0.7310585786300049,0.7310585786300049
2025-03-17 14:14:59.999,0.7310585786300049,0.7310585786300049
2025-03-18 15:14:59.999,0.7310585786300049,0.7310585786300049
2025-03-19 16:14:59.999,0.7310585786300049,0.7310585786300049
2025-03-20 17:14:59.999,0.7310585786300049,0.7310585786300049
2025-03-21 18:14:59.999,0.7310585786300049,0.7310585786300049
2025-03-22 19:14:59.999,0.7310585786300049,0.7310585786300049
2025-03-23 20:14:59.999,0.7310585786300049,0.7310585786300049
2025-03-24 21:14:59.999,0.7310585786300049,0.7310585786300049
2025-03-25 22:14:59.999,0.7310585786300049,0.7310585786300049
2025-03-26 23:14:59.999,0.7310585786300049,0.7310585786300049
2025-03-28 00:14:59.999,0.7310585786300049,0.7310585786300049
2025-03-29 01:14:59.999,0.7310585786300049,0.7310585786300049
2025-03-30 02:14:59.999,0.7310585786300049,0.7310585786300049
2025-03-31 03:14:59.999,0.7310585786300049,0.7310585786300049
2025-04-01 04:14:59.999,0.7310585786300049,0.7310585786300049
2025-04-02 05:14:59.999,0.7310585786300049,0.7310585786300049
2025-04-03 06:14:59.999,0.7310585786300049,0.7310585786300049
2025-04-04 07:14:59.999,0.7310585786300049,0.7310585786300049
2025-04-05 08:14:59.999,0.7310585786300049,0.7310585786300049
2025-04-06 09:14:59.999,0.7310585786300049,0.7310585786300049
2025-04-07 10:14:59.999,0.7310585786300049,0.7310585786300049
2025-04-08 11:14:59.999,0.7310585786300049,0.7310585786300049
2025-04-09 12:14:59.999,0.7310585786300049,0.7310585786300049
2025-04-10 13:14:59.999,0.7310585786300049,0.7310585786300049
2025-04-11 14:14:59.999,0.7310585786300049,0.7310585786300049
2025-04-12 15:14:59.999,0.7310585786300049,0.7310585786300049
2025-04-13 16:14:59.999,0.7310585786300049,0.7310585786300049
2025-04-14 17:14:59.999,0.7310585786300049,0.7310585786300049
2025-04-15 18:14:59.999,0.7310585786300049,0.7310585786300049
2025-04-16 19:14:59.999,0.7310585786300049,0.7310585786300049
2025-04-17 20:14:59.999,0.7310585786300049,0.7310585786300049
2025-04-18 21:14:59.999,0.7310585786300049,0.7310585786300049
2025-04-19 22:14:59.999,0.7310585786300049,0.7310585786300049
2025-04-20 23:14:59.999,0.7310585786300049,0.7310585786300049
2025-04-22 00:14:59.999,0.7310585786300049,0.7310585786300049
2025-04-23 01:14:59.999,0.7310585786300049,0.7310585786300049
2025-04-24 02:14:59.999,0.7310585786300049,0.7310585786300049
2025-04-25 03:14:59.999,0.7310585786300049,0.7310585786300049
2025-04-26 04:14:59.999,0.7310585786300049,0.7310585786300049
2025-04-27 05:14:59.999,0.7310585786300049,0.7310585786300049
2025-04-28 06:14:59.999,0.7310585786300049,0.7310585786300049
2025-04-29 07:14:59.999,0.7310585786300049,0.7310585786300049
2025-04-30 08:14:59.999,0.7310585786300049,0.7310585786300049
2025-05-01 09:14:59.999,0.7310585786300049,0.7310585786300049
2025-05-02 10:14:59.999,0.7310585786300049,0.7310585786300049
2025-05-03 11:14:59.999,0.7310585786300049,0.7310585786300049
2025-05-04 12:14:59.999,0.7310585786300049,0.7310585786300049
2025-05-05 13:14:59.999,0.7310585786300049,0.7310585786300049
2025-05-06 14:14:59.999,0.7310585786300049,0.7310585786300049
2025-05-07 15:14:59.999,0.7310585786300049,0.7310585786300049
2025-05-08 16:14:59.999,0.7310585786300049,0.7310585786300049
2025-05-09 17:14:59.999,0.7310585786300049,0.7310585786300049
2025-05-10 18:14:59.999,0.7310585786300049,0.7310585786300049
2025-05-11 19:14:59.999,0.7310585786300049,0.7310585786300049
2025-05-12 20:14:59.999,0.7310585786300049,0.7310585786300049
2025-05-13 21:14:59.999,0.7310585786300049,0.7310585786300049
2025-05-14 22:14:59.999,0.7310585786300049,0.7310585786300049
2025-05-15 23:14:59.999,0.7310585786300049,0.7310585786300049
2025-05-17 00:14:59.999,0.7310585786300049,0.7310585786300049
2025-05-18 01:14:59.999,0.7310585786300049,0.7310585786300049
2025-05-19 02:14:59.999,0.7310585786300049,0.7310585786300049
2025-05-20 03:14:59.999,0.7310585786300049,0.7310585786300049
2025-05-21 04:14:59.999,0.7310585786300049,0.7310585786300049
2025-05-22 05:14:59.999,0.7310585786300049,0.7310585786300049
2025-05-23 06:14:59.999,0.7310585786300049,0.7310585786300049
2025-05-24 07:14:59.999,0.7310585786300049,0.7310585786300049
2025-05-25 08:14:59.999,0.7310585786300049,0.7310585786300049
2025-05-26 09:14:59.999,0.7310585786300049,0.7310585786300049
2025-05-27 10:14:59.999,0.7310585786300049,0.7310585786300049
2025-05-28 11:14:59.999,0.7310585786300049,0.7310585786300049
2025-05-29 12:14:59.999,0.7310585786300049,0.7310585786300049
2025-05-30 13:14:59.999,0.7310585786300049,0.7310585786300049
2025-05-31 14:14:59.999,0.7310585786300049,0.7310585786300049
2025-06-01 15:14:59.999,0.7310585786300049,0.7310585786300049
2025-06-02 16:14:59.999,0.7310585786300049,0.7310585786300049
2025-06-03 17:14:59.999,0.7310585786300049,0.7310585786300049
2025-06-04 18:14:59.999,0.7310585786300049,0.7310585786300049
2025-06-05 19:14:59.999,0.7310585786300049,0.7310585786300049
2025-06-06 20:14:59.999,0.7310585786300049,0.7310585786300049
2025-06-07 21:14:59.999,0.7310585786300049,0.7310585786300049
2025-06-08 22:14:59.999,0.7310585786300049,0.7310585786300049
2025-06-09 23:14:59.999,0.7310585786300049,0.7310585786300049
2025-06-11 00:14:59.999,0.7310585786300049,0.7310585786300049
2025-06-12 01:14:59.999,0.7310585786300049,0.7310585786300049
2025-06-13 02:14:59.999,0.7310585786300049,0.7310585786300049
2025-06-14 03:14:59.999,0.7310585786300049,0.7310585786300049
2025-06-15 04:14:59.999,0.7310585786300049,0.7310585786300049
2025-06-16 05:14:59.999,0.7310585786300049,0.7310585786300049
2025-06-17 06:14:59.999,0.7310585786300049,0.7310585786300049
2025-06-18 07:14:59.999,0.7310585786300049,0.7310585786300049
2025-06-19 08:14:59.999,0.7310585786300049,0.7310585786300049
2025-06-20 09:14:59.999,0.7310585786300049,0.7310585786300049
2025-06-21 10:14:59.999,0.7310585786300049,0.7310585786300049
2025-06-22 11:14:59.999,0.7310585786300049,0.7310585786300049
2025-06-23 12:14:59.999,0.7310585786300049,0.7310585786300049
2025-06-24 13:14:59.999,0.7310585786300049,0.7310585786300049
2025-06-25 14:14:59.999,0.7310585786300049,0.7310585786300049
2025-06-26 15:14:59.999,0.7310585786300049,0.7310585786300049
2025-06-27 16:14:59.999,0.7310585786300049,0.7310585786300049
2025-06-28 17:14:59.999,0.7310585786300049,0.7310585786300049
2025-06-29 18:14:59.999,0.7310585786300049,0.7310585786300049
2025-06-30 19:14:59.999,0.7310585786300049,0.7310585786300049
2025-07-01 20:14:59.999,0.7310585786300049,0.7310585786300049
2025-07-02 21:14:59.999,0.7310585786300049,0.7310585786300049
2025-07-03 22:14:59.999,0.7310585786300049,0.7310585786300049
2025-07-04 23:14:59.999,0.7310585786300049,0.7310585786300049
2025-07-06 00:14:59.999,0.7310585786300049,0.7310585786300049
2025-07-07 01:14:59.999,0.7310585786300049,0.7310585786300049
2025-07-08 02:14:59.999,0.7310585786300049,0.7310585786300049
2025-07-09 03:14:59.999,0.7310585786300049,0.7310585786300049
2025-07-10 04:14:59.999,0.7310585786300049,0.7310585786300049
2025-07-11 05:14:59.999,0.7310585786300049,0.7310585786300049
2025-07-12 06:14:59.999,0.7310585786300049,0.7310585786300049
2025-07-13 07:14:59.999,0.7310585786300049,0.7310585786300049
2025-07-14 08:14:59.999,0.7310585786300049,0.7310585786300049
2025-07-15 09:14:59.999,0.7310585786300049,0.7310585786300049
2025-07-16 10:14:59.999,0.7310585786300049,0.7310585786300049
2025-07-17 11:14:59.999,0.7310585786300049,0.7310585786300049
2025-07-18 12:14:59.999,0.7310585786300049,0.7310585786300049
2025-07-19 13:14:59.999,0.7310585786300049,0.7310585786300049
2025-07-20 14:14:59.999,0.7310585786300049,0.7310585786300049
2025-07-21 15:14:59.999,0.7310585786300049,0.7310585786300049
2025-07-22 16:14:59.999,0.7310585786300049,0.7310585786300049
2025-07-23 17:14:59.999,0.7310585786300049,0.7310585786300049
2025-07-24 18:14:59.999,0.7310585786300049,0.7310585786300049
2025-07-25 19:14:59.999,0.7310585786300049,0.7310585786300049
2025-07-26 20:14:59.999,0.7310585786300049,0.7310585786300049
2025-07-27 21:14:59.999,0.7310585786300049,0.7310585786300049
2025-07-28 22:14:59.999,0.7310585786300049,0.7310585786300049
2025-07-29 23:14:59.999,0.7310585786300049,0.7310585786300049
2025-07-31 00:14:59.999,0.7310585786300049,0.7310585786300049
2025-08-01 01:14:59.999,0.7310585786300049,0.7310585786300049
2025-08-02 02:14:59.999,0.7310585786300049,0.7310585786300049
2025-08-03 03:14:59.999,0.7310585786300049,0.7310585786300049
2025-08-04 04:14:59.999,0.7310585786300049,0.7310585786300049
2025-08-05 05:14:59.999,0.7310585786300049,0.7310585786300049
2025-08-06 06:14:59.999,0.7310585786300049,0.7310585786300049
2025-08-07 07:14:59.999,0.7310585786300049,0.7310585786300049
2025-08-08 08:14:59.999,0.7310585786300049,0.7310585786300049
2025-08-09 09:14:59.999,0.7310585786300049,0.7310585786300049
2025-08-10 10:14:59.999,0.7310585786300049,0.7310585786300049
2025-08-11 11:14:59.999,0.7310585786300049,0.7310585786300049
2025-08-12 12:14:59.999,0.7310585786300049,0.7310585786300049
2025-08-13 13:14:59.999,0.7310585786300049,0.7310585786300049
2025-08-14 14:14:59.999,0.7310585786300049,0.7310585786300049
2025-08-15 15:14:59.999,0.7310585786300049,0.7310585786300049
2025-08-16 16:14:59.999,0.7310585786300049,0.7310585786300049
2025-08-17 17:14:59.999,0.7310585786300049,0.7310585786300049
2025-08-18 18:14:59.999,0.7310585786300049,0.7310585786300049
2025-08-19 19:14:59.999,0.7310585786300049,0.7310585786300049
2025-08-20 20:14:59.999,0.7310585786300049,0.7310585786300049
2025-08-21 21:14:59.999,0.7310585786300049,0.7310585786300049
2025-08-22 22:14:59.999,0.7310585786300049,0.7310585786300049
2025-08-23 23:14:59.999,0.7310585786300049,0.7310585786300049
2025-08-25 00:14:59.999,0.7310585786300049,0.7310585786300049
2025-08-26 01:14:59.999,0.7310585786300049,0.7310585786300049
2025-08-27 02:14:59.999,0.7310585786300049,0.7310585786300049
2025-08-28 03:14:59.999,0.7310585786300049,0.7310585786300049
2025-08-29 04:14:59.999,0.7310585786300049,0.7310585786300049
2025-08-30 05:14:59.999,0.7310585786300049,0.7310585786300049
2025-08-31 06:14:59.999,0.7310585786300049,0.7310585786300049
2025-09-01 07:14:59.999,0.7310585786300049,0.7310585786300049
2025-09-02 08:14:59.999,0.7310585786300049,0.7310585786300049
2025-09-03 09:14:59.999,0.7310585786300049,0.7310585786300049
2025-09-04 10:14:59.999,0.7310585786300049,0.7310585786300049
2025-09-05 11:14:59.999,0.7310585786300049,0.7310585786300049
2025-09-06 12:14:59.999,0.7310585786300049,0.7310585786300049
2025-09-07 13:14:59.999,0.7310585786300049,0.7310585786300049
2025-09-08 14:14:59.999,0.7310585786300049,0.7310585786300049
2025-09-09 15:14:59.999,0.7310585786300049,0.7310585786300049
2025-09-10 16:14:59.999,0.7310585786300049,0.7310585786300049
2025-09-11 17:14:59.999,0.7310585786300049,0.7310585786300049
2025-09-12 18:14:59.999,0.7310585786300049,0.7310585786300049
2025-09-13 19:14:59.999,0.7310585786300049,0.7310585786300049
2025-09-14 20:14:59.999,0.7310585786300049,0.7310585786300049
2025-09-15 21:14:59.999,0.7310585786300049,0.7310585786300049
2025-09-16 22:14:59.999,0.7310585786300049,0.7310585786300049
2025-09-17 23:14:59.999,0.7310585786300049,0.7310585786300049
2025-09-19 00:14:59.999,0.7310585786300049,0.7310585786300049
2025-09-20 01:14:59.999,0.7310585786300049,0.7310585786300049
2025-09-21 02:14:59.999,0.7310585786300049,0.7310585786300049
2025-09-22 03:14:59.999,0.7310585786300049,0.7310585786300049
2025-09-23 04:14:59.999,0.7310585786300049,0.7310585786300049
2025-09-24 05:14:59.999,0.7310585786300049,0.7310585786300049
2025-09-25 06:14:59.999,0.7310585786300049,0.7310585786300049
2025-09-26 07:14:59.999,0.7310585786300049,0.7310585786300049
2025-09-27 08:14:59.999,0.7310585786300049,0.7310585786300049
2025-09-28 09:14:59.999,0.7310585786300049,0.7310585786300049
2025-09-29 10:14:59.999,0.7310585786300049,0.7310585786300049
2025-09-30 11:14:59.999,0.7310585786300049,0.7310585786300049
2025-10-01 12:14:59.999,0.7310585786300049,0.7310585786300049
2025-10-02 13:14:59.999,0.7310585786300049,0.7310585786300049
2025-10-03 14:14:59.999,0.7310585786300049,0.7310585786300049
2025-10-04 15:14:59.999,0.7310585786300049,0.7310585786300049
2025-10-05 16:14:59.999,0.7310585786300049,0.7310585786300049
2025-10-06 17:14:59.999,0.7310585786300049,0.7310585786300049
2025-10-07 18:14:59.999,0.7310585786300049,0.7310585786300049
