time,p_long,p_short
2017-08-17 04:29:59.999,0.7310585786300049,0.7310585786300049
2017-08-17 04:59:59.999,0.7310585786300049,0.7310585786300049
2017-08-17 05:29:59.999,0.7310585786300049,0.7310585786300049
2017-08-17 05:59:59.999,0.7310585786300049,0.7310585786300049
2017-08-17 06:29:59.999,0.7310585786300049,0.7310585786300049
2017-08-17 06:59:59.999,0.7310585786300049,0.7310585786300049
2017-08-17 07:29:59.999,0.7310585786300049,0.7310585786300049
2017-08-17 07:59:59.999,0.7310585786300049,0.5
2017-08-17 08:29:59.999,0.7310585786300049,0.5
2017-08-17 08:59:59.999,0.7310585786300049,0.5
2017-08-17 09:29:59.999,0.7310585786300049,0.5
2017-08-17 09:59:59.999,0.7310585786300049,0.5
2017-08-17 10:29:59.999,0.7310585786300049,0.5
2017-08-17 10:59:59.999,0.7310585786300049,0.5
2017-08-17 11:29:59.999,0.7310585786300049,0.5
2017-08-17 11:59:59.999,0.7310585786300049,0.5
2017-08-17 12:29:59.999,0.7310585786300049,0.5
2017-08-17 12:59:59.999,0.7310585786300049,0.5
2017-08-17 13:29:59.999,0.7310585786300049,0.5
2017-08-17 13:59:59.999,0.7310585786300049,0.5
2017-08-17 14:29:59.999,0.7310585786300049,0.5
2017-08-17 14:59:59.999,0.7310585786300049,0.5
2017-08-17 15:29:59.999,0.7310585786300049,0.5
2017-08-17 15:59:59.999,0.7310585786300049,0.5
2017-08-17 16:29:59.999,0.7310585786300049,0.5
2017-08-17 16:59:59.999,0.7310585786300049,0.5
2017-08-17 17:29:59.999,0.7310585786300049,0.5
2017-08-17 17:59:59.999,0.7310585786300049,0.5
2017-08-17 18:29:59.999,0.7310585786300049,0.5
2017-08-17 18:59:59.999,0.7310585786300049,0.5
2017-08-17 19:29:59.999,0.7310585786300049,0.5
2017-08-17 19:59:59.999,0.7310585786300049,0.5
2017-08-17 20:29:59.999,0.7310585786300049,0.5
2017-08-17 20:59:59.999,0.7310585786300049,0.5
2017-08-17 21:29:59.999,0.7310585786300049,0.5
2017-08-17 21:59:59.999,0.7310585786300049,0.5
2017-08-17 22:29:59.999,0.7310585786300049,0.5
2017-08-17 22:59:59.999,0.7310585786300049,0.5
2017-08-17 23:29:59.999,0.7310585786300049,0.5
2017-08-17 23:59:59.999,0.7310585786300049,0.5
2017-08-18 00:29:59.999,0.7310585786300049,0.5
2017-08-18 00:59:59.999,0.7310585786300049,0.5
2017-08-18 01:29:59.999,0.7310585786300049,0.5
2017-08-18 01:59:59.999,0.7310585786300049,0.5
2017-08-18 02:29:59.999,0.7310585786300049,0.5
2017-08-18 02:59:59.999,0.7310585786300049,0.5
2017-08-18 03:29:59.999,0.7310585786300049,0.5
2017-08-18 03:59:59.999,0.7310585786300049,0.5
2017-08-18 04:29:59.999,0.7310585786300049,0.5
2017-08-18 04:59:59.999,0.7310585786300049,0.5
2017-08-18 05:29:59.999,0.7310585786300049,0.5
2017-08-18 05:59:59.999,0.7310585786300049,0.5
2017-08-18 06:29:59.999,0.7310585786300049,0.5
2017-08-18 06:59:59.999,0.7310585786300049,0.5
2017-08-18 07:29:59.999,0.7310585786300049,0.5
2017-08-18 07:59:59.999,0.7310585786300049,0.5
2017-08-18 08:29:59.999,0.7310585786300049,0.5
2017-08-18 08:59:59.999,0.7310585786300049,0.5
2017-08-18 09:29:59.999,0.7310585786300049,0.5
2017-08-18 09:59:59.999,0.7310585786300049,0.5
2017-08-18 10:29:59.999,0.7310585786300049,0.5
2017-08-18 10:59:59.999,0.7310585786300049,0.5
2017-08-18 11:29:59.999,0.7310585786300049,0.5
2017-08-18 11:59:59.999,0.7310585786300049,0.5
2017-08-18 12:29:59.999,0.7310585786300049,0.5
2017-08-18 12:59:59.999,0.7310585786300049,0.5
2017-08-18 13:29:59.999,0.7310585786300049,0.5
2017-08-18 13:59:59.999,0.7310585786300049,0.5
2017-08-18 14:29:59.999,0.7310585786300049,0.5
2017-08-18 14:59:59.999,0.7310585786300049,0.5
2017-08-18 15:29:59.999,0.7310585786300049,0.5
2017-08-18 15:59:59.999,0.7310585786300049,0.5
2017-08-18 16:29:59.999,0.7310585786300049,0.5
2017-08-18 16:59:59.999,0.7310585786300049,0.5
2017-08-18 17:29:59.999,0.7310585786300049,0.5
2017-08-18 17:59:59.999,0.7310585786300049,0.5
2017-08-18 18:29:59.999,0.7310585786300049,0.5
2017-08-18 18:59:59.999,0.7310585786300049,0.5
2017-08-18 19:29:59.999,0.7310585786300049,0.5
2017-08-18 19:59:59.999,0.7310585786300049,0.5
2017-08-18 20:29:59.999,0.7310585786300049,0.5
2017-08-18 20:59:59.999,0.7310585786300049,0.5
2017-08-18 21:29:59.999,0.7310585786300049,0.5
2017-08-18 21:59:59.999,0.7310585786300049,0.5
2017-08-18 22:29:59.999,0.7310585786300049,0.5
2017-08-18 22:59:59.999,0.7310585786300049,0.5
2017-08-18 23:29:59.999,0.7310585786300049,0.5
2017-08-18 23:59:59.999,0.7310585786300049,0.5
2017-08-19 00:29:59.999,0.7310585786300049,0.5
2017-08-19 00:59:59.999,0.7310585786300049,0.5
2017-08-19 01:29:59.999,0.7310585786300049,0.5
2017-08-19 01:59:59.999,0.7310585786300049,0.5
2017-08-19 02:29:59.999,0.7310585786300049,0.5
2017-08-19 02:59:59.999,0.7310585786300049,0.5
2017-08-19 03:29:59.999,0.7310585786300049,0.5
2017-08-19 03:59:59.999,0.7310585786300049,0.5
2017-08-19 04:29:59.999,0.7310585786300049,0.5
2017-08-19 04:59:59.999,0.7310585786300049,0.5
2017-08-19 05:29:59.999,0.7310585786300049,0.5
2017-08-19 05:59:59.999,0.7310585786300049,0.5
2017-08-19 06:29:59.999,0.7310585786300049,0.5
2017-08-19 06:59:59.999,0.7310585786300049,0.5
2017-08-19 07:29:59.999,0.7310585786300049,0.5
2017-08-19 07:59:59.999,0.7310585786300049,0.5
2017-08-19 08:29:59.999,0.7310585786300049,0.5
2017-08-19 08:59:59.999,0.7310585786300049,0.5
2017-08-19 09:29:59.999,0.7310585786300049,0.5
2017-08-19 09:59:59.999,0.7310585786300049,0.5
2017-08-19 10:29:59.999,0.7310585786300049,0.5
2017-08-19 10:59:59.999,0.7310585786300049,0.5
2017-08-19 11:29:59.999,0.7310585786300049,0.5
2017-08-19 11:59:59.999,0.7310585786300049,0.5
2017-08-19 12:29:59.999,0.7310585786300049,0.5
2017-08-19 12:59:59.999,0.7310585786300049,0.5
2017-08-19 13:29:59.999,0.7310585786300049,0.5
2017-08-19 13:59:59.999,0.7310585786300049,0.5
2017-08-19 14:29:59.999,0.7310585786300049,0.5
2017-08-19 14:59:59.999,0.7310585786300049,0.5
2017-08-19 15:29:59.999,0.7310585786300049,0.5
2017-08-19 15:59:59.999,0.7310585786300049,0.5
2017-08-19 16:29:59.999,0.7310585786300049,0.5
2017-08-19 16:59:59.999,0.7310585786300049,0.5
2017-08-19 17:29:59.999,0.7310585786300049,0.5
2017-08-19 17:59:59.999,0.7310585786300049,0.5
2017-08-19 18:29:59.999,0.7310585786300049,0.5
2017-08-19 18:59:59.999,0.7310585786300049,0.5
2017-08-19 19:29:59.999,0.7310585786300049,0.5
2017-08-19 19:59:59.999,0.7310585786300049,0.5
2017-08-19 20:29:59.999,0.7310585786300049,0.5
2017-08-19 20:59:59.999,0.7310585786300049,0.5
2017-08-19 21:29:59.999,0.7310585786300049,0.5
2017-08-19 21:59:59.999,0.7310585786300049,0.5
2017-08-19 22:29:59.999,0.7310585786300049,0.5
2017-08-19 22:59:59.999,0.7310585786300049,0.5
2017-08-19 23:29:59.999,0.7310585786300049,0.5
2017-08-19 23:59:59.999,0.7310585786300049,0.5
2017-08-20 00:29:59.999,0.7310585786300049,0.5
2017-08-20 00:59:59.999,0.7310585786300049,0.5
2017-08-20 01:29:59.999,0.7310585786300049,0.5
2017-08-20 01:59:59.999,0.7310585786300049,0.5
2017-08-20 02:29:59.999,0.7310585786300049,0.5
2017-08-20 02:59:59.999,0.7310585786300049,0.5
2017-08-20 03:29:59.999,0.7310585786300049,0.5
2017-08-20 03:59:59.999,0.7310585786300049,0.5
2017-08-20 04:29:59.999,0.7310585786300049,0.5
2017-08-20 04:59:59.999,0.7310585786300049,0.5
2017-08-20 05:29:59.999,0.7310585786300049,0.5
2017-08-20 05:59:59.999,0.7310585786300049,0.5
2017-08-20 06:29:59.999,0.7310585786300049,0.5
2017-08-20 06:59:59.999,0.7310585786300049,0.5
2017-08-20 07:29:59.999,0.7310585786300049,0.5
2017-08-20 07:59:59.999,0.7310585786300049,0.5
2017-08-20 08:29:59.999,0.7310585786300049,0.5
2017-08-20 08:59:59.999,0.7310585786300049,0.5
2017-08-20 09:29:59.999,0.7310585786300049,0.5
2017-08-20 09:59:59.999,0.7310585786300049,0.5
2017-08-20 10:29:59.999,0.7310585786300049,0.5
2017-08-20 10:59:59.999,0.7310585786300049,0.5
2017-08-20 11:29:59.999,0.7310585786300049,0.5
2017-08-20 11:59:59.999,0.7310585786300049,0.5
2017-08-20 12:29:59.999,0.7310585786300049,0.5
2017-08-20 12:59:59.999,0.7310585786300049,0.5
2017-08-20 13:29:59.999,0.7310585786300049,0.5
2017-08-20 13:59:59.999,0.7310585786300049,0.5
2017-08-20 14:29:59.999,0.7310585786300049,0.5
2017-08-20 14:59:59.999,0.7310585786300049,0.5
2017-08-20 15:29:59.999,0.7310585786300049,0.5
2017-08-20 15:59:59.999,0.7310585786300049,0.5
2017-08-20 16:29:59.999,0.7310585786300049,0.5
2017-08-20 16:59:59.999,0.7310585786300049,0.5
2017-08-20 17:29:59.999,0.7310585786300049,0.5
2017-08-20 17:59:59.999,0.7310585786300049,0.5
2017-08-20 18:29:59.999,0.7310585786300049,0.5
2017-08-20 18:59:59.999,0.7310585786300049,0.5
2017-08-20 19:29:59.999,0.7310585786300049,0.5
2017-08-20 19:59:59.999,0.7310585786300049,0.5
2017-08-20 20:29:59.999,0.7310585786300049,0.5
2017-08-20 20:59:59.999,0.7310585786300049,0.5
2017-08-20 21:29:59.999,0.7310585786300049,0.5
2017-08-20 21:59:59.999,0.7310585786300049,0.5
2017-08-20 22:29:59.999,0.7310585786300049,0.5
2017-08-20 22:59:59.999,0.7310585786300049,0.5
2017-08-20 23:29:59.999,0.7310585786300049,0.5
2017-08-20 23:59:59.999,0.7310585786300049,0.5
2017-08-21 00:29:59.999,0.7310585786300049,0.5
2017-08-21 00:59:59.999,0.7310585786300049,0.5
2017-08-21 01:29:59.999,0.7310585786300049,0.5
2017-08-21 01:59:59.999,0.7310585786300049,0.5
2017-08-21 02:29:59.999,0.7310585786300049,0.5
2017-08-21 02:59:59.999,0.7310585786300049,0.5
2017-08-21 03:29:59.999,0.7310585786300049,0.5
2017-08-21 03:59:59.999,0.7310585786300049,0.5
2017-08-21 04:29:59.999,0.7310585786300049,0.5
2017-08-21 04:59:59.999,0.7310585786300049,0.5
2017-08-21 05:29:59.999,0.7310585786300049,0.5
2017-08-21 05:59:59.999,0.7310585786300049,0.5
2017-08-21 06:29:59.999,0.7310585786300049,0.5
2017-08-21 06:59:59.999,0.7310585786300049,0.5
2017-08-21 07:29:59.999,0.7310585786300049,0.5
2017-08-21 07:59:59.999,0.7310585786300049,0.5
2017-08-21 08:29:59.999,0.7310585786300049,0.5
2017-08-21 08:59:59.999,0.7310585786300049,0.5
2017-08-21 09:29:59.999,0.7310585786300049,0.5
2017-08-21 09:59:59.999,0.7310585786300049,0.5
2017-08-21 10:29:59.999,0.7310585786300049,0.5
2017-08-21 10:59:59.999,0.7310585786300049,0.5
2017-08-21 11:29:59.999,0.7310585786300049,0.5
2017-08-21 11:59:59.999,0.7310585786300049,0.5
2017-08-21 12:29:59.999,0.7310585786300049,0.5
2017-08-21 12:59:59.999,0.7310585786300049,0.5
2017-08-21 13:29:59.999,0.7310585786300049,0.5
2017-08-21 13:59:59.999,0.7310585786300049,0.5
2017-08-21 14:29:59.999,0.7310585786300049,0.5
2017-08-21 14:59:59.999,0.7310585786300049,0.5
2017-08-21 15:29:59.999,0.7310585786300049,0.5
2017-08-21 15:59:59.999,0.7310585786300049,0.5
2017-08-21 16:29:59.999,0.7310585786300049,0.5
2017-08-21 16:59:59.999,0.7310585786300049,0.5
2017-08-21 17:29:59.999,0.7310585786300049,0.5
2017-08-21 17:59:59.999,0.7310585786300049,0.5
2017-08-21 18:29:59.999,0.7310585786300049,0.5
2017-08-21 18:59:59.999,0.7310585786300049,0.5
2017-08-21 19:29:59.999,0.7310585786300049,0.5
2017-08-21 19:59:59.999,0.7310585786300049,0.5
2017-08-21 20:29:59.999,0.7310585786300049,0.5
2017-08-21 20:59:59.999,0.7310585786300049,0.5
2017-08-21 21:29:59.999,0.7310585786300049,0.5
2017-08-21 21:59:59.999,0.7310585786300049,0.5
2017-08-21 22:29:59.999,0.7310585786300049,0.5
2017-08-21 22:59:59.999,0.7310585786300049,0.5
2017-08-21 23:29:59.999,0.7310585786300049,0.5
2017-08-21 23:59:59.999,0.7310585786300049,0.5
2017-08-22 00:29:59.999,0.7310585786300049,0.5
2017-08-22 00:59:59.999,0.7310585786300049,0.5
2017-08-22 01:29:59.999,0.7310585786300049,0.5
2017-08-22 01:59:59.999,0.7310585786300049,0.5
2017-08-22 02:29:59.999,0.7310585786300049,0.5
2017-08-22 02:59:59.999,0.7310585786300049,0.5
2017-08-22 03:29:59.999,0.7310585786300049,0.5
2017-08-22 03:59:59.999,0.7310585786300049,0.5
2017-08-22 04:29:59.999,0.7310585786300049,0.5
2017-08-22 04:59:59.999,0.7310585786300049,0.5
2017-08-22 05:29:59.999,0.7310585786300049,0.5
2017-08-22 05:59:59.999,0.7310585786300049,0.5
2017-08-22 06:29:59.999,0.7310585786300049,0.5
2017-08-22 06:59:59.999,0.7310585786300049,0.5
2017-08-22 07:29:59.999,0.7310585786300049,0.5
2017-08-22 07:59:59.999,0.7310585786300049,0.5
2017-08-22 08:29:59.999,0.7310585786300049,0.5
2017-08-22 08:59:59.999,0.7310585786300049,0.5
2017-08-22 09:29:59.999,0.7310585786300049,0.5
2017-08-22 09:59:59.999,0.7310585786300049,0.5
2017-08-22 10:29:59.999,0.7310585786300049,0.5
2017-08-22 10:59:59.999,0.7310585786300049,0.5
2017-08-22 11:29:59.999,0.7310585786300049,0.5
2017-08-22 11:59:59.999,0.7310585786300049,0.5
2017-08-22 12:29:59.999,0.7310585786300049,0.5
2017-08-22 12:59:59.999,0.7310585786300049,0.5
2017-08-22 13:29:59.999,0.7310585786300049,0.5
2017-08-22 13:59:59.999,0.7310585786300049,0.5
2017-08-22 14:29:59.999,0.7310585786300049,0.5
2017-08-22 14:59:59.999,0.7310585786300049,0.5
2017-08-22 15:29:59.999,0.7310585786300049,0.5
2017-08-22 15:59:59.999,0.7310585786300049,0.5
2017-08-22 16:29:59.999,0.7310585786300049,0.5
2017-08-22 16:59:59.999,0.7310585786300049,0.5
2017-08-22 17:29:59.999,0.7310585786300049,0.5
2017-08-22 17:59:59.999,0.7310585786300049,0.5
2017-08-22 18:29:59.999,0.7310585786300049,0.5
2017-08-22 18:59:59.999,0.7310585786300049,0.5
2017-08-22 19:29:59.999,0.7310585786300049,0.5
2017-08-22 19:59:59.999,0.7310585786300049,0.5
2017-08-22 20:29:59.999,0.7310585786300049,0.5
2017-08-22 20:59:59.999,0.7310585786300049,0.5
2017-08-22 21:29:59.999,0.7310585786300049,0.5
2017-08-22 21:59:59.999,0.7310585786300049,0.5
2017-08-22 22:29:59.999,0.7310585786300049,0.5
2017-08-22 22:59:59.999,0.7310585786300049,0.5
2017-08-22 23:29:59.999,0.7310585786300049,0.5
2017-08-22 23:59:59.999,0.7310585786300049,0.5
2017-08-23 00:29:59.999,0.7310585786300049,0.5
2017-08-23 00:59:59.999,0.7310585786300049,0.5
2017-08-23 01:29:59.999,0.7310585786300049,0.5
2017-08-23 01:59:59.999,0.7310585786300049,0.5
2017-08-23 02:29:59.999,0.7310585786300049,0.5
2017-08-23 02:59:59.999,0.7310585786300049,0.5
2017-08-23 03:29:59.999,0.7310585786300049,0.5
2017-08-23 03:59:59.999,0.7310585786300049,0.5
2017-08-23 04:29:59.999,0.7310585786300049,0.5
2017-08-23 04:59:59.999,0.7310585786300049,0.5
2017-08-23 05:29:59.999,0.7310585786300049,0.5
2017-08-23 05:59:59.999,0.7310585786300049,0.5
2017-08-23 06:29:59.999,0.7310585786300049,0.5
2017-08-23 06:59:59.999,0.7310585786300049,0.5
2017-08-23 07:29:59.999,0.7310585786300049,0.5
2017-08-23 07:59:59.999,0.7310585786300049,0.5
2017-08-23 08:29:59.999,0.7310585786300049,0.5
2017-08-23 08:59:59.999,0.7310585786300049,0.5
2017-08-23 09:29:59.999,0.7310585786300049,0.5
2017-08-23 09:59:59.999,0.7310585786300049,0.5
2017-08-23 10:29:59.999,0.7310585786300049,0.5
2017-08-23 10:59:59.999,0.7310585786300049,0.5
2017-08-23 11:29:59.999,0.7310585786300049,0.5
2017-08-23 11:59:59.999,0.7310585786300049,0.5
2017-08-23 12:29:59.999,0.7310585786300049,0.5
2017-08-23 12:59:59.999,0.7310585786300049,0.5
2017-08-23 13:29:59.999,0.7310585786300049,0.5
2017-08-23 13:59:59.999,0.7310585786300049,0.5
2017-08-23 14:29:59.999,0.7310585786300049,0.5
2017-08-23 14:59:59.999,0.7310585786300049,0.5
2017-08-23 15:29:59.999,0.7310585786300049,0.5
2017-08-23 15:59:59.999,0.7310585786300049,0.5
2017-08-23 16:29:59.999,0.7310585786300049,0.5
2017-08-23 16:59:59.999,0.7310585786300049,0.5
2017-08-23 17:29:59.999,0.7310585786300049,0.5
2017-08-23 17:59:59.999,0.7310585786300049,0.5
2017-08-23 18:29:59.999,0.7310585786300049,0.5
2017-08-23 18:59:59.999,0.7310585786300049,0.5
2017-08-23 19:29:59.999,0.7310585786300049,0.5
2017-08-23 19:59:59.999,0.7310585786300049,0.5
2017-08-23 20:29:59.999,0.7310585786300049,0.5
2017-08-23 20:59:59.999,0.7310585786300049,0.5
2017-08-23 21:29:59.999,0.7310585786300049,0.5
2017-08-23 21:59:59.999,0.7310585786300049,0.5
2017-08-23 22:29:59.999,0.7310585786300049,0.5
2017-08-23 22:59:59.999,0.7310585786300049,0.5
2017-08-23 23:29:59.999,0.7310585786300049,0.5
2017-08-23 23:59:59.999,0.7310585786300049,0.5
2017-08-24 00:29:59.999,0.7310585786300049,0.5
2017-08-24 00:59:59.999,0.7310585786300049,0.5
2017-08-24 01:29:59.999,0.7310585786300049,0.5
2017-08-24 01:59:59.999,0.7310585786300049,0.5
2017-08-24 02:29:59.999,0.7310585786300049,0.5
2017-08-24 02:59:59.999,0.7310585786300049,0.5
2017-08-24 03:29:59.999,0.7310585786300049,0.5
2017-08-24 03:59:59.999,0.7310585786300049,0.5
2017-08-24 04:29:59.999,0.7310585786300049,0.5
2017-08-24 04:59:59.999,0.7310585786300049,0.5
2017-08-24 05:29:59.999,0.7310585786300049,0.5
2017-08-24 05:59:59.999,0.7310585786300049,0.5
2017-08-24 06:29:59.999,0.7310585786300049,0.5
2017-08-24 06:59:59.999,0.7310585786300049,0.5
2017-08-24 07:29:59.999,0.7310585786300049,0.5
2017-08-24 07:59:59.999,0.7310585786300049,0.5
2017-08-24 08:29:59.999,0.7310585786300049,0.5
2017-08-24 08:59:59.999,0.7310585786300049,0.5
2017-08-24 09:29:59.999,0.7310585786300049,0.5
2017-08-24 09:59:59.999,0.7310585786300049,0.5
2017-08-24 10:29:59.999,0.7310585786300049,0.5
2017-08-24 10:59:59.999,0.7310585786300049,0.5
2017-08-24 11:29:59.999,0.7310585786300049,0.5
2017-08-24 11:59:59.999,0.7310585786300049,0.5
2017-08-24 12:29:59.999,0.7310585786300049,0.5
2017-08-24 12:59:59.999,0.7310585786300049,0.5
2017-08-24 13:29:59.999,0.7310585786300049,0.5
2017-08-24 13:59:59.999,0.7310585786300049,0.5
2017-08-24 14:29:59.999,0.7310585786300049,0.5
2017-08-24 14:59:59.999,0.7310585786300049,0.5
2017-08-24 15:29:59.999,0.7310585786300049,0.5
2017-08-24 15:59:59.999,0.7310585786300049,0.5
2017-08-24 16:29:59.999,0.7310585786300049,0.5
2017-08-24 16:59:59.999,0.7310585786300049,0.5
2017-08-24 17:29:59.999,0.7310585786300049,0.5
2017-08-24 17:59:59.999,0.7310585786300049,0.5
2017-08-24 18:29:59.999,0.7310585786300049,0.5
2017-08-24 18:59:59.999,0.7310585786300049,0.5
2017-08-24 19:29:59.999,0.7310585786300049,0.5
2017-08-24 19:59:59.999,0.7310585786300049,0.5
2017-08-24 20:29:59.999,0.7310585786300049,0.5
2017-08-24 20:59:59.999,0.7310585786300049,0.5
2017-08-24 21:29:59.999,0.7310585786300049,0.5
2017-08-24 21:59:59.999,0.7310585786300049,0.5
2017-08-24 22:29:59.999,0.7310585786300049,0.5
2017-08-24 22:59:59.999,0.7310585786300049,0.5
2017-08-24 23:29:59.999,0.7310585786300049,0.5
2017-08-24 23:59:59.999,0.7310585786300049,0.5
2017-08-25 00:29:59.999,0.7310585786300049,0.5
2017-08-25 00:59:59.999,0.7310585786300049,0.5
2017-08-25 01:29:59.999,0.7310585786300049,0.5
2017-08-25 01:59:59.999,0.7310585786300049,0.5
2017-08-25 02:29:59.999,0.7310585786300049,0.5
2017-08-25 02:59:59.999,0.7310585786300049,0.5
2017-08-25 03:29:59.999,0.7310585786300049,0.5
2017-08-25 03:59:59.999,0.7310585786300049,0.5
2017-08-25 04:29:59.999,0.7310585786300049,0.5
2017-08-25 04:59:59.999,0.7310585786300049,0.5
2017-08-25 05:29:59.999,0.7310585786300049,0.5
2017-08-25 05:59:59.999,0.7310585786300049,0.5
2017-08-25 06:29:59.999,0.7310585786300049,0.5
2017-08-25 06:59:59.999,0.7310585786300049,0.5
2017-08-25 07:29:59.999,0.7310585786300049,0.5
2017-08-25 07:59:59.999,0.7310585786300049,0.5
2017-08-25 08:29:59.999,0.7310585786300049,0.5
2017-08-25 08:59:59.999,0.7310585786300049,0.5
2017-08-25 09:29:59.999,0.7310585786300049,0.5
2017-08-25 09:59:59.999,0.7310585786300049,0.5
2017-08-25 10:29:59.999,0.7310585786300049,0.5
2017-08-25 10:59:59.999,0.7310585786300049,0.5
2017-08-25 11:29:59.999,0.7310585786300049,0.5
2017-08-25 11:59:59.999,0.7310585786300049,0.5
2017-08-25 12:29:59.999,0.7310585786300049,0.5
2017-08-25 12:59:59.999,0.7310585786300049,0.5
2017-08-25 13:29:59.999,0.7310585786300049,0.5
2017-08-25 13:59:59.999,0.7310585786300049,0.5
2017-08-25 14:29:59.999,0.7310585786300049,0.5
2017-08-25 14:59:59.999,0.7310585786300049,0.5
2017-08-25 15:29:59.999,0.7310585786300049,0.5
2017-08-25 15:59:59.999,0.7310585786300049,0.5
2017-08-25 16:29:59.999,0.7310585786300049,0.5
2017-08-25 16:59:59.999,0.7310585786300049,0.5
2017-08-25 17:29:59.999,0.7310585786300049,0.5
2017-08-25 17:59:59.999,0.7310585786300049,0.5
2017-08-25 18:29:59.999,0.7310585786300049,0.5
2017-08-25 18:59:59.999,0.7310585786300049,0.5
2017-08-25 19:29:59.999,0.7310585786300049,0.5
2017-08-25 19:59:59.999,0.7310585786300049,0.5
2017-08-25 20:29:59.999,0.7310585786300049,0.5
2017-08-25 20:59:59.999,0.7310585786300049,0.5
2017-08-25 21:29:59.999,0.7310585786300049,0.5
2017-08-25 21:59:59.999,0.7310585786300049,0.5
2017-08-25 22:29:59.999,0.7310585786300049,0.5
2017-08-25 22:59:59.999,0.7310585786300049,0.5
2017-08-25 23:29:59.999,0.7310585786300049,0.5
2017-08-25 23:59:59.999,0.7310585786300049,0.5
2017-08-26 00:29:59.999,0.7310585786300049,0.5
2017-08-26 00:59:59.999,0.7310585786300049,0.5
2017-08-26 01:29:59.999,0.7310585786300049,0.5
2017-08-26 01:59:59.999,0.7310585786300049,0.5
2017-08-26 02:29:59.999,0.7310585786300049,0.5
2017-08-26 02:59:59.999,0.7310585786300049,0.5
2017-08-26 03:29:59.999,0.7310585786300049,0.5
2017-08-26 03:59:59.999,0.7310585786300049,0.5
2017-08-26 04:29:59.999,0.7310585786300049,0.5
2017-08-26 04:59:59.999,0.7310585786300049,0.5
2017-08-26 05:29:59.999,0.7310585786300049,0.5
2017-08-26 05:59:59.999,0.7310585786300049,0.5
2017-08-26 06:29:59.999,0.7310585786300049,0.5
2017-08-26 06:59:59.999,0.7310585786300049,0.5
2017-08-26 07:29:59.999,0.7310585786300049,0.5
2017-08-26 07:59:59.999,0.7310585786300049,0.5
2017-08-26 08:29:59.999,0.7310585786300049,0.5
2017-08-26 08:59:59.999,0.7310585786300049,0.5
2017-08-26 09:29:59.999,0.7310585786300049,0.5
2017-08-26 09:59:59.999,0.7310585786300049,0.5
2017-08-26 10:29:59.999,0.7310585786300049,0.5
2017-08-26 10:59:59.999,0.7310585786300049,0.5
2017-08-26 11:29:59.999,0.7310585786300049,0.5
2017-08-26 11:59:59.999,0.7310585786300049,0.5
2017-08-26 12:29:59.999,0.7310585786300049,0.5
2017-08-26 12:59:59.999,0.7310585786300049,0.5
2017-08-26 13:29:59.999,0.7310585786300049,0.5
2017-08-26 13:59:59.999,0.7310585786300049,0.5
2017-08-26 14:29:59.999,0.7310585786300049,0.5
2017-08-26 14:59:59.999,0.7310585786300049,0.5
2017-08-26 15:29:59.999,0.7310585786300049,0.5
2017-08-26 15:59:59.999,0.7310585786300049,0.5
2017-08-26 16:29:59.999,0.7310585786300049,0.5
2017-08-26 16:59:59.999,0.7310585786300049,0.5
2017-08-26 17:29:59.999,0.7310585786300049,0.5
2017-08-26 17:59:59.999,0.7310585786300049,0.5
2017-08-26 18:29:59.999,0.7310585786300049,0.5
2017-08-26 18:59:59.999,0.7310585786300049,0.5
2017-08-26 19:29:59.999,0.7310585786300049,0.5
2017-08-26 19:59:59.999,0.7310585786300049,0.5
2017-08-26 20:29:59.999,0.7310585786300049,0.5
2017-08-26 20:59:59.999,0.7310585786300049,0.5
2017-08-26 21:29:59.999,0.7310585786300049,0.5
2017-08-26 21:59:59.999,0.7310585786300049,0.5
2017-08-26 22:29:59.999,0.7310585786300049,0.5
2017-08-26 22:59:59.999,0.7310585786300049,0.5
2017-08-26 23:29:59.999,0.7310585786300049,0.5
2017-08-26 23:59:59.999,0.7310585786300049,0.5
2017-08-27 00:29:59.999,0.7310585786300049,0.5
2017-08-27 00:59:59.999,0.7310585786300049,0.5
2017-08-27 01:29:59.999,0.7310585786300049,0.5
2017-08-27 01:59:59.999,0.7310585786300049,0.5
2017-08-27 02:29:59.999,0.7310585786300049,0.5
2017-08-27 02:59:59.999,0.7310585786300049,0.5
2017-08-27 03:29:59.999,0.7310585786300049,0.5
2017-08-27 03:59:59.999,0.7310585786300049,0.5
2017-08-27 04:29:59.999,0.7310585786300049,0.5
2017-08-27 04:59:59.999,0.7310585786300049,0.5
2017-08-27 05:29:59.999,0.7310585786300049,0.5
2017-08-27 05:59:59.999,0.7310585786300049,0.5
2017-08-27 06:29:59.999,0.7310585786300049,0.5
2017-08-27 06:59:59.999,0.7310585786300049,0.5
2017-08-27 07:29:59.999,0.7310585786300049,0.5
2017-08-27 07:59:59.999,0.7310585786300049,0.5
2017-08-27 08:29:59.999,0.7310585786300049,0.5
2017-08-27 08:59:59.999,0.7310585786300049,0.5
2017-08-27 09:29:59.999,0.7310585786300049,0.5
2017-08-27 09:59:59.999,0.7310585786300049,0.5
2017-08-27 10:29:59.999,0.7310585786300049,0.5
2017-08-27 10:59:59.999,0.7310585786300049,0.5
2017-08-27 11:29:59.999,0.7310585786300049,0.5
2017-08-27 11:59:59.999,0.7310585786300049,0.5
2017-08-27 12:29:59.999,0.7310585786300049,0.5
2017-08-27 12:59:59.999,0.7310585786300049,0.5
2017-08-27 13:29:59.999,0.7310585786300049,0.5
2017-08-27 13:59:59.999,0.7310585786300049,0.5
2017-08-27 14:29:59.999,0.7310585786300049,0.5
2017-08-27 14:59:59.999,0.7310585786300049,0.5
2017-08-27 15:29:59.999,0.7310585786300049,0.5
2017-08-27 15:59:59.999,0.7310585786300049,0.5
2017-08-27 16:29:59.999,0.7310585786300049,0.5
2017-08-27 16:59:59.999,0.7310585786300049,0.5
2017-08-27 17:29:59.999,0.7310585786300049,0.5
2017-08-27 17:59:59.999,0.7310585786300049,0.5
2017-08-27 18:29:59.999,0.7310585786300049,0.5
2017-08-27 18:59:59.999,0.7310585786300049,0.5
2017-08-27 19:29:59.999,0.7310585786300049,0.5
2017-08-27 19:59:59.999,0.7310585786300049,0.5
2017-08-27 20:29:59.999,0.7310585786300049,0.5
2017-08-27 20:59:59.999,0.7310585786300049,0.5
2017-08-27 21:29:59.999,0.7310585786300049,0.5
2017-08-27 21:59:59.999,0.7310585786300049,0.5
2017-08-27 22:29:59.999,0.7310585786300049,0.5
2017-08-27 22:59:59.999,0.7310585786300049,0.5
2017-08-27 23:29:59.999,0.7310585786300049,0.5
2017-08-27 23:59:59.999,0.7310585786300049,0.5
2017-08-28 00:29:59.999,0.7310585786300049,0.5
2017-08-28 00:59:59.999,0.7310585786300049,0.5
2017-08-28 01:29:59.999,0.7310585786300049,0.5
2017-08-28 01:59:59.999,0.7310585786300049,0.5
2017-08-28 02:29:59.999,0.7310585786300049,0.5
2017-08-28 02:59:59.999,0.7310585786300049,0.5
2017-08-28 03:29:59.999,0.7310585786300049,0.5
2017-08-28 03:59:59.999,0.7310585786300049,0.5
2017-08-28 04:29:59.999,0.7310585786300049,0.5
2017-08-28 04:59:59.999,0.7310585786300049,0.5
2017-08-28 05:29:59.999,0.7310585786300049,0.5
2017-08-28 05:59:59.999,0.7310585786300049,0.5
2017-08-28 06:29:59.999,0.7310585786300049,0.5
2017-08-28 06:59:59.999,0.7310585786300049,0.5
2017-08-28 07:29:59.999,0.7310585786300049,0.5
2017-08-28 07:59:59.999,0.7310585786300049,0.5
2017-08-28 08:29:59.999,0.7310585786300049,0.5
2017-08-28 08:59:59.999,0.7310585786300049,0.5
2017-08-28 09:29:59.999,0.7310585786300049,0.5
2017-08-28 09:59:59.999,0.7310585786300049,0.5
2017-08-28 10:29:59.999,0.7310585786300049,0.5
2017-08-28 10:59:59.999,0.7310585786300049,0.5
2017-08-28 11:29:59.999,0.7310585786300049,0.5
2017-08-28 11:59:59.999,0.7310585786300049,0.5
2017-08-28 12:29:59.999,0.7310585786300049,0.5
2017-08-28 12:59:59.999,0.7310585786300049,0.5
2017-08-28 13:29:59.999,0.7310585786300049,0.5
2017-08-28 13:59:59.999,0.7310585786300049,0.5
2017-08-28 14:29:59.999,0.7310585786300049,0.5
2017-08-28 14:59:59.999,0.7310585786300049,0.5
2017-08-28 15:29:59.999,0.7310585786300049,0.5
2017-08-28 15:59:59.999,0.7310585786300049,0.5
2017-08-28 16:29:59.999,0.7310585786300049,0.5
2017-08-28 16:59:59.999,0.7310585786300049,0.5
2017-08-28 17:29:59.999,0.7310585786300049,0.5
2017-08-28 17:59:59.999,0.7310585786300049,0.5
2017-08-28 18:29:59.999,0.7310585786300049,0.5
2017-08-28 18:59:59.999,0.7310585786300049,0.5
2017-08-28 19:29:59.999,0.7310585786300049,0.5
2017-08-28 19:59:59.999,0.7310585786300049,0.5
2017-08-28 20:29:59.999,0.7310585786300049,0.5
2017-08-28 20:59:59.999,0.7310585786300049,0.5
2017-08-28 21:29:59.999,0.7310585786300049,0.5
2017-08-28 21:59:59.999,0.7310585786300049,0.5
2017-08-28 22:29:59.999,0.7310585786300049,0.5
2017-08-28 22:59:59.999,0.7310585786300049,0.5
2017-08-28 23:29:59.999,0.7310585786300049,0.5
2017-08-28 23:59:59.999,0.7310585786300049,0.5
2017-08-29 00:29:59.999,0.7310585786300049,0.5
2017-08-29 00:59:59.999,0.7310585786300049,0.5
2017-08-29 01:29:59.999,0.7310585786300049,0.5
2017-08-29 01:59:59.999,0.7310585786300049,0.5
2017-08-29 02:29:59.999,0.7310585786300049,0.5
2017-08-29 02:59:59.999,0.7310585786300049,0.5
2017-08-29 03:29:59.999,0.7310585786300049,0.5
2017-08-29 03:59:59.999,0.7310585786300049,0.5
2017-08-29 04:29:59.999,0.7310585786300049,0.5
2017-08-29 04:59:59.999,0.7310585786300049,0.5
2017-08-29 05:29:59.999,0.7310585786300049,0.5
2017-08-29 05:59:59.999,0.7310585786300049,0.5
2017-08-29 06:29:59.999,0.7310585786300049,0.5
2017-08-29 06:59:59.999,0.7310585786300049,0.5
2017-08-29 07:29:59.999,0.7310585786300049,0.5
2017-08-29 07:59:59.999,0.7310585786300049,0.5
2017-08-29 08:29:59.999,0.7310585786300049,0.5
2017-08-29 08:59:59.999,0.7310585786300049,0.5
2017-08-29 09:29:59.999,0.7310585786300049,0.5
2017-08-29 09:59:59.999,0.7310585786300049,0.5
2017-08-29 10:29:59.999,0.7310585786300049,0.5
2017-08-29 10:59:59.999,0.7310585786300049,0.5
2017-08-29 11:29:59.999,0.7310585786300049,0.5
2017-08-29 11:59:59.999,0.7310585786300049,0.5
2017-08-29 12:29:59.999,0.7310585786300049,0.5
2017-08-29 12:59:59.999,0.7310585786300049,0.5
2017-08-29 13:29:59.999,0.7310585786300049,0.5
2017-08-29 13:59:59.999,0.7310585786300049,0.5
2017-08-29 14:29:59.999,0.7310585786300049,0.5
2017-08-29 14:59:59.999,0.7310585786300049,0.5
2017-08-29 15:29:59.999,0.7310585786300049,0.5
2017-08-29 15:59:59.999,0.7310585786300049,0.5
2017-08-29 16:29:59.999,0.7310585786300049,0.5
2017-08-29 16:59:59.999,0.7310585786300049,0.5
2017-08-29 17:29:59.999,0.7310585786300049,0.5
2017-08-29 17:59:59.999,0.7310585786300049,0.5
2017-08-29 18:29:59.999,0.7310585786300049,0.5
2017-08-29 18:59:59.999,0.7310585786300049,0.5
2017-08-29 19:29:59.999,0.7310585786300049,0.5
2017-08-29 19:59:59.999,0.7310585786300049,0.5
2017-08-29 20:29:59.999,0.7310585786300049,0.5
2017-08-29 20:59:59.999,0.7310585786300049,0.5
2017-08-29 21:29:59.999,0.7310585786300049,0.5
2017-08-29 21:59:59.999,0.7310585786300049,0.5
2017-08-29 22:29:59.999,0.7310585786300049,0.5
2017-08-29 22:59:59.999,0.7310585786300049,0.5
2017-08-29 23:29:59.999,0.7310585786300049,0.5
2017-08-29 23:59:59.999,0.7310585786300049,0.5
2017-08-30 00:29:59.999,0.7310585786300049,0.5
2017-08-30 00:59:59.999,0.7310585786300049,0.5
2017-08-30 01:29:59.999,0.7310585786300049,0.5
2017-08-30 01:59:59.999,0.7310585786300049,0.5
2017-08-30 02:29:59.999,0.7310585786300049,0.5
2017-08-30 02:59:59.999,0.7310585786300049,0.5
2017-08-30 03:29:59.999,0.7310585786300049,0.5
2017-08-30 03:59:59.999,0.7310585786300049,0.5
2017-08-30 04:29:59.999,0.7310585786300049,0.5
2017-08-30 04:59:59.999,0.7310585786300049,0.5
2017-08-30 05:29:59.999,0.7310585786300049,0.5
2017-08-30 05:59:59.999,0.7310585786300049,0.5
2017-08-30 06:29:59.999,0.7310585786300049,0.5
2017-08-30 06:59:59.999,0.7310585786300049,0.5
2017-08-30 07:29:59.999,0.7310585786300049,0.5
2017-08-30 07:59:59.999,0.7310585786300049,0.5
2017-08-30 08:29:59.999,0.7310585786300049,0.5
2017-08-30 08:59:59.999,0.7310585786300049,0.5
2017-08-30 09:29:59.999,0.7310585786300049,0.5
2017-08-30 09:59:59.999,0.7310585786300049,0.5
2017-08-30 10:29:59.999,0.7310585786300049,0.5
2017-08-30 10:59:59.999,0.7310585786300049,0.5
2017-08-30 11:29:59.999,0.7310585786300049,0.5
2017-08-30 11:59:59.999,0.7310585786300049,0.5
2017-08-30 12:29:59.999,0.7310585786300049,0.5
2017-08-30 12:59:59.999,0.7310585786300049,0.5
2017-08-30 13:29:59.999,0.7310585786300049,0.5
2017-08-30 13:59:59.999,0.7310585786300049,0.5
2017-08-30 14:29:59.999,0.7310585786300049,0.5
2017-08-30 14:59:59.999,0.7310585786300049,0.5
2017-08-30 15:29:59.999,0.7310585786300049,0.5
2017-08-30 15:59:59.999,0.7310585786300049,0.5
2017-08-30 16:29:59.999,0.7310585786300049,0.5
2017-08-30 16:59:59.999,0.7310585786300049,0.5
2017-08-30 17:29:59.999,0.7310585786300049,0.5
2017-08-30 17:59:59.999,0.7310585786300049,0.5
2017-08-30 18:29:59.999,0.7310585786300049,0.5
2017-08-30 18:59:59.999,0.7310585786300049,0.5
2017-08-30 19:29:59.999,0.7310585786300049,0.5
2017-08-30 19:59:59.999,0.7310585786300049,0.5
2017-08-30 20:29:59.999,0.7310585786300049,0.5
2017-08-30 20:59:59.999,0.7310585786300049,0.5
2017-08-30 21:29:59.999,0.7310585786300049,0.5
2017-08-30 21:59:59.999,0.7310585786300049,0.5
2017-08-30 22:29:59.999,0.7310585786300049,0.5
2017-08-30 22:59:59.999,0.7310585786300049,0.5
2017-08-30 23:29:59.999,0.7310585786300049,0.5
2017-08-30 23:59:59.999,0.7310585786300049,0.5
2017-08-31 00:29:59.999,0.7310585786300049,0.5
2017-08-31 00:59:59.999,0.7310585786300049,0.5
2017-08-31 01:29:59.999,0.7310585786300049,0.5
2017-08-31 01:59:59.999,0.7310585786300049,0.5
2017-08-31 02:29:59.999,0.7310585786300049,0.5
2017-08-31 02:59:59.999,0.7310585786300049,0.5
2017-08-31 03:29:59.999,0.7310585786300049,0.5
2017-08-31 03:59:59.999,0.7310585786300049,0.5
2017-08-31 04:29:59.999,0.7310585786300049,0.5
2017-08-31 04:59:59.999,0.7310585786300049,0.5
2017-08-31 05:29:59.999,0.7310585786300049,0.5
2017-08-31 05:59:59.999,0.7310585786300049,0.5
2017-08-31 06:29:59.999,0.7310585786300049,0.5
2017-08-31 06:59:59.999,0.7310585786300049,0.5
2017-08-31 07:29:59.999,0.7310585786300049,0.5
2017-08-31 07:59:59.999,0.7310585786300049,0.5
2017-08-31 08:29:59.999,0.7310585786300049,0.5
2017-08-31 08:59:59.999,0.7310585786300049,0.5
2017-08-31 09:29:59.999,0.7310585786300049,0.5
2017-08-31 09:59:59.999,0.7310585786300049,0.5
2017-08-31 10:29:59.999,0.7310585786300049,0.5
2017-08-31 10:59:59.999,0.7310585786300049,0.5
2017-08-31 11:29:59.999,0.7310585786300049,0.5
2017-08-31 11:59:59.999,0.7310585786300049,0.5
2017-08-31 12:29:59.999,0.7310585786300049,0.5
2017-08-31 12:59:59.999,0.7310585786300049,0.5
2017-08-31 13:29:59.999,0.7310585786300049,0.5
2017-08-31 13:59:59.999,0.7310585786300049,0.5
2017-08-31 14:29:59.999,0.7310585786300049,0.5
2017-08-31 14:59:59.999,0.7310585786300049,0.5
2017-08-31 15:29:59.999,0.7310585786300049,0.5
2017-08-31 15:59:59.999,0.7310585786300049,0.5
2017-08-31 16:29:59.999,0.7310585786300049,0.5
2017-08-31 16:59:59.999,0.7310585786300049,0.5
2017-08-31 17:29:59.999,0.7310585786300049,0.5
2017-08-31 17:59:59.999,0.7310585786300049,0.5
2017-08-31 18:29:59.999,0.7310585786300049,0.5
2017-08-31 18:59:59.999,0.7310585786300049,0.5
2017-08-31 19:29:59.999,0.7310585786300049,0.5
2017-08-31 19:59:59.999,0.7310585786300049,0.5
2017-08-31 20:29:59.999,0.7310585786300049,0.5
2017-08-31 20:59:59.999,0.7310585786300049,0.5
2017-08-31 21:29:59.999,0.7310585786300049,0.5
2017-08-31 21:59:59.999,0.7310585786300049,0.5
2017-08-31 22:29:59.999,0.7310585786300049,0.5
2017-08-31 22:59:59.999,0.7310585786300049,0.5
2017-08-31 23:29:59.999,0.7310585786300049,0.5
2017-08-31 23:59:59.999,0.7310585786300049,0.5
2017-09-01 00:29:59.999,0.7310585786300049,0.5
2017-09-01 00:59:59.999,0.7310585786300049,0.5
2017-09-01 01:29:59.999,0.7310585786300049,0.5
2017-09-01 01:59:59.999,0.7310585786300049,0.5
2017-09-01 02:29:59.999,0.7310585786300049,0.5
2017-09-01 02:59:59.999,0.7310585786300049,0.5
2017-09-01 03:29:59.999,0.7310585786300049,0.5
2017-09-01 03:59:59.999,0.7310585786300049,0.5
2017-09-01 04:29:59.999,0.7310585786300049,0.5
2017-09-01 04:59:59.999,0.7310585786300049,0.5
2017-09-01 05:29:59.999,0.7310585786300049,0.5
2017-09-01 05:59:59.999,0.7310585786300049,0.5
2017-09-01 06:29:59.999,0.7310585786300049,0.5
2017-09-01 06:59:59.999,0.7310585786300049,0.5
2017-09-01 07:29:59.999,0.7310585786300049,0.5
2017-09-01 07:59:59.999,0.7310585786300049,0.5
2017-09-01 08:29:59.999,0.7310585786300049,0.5
2017-09-01 08:59:59.999,0.7310585786300049,0.5
2017-09-01 09:29:59.999,0.7310585786300049,0.5
2017-09-01 09:59:59.999,0.7310585786300049,0.5
2017-09-01 10:29:59.999,0.7310585786300049,0.5
2017-09-01 10:59:59.999,0.7310585786300049,0.5
2017-09-01 11:29:59.999,0.7310585786300049,0.5
2017-09-01 11:59:59.999,0.7310585786300049,0.5
2017-09-01 12:29:59.999,0.7310585786300049,0.5
2017-09-01 12:59:59.999,0.7310585786300049,0.5
2017-09-01 13:29:59.999,0.7310585786300049,0.5
2017-09-01 13:59:59.999,0.7310585786300049,0.5
2017-09-01 14:29:59.999,0.7310585786300049,0.5
2017-09-01 14:59:59.999,0.7310585786300049,0.5
2017-09-01 15:29:59.999,0.7310585786300049,0.5
2017-09-01 15:59:59.999,0.7310585786300049,0.5
2017-09-01 16:29:59.999,0.7310585786300049,0.5
2017-09-01 16:59:59.999,0.7310585786300049,0.5
2017-09-01 17:29:59.999,0.7310585786300049,0.5
2017-09-01 17:59:59.999,0.7310585786300049,0.5
2017-09-01 18:29:59.999,0.7310585786300049,0.5
2017-09-01 18:59:59.999,0.7310585786300049,0.5
2017-09-01 19:29:59.999,0.7310585786300049,0.5
2017-09-01 19:59:59.999,0.7310585786300049,0.5
2017-09-01 20:29:59.999,0.7310585786300049,0.5
2017-09-01 20:59:59.999,0.7310585786300049,0.5
2017-09-01 21:29:59.999,0.7310585786300049,0.5
2017-09-01 21:59:59.999,0.7310585786300049,0.5
2017-09-01 22:29:59.999,0.7310585786300049,0.5
2017-09-01 22:59:59.999,0.7310585786300049,0.5
2017-09-01 23:29:59.999,0.7310585786300049,0.5
2017-09-01 23:59:59.999,0.7310585786300049,0.5
2017-09-02 00:29:59.999,0.7310585786300049,0.5
2017-09-02 00:59:59.999,0.7310585786300049,0.5
2017-09-02 01:29:59.999,0.7310585786300049,0.5
2017-09-02 01:59:59.999,0.7310585786300049,0.5
2017-09-02 02:29:59.999,0.7310585786300049,0.5
2017-09-02 02:59:59.999,0.7310585786300049,0.5
2017-09-02 03:29:59.999,0.7310585786300049,0.5
2017-09-02 03:59:59.999,0.7310585786300049,0.5
2017-09-02 04:29:59.999,0.7310585786300049,0.5
2017-09-02 04:59:59.999,0.7310585786300049,0.5
2017-09-02 05:29:59.999,0.7310585786300049,0.5
2017-09-02 05:59:59.999,0.7310585786300049,0.5
2017-09-02 06:29:59.999,0.7310585786300049,0.5
2017-09-02 06:59:59.999,0.7310585786300049,0.5
2017-09-02 07:29:59.999,0.7310585786300049,0.5
2017-09-02 07:59:59.999,0.7310585786300049,0.5
2017-09-02 08:29:59.999,0.7310585786300049,0.5
2017-09-02 08:59:59.999,0.7310585786300049,0.5
2017-09-02 09:29:59.999,0.7310585786300049,0.5
2017-09-02 09:59:59.999,0.7310585786300049,0.5
2017-09-02 10:29:59.999,0.7310585786300049,0.5
2017-09-02 10:59:59.999,0.7310585786300049,0.5
2017-09-02 11:29:59.999,0.7310585786300049,0.5
2017-09-02 11:59:59.999,0.7310585786300049,0.5
2017-09-02 12:29:59.999,0.7310585786300049,0.5
2017-09-02 12:59:59.999,0.7310585786300049,0.5
2017-09-02 13:29:59.999,0.7310585786300049,0.5
2017-09-02 13:59:59.999,0.7310585786300049,0.5
2017-09-02 14:29:59.999,0.7310585786300049,0.5
2017-09-02 14:59:59.999,0.7310585786300049,0.5
2017-09-02 15:29:59.999,0.7310585786300049,0.5
2017-09-02 15:59:59.999,0.7310585786300049,0.5
2017-09-02 16:29:59.999,0.7310585786300049,0.5
2017-09-02 16:59:59.999,0.7310585786300049,0.5
2017-09-02 17:29:59.999,0.7310585786300049,0.5
2017-09-02 17:59:59.999,0.7310585786300049,0.5
2017-09-02 18:29:59.999,0.7310585786300049,0.5
2017-09-02 18:59:59.999,0.7310585786300049,0.5
2017-09-02 19:29:59.999,0.7310585786300049,0.5
2017-09-02 19:59:59.999,0.7310585786300049,0.5
2017-09-02 20:29:59.999,0.7310585786300049,0.5
2017-09-02 20:59:59.999,0.7310585786300049,0.5
2017-09-02 21:29:59.999,0.7310585786300049,0.5
2017-09-02 21:59:59.999,0.7310585786300049,0.5
2017-09-02 22:29:59.999,0.7310585786300049,0.5
2017-09-02 22:59:59.999,0.7310585786300049,0.5
2017-09-02 23:29:59.999,0.7310585786300049,0.5
2017-09-02 23:59:59.999,0.7310585786300049,0.5
2017-09-03 00:29:59.999,0.7310585786300049,0.5
2017-09-03 00:59:59.999,0.7310585786300049,0.5
2017-09-03 01:29:59.999,0.7310585786300049,0.5
2017-09-03 01:59:59.999,0.7310585786300049,0.5
2017-09-03 02:29:59.999,0.7310585786300049,0.5
2017-09-03 02:59:59.999,0.7310585786300049,0.5
2017-09-03 03:29:59.999,0.7310585786300049,0.5
2017-09-03 03:59:59.999,0.7310585786300049,0.5
2017-09-03 04:29:59.999,0.7310585786300049,0.5
2017-09-03 04:59:59.999,0.7310585786300049,0.5
2017-09-03 05:29:59.999,0.7310585786300049,0.5
2017-09-03 05:59:59.999,0.7310585786300049,0.5
2017-09-03 06:29:59.999,0.7310585786300049,0.5
2017-09-03 06:59:59.999,0.7310585786300049,0.5
2017-09-03 07:29:59.999,0.7310585786300049,0.5
2017-09-03 07:59:59.999,0.7310585786300049,0.5
2017-09-03 08:29:59.999,0.7310585786300049,0.5
2017-09-03 08:59:59.999,0.7310585786300049,0.5
2017-09-03 09:29:59.999,0.7310585786300049,0.5
2017-09-03 09:59:59.999,0.7310585786300049,0.5
2017-09-03 10:29:59.999,0.7310585786300049,0.5
2017-09-03 10:59:59.999,0.7310585786300049,0.5
2017-09-03 11:29:59.999,0.7310585786300049,0.5
2017-09-03 11:59:59.999,0.7310585786300049,0.5
2017-09-03 12:29:59.999,0.7310585786300049,0.5
2017-09-03 12:59:59.999,0.7310585786300049,0.5
2017-09-03 13:29:59.999,0.7310585786300049,0.5
2017-09-03 13:59:59.999,0.7310585786300049,0.5
2017-09-03 14:29:59.999,0.7310585786300049,0.5
2017-09-03 14:59:59.999,0.7310585786300049,0.5
2017-09-03 15:29:59.999,0.7310585786300049,0.5
2017-09-03 15:59:59.999,0.7310585786300049,0.5
2017-09-03 16:29:59.999,0.7310585786300049,0.5
2017-09-03 16:59:59.999,0.7310585786300049,0.5
2017-09-03 17:29:59.999,0.7310585786300049,0.5
2017-09-03 17:59:59.999,0.7310585786300049,0.5
2017-09-03 18:29:59.999,0.7310585786300049,0.5
2017-09-03 18:59:59.999,0.7310585786300049,0.5
2017-09-03 19:29:59.999,0.7310585786300049,0.5
2017-09-03 19:59:59.999,0.7310585786300049,0.5
2017-09-03 20:29:59.999,0.7310585786300049,0.5
2017-09-03 20:59:59.999,0.7310585786300049,0.5
2017-09-03 21:29:59.999,0.7310585786300049,0.5
2017-09-03 21:59:59.999,0.7310585786300049,0.5
2017-09-03 22:29:59.999,0.7310585786300049,0.5
2017-09-03 22:59:59.999,0.7310585786300049,0.5
2017-09-03 23:29:59.999,0.7310585786300049,0.5
2017-09-03 23:59:59.999,0.7310585786300049,0.5
2017-09-04 00:29:59.999,0.7310585786300049,0.5
2017-09-04 00:59:59.999,0.7310585786300049,0.5
2017-09-04 01:29:59.999,0.7310585786300049,0.5
2017-09-04 01:59:59.999,0.7310585786300049,0.5
2017-09-04 02:29:59.999,0.7310585786300049,0.5
2017-09-04 02:59:59.999,0.7310585786300049,0.5
2017-09-04 03:29:59.999,0.7310585786300049,0.5
2017-09-04 03:59:59.999,0.7310585786300049,0.5
2017-09-04 04:29:59.999,0.7310585786300049,0.5
2017-09-04 04:59:59.999,0.7310585786300049,0.5
2017-09-04 05:29:59.999,0.7310585786300049,0.5
2017-09-04 05:59:59.999,0.7310585786300049,0.5
2017-09-04 06:29:59.999,0.7310585786300049,0.5
2017-09-04 06:59:59.999,0.7310585786300049,0.5
2017-09-04 07:29:59.999,0.7310585786300049,0.5
2017-09-04 07:59:59.999,0.7310585786300049,0.5
2017-09-04 08:29:59.999,0.7310585786300049,0.5
2017-09-04 08:59:59.999,0.7310585786300049,0.5
2017-09-04 09:29:59.999,0.7310585786300049,0.5
2017-09-04 09:59:59.999,0.7310585786300049,0.5
2017-09-04 10:29:59.999,0.7310585786300049,0.5
2017-09-04 10:59:59.999,0.7310585786300049,0.5
2017-09-04 11:29:59.999,0.7310585786300049,0.5
2017-09-04 11:59:59.999,0.7310585786300049,0.5
2017-09-04 12:29:59.999,0.7310585786300049,0.5
2017-09-04 12:59:59.999,0.7310585786300049,0.5
2017-09-04 13:29:59.999,0.7310585786300049,0.5
2017-09-04 13:59:59.999,0.7310585786300049,0.5
2017-09-04 14:29:59.999,0.7310585786300049,0.5
2017-09-04 14:59:59.999,0.7310585786300049,0.5
2017-09-04 15:29:59.999,0.7310585786300049,0.5
2017-09-04 15:59:59.999,0.7310585786300049,0.5
2017-09-04 16:29:59.999,0.7310585786300049,0.5
2017-09-04 16:59:59.999,0.7310585786300049,0.5
2017-09-04 17:29:59.999,0.7310585786300049,0.5
2017-09-04 17:59:59.999,0.7310585786300049,0.5
2017-09-04 18:29:59.999,0.7310585786300049,0.5
2017-09-04 18:59:59.999,0.7310585786300049,0.5
2017-09-04 19:29:59.999,0.7310585786300049,0.5
2017-09-04 19:59:59.999,0.7310585786300049,0.5
2017-09-04 20:29:59.999,0.7310585786300049,0.5
2017-09-04 20:59:59.999,0.7310585786300049,0.5
2017-09-04 21:29:59.999,0.7310585786300049,0.5
2017-09-04 21:59:59.999,0.7310585786300049,0.5
2017-09-04 22:29:59.999,0.7310585786300049,0.5
2017-09-04 22:59:59.999,0.7310585786300049,0.5
2017-09-04 23:29:59.999,0.7310585786300049,0.5
2017-09-04 23:59:59.999,0.7310585786300049,0.5
2017-09-05 00:29:59.999,0.7310585786300049,0.5
2017-09-05 00:59:59.999,0.7310585786300049,0.5
2017-09-05 01:29:59.999,0.7310585786300049,0.5
2017-09-05 01:59:59.999,0.7310585786300049,0.5
2017-09-05 02:29:59.999,0.7310585786300049,0.5
2017-09-05 02:59:59.999,0.7310585786300049,0.5
2017-09-05 03:29:59.999,0.7310585786300049,0.5
2017-09-05 03:59:59.999,0.7310585786300049,0.5
2017-09-05 04:29:59.999,0.7310585786300049,0.5
2017-09-05 04:59:59.999,0.7310585786300049,0.5
2017-09-05 05:29:59.999,0.7310585786300049,0.5
2017-09-05 05:59:59.999,0.7310585786300049,0.5
2017-09-05 06:29:59.999,0.7310585786300049,0.5
2017-09-05 06:59:59.999,0.7310585786300049,0.5
2017-09-05 07:29:59.999,0.7310585786300049,0.5
2017-09-05 07:59:59.999,0.7310585786300049,0.5
2017-09-05 08:29:59.999,0.7310585786300049,0.5
2017-09-05 08:59:59.999,0.7310585786300049,0.5
2017-09-05 09:29:59.999,0.7310585786300049,0.5
2017-09-05 09:59:59.999,0.7310585786300049,0.5
2017-09-05 10:29:59.999,0.7310585786300049,0.5
2017-09-05 10:59:59.999,0.7310585786300049,0.5
2017-09-05 11:29:59.999,0.7310585786300049,0.5
2017-09-05 11:59:59.999,0.7310585786300049,0.5
2017-09-05 12:29:59.999,0.7310585786300049,0.5
2017-09-05 12:59:59.999,0.7310585786300049,0.5
2017-09-05 13:29:59.999,0.7310585786300049,0.5
2017-09-05 13:59:59.999,0.7310585786300049,0.5
2017-09-05 14:29:59.999,0.7310585786300049,0.5
2017-09-05 14:59:59.999,0.7310585786300049,0.5
2017-09-05 15:29:59.999,0.7310585786300049,0.5
2017-09-05 15:59:59.999,0.7310585786300049,0.5
2017-09-05 16:29:59.999,0.7310585786300049,0.5
2017-09-05 16:59:59.999,0.7310585786300049,0.5
2017-09-05 17:29:59.999,0.7310585786300049,0.5
2017-09-05 17:59:59.999,0.7310585786300049,0.5
2017-09-05 18:29:59.999,0.7310585786300049,0.5
2017-09-05 18:59:59.999,0.7310585786300049,0.5
2017-09-05 19:29:59.999,0.7310585786300049,0.5
2017-09-05 19:59:59.999,0.7310585786300049,0.5
2017-09-05 20:29:59.999,0.7310585786300049,0.5
2017-09-05 20:59:59.999,0.7310585786300049,0.5
2017-09-05 21:29:59.999,0.7310585786300049,0.5
2017-09-05 21:59:59.999,0.7310585786300049,0.5
2017-09-05 22:29:59.999,0.7310585786300049,0.5
2017-09-05 22:59:59.999,0.7310585786300049,0.5
2017-09-05 23:29:59.999,0.7310585786300049,0.5
2017-09-05 23:59:59.999,0.7310585786300049,0.5
2017-09-06 00:29:59.999,0.7310585786300049,0.5
2017-09-06 00:59:59.999,0.7310585786300049,0.5
2017-09-06 01:29:59.999,0.7310585786300049,0.5
2017-09-06 01:59:59.999,0.7310585786300049,0.5
2017-09-06 02:29:59.999,0.7310585786300049,0.5
2017-09-06 02:59:59.999,0.7310585786300049,0.5
2017-09-06 03:29:59.999,0.7310585786300049,0.5
2017-09-06 03:59:59.999,0.7310585786300049,0.5
2017-09-06 04:29:59.999,0.7310585786300049,0.5
2017-09-06 04:59:59.999,0.7310585786300049,0.5
2017-09-06 05:29:59.999,0.7310585786300049,0.5
2017-09-06 05:59:59.999,0.7310585786300049,0.5
2017-09-06 06:29:59.999,0.7310585786300049,0.5
2017-09-06 06:59:59.999,0.7310585786300049,0.5
2017-09-06 07:29:59.999,0.7310585786300049,0.5
2017-09-06 07:59:59.999,0.7310585786300049,0.5
2017-09-06 08:29:59.999,0.7310585786300049,0.5
2017-09-06 08:59:59.999,0.7310585786300049,0.5
2017-09-06 09:29:59.999,0.7310585786300049,0.5
2017-09-06 09:59:59.999,0.7310585786300049,0.5
2017-09-06 10:29:59.999,0.7310585786300049,0.5
2017-09-06 10:59:59.999,0.7310585786300049,0.5
2017-09-06 11:29:59.999,0.7310585786300049,0.5
2017-09-06 11:59:59.999,0.7310585786300049,0.5
2017-09-06 12:29:59.999,0.7310585786300049,0.5
2017-09-06 12:59:59.999,0.7310585786300049,0.5
2017-09-06 13:29:59.999,0.7310585786300049,0.5
2017-09-06 13:59:59.999,0.7310585786300049,0.5
2017-09-06 14:29:59.999,0.7310585786300049,0.5
2017-09-06 14:59:59.999,0.7310585786300049,0.5
2017-09-06 15:29:59.999,0.7310585786300049,0.5
2017-09-06 15:59:59.999,0.7310585786300049,0.5
2017-09-06 16:00:00.000,0.7310585786300049,0.5
2017-09-06 23:29:59.999,0.7310585786300049,0.5
2017-09-06 23:59:59.999,0.7310585786300049,0.5
2017-09-07 00:29:59.999,0.7310585786300049,0.5
2017-09-07 00:59:59.999,0.7310585786300049,0.5
2017-09-07 01:29:59.999,0.7310585786300049,0.5
2017-09-07 01:59:59.999,0.7310585786300049,0.5
2017-09-07 02:29:59.999,0.7310585786300049,0.5
2017-09-07 02:59:59.999,0.7310585786300049,0.5
2017-09-07 03:29:59.999,0.7310585786300049,0.5
2017-09-07 03:59:59.999,0.7310585786300049,0.5
2017-09-07 04:29:59.999,0.7310585786300049,0.5
2017-09-07 04:59:59.999,0.7310585786300049,0.5
2017-09-07 05:29:59.999,0.7310585786300049,0.5
2017-09-07 05:59:59.999,0.7310585786300049,0.5
2017-09-07 06:29:59.999,0.7310585786300049,0.5
2017-09-07 06:59:59.999,0.7310585786300049,0.5
2017-09-07 07:29:59.999,0.7310585786300049,0.5
2017-09-07 07:59:59.999,0.7310585786300049,0.5
2017-09-07 08:29:59.999,0.7310585786300049,0.5
2017-09-07 08:59:59.999,0.7310585786300049,0.5
2017-09-07 09:29:59.999,0.7310585786300049,0.5
2017-09-07 09:59:59.999,0.7310585786300049,0.5
2017-09-07 10:29:59.999,0.7310585786300049,0.5
2017-09-07 10:59:59.999,0.7310585786300049,0.5
2017-09-07 11:29:59.999,0.7310585786300049,0.5
2017-09-07 11:59:59.999,0.7310585786300049,0.5
2017-09-07 12:29:59.999,0.7310585786300049,0.5
2017-09-07 12:59:59.999,0.7310585786300049,0.5
2017-09-07 13:29:59.999,0.7310585786300049,0.5
2017-09-07 13:59:59.999,0.7310585786300049,0.5
2017-09-07 14:29:59.999,0.7310585786300049,0.5
2017-09-07 14:59:59.999,0.7310585786300049,0.5
2017-09-07 15:29:59.999,0.7310585786300049,0.5
2017-09-07 15:59:59.999,0.7310585786300049,0.5
2017-09-07 16:29:59.999,0.7310585786300049,0.5
2017-09-07 16:59:59.999,0.7310585786300049,0.5
2017-09-07 17:29:59.999,0.7310585786300049,0.5
2017-09-07 17:59:59.999,0.7310585786300049,0.5
2017-09-07 18:29:59.999,0.7310585786300049,0.5
2017-09-07 18:59:59.999,0.7310585786300049,0.5
2017-09-07 19:29:59.999,0.7310585786300049,0.5
2017-09-07 19:59:59.999,0.7310585786300049,0.5
2017-09-07 20:29:59.999,0.7310585786300049,0.5
2017-09-07 20:59:59.999,0.7310585786300049,0.5
2017-09-07 21:29:59.999,0.7310585786300049,0.5
2017-09-07 21:59:59.999,0.7310585786300049,0.5
2017-09-07 22:29:59.999,0.7310585786300049,0.5
2017-09-07 22:59:59.999,0.7310585786300049,0.5
2017-09-07 23:29:59.999,0.7310585786300049,0.5
2017-09-07 23:59:59.999,0.7310585786300049,0.5
2017-09-08 00:29:59.999,0.7310585786300049,0.5
2017-09-08 00:59:59.999,0.7310585786300049,0.5
2017-09-08 01:29:59.999,0.7310585786300049,0.5
2017-09-08 01:59:59.999,0.7310585786300049,0.5
2017-09-08 02:29:59.999,0.7310585786300049,0.5
2017-09-08 02:59:59.999,0.7310585786300049,0.5
2017-09-08 03:29:59.999,0.7310585786300049,0.5
2017-09-08 03:59:59.999,0.7310585786300049,0.5
2017-09-08 04:29:59.999,0.7310585786300049,0.5
2017-09-08 04:59:59.999,0.7310585786300049,0.5
2017-09-08 05:29:59.999,0.7310585786300049,0.5
2017-09-08 05:59:59.999,0.7310585786300049,0.5
2017-09-08 06:29:59.999,0.7310585786300049,0.5
2017-09-08 06:59:59.999,0.7310585786300049,0.5
2017-09-08 07:29:59.999,0.7310585786300049,0.5
2017-09-08 07:59:59.999,0.7310585786300049,0.5
2017-09-08 08:29:59.999,0.7310585786300049,0.5
2017-09-08 08:59:59.999,0.7310585786300049,0.5
2017-09-08 09:29:59.999,0.7310585786300049,0.5
2017-09-08 09:59:59.999,0.7310585786300049,0.5
2017-09-08 10:29:59.999,0.7310585786300049,0.5
2017-09-08 10:59:59.999,0.7310585786300049,0.5
2017-09-08 11:29:59.999,0.7310585786300049,0.5
2017-09-08 11:59:59.999,0.7310585786300049,0.5
2017-09-08 12:29:59.999,0.7310585786300049,0.5
2017-09-08 12:59:59.999,0.7310585786300049,0.5
2017-09-08 13:29:59.999,0.7310585786300049,0.5
2017-09-08 13:59:59.999,0.7310585786300049,0.5
2017-09-08 14:29:59.999,0.7310585786300049,0.5
2017-09-08 14:59:59.999,0.7310585786300049,0.5
2017-09-08 15:29:59.999,0.7310585786300049,0.5
2017-09-08 15:59:59.999,0.7310585786300049,0.5
2017-09-08 16:29:59.999,0.7310585786300049,0.5
2017-09-08 16:59:59.999,0.7310585786300049,0.5
2017-09-08 17:29:59.999,0.7310585786300049,0.5
2017-09-08 17:59:59.999,0.7310585786300049,0.5
2017-09-08 18:29:59.999,0.7310585786300049,0.5
2017-09-08 18:59:59.999,0.7310585786300049,0.5
2017-09-08 19:29:59.999,0.7310585786300049,0.5
2017-09-08 19:59:59.999,0.7310585786300049,0.5
2017-09-08 20:29:59.999,0.7310585786300049,0.5
2017-09-08 20:59:59.999,0.7310585786300049,0.5
2017-09-08 21:29:59.999,0.7310585786300049,0.5
2017-09-08 21:59:59.999,0.7310585786300049,0.5
2017-09-08 22:29:59.999,0.7310585786300049,0.5
2017-09-08 22:59:59.999,0.7310585786300049,0.5
2017-09-08 23:29:59.999,0.7310585786300049,0.5
2017-09-08 23:59:59.999,0.7310585786300049,0.5
2017-09-09 00:29:59.999,0.7310585786300049,0.5
2017-09-09 00:59:59.999,0.7310585786300049,0.5
2017-09-09 01:29:59.999,0.7310585786300049,0.5
2017-09-09 01:59:59.999,0.7310585786300049,0.5
2017-09-09 02:29:59.999,0.7310585786300049,0.5
2017-09-09 02:59:59.999,0.7310585786300049,0.5
2017-09-09 03:29:59.999,0.7310585786300049,0.5
2017-09-09 03:59:59.999,0.7310585786300049,0.5
2017-09-09 04:29:59.999,0.7310585786300049,0.5
2017-09-09 04:59:59.999,0.7310585786300049,0.5
2017-09-09 05:29:59.999,0.7310585786300049,0.5
2017-09-09 05:59:59.999,0.7310585786300049,0.5
2017-09-09 06:29:59.999,0.7310585786300049,0.5
2017-09-09 06:59:59.999,0.7310585786300049,0.5
2017-09-09 07:29:59.999,0.7310585786300049,0.5
2017-09-09 07:59:59.999,0.7310585786300049,0.5
2017-09-09 08:29:59.999,0.7310585786300049,0.5
2017-09-09 08:59:59.999,0.7310585786300049,0.5
2017-09-09 09:29:59.999,0.7310585786300049,0.5
2017-09-09 09:59:59.999,0.7310585786300049,0.5
2017-09-09 10:29:59.999,0.7310585786300049,0.5
2017-09-09 10:59:59.999,0.7310585786300049,0.5
2017-09-09 11:29:59.999,0.7310585786300049,0.5
2017-09-09 11:59:59.999,0.7310585786300049,0.5
2017-09-09 12:29:59.999,0.7310585786300049,0.5
2017-09-09 12:59:59.999,0.7310585786300049,0.5
2017-09-09 13:29:59.999,0.7310585786300049,0.5
2017-09-09 13:59:59.999,0.7310585786300049,0.5
2017-09-09 14:29:59.999,0.7310585786300049,0.5
2017-09-09 14:59:59.999,0.7310585786300049,0.5
2017-09-09 15:29:59.999,0.7310585786300049,0.5
2017-09-09 15:59:59.999,0.7310585786300049,0.5
2017-09-09 16:29:59.999,0.7310585786300049,0.5
2017-09-09 16:59:59.999,0.7310585786300049,0.5
2017-09-09 17:29:59.999,0.7310585786300049,0.5
2017-09-09 17:59:59.999,0.7310585786300049,0.5
2017-09-09 18:29:59.999,0.7310585786300049,0.5
2017-09-09 18:59:59.999,0.7310585786300049,0.5
2017-09-09 19:29:59.999,0.7310585786300049,0.5
2017-09-09 19:59:59.999,0.7310585786300049,0.5
2017-09-09 20:29:59.999,0.7310585786300049,0.5
2017-09-09 20:59:59.999,0.7310585786300049,0.5
2017-09-09 21:29:59.999,0.7310585786300049,0.5
2017-09-09 21:59:59.999,0.7310585786300049,0.5
2017-09-09 22:29:59.999,0.7310585786300049,0.5
2017-09-09 22:59:59.999,0.7310585786300049,0.5
2017-09-09 23:29:59.999,0.7310585786300049,0.5
2017-09-09 23:59:59.999,0.7310585786300049,0.5
2017-09-10 00:29:59.999,0.7310585786300049,0.5
2017-09-10 00:59:59.999,0.7310585786300049,0.5
2017-09-10 01:29:59.999,0.7310585786300049,0.5
2017-09-10 01:59:59.999,0.7310585786300049,0.5
2017-09-10 02:29:59.999,0.7310585786300049,0.5
2017-09-10 02:59:59.999,0.7310585786300049,0.5
2017-09-10 03:29:59.999,0.7310585786300049,0.5
2017-09-10 03:59:59.999,0.7310585786300049,0.5
2017-09-10 04:29:59.999,0.7310585786300049,0.5
2017-09-10 04:59:59.999,0.7310585786300049,0.5
2017-09-10 05:29:59.999,0.7310585786300049,0.5
2017-09-10 05:59:59.999,0.7310585786300049,0.5
2017-09-10 06:29:59.999,0.7310585786300049,0.5
2017-09-10 06:59:59.999,0.7310585786300049,0.5
2017-09-10 07:29:59.999,0.7310585786300049,0.5
2017-09-10 07:59:59.999,0.7310585786300049,0.5
2017-09-10 08:29:59.999,0.7310585786300049,0.5
2017-09-10 08:59:59.999,0.7310585786300049,0.5
2017-09-10 09:29:59.999,0.7310585786300049,0.5
2017-09-10 09:59:59.999,0.7310585786300049,0.5
2017-09-10 10:29:59.999,0.7310585786300049,0.5
2017-09-10 10:59:59.999,0.7310585786300049,0.5
2017-09-10 11:29:59.999,0.7310585786300049,0.5
2017-09-10 11:59:59.999,0.7310585786300049,0.5
2017-09-10 12:29:59.999,0.7310585786300049,0.5
2017-09-10 12:59:59.999,0.7310585786300049,0.5
2017-09-10 13:29:59.999,0.7310585786300049,0.5
2017-09-10 13:59:59.999,0.7310585786300049,0.5
2017-09-10 14:29:59.999,0.7310585786300049,0.5
2017-09-10 14:59:59.999,0.7310585786300049,0.5
2017-09-10 15:29:59.999,0.7310585786300049,0.5
2017-09-10 15:59:59.999,0.7310585786300049,0.5
2017-09-10 16:29:59.999,0.7310585786300049,0.5
2017-09-10 16:59:59.999,0.7310585786300049,0.5
2017-09-10 17:29:59.999,0.7310585786300049,0.5
2017-09-10 17:59:59.999,0.7310585786300049,0.5
2017-09-10 18:29:59.999,0.7310585786300049,0.5
2017-09-10 18:59:59.999,0.7310585786300049,0.5
2017-09-10 19:29:59.999,0.7310585786300049,0.5
2017-09-10 19:59:59.999,0.7310585786300049,0.5
2017-09-10 20:29:59.999,0.7310585786300049,0.5
2017-09-10 20:59:59.999,0.7310585786300049,0.5
2017-09-10 21:29:59.999,0.7310585786300049,0.5
2017-09-10 21:59:59.999,0.7310585786300049,0.5
2017-09-10 22:29:59.999,0.7310585786300049,0.5
2017-09-10 22:59:59.999,0.7310585786300049,0.5
2017-09-10 23:29:59.999,0.7310585786300049,0.5
2017-09-10 23:59:59.999,0.7310585786300049,0.5
2017-09-11 00:29:59.999,0.7310585786300049,0.5
2017-09-11 00:59:59.999,0.7310585786300049,0.5
2017-09-11 01:29:59.999,0.7310585786300049,0.5
2017-09-11 01:59:59.999,0.7310585786300049,0.5
2017-09-11 02:29:59.999,0.7310585786300049,0.5
2017-09-11 02:59:59.999,0.7310585786300049,0.5
2017-09-11 03:29:59.999,0.7310585786300049,0.5
2017-09-11 03:59:59.999,0.7310585786300049,0.5
2017-09-11 04:29:59.999,0.7310585786300049,0.5
2017-09-11 04:59:59.999,0.7310585786300049,0.5
2017-09-11 05:29:59.999,0.7310585786300049,0.5
2017-09-11 05:59:59.999,0.7310585786300049,0.5
2017-09-11 06:29:59.999,0.7310585786300049,0.5
2017-09-11 06:59:59.999,0.7310585786300049,0.5
2017-09-11 07:29:59.999,0.7310585786300049,0.5
2017-09-11 07:59:59.999,0.7310585786300049,0.5
2017-09-11 08:29:59.999,0.7310585786300049,0.5
2017-09-11 08:59:59.999,0.7310585786300049,0.5
2017-09-11 09:29:59.999,0.7310585786300049,0.5
2017-09-11 09:59:59.999,0.7310585786300049,0.5
2017-09-11 10:29:59.999,0.7310585786300049,0.5
2017-09-11 10:59:59.999,0.7310585786300049,0.5
2017-09-11 11:29:59.999,0.7310585786300049,0.5
2017-09-11 11:59:59.999,0.7310585786300049,0.5
2017-09-11 12:29:59.999,0.7310585786300049,0.5
2017-09-11 12:59:59.999,0.7310585786300049,0.5
2017-09-11 13:29:59.999,0.7310585786300049,0.5
2017-09-11 13:59:59.999,0.7310585786300049,0.5
2017-09-11 14:29:59.999,0.7310585786300049,0.5
2017-09-11 14:59:59.999,0.7310585786300049,0.5
2017-09-11 15:29:59.999,0.7310585786300049,0.5
2017-09-11 15:59:59.999,0.7310585786300049,0.5
2017-09-11 16:29:59.999,0.7310585786300049,0.5
2017-09-11 16:59:59.999,0.7310585786300049,0.5
2017-09-11 17:29:59.999,0.7310585786300049,0.5
2017-09-11 17:59:59.999,0.7310585786300049,0.5
2017-09-11 18:29:59.999,0.7310585786300049,0.5
2017-09-11 18:59:59.999,0.7310585786300049,0.5
2017-09-11 19:29:59.999,0.7310585786300049,0.5
2017-09-11 19:59:59.999,0.7310585786300049,0.5
2017-09-11 20:29:59.999,0.7310585786300049,0.5
2017-09-11 20:59:59.999,0.7310585786300049,0.5
2017-09-11 21:29:59.999,0.7310585786300049,0.5
2017-09-11 21:59:59.999,0.7310585786300049,0.5
2017-09-11 22:29:59.999,0.7310585786300049,0.5
2017-09-11 22:59:59.999,0.7310585786300049,0.5
2017-09-11 23:29:59.999,0.7310585786300049,0.5
2017-09-11 23:59:59.999,0.7310585786300049,0.5
2017-09-12 00:29:59.999,0.7310585786300049,0.5
2017-09-12 00:59:59.999,0.7310585786300049,0.5
2017-09-12 01:29:59.999,0.7310585786300049,0.5
2017-09-12 01:59:59.999,0.7310585786300049,0.5
2017-09-12 02:29:59.999,0.7310585786300049,0.5
2017-09-12 02:59:59.999,0.7310585786300049,0.5
2017-09-12 03:29:59.999,0.7310585786300049,0.5
2017-09-12 03:59:59.999,0.7310585786300049,0.5
2017-09-12 04:29:59.999,0.7310585786300049,0.5
2017-09-12 04:59:59.999,0.7310585786300049,0.5
2017-09-12 05:29:59.999,0.7310585786300049,0.5
2017-09-12 05:59:59.999,0.7310585786300049,0.5
2017-09-12 06:29:59.999,0.7310585786300049,0.5
2017-09-12 06:59:59.999,0.7310585786300049,0.5
2017-09-12 07:29:59.999,0.7310585786300049,0.5
2017-09-12 07:59:59.999,0.7310585786300049,0.5
2017-09-12 08:29:59.999,0.7310585786300049,0.5
2017-09-12 08:59:59.999,0.7310585786300049,0.5
2017-09-12 09:29:59.999,0.7310585786300049,0.5
2017-09-12 09:59:59.999,0.7310585786300049,0.5
2017-09-12 10:29:59.999,0.7310585786300049,0.5
2017-09-12 10:59:59.999,0.7310585786300049,0.5
2017-09-12 11:29:59.999,0.7310585786300049,0.5
2017-09-12 11:59:59.999,0.7310585786300049,0.5
2017-09-12 12:29:59.999,0.7310585786300049,0.5
2017-09-12 12:59:59.999,0.7310585786300049,0.5
2017-09-12 13:29:59.999,0.7310585786300049,0.5
2017-09-12 13:59:59.999,0.7310585786300049,0.5
2017-09-12 14:29:59.999,0.7310585786300049,0.5
2017-09-12 14:59:59.999,0.7310585786300049,0.5
2017-09-12 15:29:59.999,0.7310585786300049,0.5
2017-09-12 15:59:59.999,0.7310585786300049,0.5
2017-09-12 16:29:59.999,0.7310585786300049,0.5
2017-09-12 16:59:59.999,0.7310585786300049,0.5
2017-09-12 17:29:59.999,0.7310585786300049,0.5
2017-09-12 17:59:59.999,0.7310585786300049,0.5
2017-09-12 18:29:59.999,0.7310585786300049,0.5
2017-09-12 18:59:59.999,0.7310585786300049,0.5
2017-09-12 19:29:59.999,0.7310585786300049,0.5
2017-09-12 19:59:59.999,0.7310585786300049,0.5
2017-09-12 20:29:59.999,0.7310585786300049,0.5
2017-09-12 20:59:59.999,0.7310585786300049,0.5
2017-09-12 21:29:59.999,0.7310585786300049,0.5
2017-09-12 21:59:59.999,0.7310585786300049,0.5
2017-09-12 22:29:59.999,0.7310585786300049,0.5
2017-09-12 22:59:59.999,0.7310585786300049,0.5
2017-09-12 23:29:59.999,0.7310585786300049,0.5
2017-09-12 23:59:59.999,0.7310585786300049,0.5
2017-09-13 00:29:59.999,0.7310585786300049,0.5
2017-09-13 00:59:59.999,0.7310585786300049,0.5
2017-09-13 01:29:59.999,0.7310585786300049,0.5
2017-09-13 01:59:59.999,0.7310585786300049,0.5
2017-09-13 02:29:59.999,0.7310585786300049,0.5
2017-09-13 02:59:59.999,0.7310585786300049,0.5
2017-09-13 03:29:59.999,0.7310585786300049,0.5
2017-09-13 03:59:59.999,0.7310585786300049,0.5
2017-09-13 04:29:59.999,0.7310585786300049,0.5
2017-09-13 04:59:59.999,0.7310585786300049,0.5
2017-09-13 05:29:59.999,0.7310585786300049,0.5
2017-09-13 05:59:59.999,0.7310585786300049,0.5
2017-09-13 06:29:59.999,0.7310585786300049,0.5
2017-09-13 06:59:59.999,0.7310585786300049,0.5
2017-09-13 07:29:59.999,0.7310585786300049,0.5
2017-09-13 07:59:59.999,0.7310585786300049,0.5
2017-09-13 08:29:59.999,0.7310585786300049,0.5
2017-09-13 08:59:59.999,0.7310585786300049,0.5
2017-09-13 09:29:59.999,0.7310585786300049,0.5
2017-09-13 09:59:59.999,0.7310585786300049,0.5
2017-09-13 10:29:59.999,0.7310585786300049,0.5
2017-09-13 10:59:59.999,0.7310585786300049,0.5
2017-09-13 11:29:59.999,0.7310585786300049,0.5
2017-09-13 11:59:59.999,0.7310585786300049,0.5
2017-09-13 12:29:59.999,0.7310585786300049,0.5
2017-09-13 12:59:59.999,0.7310585786300049,0.5
2017-09-13 13:29:59.999,0.7310585786300049,0.5
2017-09-13 13:59:59.999,0.7310585786300049,0.5
2017-09-13 14:29:59.999,0.7310585786300049,0.5
2017-09-13 14:59:59.999,0.7310585786300049,0.5
2017-09-13 15:29:59.999,0.7310585786300049,0.5
2017-09-13 15:59:59.999,0.7310585786300049,0.5
2017-09-13 16:29:59.999,0.7310585786300049,0.5
2017-09-13 16:59:59.999,0.7310585786300049,0.5
2017-09-13 17:29:59.999,0.7310585786300049,0.5
2017-09-13 17:59:59.999,0.7310585786300049,0.5
2017-09-13 18:29:59.999,0.7310585786300049,0.5
2017-09-13 18:59:59.999,0.7310585786300049,0.5
2017-09-13 19:29:59.999,0.7310585786300049,0.5
2017-09-13 19:59:59.999,0.7310585786300049,0.5
2017-09-13 20:29:59.999,0.7310585786300049,0.5
2017-09-13 20:59:59.999,0.7310585786300049,0.5
2017-09-13 21:29:59.999,0.7310585786300049,0.5
2017-09-13 21:59:59.999,0.7310585786300049,0.5
2017-09-13 22:29:59.999,0.7310585786300049,0.5
2017-09-13 22:59:59.999,0.7310585786300049,0.5
2017-09-13 23:29:59.999,0.7310585786300049,0.5
2017-09-13 23:59:59.999,0.7310585786300049,0.5
2017-09-14 00:29:59.999,0.7310585786300049,0.5
2017-09-14 00:59:59.999,0.7310585786300049,0.5
2017-09-14 01:29:59.999,0.7310585786300049,0.5
2017-09-14 01:59:59.999,0.7310585786300049,0.5
2017-09-14 02:29:59.999,0.7310585786300049,0.5
2017-09-14 02:59:59.999,0.7310585786300049,0.5
2017-09-14 03:29:59.999,0.7310585786300049,0.5
2017-09-14 03:59:59.999,0.7310585786300049,0.5
2017-09-14 04:29:59.999,0.7310585786300049,0.5
2017-09-14 04:59:59.999,0.7310585786300049,0.5
2017-09-14 05:29:59.999,0.7310585786300049,0.5
2017-09-14 05:59:59.999,0.7310585786300049,0.5
2017-09-14 06:29:59.999,0.7310585786300049,0.5
2017-09-14 06:59:59.999,0.7310585786300049,0.5
2017-09-14 07:29:59.999,0.7310585786300049,0.5
2017-09-14 07:59:59.999,0.7310585786300049,0.5
2017-09-14 08:29:59.999,0.7310585786300049,0.5
2017-09-14 08:59:59.999,0.7310585786300049,0.5
2017-09-14 09:29:59.999,0.7310585786300049,0.5
2017-09-14 09:59:59.999,0.7310585786300049,0.5
2017-09-14 10:29:59.999,0.7310585786300049,0.5
2017-09-14 10:59:59.999,0.7310585786300049,0.5
2017-09-14 11:29:59.999,0.7310585786300049,0.5
2017-09-14 11:59:59.999,0.7310585786300049,0.5
2017-09-14 12:29:59.999,0.7310585786300049,0.5
2017-09-14 12:59:59.999,0.7310585786300049,0.5
2017-09-14 13:29:59.999,0.7310585786300049,0.5
2017-09-14 13:59:59.999,0.7310585786300049,0.5
2017-09-14 14:29:59.999,0.7310585786300049,0.5
2017-09-14 14:59:59.999,0.7310585786300049,0.5
2017-09-14 15:29:59.999,0.7310585786300049,0.5
2017-09-14 15:59:59.999,0.7310585786300049,0.5
2017-09-14 16:29:59.999,0.7310585786300049,0.5
2017-09-14 16:59:59.999,0.7310585786300049,0.5
2017-09-14 17:29:59.999,0.7310585786300049,0.5
2017-09-14 17:59:59.999,0.7310585786300049,0.5
2017-09-14 18:29:59.999,0.7310585786300049,0.5
2017-09-14 18:59:59.999,0.7310585786300049,0.5
2017-09-14 19:29:59.999,0.7310585786300049,0.5
2017-09-14 19:59:59.999,0.7310585786300049,0.5
2017-09-14 20:29:59.999,0.7310585786300049,0.5
2017-09-14 20:59:59.999,0.7310585786300049,0.5
2017-09-14 21:29:59.999,0.7310585786300049,0.5
2017-09-14 21:59:59.999,0.7310585786300049,0.5
2017-09-14 22:29:59.999,0.7310585786300049,0.5
2017-09-14 22:59:59.999,0.7310585786300049,0.5
2017-09-14 23:29:59.999,0.7310585786300049,0.5
2017-09-14 23:59:59.999,0.7310585786300049,0.5
2017-09-15 00:29:59.999,0.7310585786300049,0.5
2017-09-15 00:59:59.999,0.7310585786300049,0.5
2017-09-15 01:29:59.999,0.7310585786300049,0.5
2017-09-15 01:59:59.999,0.7310585786300049,0.5
2017-09-15 02:29:59.999,0.7310585786300049,0.5
2017-09-15 02:59:59.999,0.7310585786300049,0.5
2017-09-15 03:29:59.999,0.7310585786300049,0.5
2017-09-15 03:59:59.999,0.7310585786300049,0.5
2017-09-15 04:29:59.999,0.7310585786300049,0.5
2017-09-15 04:59:59.999,0.7310585786300049,0.5
2017-09-15 05:29:59.999,0.7310585786300049,0.5
2017-09-15 05:59:59.999,0.7310585786300049,0.5
2017-09-15 06:29:59.999,0.7310585786300049,0.5
2017-09-15 06:59:59.999,0.7310585786300049,0.5
2017-09-15 07:29:59.999,0.7310585786300049,0.5
2017-09-15 07:59:59.999,0.7310585786300049,0.5
2017-09-15 08:29:59.999,0.7310585786300049,0.5
2017-09-15 08:59:59.999,0.7310585786300049,0.5
2017-09-15 09:29:59.999,0.7310585786300049,0.5
2017-09-15 09:59:59.999,0.7310585786300049,0.5
2017-09-15 10:29:59.999,0.7310585786300049,0.5
2017-09-15 10:59:59.999,0.7310585786300049,0.5
2017-09-15 11:29:59.999,0.7310585786300049,0.5
2017-09-15 11:59:59.999,0.7310585786300049,0.5
2017-09-15 12:29:59.999,0.7310585786300049,0.5
2017-09-15 12:59:59.999,0.7310585786300049,0.5
2017-09-15 13:29:59.999,0.7310585786300049,0.5
2017-09-15 13:59:59.999,0.7310585786300049,0.5
2017-09-15 14:29:59.999,0.7310585786300049,0.5
2017-09-15 14:59:59.999,0.7310585786300049,0.5
2017-09-15 15:29:59.999,0.7310585786300049,0.5
2017-09-15 15:59:59.999,0.7310585786300049,0.5
2017-09-15 16:29:59.999,0.7310585786300049,0.5
2017-09-15 16:59:59.999,0.7310585786300049,0.5
2017-09-15 17:29:59.999,0.7310585786300049,0.5
2017-09-15 17:59:59.999,0.7310585786300049,0.5
2017-09-15 18:29:59.999,0.7310585786300049,0.5
2017-09-15 18:59:59.999,0.7310585786300049,0.5
2017-09-15 19:29:59.999,0.7310585786300049,0.5
2017-09-15 19:59:59.999,0.7310585786300049,0.5
2017-09-15 20:29:59.999,0.7310585786300049,0.5
2017-09-15 20:59:59.999,0.7310585786300049,0.5
2017-09-15 21:29:59.999,0.7310585786300049,0.5
2017-09-15 21:59:59.999,0.7310585786300049,0.5
2017-09-15 22:29:59.999,0.7310585786300049,0.5
2017-09-15 22:59:59.999,0.7310585786300049,0.5
2017-09-15 23:29:59.999,0.7310585786300049,0.5
2017-09-15 23:59:59.999,0.7310585786300049,0.5
2017-09-16 00:29:59.999,0.7310585786300049,0.5
2017-09-16 00:59:59.999,0.7310585786300049,0.5
2017-09-16 01:29:59.999,0.7310585786300049,0.5
2017-09-16 01:59:59.999,0.7310585786300049,0.5
2017-09-16 02:29:59.999,0.7310585786300049,0.5
2017-09-16 02:59:59.999,0.7310585786300049,0.5
2017-09-16 03:29:59.999,0.7310585786300049,0.5
2017-09-16 03:59:59.999,0.7310585786300049,0.5
2017-09-16 04:29:59.999,0.7310585786300049,0.5
2017-09-16 04:59:59.999,0.7310585786300049,0.5
2017-09-16 05:29:59.999,0.7310585786300049,0.5
2017-09-16 05:59:59.999,0.7310585786300049,0.5
2017-09-16 06:29:59.999,0.7310585786300049,0.5
2017-09-16 06:59:59.999,0.7310585786300049,0.5
2017-09-16 07:29:59.999,0.7310585786300049,0.5
2017-09-16 07:59:59.999,0.7310585786300049,0.5
2017-09-16 08:29:59.999,0.7310585786300049,0.5
2017-09-16 08:59:59.999,0.7310585786300049,0.5
2017-09-16 09:29:59.999,0.7310585786300049,0.5
2017-09-16 09:59:59.999,0.7310585786300049,0.5
2017-09-16 10:29:59.999,0.7310585786300049,0.5
2017-09-16 10:59:59.999,0.7310585786300049,0.5
2017-09-16 11:29:59.999,0.7310585786300049,0.5
2017-09-16 11:59:59.999,0.7310585786300049,0.5
2017-09-16 12:29:59.999,0.7310585786300049,0.5
2017-09-16 12:59:59.999,0.7310585786300049,0.5
2017-09-16 13:29:59.999,0.7310585786300049,0.5
2017-09-16 13:59:59.999,0.7310585786300049,0.5
2017-09-16 14:29:59.999,0.7310585786300049,0.5
2017-09-16 14:59:59.999,0.7310585786300049,0.5
2017-09-16 15:29:59.999,0.7310585786300049,0.5
2017-09-16 15:59:59.999,0.7310585786300049,0.5
2017-09-16 16:29:59.999,0.7310585786300049,0.5
2017-09-16 16:59:59.999,0.7310585786300049,0.5
2017-09-16 17:29:59.999,0.7310585786300049,0.5
2017-09-16 17:59:59.999,0.7310585786300049,0.5
2017-09-16 18:29:59.999,0.7310585786300049,0.5
2017-09-16 18:59:59.999,0.7310585786300049,0.5
2017-09-16 19:29:59.999,0.7310585786300049,0.5
2017-09-16 19:59:59.999,0.7310585786300049,0.5
2017-09-16 20:29:59.999,0.7310585786300049,0.5
2017-09-16 20:59:59.999,0.7310585786300049,0.5
2017-09-16 21:29:59.999,0.7310585786300049,0.5
2017-09-16 21:59:59.999,0.7310585786300049,0.5
2017-09-16 22:29:59.999,0.7310585786300049,0.5
2017-09-16 22:59:59.999,0.7310585786300049,0.5
2017-09-16 23:29:59.999,0.7310585786300049,0.5
2017-09-16 23:59:59.999,0.7310585786300049,0.5
2017-09-17 00:29:59.999,0.7310585786300049,0.5
2017-09-17 00:59:59.999,0.7310585786300049,0.5
2017-09-17 01:29:59.999,0.7310585786300049,0.5
2017-09-17 01:59:59.999,0.7310585786300049,0.5
2017-09-17 02:29:59.999,0.7310585786300049,0.5
2017-09-17 02:59:59.999,0.7310585786300049,0.5
2017-09-17 03:29:59.999,0.7310585786300049,0.5
2017-09-17 03:59:59.999,0.7310585786300049,0.5
2017-09-17 04:29:59.999,0.7310585786300049,0.5
2017-09-17 04:59:59.999,0.7310585786300049,0.5
2017-09-17 05:29:59.999,0.7310585786300049,0.5
2017-09-17 05:59:59.999,0.7310585786300049,0.5
2017-09-17 06:29:59.999,0.7310585786300049,0.5
2017-09-17 06:59:59.999,0.7310585786300049,0.5
2017-09-17 07:29:59.999,0.7310585786300049,0.5
2017-09-17 07:59:59.999,0.7310585786300049,0.5
2017-09-17 08:29:59.999,0.7310585786300049,0.5
2017-09-17 08:59:59.999,0.7310585786300049,0.5
2017-09-17 09:29:59.999,0.7310585786300049,0.5
2017-09-17 09:59:59.999,0.7310585786300049,0.5
2017-09-17 10:29:59.999,0.7310585786300049,0.5
2017-09-17 10:59:59.999,0.7310585786300049,0.5
2017-09-17 11:29:59.999,0.7310585786300049,0.5
2017-09-17 11:59:59.999,0.7310585786300049,0.5
2017-09-17 12:29:59.999,0.7310585786300049,0.5
2017-09-17 12:59:59.999,0.7310585786300049,0.5
2017-09-17 13:29:59.999,0.7310585786300049,0.5
2017-09-17 13:59:59.999,0.7310585786300049,0.5
2017-09-17 14:29:59.999,0.7310585786300049,0.5
2017-09-17 14:59:59.999,0.7310585786300049,0.5
2017-09-17 15:29:59.999,0.7310585786300049,0.5
2017-09-17 15:59:59.999,0.7310585786300049,0.5
2017-09-17 16:29:59.999,0.7310585786300049,0.5
2017-09-17 16:59:59.999,0.7310585786300049,0.5
2017-09-17 17:29:59.999,0.7310585786300049,0.5
2017-09-17 17:59:59.999,0.7310585786300049,0.5
2017-09-17 18:29:59.999,0.7310585786300049,0.5
2017-09-17 18:59:59.999,0.7310585786300049,0.5
2017-09-17 19:29:59.999,0.7310585786300049,0.5
2017-09-17 19:59:59.999,0.7310585786300049,0.5
2017-09-17 20:29:59.999,0.7310585786300049,0.5
2017-09-17 20:59:59.999,0.7310585786300049,0.5
2017-09-17 21:29:59.999,0.7310585786300049,0.5
2017-09-17 21:59:59.999,0.7310585786300049,0.5
2017-09-17 22:29:59.999,0.7310585786300049,0.5
2017-09-17 22:59:59.999,0.7310585786300049,0.5
2017-09-17 23:29:59.999,0.7310585786300049,0.5
2017-09-17 23:59:59.999,0.7310585786300049,0.5
2017-09-18 00:29:59.999,0.7310585786300049,0.5
2017-09-18 00:59:59.999,0.7310585786300049,0.5
2017-09-18 01:29:59.999,0.7310585786300049,0.5
2017-09-18 01:59:59.999,0.7310585786300049,0.5
2017-09-18 02:29:59.999,0.7310585786300049,0.5
2017-09-18 02:59:59.999,0.7310585786300049,0.5
2017-09-18 03:29:59.999,0.7310585786300049,0.5
2017-09-18 03:59:59.999,0.7310585786300049,0.5
2017-09-18 04:29:59.999,0.7310585786300049,0.5
2017-09-18 04:59:59.999,0.7310585786300049,0.5
2017-09-18 05:29:59.999,0.7310585786300049,0.5
2017-09-18 05:59:59.999,0.7310585786300049,0.5
2017-09-18 06:29:59.999,0.7310585786300049,0.5
2017-09-18 06:59:59.999,0.7310585786300049,0.5
2017-09-18 07:29:59.999,0.7310585786300049,0.5
2017-09-18 07:59:59.999,0.7310585786300049,0.5
2017-09-18 08:29:59.999,0.7310585786300049,0.5
2017-09-18 08:59:59.999,0.7310585786300049,0.5
2017-09-18 09:29:59.999,0.7310585786300049,0.5
2017-09-18 09:59:59.999,0.7310585786300049,0.5
2017-09-18 10:29:59.999,0.7310585786300049,0.5
2017-09-18 10:59:59.999,0.7310585786300049,0.5
2017-09-18 11:29:59.999,0.7310585786300049,0.5
2017-09-18 11:59:59.999,0.7310585786300049,0.5
2017-09-18 12:29:59.999,0.7310585786300049,0.5
2017-09-18 12:59:59.999,0.7310585786300049,0.5
2017-09-18 13:29:59.999,0.7310585786300049,0.5
2017-09-18 13:59:59.999,0.7310585786300049,0.5
2017-09-18 14:29:59.999,0.7310585786300049,0.5
2017-09-18 14:59:59.999,0.7310585786300049,0.5
2017-09-18 15:29:59.999,0.7310585786300049,0.5
2017-09-18 15:59:59.999,0.7310585786300049,0.5
2017-09-18 16:29:59.999,0.7310585786300049,0.5
2017-09-18 16:59:59.999,0.7310585786300049,0.5
2017-09-18 17:29:59.999,0.7310585786300049,0.5
2017-09-18 17:59:59.999,0.7310585786300049,0.5
2017-09-18 18:29:59.999,0.7310585786300049,0.5
2017-09-18 18:59:59.999,0.7310585786300049,0.5
2017-09-18 19:29:59.999,0.7310585786300049,0.5
2017-09-18 19:59:59.999,0.7310585786300049,0.5
2017-09-18 20:29:59.999,0.7310585786300049,0.5
2017-09-18 20:59:59.999,0.7310585786300049,0.5
2017-09-18 21:29:59.999,0.7310585786300049,0.5
2017-09-18 21:59:59.999,0.7310585786300049,0.5
2017-09-18 22:29:59.999,0.7310585786300049,0.5
2017-09-18 22:59:59.999,0.7310585786300049,0.5
2017-09-18 23:29:59.999,0.7310585786300049,0.5
2017-09-18 23:59:59.999,0.7310585786300049,0.5
2017-09-19 00:29:59.999,0.7310585786300049,0.5
2017-09-19 00:59:59.999,0.7310585786300049,0.5
2017-09-19 01:29:59.999,0.7310585786300049,0.5
2017-09-19 01:59:59.999,0.7310585786300049,0.5
2017-09-19 02:29:59.999,0.7310585786300049,0.5
2017-09-19 02:59:59.999,0.7310585786300049,0.5
2017-09-19 03:29:59.999,0.7310585786300049,0.5
2017-09-19 03:59:59.999,0.7310585786300049,0.5
2017-09-19 04:29:59.999,0.7310585786300049,0.5
2017-09-19 04:59:59.999,0.7310585786300049,0.5
2017-09-19 05:29:59.999,0.7310585786300049,0.5
2017-09-19 05:59:59.999,0.7310585786300049,0.5
2017-09-19 06:29:59.999,0.7310585786300049,0.5
2017-09-19 06:59:59.999,0.7310585786300049,0.5
2017-09-19 07:29:59.999,0.7310585786300049,0.5
2017-09-19 07:59:59.999,0.7310585786300049,0.5
2017-09-19 08:29:59.999,0.7310585786300049,0.5
2017-09-19 08:59:59.999,0.7310585786300049,0.5
2017-09-19 09:29:59.999,0.7310585786300049,0.5
2017-09-19 09:59:59.999,0.7310585786300049,0.5
2017-09-19 10:29:59.999,0.7310585786300049,0.5
2017-09-19 10:59:59.999,0.7310585786300049,0.5
2017-09-19 11:29:59.999,0.7310585786300049,0.5
2017-09-19 11:59:59.999,0.7310585786300049,0.5
2017-09-19 12:29:59.999,0.7310585786300049,0.5
2017-09-19 12:59:59.999,0.7310585786300049,0.5
2017-09-19 13:29:59.999,0.7310585786300049,0.5
2017-09-19 13:59:59.999,0.7310585786300049,0.5
2017-09-19 14:29:59.999,0.7310585786300049,0.5
2017-09-19 14:59:59.999,0.7310585786300049,0.5
2017-09-19 15:29:59.999,0.7310585786300049,0.5
2017-09-19 15:59:59.999,0.7310585786300049,0.5
2017-09-19 16:29:59.999,0.7310585786300049,0.5
2017-09-19 16:59:59.999,0.7310585786300049,0.5
2017-09-19 17:29:59.999,0.7310585786300049,0.5
2017-09-19 17:59:59.999,0.7310585786300049,0.5
2017-09-19 18:29:59.999,0.7310585786300049,0.5
2017-09-19 18:59:59.999,0.7310585786300049,0.5
2017-09-19 19:29:59.999,0.7310585786300049,0.5
2017-09-19 19:59:59.999,0.7310585786300049,0.5
2017-09-19 20:29:59.999,0.7310585786300049,0.5
2017-09-19 20:59:59.999,0.7310585786300049,0.5
2017-09-19 21:29:59.999,0.7310585786300049,0.5
2017-09-19 21:59:59.999,0.7310585786300049,0.5
2017-09-19 22:29:59.999,0.7310585786300049,0.5
2017-09-19 22:59:59.999,0.7310585786300049,0.5
2017-09-19 23:29:59.999,0.7310585786300049,0.5
2017-09-19 23:59:59.999,0.7310585786300049,0.5
2017-09-20 00:29:59.999,0.7310585786300049,0.5
2017-09-20 00:59:59.999,0.7310585786300049,0.5
2017-09-20 01:29:59.999,0.7310585786300049,0.5
2017-09-20 01:59:59.999,0.7310585786300049,0.5
2017-09-20 02:29:59.999,0.7310585786300049,0.5
2017-09-20 02:59:59.999,0.7310585786300049,0.5
2017-09-20 03:29:59.999,0.7310585786300049,0.5
2017-09-20 03:59:59.999,0.7310585786300049,0.5
2017-09-20 04:29:59.999,0.7310585786300049,0.5
2017-09-20 04:59:59.999,0.7310585786300049,0.5
2017-09-20 05:29:59.999,0.7310585786300049,0.5
2017-09-20 05:59:59.999,0.7310585786300049,0.5
2017-09-20 06:29:59.999,0.7310585786300049,0.5
2017-09-20 06:59:59.999,0.7310585786300049,0.5
2017-09-20 07:29:59.999,0.7310585786300049,0.5
2017-09-20 07:59:59.999,0.7310585786300049,0.5
2017-09-20 08:29:59.999,0.7310585786300049,0.5
2017-09-20 08:59:59.999,0.7310585786300049,0.5
2017-09-20 09:29:59.999,0.7310585786300049,0.5
2017-09-20 09:59:59.999,0.7310585786300049,0.5
2017-09-20 10:29:59.999,0.7310585786300049,0.5
2017-09-20 10:59:59.999,0.7310585786300049,0.5
2017-09-20 11:29:59.999,0.7310585786300049,0.5
2017-09-20 11:59:59.999,0.7310585786300049,0.5
2017-09-20 12:29:59.999,0.7310585786300049,0.5
2017-09-20 12:59:59.999,0.7310585786300049,0.5
2017-09-20 13:29:59.999,0.7310585786300049,0.5
2017-09-20 13:59:59.999,0.7310585786300049,0.5
2017-09-20 14:29:59.999,0.7310585786300049,0.5
2017-09-20 14:59:59.999,0.7310585786300049,0.5
2017-09-20 15:29:59.999,0.7310585786300049,0.5
2017-09-20 15:59:59.999,0.7310585786300049,0.5
2017-09-20 16:29:59.999,0.7310585786300049,0.5
2017-09-20 16:59:59.999,0.7310585786300049,0.5
2017-09-20 17:29:59.999,0.7310585786300049,0.5
2017-09-20 17:59:59.999,0.7310585786300049,0.5
2017-09-20 18:29:59.999,0.7310585786300049,0.5
2017-09-20 18:59:59.999,0.7310585786300049,0.5
2017-09-20 19:29:59.999,0.7310585786300049,0.5
2017-09-20 19:59:59.999,0.7310585786300049,0.5
2017-09-20 20:29:59.999,0.7310585786300049,0.5
2017-09-20 20:59:59.999,0.7310585786300049,0.5
2017-09-20 21:29:59.999,0.7310585786300049,0.5
2017-09-20 21:59:59.999,0.7310585786300049,0.5
2017-09-20 22:29:59.999,0.7310585786300049,0.5
2017-09-20 22:59:59.999,0.7310585786300049,0.5
2017-09-20 23:29:59.999,0.7310585786300049,0.5
2017-09-20 23:59:59.999,0.7310585786300049,0.5
2017-09-21 00:29:59.999,0.7310585786300049,0.5
2017-09-21 00:59:59.999,0.7310585786300049,0.5
2017-09-21 01:29:59.999,0.7310585786300049,0.5
2017-09-21 01:59:59.999,0.7310585786300049,0.5
2017-09-21 02:29:59.999,0.7310585786300049,0.5
2017-09-21 02:59:59.999,0.7310585786300049,0.5
2017-09-21 03:29:59.999,0.7310585786300049,0.5
2017-09-21 03:59:59.999,0.7310585786300049,0.5
2017-09-21 04:29:59.999,0.7310585786300049,0.5
2017-09-21 04:59:59.999,0.7310585786300049,0.5
2017-09-21 05:29:59.999,0.7310585786300049,0.5
2017-09-21 05:59:59.999,0.7310585786300049,0.5
2017-09-21 06:29:59.999,0.7310585786300049,0.5
2017-09-21 06:59:59.999,0.7310585786300049,0.5
2017-09-21 07:29:59.999,0.7310585786300049,0.5
2017-09-21 07:59:59.999,0.7310585786300049,0.5
2017-09-21 08:29:59.999,0.7310585786300049,0.5
2017-09-21 08:59:59.999,0.7310585786300049,0.5
2017-09-21 09:29:59.999,0.7310585786300049,0.5
2017-09-21 09:59:59.999,0.7310585786300049,0.5
2017-09-21 10:29:59.999,0.7310585786300049,0.5
2017-09-21 10:59:59.999,0.7310585786300049,0.5
2017-09-21 11:29:59.999,0.7310585786300049,0.5
2017-09-21 11:59:59.999,0.7310585786300049,0.5
2017-09-21 12:29:59.999,0.7310585786300049,0.5
2017-09-21 12:59:59.999,0.7310585786300049,0.5
2017-09-21 13:29:59.999,0.7310585786300049,0.5
2017-09-21 13:59:59.999,0.7310585786300049,0.5
2017-09-21 14:29:59.999,0.7310585786300049,0.5
2017-09-21 14:59:59.999,0.7310585786300049,0.5
2017-09-21 15:29:59.999,0.7310585786300049,0.5
2017-09-21 15:59:59.999,0.7310585786300049,0.5
2017-09-21 16:29:59.999,0.7310585786300049,0.5
2017-09-21 16:59:59.999,0.7310585786300049,0.5
2017-09-21 17:29:59.999,0.7310585786300049,0.5
2017-09-21 17:59:59.999,0.7310585786300049,0.5
2017-09-21 18:29:59.999,0.7310585786300049,0.5
2017-09-21 18:59:59.999,0.7310585786300049,0.5
2017-09-21 19:29:59.999,0.7310585786300049,0.5
2017-09-21 19:59:59.999,0.7310585786300049,0.5
2017-09-21 20:29:59.999,0.7310585786300049,0.5
2017-09-21 20:59:59.999,0.7310585786300049,0.5
2017-09-21 21:29:59.999,0.7310585786300049,0.5
2017-09-21 21:59:59.999,0.7310585786300049,0.5
2017-09-21 22:29:59.999,0.7310585786300049,0.5
2017-09-21 22:59:59.999,0.7310585786300049,0.5
2017-09-21 23:29:59.999,0.7310585786300049,0.5
2017-09-21 23:59:59.999,0.7310585786300049,0.5
2017-09-22 00:29:59.999,0.7310585786300049,0.5
2017-09-22 00:59:59.999,0.7310585786300049,0.5
2017-09-22 01:29:59.999,0.7310585786300049,0.5
2017-09-22 01:59:59.999,0.7310585786300049,0.5
2017-09-22 02:29:59.999,0.7310585786300049,0.5
2017-09-22 02:59:59.999,0.7310585786300049,0.5
2017-09-22 03:29:59.999,0.7310585786300049,0.5
2017-09-22 03:59:59.999,0.7310585786300049,0.5
2017-09-22 04:29:59.999,0.7310585786300049,0.5
2017-09-22 04:59:59.999,0.7310585786300049,0.5
2017-09-22 05:29:59.999,0.7310585786300049,0.5
2017-09-22 05:59:59.999,0.7310585786300049,0.5
2017-09-22 06:29:59.999,0.7310585786300049,0.5
2017-09-22 06:59:59.999,0.7310585786300049,0.5
2017-09-22 07:29:59.999,0.7310585786300049,0.5
2017-09-22 07:59:59.999,0.7310585786300049,0.5
2017-09-22 08:29:59.999,0.7310585786300049,0.5
2017-09-22 08:59:59.999,0.7310585786300049,0.5
2017-09-22 09:29:59.999,0.7310585786300049,0.5
2017-09-22 09:59:59.999,0.7310585786300049,0.5
2017-09-22 10:29:59.999,0.7310585786300049,0.5
2017-09-22 10:59:59.999,0.7310585786300049,0.5
2017-09-22 11:29:59.999,0.7310585786300049,0.5
2017-09-22 11:59:59.999,0.7310585786300049,0.5
2017-09-22 12:29:59.999,0.7310585786300049,0.5
2017-09-22 12:59:59.999,0.7310585786300049,0.5
2017-09-22 13:29:59.999,0.7310585786300049,0.5
2017-09-22 13:59:59.999,0.7310585786300049,0.5
2017-09-22 14:29:59.999,0.7310585786300049,0.5
2017-09-22 14:59:59.999,0.7310585786300049,0.5
2017-09-22 15:29:59.999,0.7310585786300049,0.5
2017-09-22 15:59:59.999,0.7310585786300049,0.5
2017-09-22 16:29:59.999,0.7310585786300049,0.5
2017-09-22 16:59:59.999,0.7310585786300049,0.5
2017-09-22 17:29:59.999,0.7310585786300049,0.5
2017-09-22 17:59:59.999,0.7310585786300049,0.5
2017-09-22 18:29:59.999,0.7310585786300049,0.5
2017-09-22 18:59:59.999,0.7310585786300049,0.5
2017-09-22 19:29:59.999,0.7310585786300049,0.5
2017-09-22 19:59:59.999,0.7310585786300049,0.5
2017-09-22 20:29:59.999,0.7310585786300049,0.5
2017-09-22 20:59:59.999,0.7310585786300049,0.5
2017-09-22 21:29:59.999,0.7310585786300049,0.5
2017-09-22 21:59:59.999,0.7310585786300049,0.5
2017-09-22 22:29:59.999,0.7310585786300049,0.5
2017-09-22 22:59:59.999,0.7310585786300049,0.5
2017-09-22 23:29:59.999,0.7310585786300049,0.5
2017-09-22 23:59:59.999,0.7310585786300049,0.5
2017-09-23 00:29:59.999,0.7310585786300049,0.5
2017-09-23 00:59:59.999,0.7310585786300049,0.5
2017-09-23 01:29:59.999,0.7310585786300049,0.5
2017-09-23 01:59:59.999,0.7310585786300049,0.5
2017-09-23 02:29:59.999,0.7310585786300049,0.5
2017-09-23 02:59:59.999,0.7310585786300049,0.5
2017-09-23 03:29:59.999,0.7310585786300049,0.5
2017-09-23 03:59:59.999,0.7310585786300049,0.5
2017-09-23 04:29:59.999,0.7310585786300049,0.5
2017-09-23 04:59:59.999,0.7310585786300049,0.5
2017-09-23 05:29:59.999,0.7310585786300049,0.5
2017-09-23 05:59:59.999,0.7310585786300049,0.5
2017-09-23 06:29:59.999,0.7310585786300049,0.5
2017-09-23 06:59:59.999,0.7310585786300049,0.5
2017-09-23 07:29:59.999,0.7310585786300049,0.5
2017-09-23 07:59:59.999,0.7310585786300049,0.5
2017-09-23 08:29:59.999,0.7310585786300049,0.5
2017-09-23 08:59:59.999,0.7310585786300049,0.5
2017-09-23 09:29:59.999,0.7310585786300049,0.5
2017-09-23 09:59:59.999,0.7310585786300049,0.5
2017-09-23 10:29:59.999,0.7310585786300049,0.5
2017-09-23 10:59:59.999,0.7310585786300049,0.5
2017-09-23 11:29:59.999,0.7310585786300049,0.5
2017-09-23 11:59:59.999,0.7310585786300049,0.5
2017-09-23 12:29:59.999,0.7310585786300049,0.5
2017-09-23 12:59:59.999,0.7310585786300049,0.5
2017-09-23 13:29:59.999,0.7310585786300049,0.5
2017-09-23 13:59:59.999,0.7310585786300049,0.5
2017-09-23 14:29:59.999,0.7310585786300049,0.5
2017-09-23 14:59:59.999,0.7310585786300049,0.5
2017-09-23 15:29:59.999,0.7310585786300049,0.5
2017-09-23 15:59:59.999,0.7310585786300049,0.5
2017-09-23 16:29:59.999,0.7310585786300049,0.5
2017-09-23 16:59:59.999,0.7310585786300049,0.5
2017-09-23 17:29:59.999,0.7310585786300049,0.5
2017-09-23 17:59:59.999,0.7310585786300049,0.5
2017-09-23 18:29:59.999,0.7310585786300049,0.5
2017-09-23 18:59:59.999,0.7310585786300049,0.5
2017-09-23 19:29:59.999,0.7310585786300049,0.5
2017-09-23 19:59:59.999,0.7310585786300049,0.5
2017-09-23 20:29:59.999,0.7310585786300049,0.5
2017-09-23 20:59:59.999,0.7310585786300049,0.5
2017-09-23 21:29:59.999,0.7310585786300049,0.5
2017-09-23 21:59:59.999,0.7310585786300049,0.5
2017-09-23 22:29:59.999,0.7310585786300049,0.5
2017-09-23 22:59:59.999,0.7310585786300049,0.5
2017-09-23 23:29:59.999,0.7310585786300049,0.5
2017-09-23 23:59:59.999,0.7310585786300049,0.5
2017-09-24 00:29:59.999,0.7310585786300049,0.5
2017-09-24 00:59:59.999,0.7310585786300049,0.5
2017-09-24 01:29:59.999,0.7310585786300049,0.5
2017-09-24 01:59:59.999,0.7310585786300049,0.5
2017-09-24 02:29:59.999,0.7310585786300049,0.5
2017-09-24 02:59:59.999,0.7310585786300049,0.5
2017-09-24 03:29:59.999,0.7310585786300049,0.5
2017-09-24 03:59:59.999,0.7310585786300049,0.5
2017-09-24 04:29:59.999,0.7310585786300049,0.5
2017-09-24 04:59:59.999,0.7310585786300049,0.5
2017-09-24 05:29:59.999,0.7310585786300049,0.5
2017-09-24 05:59:59.999,0.7310585786300049,0.5
2017-09-24 06:29:59.999,0.7310585786300049,0.5
2017-09-24 06:59:59.999,0.7310585786300049,0.5
2017-09-24 07:29:59.999,0.7310585786300049,0.5
2017-09-24 07:59:59.999,0.7310585786300049,0.5
2017-09-24 08:29:59.999,0.7310585786300049,0.5
2017-09-24 08:59:59.999,0.7310585786300049,0.5
2017-09-24 09:29:59.999,0.7310585786300049,0.5
2017-09-24 09:59:59.999,0.7310585786300049,0.5
2017-09-24 10:29:59.999,0.7310585786300049,0.5
2017-09-24 10:59:59.999,0.7310585786300049,0.5
2017-09-24 11:29:59.999,0.7310585786300049,0.5
2017-09-24 11:59:59.999,0.7310585786300049,0.5
2017-09-24 12:29:59.999,0.7310585786300049,0.5
2017-09-24 12:59:59.999,0.7310585786300049,0.5
2017-09-24 13:29:59.999,0.7310585786300049,0.5
2017-09-24 13:59:59.999,0.7310585786300049,0.5
2017-09-24 14:29:59.999,0.7310585786300049,0.5
2017-09-24 14:59:59.999,0.7310585786300049,0.5
2017-09-24 15:29:59.999,0.7310585786300049,0.5
2017-09-24 15:59:59.999,0.7310585786300049,0.5
2017-09-24 16:29:59.999,0.7310585786300049,0.5
2017-09-24 16:59:59.999,0.7310585786300049,0.5
2017-09-24 17:29:59.999,0.7310585786300049,0.5
2017-09-24 17:59:59.999,0.7310585786300049,0.5
2017-09-24 18:29:59.999,0.7310585786300049,0.5
2017-09-24 18:59:59.999,0.7310585786300049,0.5
2017-09-24 19:29:59.999,0.7310585786300049,0.5
2017-09-24 19:59:59.999,0.7310585786300049,0.5
2017-09-24 20:29:59.999,0.7310585786300049,0.5
2017-09-24 20:59:59.999,0.7310585786300049,0.5
2017-09-24 21:29:59.999,0.7310585786300049,0.5
2017-09-24 21:59:59.999,0.7310585786300049,0.5
2017-09-24 22:29:59.999,0.7310585786300049,0.5
2017-09-24 22:59:59.999,0.7310585786300049,0.5
2017-09-24 23:29:59.999,0.7310585786300049,0.5
2017-09-24 23:59:59.999,0.7310585786300049,0.5
2017-09-25 00:29:59.999,0.7310585786300049,0.5
2017-09-25 00:59:59.999,0.7310585786300049,0.5
2017-09-25 01:29:59.999,0.7310585786300049,0.5
2017-09-25 01:59:59.999,0.7310585786300049,0.5
2017-09-25 02:29:59.999,0.7310585786300049,0.5
2017-09-25 02:59:59.999,0.7310585786300049,0.5
2017-09-25 03:29:59.999,0.7310585786300049,0.5
2017-09-25 03:59:59.999,0.7310585786300049,0.5
2017-09-25 04:29:59.999,0.7310585786300049,0.5
2017-09-25 04:59:59.999,0.7310585786300049,0.5
2017-09-25 05:29:59.999,0.7310585786300049,0.5
2017-09-25 05:59:59.999,0.7310585786300049,0.5
2017-09-25 06:29:59.999,0.7310585786300049,0.5
2017-09-25 06:59:59.999,0.7310585786300049,0.5
2017-09-25 07:29:59.999,0.7310585786300049,0.5
2017-09-25 07:59:59.999,0.7310585786300049,0.5
2017-09-25 08:29:59.999,0.7310585786300049,0.5
2017-09-25 08:59:59.999,0.7310585786300049,0.5
2017-09-25 09:29:59.999,0.7310585786300049,0.5
2017-09-25 09:59:59.999,0.7310585786300049,0.5
2017-09-25 10:29:59.999,0.7310585786300049,0.5
2017-09-25 10:59:59.999,0.7310585786300049,0.5
2017-09-25 11:29:59.999,0.7310585786300049,0.5
2017-09-25 11:59:59.999,0.7310585786300049,0.5
2017-09-25 12:29:59.999,0.7310585786300049,0.5
2017-09-25 12:59:59.999,0.7310585786300049,0.5
2017-09-25 13:29:59.999,0.7310585786300049,0.5
2017-09-25 13:59:59.999,0.7310585786300049,0.5
2017-09-25 14:29:59.999,0.7310585786300049,0.5
2017-09-25 14:59:59.999,0.7310585786300049,0.5
2017-09-25 15:29:59.999,0.7310585786300049,0.5
2017-09-25 15:59:59.999,0.7310585786300049,0.5
2017-09-25 16:29:59.999,0.7310585786300049,0.5
2017-09-25 16:59:59.999,0.7310585786300049,0.5
2017-09-25 17:29:59.999,0.7310585786300049,0.5
2017-09-25 17:59:59.999,0.7310585786300049,0.5
2017-09-25 18:29:59.999,0.7310585786300049,0.5
2017-09-25 18:59:59.999,0.7310585786300049,0.5
2017-09-25 19:29:59.999,0.7310585786300049,0.5
2017-09-25 19:59:59.999,0.7310585786300049,0.5
2017-09-25 20:29:59.999,0.7310585786300049,0.5
2017-09-25 20:59:59.999,0.7310585786300049,0.5
2017-09-25 21:29:59.999,0.7310585786300049,0.5
2017-09-25 21:59:59.999,0.7310585786300049,0.5
2017-09-25 22:29:59.999,0.7310585786300049,0.5
2017-09-25 22:59:59.999,0.7310585786300049,0.5
2017-09-25 23:29:59.999,0.7310585786300049,0.5
2017-09-25 23:59:59.999,0.7310585786300049,0.5
2017-09-26 00:29:59.999,0.7310585786300049,0.5
2017-09-26 00:59:59.999,0.7310585786300049,0.5
2017-09-26 01:29:59.999,0.7310585786300049,0.5
2017-09-26 01:59:59.999,0.7310585786300049,0.5
2017-09-26 02:29:59.999,0.7310585786300049,0.5
2017-09-26 02:59:59.999,0.7310585786300049,0.5
2017-09-26 03:29:59.999,0.7310585786300049,0.5
2017-09-26 03:59:59.999,0.7310585786300049,0.5
2017-09-26 04:29:59.999,0.7310585786300049,0.5
2017-09-26 04:59:59.999,0.7310585786300049,0.5
2017-09-26 05:29:59.999,0.7310585786300049,0.5
2017-09-26 05:59:59.999,0.7310585786300049,0.5
2017-09-26 06:29:59.999,0.7310585786300049,0.5
2017-09-26 06:59:59.999,0.7310585786300049,0.5
2017-09-26 07:29:59.999,0.7310585786300049,0.5
2017-09-26 07:59:59.999,0.7310585786300049,0.5
2017-09-26 08:29:59.999,0.7310585786300049,0.5
2017-09-26 08:59:59.999,0.7310585786300049,0.5
2017-09-26 09:29:59.999,0.7310585786300049,0.5
2017-09-26 09:59:59.999,0.7310585786300049,0.5
2017-09-26 10:29:59.999,0.7310585786300049,0.5
2017-09-26 10:59:59.999,0.7310585786300049,0.5
2017-09-26 11:29:59.999,0.7310585786300049,0.5
2017-09-26 11:59:59.999,0.7310585786300049,0.5
2017-09-26 12:29:59.999,0.7310585786300049,0.5
2017-09-26 12:59:59.999,0.7310585786300049,0.5
2017-09-26 13:29:59.999,0.7310585786300049,0.5
2017-09-26 13:59:59.999,0.7310585786300049,0.5
2017-09-26 14:29:59.999,0.7310585786300049,0.5
2017-09-26 14:59:59.999,0.7310585786300049,0.5
2017-09-26 15:29:59.999,0.7310585786300049,0.5
2017-09-26 15:59:59.999,0.7310585786300049,0.5
2017-09-26 16:29:59.999,0.7310585786300049,0.5
2017-09-26 16:59:59.999,0.7310585786300049,0.5
2017-09-26 17:29:59.999,0.7310585786300049,0.5
2017-09-26 17:59:59.999,0.7310585786300049,0.5
2017-09-26 18:29:59.999,0.7310585786300049,0.5
2017-09-26 18:59:59.999,0.7310585786300049,0.5
2017-09-26 19:29:59.999,0.7310585786300049,0.5
2017-09-26 19:59:59.999,0.7310585786300049,0.5
2017-09-26 20:29:59.999,0.7310585786300049,0.5
2017-09-26 20:59:59.999,0.7310585786300049,0.5
2017-09-26 21:29:59.999,0.7310585786300049,0.5
2017-09-26 21:59:59.999,0.7310585786300049,0.5
2017-09-26 22:29:59.999,0.7310585786300049,0.5
2017-09-26 22:59:59.999,0.7310585786300049,0.5
2017-09-26 23:29:59.999,0.7310585786300049,0.5
2017-09-26 23:59:59.999,0.7310585786300049,0.5
2017-09-27 00:29:59.999,0.7310585786300049,0.5
2017-09-27 00:59:59.999,0.7310585786300049,0.5
2017-09-27 01:29:59.999,0.7310585786300049,0.5
2017-09-27 01:59:59.999,0.7310585786300049,0.5
2017-09-27 02:29:59.999,0.7310585786300049,0.5
2017-09-27 02:59:59.999,0.7310585786300049,0.5
2017-09-27 03:29:59.999,0.7310585786300049,0.5
2017-09-27 03:59:59.999,0.7310585786300049,0.5
2017-09-27 04:29:59.999,0.7310585786300049,0.5
2017-09-27 04:59:59.999,0.7310585786300049,0.5
2017-09-27 05:29:59.999,0.7310585786300049,0.5
2017-09-27 05:59:59.999,0.7310585786300049,0.5
2017-09-27 06:29:59.999,0.7310585786300049,0.5
2017-09-27 06:59:59.999,0.7310585786300049,0.5
2017-09-27 07:29:59.999,0.7310585786300049,0.5
2017-09-27 07:59:59.999,0.7310585786300049,0.5
2017-09-27 08:29:59.999,0.7310585786300049,0.5
2017-09-27 08:59:59.999,0.7310585786300049,0.5
2017-09-27 09:29:59.999,0.7310585786300049,0.5
2017-09-27 09:59:59.999,0.7310585786300049,0.5
2017-09-27 10:29:59.999,0.7310585786300049,0.5
2017-09-27 10:59:59.999,0.7310585786300049,0.5
2017-09-27 11:29:59.999,0.7310585786300049,0.5
2017-09-27 11:59:59.999,0.7310585786300049,0.5
2017-09-27 12:29:59.999,0.7310585786300049,0.5
2017-09-27 12:59:59.999,0.7310585786300049,0.5
2017-09-27 13:29:59.999,0.7310585786300049,0.5
2017-09-27 13:59:59.999,0.7310585786300049,0.5
2017-09-27 14:29:59.999,0.7310585786300049,0.5
2017-09-27 14:59:59.999,0.7310585786300049,0.5
2017-09-27 15:29:59.999,0.7310585786300049,0.5
2017-09-27 15:59:59.999,0.7310585786300049,0.5
2017-09-27 16:29:59.999,0.7310585786300049,0.5
2017-09-27 16:59:59.999,0.7310585786300049,0.5
2017-09-27 17:29:59.999,0.7310585786300049,0.5
2017-09-27 17:59:59.999,0.7310585786300049,0.5
2017-09-27 18:29:59.999,0.7310585786300049,0.5
2017-09-27 18:59:59.999,0.7310585786300049,0.5
2017-09-27 19:29:59.999,0.7310585786300049,0.5
2017-09-27 19:59:59.999,0.7310585786300049,0.5
2017-09-27 20:29:59.999,0.7310585786300049,0.5
2017-09-27 20:59:59.999,0.7310585786300049,0.5
2017-09-27 21:29:59.999,0.7310585786300049,0.5
2017-09-27 21:59:59.999,0.7310585786300049,0.5
2017-09-27 22:29:59.999,0.7310585786300049,0.5
2017-09-27 22:59:59.999,0.7310585786300049,0.5
2017-09-27 23:29:59.999,0.7310585786300049,0.5
2017-09-27 23:59:59.999,0.7310585786300049,0.5
2017-09-28 00:29:59.999,0.7310585786300049,0.5
2017-09-28 00:59:59.999,0.7310585786300049,0.5
2017-09-28 01:29:59.999,0.7310585786300049,0.5
2017-09-28 01:59:59.999,0.7310585786300049,0.5
2017-09-28 02:29:59.999,0.7310585786300049,0.5
2017-09-30 04:29:59.999,0.7310585786300049,0.5
2017-10-02 06:29:59.999,0.7310585786300049,0.5
2017-10-04 08:29:59.999,0.7310585786300049,0.5
2017-10-06 10:29:59.999,0.7310585786300049,0.5
2017-10-08 12:29:59.999,0.7310585786300049,0.5
2017-10-10 14:29:59.999,0.7310585786300049,0.5
2017-10-12 16:29:59.999,0.7310585786300049,0.5
2017-10-14 18:29:59.999,0.7310585786300049,0.5
2017-10-16 20:29:59.999,0.7310585786300049,0.5
2017-10-18 22:29:59.999,0.7310585786300049,0.5
2017-10-21 00:29:59.999,0.7310585786300049,0.5
2017-10-23 02:29:59.999,0.7310585786300049,0.5
2017-10-25 04:29:59.999,0.7310585786300049,0.5
2017-10-27 06:29:59.999,0.7310585786300049,0.5
2017-10-29 08:29:59.999,0.7310585786300049,0.5
2017-10-31 10:29:59.999,0.7310585786300049,0.5
2017-11-02 12:29:59.999,0.7310585786300049,0.5
2017-11-04 14:29:59.999,0.7310585786300049,0.5
2017-11-06 16:29:59.999,0.7310585786300049,0.5
2017-11-08 18:29:59.999,0.7310585786300049,0.5
2017-11-10 20:29:59.999,0.7310585786300049,0.5
2017-11-12 22:29:59.999,0.7310585786300049,0.5
2017-11-15 00:29:59.999,0.7310585786300049,0.5
2017-11-17 02:29:59.999,0.7310585786300049,0.5
2017-11-19 04:29:59.999,0.7310585786300049,0.5
2017-11-21 06:29:59.999,0.7310585786300049,0.5
2017-11-23 08:29:59.999,0.7310585786300049,0.5
2017-11-25 10:29:59.999,0.7310585786300049,0.5
2017-11-27 12:29:59.999,0.7310585786300049,0.5
2017-11-29 14:29:59.999,0.7310585786300049,0.5
2017-12-01 16:29:59.999,0.7310585786300049,0.5
2017-12-03 18:29:59.999,0.7310585786300049,0.5
2017-12-05 20:29:59.999,0.7310585786300049,0.5
2017-12-07 22:29:59.999,0.7310585786300049,0.5
2017-12-10 00:29:59.999,0.7310585786300049,0.5
2017-12-12 02:29:59.999,0.7310585786300049,0.5
2017-12-14 04:29:59.999,0.7310585786300049,0.5
2017-12-16 06:29:59.999,0.7310585786300049,0.5
2017-12-18 08:29:59.999,0.7310585786300049,0.5
2017-12-20 11:29:59.999,0.7310585786300049,0.5
2017-12-22 13:29:59.999,0.7310585786300049,0.5
2017-12-24 15:29:59.999,0.7310585786300049,0.5
2017-12-26 17:29:59.999,0.7310585786300049,0.5
2017-12-28 19:29:59.999,0.7310585786300049,0.5
2017-12-30 21:29:59.999,0.7310585786300049,0.5
2018-01-01 23:29:59.999,0.7310585786300049,0.5
2018-01-04 01:29:59.999,0.7310585786300049,0.5
2018-01-06 04:59:59.999,0.7310585786300049,0.5
2018-01-08 06:59:59.999,0.7310585786300049,0.5
2018-01-10 08:59:59.999,0.7310585786300049,0.5
2018-01-12 10:59:59.999,0.7310585786300049,0.5
2018-01-14 12:59:59.999,0.7310585786300049,0.5
2018-01-16 14:59:59.999,0.7310585786300049,0.5
2018-01-18 16:59:59.999,0.7310585786300049,0.5
2018-01-20 18:59:59.999,0.7310585786300049,0.5
2018-01-22 20:59:59.999,0.7310585786300049,0.5
2018-01-24 22:59:59.999,0.7310585786300049,0.5
2018-01-27 00:59:59.999,0.7310585786300049,0.5
2018-01-29 02:59:59.999,0.7310585786300049,0.5
2018-01-31 04:59:59.999,0.7310585786300049,0.5
2018-02-02 06:59:59.999,0.7310585786300049,0.5
2018-02-04 08:59:59.999,0.7310585786300049,0.5
2018-02-06 10:59:59.999,0.7310585786300049,0.5
2018-02-09 22:29:59.999,0.7310585786300049,0.5
2018-02-12 00:29:59.999,0.7310585786300049,0.5
2018-02-14 02:29:59.999,0.7310585786300049,0.5
2018-02-16 04:29:59.999,0.7310585786300049,0.5
2018-02-18 06:29:59.999,0.7310585786300049,0.5
2018-02-20 08:29:59.999,0.7310585786300049,0.5
2018-02-22 10:29:59.999,0.7310585786300049,0.5
2018-02-24 12:29:59.999,0.7310585786300049,0.5
2018-02-26 14:29:59.999,0.7310585786300049,0.5
2018-02-28 16:29:59.999,0.7310585786300049,0.5
2018-03-02 18:29:59.999,0.7310585786300049,0.5
2018-03-04 20:29:59.999,0.7310585786300049,0.5
2018-03-06 22:29:59.999,0.7310585786300049,0.5
2018-03-09 00:29:59.999,0.7310585786300049,0.5
2018-03-11 02:29:59.999,0.7310585786300049,0.5
2018-03-13 04:29:59.999,0.7310585786300049,0.5
2018-03-15 06:29:59.999,0.7310585786300049,0.5
2018-03-17 08:29:59.999,0.7310585786300049,0.5
2018-03-19 10:29:59.999,0.7310585786300049,0.5
2018-03-21 12:29:59.999,0.7310585786300049,0.5
2018-03-23 14:29:59.999,0.7310585786300049,0.5
2018-03-25 16:29:59.999,0.7310585786300049,0.5
2018-03-27 18:29:59.999,0.7310585786300049,0.5
2018-03-29 20:29:59.999,0.7310585786300049,0.5
2018-03-31 22:29:59.999,0.7310585786300049,0.5
2018-04-03 00:29:59.999,0.7310585786300049,0.5
2018-04-05 02:29:59.999,0.7310585786300049,0.5
2018-04-07 04:29:59.999,0.7310585786300049,0.5
2018-04-09 06:29:59.999,0.7310585786300049,0.5
2018-04-11 08:29:59.999,0.7310585786300049,0.5
2018-04-13 10:29:59.999,0.7310585786300049,0.5
2018-04-15 12:29:59.999,0.7310585786300049,0.5
2018-04-17 14:29:59.999,0.7310585786300049,0.5
2018-04-19 16:29:59.999,0.7310585786300049,0.5
2018-04-21 18:29:59.999,0.7310585786300049,0.5
2018-04-23 20:29:59.999,0.7310585786300049,0.5
2018-04-25 22:29:59.999,0.7310585786300049,0.5
2018-04-28 00:29:59.999,0.7310585786300049,0.5
2018-04-30 02:29:59.999,0.7310585786300049,0.5
2018-05-02 04:29:59.999,0.7310585786300049,0.5
2018-05-04 06:29:59.999,0.7310585786300049,0.5
2018-05-06 08:29:59.999,0.7310585786300049,0.5
2018-05-08 10:29:59.999,0.7310585786300049,0.5
2018-05-10 12:29:59.999,0.7310585786300049,0.5
2018-05-12 14:29:59.999,0.7310585786300049,0.5
2018-05-14 16:29:59.999,0.7310585786300049,0.5
2018-05-16 18:29:59.999,0.7310585786300049,0.5
2018-05-18 20:29:59.999,0.7310585786300049,0.5
2018-05-20 22:29:59.999,0.7310585786300049,0.5
2018-05-23 00:29:59.999,0.7310585786300049,0.5
2018-05-25 02:29:59.999,0.7310585786300049,0.5
2018-05-27 04:29:59.999,0.7310585786300049,0.5
2018-05-29 06:29:59.999,0.7310585786300049,0.5
2018-05-31 08:29:59.999,0.7310585786300049,0.5
2018-06-02 10:29:59.999,0.7310585786300049,0.5
2018-06-04 12:29:59.999,0.7310585786300049,0.5
2018-06-06 14:29:59.999,0.7310585786300049,0.5
2018-06-08 16:29:59.999,0.7310585786300049,0.5
2018-06-10 18:29:59.999,0.7310585786300049,0.5
2018-06-12 20:29:59.999,0.7310585786300049,0.5
2018-06-14 22:29:59.999,0.7310585786300049,0.5
2018-06-17 00:29:59.999,0.7310585786300049,0.5
2018-06-19 02:29:59.999,0.7310585786300049,0.5
2018-06-21 04:29:59.999,0.7310585786300049,0.5
2018-06-23 06:29:59.999,0.7310585786300049,0.5
2018-06-25 08:29:59.999,0.7310585786300049,0.5
2018-06-27 21:59:59.999,0.7310585786300049,0.5
2018-06-29 23:59:59.999,0.7310585786300049,0.5
2018-07-02 01:59:59.999,0.7310585786300049,0.5
2018-07-04 11:29:59.999,0.7310585786300049,0.5
2018-07-06 13:29:59.999,0.7310585786300049,0.5
2018-07-08 15:29:59.999,0.7310585786300049,0.5
2018-07-10 17:29:59.999,0.7310585786300049,0.5
2018-07-12 19:29:59.999,0.7310585786300049,0.5
2018-07-14 21:29:59.999,0.7310585786300049,0.5
2018-07-16 23:29:59.999,0.7310585786300049,0.5
2018-07-19 01:29:59.999,0.7310585786300049,0.5
2018-07-21 03:29:59.999,0.7310585786300049,0.5
2018-07-23 05:29:59.999,0.7310585786300049,0.5
2018-07-25 07:29:59.999,0.7310585786300049,0.5
2018-07-27 09:29:59.999,0.7310585786300049,0.5
2018-07-29 11:29:59.999,0.7310585786300049,0.5
2018-07-31 13:29:59.999,0.7310585786300049,0.5
2018-08-02 15:29:59.999,0.7310585786300049,0.5
2018-08-04 17:29:59.999,0.7310585786300049,0.5
2018-08-06 19:29:59.999,0.7310585786300049,0.5
2018-08-08 21:29:59.999,0.7310585786300049,0.5
2018-08-10 23:29:59.999,0.7310585786300049,0.5
2018-08-13 01:29:59.999,0.7310585786300049,0.5
2018-08-15 03:29:59.999,0.7310585786300049,0.5
2018-08-17 05:29:59.999,0.7310585786300049,0.5
2018-08-19 07:29:59.999,0.7310585786300049,0.5
2018-08-21 09:29:59.999,0.7310585786300049,0.5
2018-08-23 11:29:59.999,0.7310585786300049,0.5
2018-08-25 13:29:59.999,0.7310585786300049,0.5
2018-08-27 15:29:59.999,0.7310585786300049,0.5
2018-08-29 17:29:59.999,0.7310585786300049,0.5
2018-08-31 19:29:59.999,0.7310585786300049,0.5
2018-09-02 21:29:59.999,0.7310585786300049,0.5
2018-09-04 23:29:59.999,0.7310585786300049,0.5
2018-09-07 01:29:59.999,0.7310585786300049,0.5
2018-09-09 03:29:59.999,0.7310585786300049,0.5
2018-09-11 05:29:59.999,0.7310585786300049,0.5
2018-09-13 07:29:59.999,0.7310585786300049,0.5
2018-09-15 09:29:59.999,0.7310585786300049,0.5
2018-09-17 11:29:59.999,0.7310585786300049,0.5
2018-09-19 13:29:59.999,0.7310585786300049,0.5
2018-09-21 15:29:59.999,0.7310585786300049,0.5
2018-09-23 17:29:59.999,0.7310585786300049,0.5
2018-09-25 19:29:59.999,0.7310585786300049,0.5
2018-09-27 21:29:59.999,0.7310585786300049,0.5
2018-09-29 23:29:59.999,0.7310585786300049,0.5
2018-10-02 01:29:59.999,0.7310585786300049,0.5
2018-10-04 03:29:59.999,0.7310585786300049,0.5
2018-10-06 05:29:59.999,0.7310585786300049,0.5
2018-10-08 07:29:59.999,0.7310585786300049,0.5
2018-10-10 09:29:59.999,0.7310585786300049,0.5
2018-10-12 11:29:59.999,0.7310585786300049,0.5
2018-10-14 13:29:59.999,0.7310585786300049,0.5
2018-10-16 15:29:59.999,0.7310585786300049,0.5
2018-10-18 17:29:59.999,0.7310585786300049,0.5
2018-10-20 22:59:59.999,0.7310585786300049,0.5
2018-10-23 00:59:59.999,0.7310585786300049,0.5
2018-10-25 02:59:59.999,0.7310585786300049,0.5
2018-10-27 04:59:59.999,0.7310585786300049,0.5
2018-10-29 06:59:59.999,0.7310585786300049,0.5
2018-10-31 08:59:59.999,0.7310585786300049,0.5
2018-11-02 10:59:59.999,0.7310585786300049,0.5
2018-11-04 12:59:59.999,0.7310585786300049,0.5
2018-11-06 14:59:59.999,0.7310585786300049,0.5
2018-11-08 16:59:59.999,0.7310585786300049,0.5
2018-11-10 18:59:59.999,0.7310585786300049,0.5
2018-11-12 20:59:59.999,0.7310585786300049,0.5
2018-11-15 05:59:59.999,0.7310585786300049,0.5
2018-11-17 07:59:59.999,0.7310585786300049,0.5
2018-11-19 09:59:59.999,0.7310585786300049,0.5
2018-11-21 11:59:59.999,0.7310585786300049,0.5
2018-11-23 13:59:59.999,0.7310585786300049,0.5
2018-11-25 15:59:59.999,0.7310585786300049,0.5
2018-11-27 17:59:59.999,0.7310585786300049,0.5
2018-11-29 19:59:59.999,0.7310585786300049,0.5
2018-12-01 21:59:59.999,0.7310585786300049,0.5
2018-12-03 23:59:59.999,0.7310585786300049,0.5
2018-12-06 01:59:59.999,0.7310585786300049,0.5
2018-12-08 03:59:59.999,0.7310585786300049,0.5
2018-12-10 05:59:59.999,0.7310585786300049,0.5
2018-12-12 07:59:59.999,0.7310585786300049,0.5
2018-12-14 09:59:59.999,0.7310585786300049,0.5
2018-12-16 11:59:59.999,0.7310585786300049,0.5
2018-12-18 13:59:59.999,0.7310585786300049,0.5
2018-12-20 15:59:59.999,0.7310585786300049,0.5
2018-12-22 17:59:59.999,0.7310585786300049,0.5
2018-12-24 19:59:59.999,0.7310585786300049,0.5
2018-12-26 21:59:59.999,0.7310585786300049,0.5
2018-12-28 23:59:59.999,0.7310585786300049,0.5
2018-12-31 01:59:59.999,0.7310585786300049,0.5
2019-01-02 03:59:59.999,0.7310585786300049,0.5
2019-01-04 05:59:59.999,0.7310585786300049,0.5
2019-01-06 07:59:59.999,0.7310585786300049,0.5
2019-01-08 09:59:59.999,0.7310585786300049,0.5
2019-01-10 11:59:59.999,0.7310585786300049,0.5
2019-01-12 13:59:59.999,0.7310585786300049,0.5
2019-01-14 15:59:59.999,0.7310585786300049,0.5
2019-01-16 17:59:59.999,0.7310585786300049,0.5
2019-01-18 19:59:59.999,0.7310585786300049,0.5
2019-01-20 21:59:59.999,0.7310585786300049,0.5
2019-01-22 23:59:59.999,0.7310585786300049,0.5
2019-01-25 01:59:59.999,0.7310585786300049,0.5
2019-01-27 03:59:59.999,0.7310585786300049,0.5
2019-01-29 05:59:59.999,0.7310585786300049,0.5
2019-01-31 07:59:59.999,0.7310585786300049,0.5
2019-02-02 09:59:59.999,0.7310585786300049,0.5
2019-02-04 11:59:59.999,0.7310585786300049,0.5
2019-02-06 13:59:59.999,0.7310585786300049,0.5
2019-02-08 15:59:59.999,0.7310585786300049,0.5
2019-02-10 17:59:59.999,0.7310585786300049,0.5
2019-02-12 19:59:59.999,0.7310585786300049,0.5
2019-02-14 21:59:59.999,0.7310585786300049,0.5
2019-02-16 23:59:59.999,0.7310585786300049,0.5
2019-02-19 01:59:59.999,0.7310585786300049,0.5
2019-02-21 03:59:59.999,0.7310585786300049,0.5
2019-02-23 05:59:59.999,0.7310585786300049,0.5
2019-02-25 07:59:59.999,0.7310585786300049,0.5
2019-02-27 09:59:59.999,0.7310585786300049,0.5
2019-03-01 11:59:59.999,0.7310585786300049,0.5
2019-03-03 13:59:59.999,0.7310585786300049,0.5
2019-03-05 15:59:59.999,0.7310585786300049,0.5
2019-03-07 17:59:59.999,0.7310585786300049,0.5
2019-03-09 19:59:59.999,0.7310585786300049,0.5
2019-03-11 21:59:59.999,0.7310585786300049,0.5
2019-03-14 05:59:59.999,0.7310585786300049,0.5
2019-03-16 07:59:59.999,0.7310585786300049,0.5
2019-03-18 09:59:59.999,0.7310585786300049,0.5
2019-03-20 11:59:59.999,0.7310585786300049,0.5
2019-03-22 13:59:59.999,0.7310585786300049,0.5
2019-03-24 15:59:59.999,0.7310585786300049,0.5
2019-03-26 17:59:59.999,0.7310585786300049,0.5
2019-03-28 19:59:59.999,0.7310585786300049,0.5
2019-03-30 21:59:59.999,0.7310585786300049,0.5
2019-04-01 23:59:59.999,0.7310585786300049,0.5
2019-04-04 01:59:59.999,0.7310585786300049,0.5
2019-04-06 03:59:59.999,0.7310585786300049,0.5
2019-04-08 05:59:59.999,0.7310585786300049,0.5
2019-04-10 07:59:59.999,0.7310585786300049,0.5
2019-04-12 09:59:59.999,0.7310585786300049,0.5
2019-04-14 11:59:59.999,0.7310585786300049,0.5
2019-04-16 13:59:59.999,0.7310585786300049,0.5
2019-04-18 15:59:59.999,0.7310585786300049,0.5
2019-04-20 17:59:59.999,0.7310585786300049,0.5
2019-04-22 19:59:59.999,0.7310585786300049,0.5
2019-04-24 21:59:59.999,0.7310585786300049,0.5
2019-04-26 23:59:59.999,0.7310585786300049,0.5
2019-04-29 01:59:59.999,0.7310585786300049,0.5
2019-05-01 03:59:59.999,0.7310585786300049,0.5
2019-05-03 05:59:59.999,0.7310585786300049,0.5
2019-05-05 07:59:59.999,0.7310585786300049,0.5
2019-05-07 09:59:59.999,0.7310585786300049,0.5
2019-05-09 11:59:59.999,0.7310585786300049,0.5
2019-05-11 13:59:59.999,0.7310585786300049,0.5
2019-05-13 15:59:59.999,0.7310585786300049,0.5
2019-05-16 03:59:59.999,0.7310585786300049,0.5
2019-05-18 05:59:59.999,0.7310585786300049,0.5
2019-05-20 07:59:59.999,0.7310585786300049,0.5
2019-05-22 09:59:59.999,0.7310585786300049,0.5
2019-05-24 11:59:59.999,0.7310585786300049,0.5
2019-05-26 13:59:59.999,0.7310585786300049,0.5
2019-05-28 15:59:59.999,0.7310585786300049,0.5
2019-05-30 17:59:59.999,0.7310585786300049,0.5
2019-06-01 19:59:59.999,0.7310585786300049,0.5
2019-06-03 21:59:59.999,0.7310585786300049,0.5
2019-06-05 23:59:59.999,0.7310585786300049,0.5
2019-06-08 02:29:59.999,0.7310585786300049,0.5
2019-06-10 04:29:59.999,0.7310585786300049,0.5
2019-06-12 06:29:59.999,0.7310585786300049,0.5
2019-06-14 08:29:59.999,0.7310585786300049,0.5
2019-06-16 10:29:59.999,0.7310585786300049,0.5
2019-06-18 12:29:59.999,0.7310585786300049,0.5
2019-06-20 14:29:59.999,0.7310585786300049,0.5
2019-06-22 16:29:59.999,0.7310585786300049,0.5
2019-06-24 18:29:59.999,0.7310585786300049,0.5
2019-06-26 20:29:59.999,0.7310585786300049,0.5
2019-06-28 22:29:59.999,0.7310585786300049,0.5
2019-07-01 00:29:59.999,0.7310585786300049,0.5
2019-07-03 02:29:59.999,0.7310585786300049,0.5
2019-07-05 04:29:59.999,0.7310585786300049,0.5
2019-07-07 06:29:59.999,0.7310585786300049,0.5
2019-07-09 08:29:59.999,0.7310585786300049,0.5
2019-07-11 10:29:59.999,0.7310585786300049,0.5
2019-07-13 12:29:59.999,0.7310585786300049,0.5
2019-07-15 14:29:59.999,0.7310585786300049,0.5
2019-07-17 16:29:59.999,0.7310585786300049,0.5
2019-07-19 18:29:59.999,0.7310585786300049,0.5
2019-07-21 20:29:59.999,0.7310585786300049,0.5
2019-07-23 22:29:59.999,0.7310585786300049,0.5
2019-07-26 00:29:59.999,0.7310585786300049,0.5
2019-07-28 02:29:59.999,0.7310585786300049,0.5
2019-07-30 04:29:59.999,0.7310585786300049,0.5
2019-08-01 06:29:59.999,0.7310585786300049,0.5
2019-08-03 08:29:59.999,0.7310585786300049,0.5
2019-08-05 10:29:59.999,0.7310585786300049,0.5
2019-08-07 12:29:59.999,0.7310585786300049,0.5
2019-08-09 14:29:59.999,0.7310585786300049,0.5
2019-08-11 16:29:59.999,0.7310585786300049,0.5
2019-08-13 18:29:59.999,0.7310585786300049,0.5
2019-08-16 04:29:59.999,0.7310585786300049,0.5
2019-08-18 06:29:59.999,0.7310585786300049,0.5
2019-08-20 08:29:59.999,0.7310585786300049,0.5
2019-08-22 10:29:59.999,0.7310585786300049,0.5
2019-08-24 12:29:59.999,0.7310585786300049,0.5
2019-08-26 14:29:59.999,0.7310585786300049,0.5
2019-08-28 16:29:59.999,0.7310585786300049,0.5
2019-08-30 18:29:59.999,0.7310585786300049,0.5
2019-09-01 20:29:59.999,0.7310585786300049,0.5
2019-09-03 22:29:59.999,0.7310585786300049,0.5
2019-09-06 00:29:59.999,0.7310585786300049,0.5
2019-09-08 02:29:59.999,0.7310585786300049,0.5
2019-09-10 04:29:59.999,0.7310585786300049,0.5
2019-09-12 06:29:59.999,0.7310585786300049,0.5
2019-09-14 08:29:59.999,0.7310585786300049,0.5
2019-09-16 10:29:59.999,0.7310585786300049,0.5
2019-09-18 12:29:59.999,0.7310585786300049,0.5
2019-09-20 14:29:59.999,0.7310585786300049,0.5
2019-09-22 16:29:59.999,0.7310585786300049,0.5
2019-09-24 18:29:59.999,0.7310585786300049,0.5
2019-09-26 20:29:59.999,0.7310585786300049,0.5
2019-09-28 22:29:59.999,0.7310585786300049,0.5
2019-10-01 00:29:59.999,0.7310585786300049,0.5
2019-10-03 02:29:59.999,0.7310585786300049,0.5
2019-10-05 04:29:59.999,0.7310585786300049,0.5
2019-10-07 06:29:59.999,0.7310585786300049,0.5
2019-10-09 08:29:59.999,0.7310585786300049,0.5
2019-10-11 10:29:59.999,0.7310585786300049,0.5
2019-10-13 12:29:59.999,0.7310585786300049,0.5
2019-10-15 14:29:59.999,0.7310585786300049,0.5
2019-10-17 16:29:59.999,0.7310585786300049,0.5
2019-10-19 18:29:59.999,0.7310585786300049,0.5
2019-10-21 20:29:59.999,0.7310585786300049,0.5
2019-10-23 22:29:59.999,0.7310585786300049,0.5
2019-10-26 00:29:59.999,0.7310585786300049,0.5
2019-10-28 02:29:59.999,0.7310585786300049,0.5
2019-10-30 04:29:59.999,0.7310585786300049,0.5
2019-11-01 06:29:59.999,0.7310585786300049,0.5
2019-11-03 08:29:59.999,0.7310585786300049,0.5
2019-11-05 10:29:59.999,0.7310585786300049,0.5
2019-11-07 12:29:59.999,0.7310585786300049,0.5
2019-11-09 14:29:59.999,0.7310585786300049,0.5
2019-11-11 16:29:59.999,0.7310585786300049,0.5
2019-11-13 20:29:59.999,0.7310585786300049,0.5
2019-11-15 22:29:59.999,0.7310585786300049,0.5
2019-11-18 00:29:59.999,0.7310585786300049,0.5
2019-11-20 02:29:59.999,0.7310585786300049,0.5
2019-11-22 04:29:59.999,0.7310585786300049,0.5
2019-11-24 06:29:59.999,0.7310585786300049,0.5
2019-11-26 10:29:59.999,0.7310585786300049,0.5
2019-11-28 12:29:59.999,0.7310585786300049,0.5
2019-11-30 14:29:59.999,0.7310585786300049,0.5
2019-12-02 16:29:59.999,0.7310585786300049,0.5
2019-12-04 18:29:59.999,0.7310585786300049,0.5
2019-12-06 20:29:59.999,0.7310585786300049,0.5
2019-12-08 22:29:59.999,0.7310585786300049,0.5
2019-12-11 00:29:59.999,0.7310585786300049,0.5
2019-12-13 02:29:59.999,0.7310585786300049,0.5
2019-12-15 04:29:59.999,0.7310585786300049,0.5
2019-12-17 06:29:59.999,0.7310585786300049,0.5
2019-12-19 08:29:59.999,0.7310585786300049,0.5
2019-12-21 10:29:59.999,0.7310585786300049,0.5
2019-12-23 12:29:59.999,0.7310585786300049,0.5
2019-12-25 14:29:59.999,0.7310585786300049,0.5
2019-12-27 16:29:59.999,0.7310585786300049,0.5
2019-12-29 18:29:59.999,0.7310585786300049,0.5
2019-12-31 20:29:59.999,0.7310585786300049,0.5
2020-01-02 22:29:59.999,0.7310585786300049,0.5
2020-01-05 00:29:59.999,0.7310585786300049,0.5
2020-01-07 02:29:59.999,0.7310585786300049,0.5
2020-01-09 04:29:59.999,0.7310585786300049,0.5
2020-01-11 06:29:59.999,0.7310585786300049,0.5
2020-01-13 08:29:59.999,0.7310585786300049,0.5
2020-01-15 10:29:59.999,0.7310585786300049,0.5
2020-01-17 12:29:59.999,0.7310585786300049,0.5
2020-01-19 14:29:59.999,0.7310585786300049,0.5
2020-01-21 16:29:59.999,0.7310585786300049,0.5
2020-01-23 18:29:59.999,0.7310585786300049,0.5
2020-01-25 20:29:59.999,0.7310585786300049,0.5
2020-01-27 22:29:59.999,0.7310585786300049,0.5
2020-01-30 00:29:59.999,0.7310585786300049,0.5
2020-02-01 02:29:59.999,0.7310585786300049,0.5
2020-02-03 04:29:59.999,0.7310585786300049,0.5
2020-02-05 06:29:59.999,0.7310585786300049,0.5
2020-02-07 08:29:59.999,0.7310585786300049,0.5
2020-02-09 11:29:59.999,0.7310585786300049,0.5
2020-02-11 13:29:59.999,0.7310585786300049,0.5
2020-02-13 15:29:59.999,0.7310585786300049,0.5
2020-02-15 17:29:59.999,0.7310585786300049,0.5
2020-02-17 19:29:59.999,0.7310585786300049,0.5
2020-02-20 02:59:59.999,0.7310585786300049,0.5
2020-02-22 04:59:59.999,0.7310585786300049,0.5
2020-02-24 06:59:59.999,0.7310585786300049,0.5
2020-02-26 08:59:59.999,0.7310585786300049,0.5
2020-02-28 10:59:59.999,0.7310585786300049,0.5
2020-03-01 12:59:59.999,0.7310585786300049,0.5
2020-03-03 14:59:59.999,0.7310585786300049,0.5
2020-03-05 18:59:59.999,0.7310585786300049,0.5
2020-03-07 20:59:59.999,0.7310585786300049,0.5
2020-03-09 22:59:59.999,0.7310585786300049,0.5
2020-03-12 00:59:59.999,0.7310585786300049,0.5
2020-03-14 02:59:59.999,0.7310585786300049,0.5
2020-03-16 04:59:59.999,0.7310585786300049,0.5
2020-03-18 06:59:59.999,0.7310585786300049,0.5
2020-03-20 08:59:59.999,0.7310585786300049,0.5
2020-03-22 10:59:59.999,0.7310585786300049,0.5
2020-03-24 12:59:59.999,0.7310585786300049,0.5
2020-03-26 14:59:59.999,0.7310585786300049,0.5
2020-03-28 16:59:59.999,0.7310585786300049,0.5
2020-03-30 18:59:59.999,0.7310585786300049,0.5
2020-04-01 20:59:59.999,0.7310585786300049,0.5
2020-04-03 22:59:59.999,0.7310585786300049,0.5
2020-04-06 00:59:59.999,0.7310585786300049,0.5
2020-04-08 02:59:59.999,0.7310585786300049,0.5
2020-04-10 04:59:59.999,0.7310585786300049,0.5
2020-04-12 06:59:59.999,0.7310585786300049,0.5
2020-04-14 08:59:59.999,0.7310585786300049,0.5
2020-04-16 10:59:59.999,0.7310585786300049,0.5
2020-04-18 12:59:59.999,0.7310585786300049,0.5
2020-04-20 14:59:59.999,0.7310585786300049,0.5
2020-04-22 16:59:59.999,0.7310585786300049,0.5
2020-04-24 18:59:59.999,0.7310585786300049,0.5
2020-04-26 23:29:59.999,0.7310585786300049,0.5
2020-04-29 01:29:59.999,0.7310585786300049,0.5
2020-05-01 03:29:59.999,0.7310585786300049,0.5
2020-05-03 05:29:59.999,0.7310585786300049,0.5
2020-05-05 07:29:59.999,0.7310585786300049,0.5
2020-05-07 09:29:59.999,0.7310585786300049,0.5
2020-05-09 11:29:59.999,0.7310585786300049,0.5
2020-05-11 13:29:59.999,0.7310585786300049,0.5
2020-05-13 15:29:59.999,0.7310585786300049,0.5
2020-05-15 17:29:59.999,0.7310585786300049,0.5
2020-05-17 19:29:59.999,0.7310585786300049,0.5
2020-05-19 21:29:59.999,0.7310585786300049,0.5
2020-05-21 23:29:59.999,0.7310585786300049,0.5
2020-05-24 01:29:59.999,0.7310585786300049,0.5
2020-05-26 03:29:59.999,0.7310585786300049,0.5
2020-05-28 05:29:59.999,0.7310585786300049,0.5
2020-05-30 07:29:59.999,0.7310585786300049,0.5
2020-06-01 09:29:59.999,0.7310585786300049,0.5
2020-06-03 11:29:59.999,0.7310585786300049,0.5
2020-06-05 13:29:59.999,0.7310585786300049,0.5
2020-06-07 15:29:59.999,0.7310585786300049,0.5
2020-06-09 17:29:59.999,0.7310585786300049,0.5
2020-06-11 19:29:59.999,0.7310585786300049,0.5
2020-06-13 21:29:59.999,0.7310585786300049,0.5
2020-06-15 23:29:59.999,0.7310585786300049,0.5
2020-06-18 01:29:59.999,0.7310585786300049,0.5
2020-06-20 03:29:59.999,0.7310585786300049,0.5
2020-06-22 05:29:59.999,0.7310585786300049,0.5
2020-06-24 07:29:59.999,0.7310585786300049,0.5
2020-06-26 09:29:59.999,0.7310585786300049,0.5
2020-06-28 14:59:59.999,0.7310585786300049,0.5
2020-06-30 16:59:59.999,0.7310585786300049,0.5
2020-07-02 18:59:59.999,0.7310585786300049,0.5
2020-07-04 20:59:59.999,0.7310585786300049,0.5
2020-07-06 22:59:59.999,0.7310585786300049,0.5
2020-07-09 00:59:59.999,0.7310585786300049,0.5
2020-07-11 02:59:59.999,0.7310585786300049,0.5
2020-07-13 04:59:59.999,0.7310585786300049,0.5
2020-07-15 06:59:59.999,0.7310585786300049,0.5
2020-07-17 08:59:59.999,0.7310585786300049,0.5
2020-07-19 10:59:59.999,0.7310585786300049,0.5
2020-07-21 12:59:59.999,0.7310585786300049,0.5
2020-07-23 14:59:59.999,0.7310585786300049,0.5
2020-07-25 16:59:59.999,0.7310585786300049,0.5
2020-07-27 18:59:59.999,0.7310585786300049,0.5
2020-07-29 20:59:59.999,0.7310585786300049,0.5
2020-07-31 22:59:59.999,0.7310585786300049,0.5
2020-08-03 00:59:59.999,0.7310585786300049,0.5
2020-08-05 02:59:59.999,0.7310585786300049,0.5
2020-08-07 04:59:59.999,0.7310585786300049,0.5
2020-08-09 06:59:59.999,0.7310585786300049,0.5
2020-08-11 08:59:59.999,0.7310585786300049,0.5
2020-08-13 10:59:59.999,0.7310585786300049,0.5
2020-08-15 12:59:59.999,0.7310585786300049,0.5
2020-08-17 14:59:59.999,0.7310585786300049,0.5
2020-08-19 16:59:59.999,0.7310585786300049,0.5
2020-08-21 18:59:59.999,0.7310585786300049,0.5
2020-08-23 20:59:59.999,0.7310585786300049,0.5
2020-08-25 22:59:59.999,0.7310585786300049,0.5
2020-08-28 00:59:59.999,0.7310585786300049,0.5
2020-08-30 02:59:59.999,0.7310585786300049,0.5
2020-09-01 04:59:59.999,0.7310585786300049,0.5
2020-09-03 06:59:59.999,0.7310585786300049,0.5
2020-09-05 08:59:59.999,0.7310585786300049,0.5
2020-09-07 10:59:59.999,0.7310585786300049,0.5
2020-09-09 12:59:59.999,0.7310585786300049,0.5
2020-09-11 14:59:59.999,0.7310585786300049,0.5
2020-09-13 16:59:59.999,0.7310585786300049,0.5
2020-09-15 18:59:59.999,0.7310585786300049,0.5
2020-09-17 20:59:59.999,0.7310585786300049,0.5
2020-09-19 22:59:59.999,0.7310585786300049,0.5
2020-09-22 00:59:59.999,0.7310585786300049,0.5
2020-09-24 02:59:59.999,0.7310585786300049,0.5
2020-09-26 04:59:59.999,0.7310585786300049,0.5
2020-09-28 06:59:59.999,0.7310585786300049,0.5
2020-09-30 08:59:59.999,0.7310585786300049,0.5
2020-10-02 10:59:59.999,0.7310585786300049,0.5
2020-10-04 12:59:59.999,0.7310585786300049,0.5
2020-10-06 14:59:59.999,0.7310585786300049,0.5
2020-10-08 16:59:59.999,0.7310585786300049,0.5
2020-10-10 18:59:59.999,0.7310585786300049,0.5
2020-10-12 20:59:59.999,0.7310585786300049,0.5
2020-10-14 22:59:59.999,0.7310585786300049,0.5
2020-10-17 00:59:59.999,0.7310585786300049,0.5
2020-10-19 02:59:59.999,0.7310585786300049,0.5
2020-10-21 04:59:59.999,0.7310585786300049,0.5
2020-10-23 06:59:59.999,0.7310585786300049,0.5
2020-10-25 08:59:59.999,0.7310585786300049,0.5
2020-10-27 10:59:59.999,0.7310585786300049,0.5
2020-10-29 12:59:59.999,0.7310585786300049,0.5
2020-10-31 14:59:59.999,0.7310585786300049,0.5
2020-11-02 16:59:59.999,0.7310585786300049,0.5
2020-11-04 18:59:59.999,0.7310585786300049,0.5
2020-11-06 20:59:59.999,0.7310585786300049,0.5
2020-11-08 22:59:59.999,0.7310585786300049,0.5
2020-11-11 00:59:59.999,0.7310585786300049,0.5
2020-11-13 02:59:59.999,0.7310585786300049,0.5
2020-11-15 04:59:59.999,0.7310585786300049,0.5
2020-11-17 06:59:59.999,0.7310585786300049,0.5
2020-11-19 08:59:59.999,0.7310585786300049,0.5
2020-11-21 10:59:59.999,0.7310585786300049,0.5
2020-11-23 12:59:59.999,0.7310585786300049,0.5
2020-11-25 14:59:59.999,0.7310585786300049,0.5
2020-11-27 16:59:59.999,0.7310585786300049,0.5
2020-11-29 18:59:59.999,0.7310585786300049,0.5
2020-12-01 21:59:59.999,0.7310585786300049,0.5
2020-12-03 23:59:59.999,0.7310585786300049,0.5
2020-12-06 01:59:59.999,0.7310585786300049,0.5
2020-12-08 03:59:59.999,0.7310585786300049,0.5
2020-12-10 05:59:59.999,0.7310585786300049,0.5
2020-12-12 07:59:59.999,0.7310585786300049,0.5
2020-12-14 09:59:59.999,0.7310585786300049,0.5
2020-12-16 11:59:59.999,0.7310585786300049,0.5
2020-12-18 13:59:59.999,0.7310585786300049,0.5
2020-12-20 15:59:59.999,0.7310585786300049,0.5
2020-12-22 21:59:59.999,0.7310585786300049,0.5
2020-12-24 23:59:59.999,0.7310585786300049,0.5
2020-12-27 02:59:59.999,0.7310585786300049,0.5
2020-12-29 04:59:59.999,0.7310585786300049,0.5
2020-12-31 06:59:59.999,0.7310585786300049,0.5
2021-01-02 08:59:59.999,0.7310585786300049,0.5
2021-01-04 10:59:59.999,0.7310585786300049,0.5
2021-01-06 12:59:59.999,0.7310585786300049,0.5
2021-01-08 14:59:59.999,0.7310585786300049,0.5
2021-01-10 16:59:59.999,0.7310585786300049,0.5
2021-01-12 18:59:59.999,0.7310585786300049,0.5
2021-01-14 20:59:59.999,0.7310585786300049,0.5
2021-01-16 22:59:59.999,0.7310585786300049,0.5
2021-01-19 00:59:59.999,0.7310585786300049,0.5
2021-01-21 02:59:59.999,0.7310585786300049,0.5
2021-01-23 04:59:59.999,0.7310585786300049,0.5
2021-01-25 06:59:59.999,0.7310585786300049,0.5
2021-01-27 08:59:59.999,0.7310585786300049,0.5
2021-01-29 10:59:59.999,0.7310585786300049,0.5
2021-01-31 12:59:59.999,0.7310585786300049,0.5
2021-02-02 14:59:59.999,0.7310585786300049,0.5
2021-02-04 16:59:59.999,0.7310585786300049,0.5
2021-02-06 18:59:59.999,0.7310585786300049,0.5
2021-02-08 20:59:59.999,0.7310585786300049,0.5
2021-02-10 22:59:59.999,0.7310585786300049,0.5
2021-02-13 01:59:59.999,0.7310585786300049,0.5
2021-02-15 03:59:59.999,0.7310585786300049,0.5
2021-02-17 05:59:59.999,0.7310585786300049,0.5
2021-02-19 07:59:59.999,0.7310585786300049,0.5
2021-02-21 09:59:59.999,0.7310585786300049,0.5
2021-02-23 11:59:59.999,0.7310585786300049,0.5
2021-02-25 13:59:59.999,0.7310585786300049,0.5
2021-02-27 15:59:59.999,0.7310585786300049,0.5
2021-03-01 17:59:59.999,0.7310585786300049,0.5
2021-03-03 19:59:59.999,0.7310585786300049,0.5
2021-03-05 21:59:59.999,0.7310585786300049,0.5
2021-03-08 01:29:59.999,0.7310585786300049,0.5
2021-03-10 03:29:59.999,0.7310585786300049,0.5
2021-03-12 05:29:59.999,0.7310585786300049,0.5
2021-03-14 07:29:59.999,0.7310585786300049,0.5
2021-03-16 09:29:59.999,0.7310585786300049,0.5
2021-03-18 11:29:59.999,0.7310585786300049,0.5
2021-03-20 13:29:59.999,0.7310585786300049,0.5
2021-03-22 15:29:59.999,0.7310585786300049,0.5
2021-03-24 17:29:59.999,0.7310585786300049,0.5
2021-03-26 19:29:59.999,0.7310585786300049,0.5
2021-03-28 21:29:59.999,0.7310585786300049,0.5
2021-03-30 23:29:59.999,0.7310585786300049,0.5
2021-04-02 01:29:59.999,0.7310585786300049,0.5
2021-04-04 03:29:59.999,0.7310585786300049,0.5
2021-04-06 05:29:59.999,0.7310585786300049,0.5
2021-04-08 07:29:59.999,0.7310585786300049,0.5
2021-04-10 09:29:59.999,0.7310585786300049,0.5
2021-04-12 11:29:59.999,0.7310585786300049,0.5
2021-04-14 13:29:59.999,0.7310585786300049,0.5
2021-04-16 15:29:59.999,0.7310585786300049,0.5
2021-04-18 17:29:59.999,0.7310585786300049,0.5
2021-04-20 21:59:59.999,0.7310585786300049,0.5
2021-04-22 23:59:59.999,0.7310585786300049,0.5
2021-04-25 01:59:59.999,0.7310585786300049,0.5
2021-04-27 07:59:59.999,0.7310585786300049,0.5
2021-04-29 09:59:59.999,0.7310585786300049,0.5
2021-05-01 11:59:59.999,0.7310585786300049,0.5
2021-05-03 13:59:59.999,0.7310585786300049,0.5
2021-05-05 15:59:59.999,0.7310585786300049,0.5
2021-05-07 17:59:59.999,0.7310585786300049,0.5
2021-05-09 19:59:59.999,0.7310585786300049,0.5
2021-05-11 21:59:59.999,0.7310585786300049,0.5
2021-05-13 23:59:59.999,0.7310585786300049,0.5
2021-05-16 01:59:59.999,0.7310585786300049,0.5
2021-05-18 03:59:59.999,0.7310585786300049,0.5
2021-05-20 05:59:59.999,0.7310585786300049,0.5
2021-05-22 07:59:59.999,0.7310585786300049,0.5
2021-05-24 09:59:59.999,0.7310585786300049,0.5
2021-05-26 11:59:59.999,0.7310585786300049,0.5
2021-05-28 13:59:59.999,0.7310585786300049,0.5
2021-05-30 15:59:59.999,0.7310585786300049,0.5
2021-06-01 17:59:59.999,0.7310585786300049,0.5
2021-06-03 19:59:59.999,0.7310585786300049,0.5
2021-06-05 21:59:59.999,0.7310585786300049,0.5
2021-06-07 23:59:59.999,0.7310585786300049,0.5
2021-06-10 01:59:59.999,0.7310585786300049,0.5
2021-06-12 03:59:59.999,0.7310585786300049,0.5
2021-06-14 05:59:59.999,0.7310585786300049,0.5
2021-06-16 07:59:59.999,0.7310585786300049,0.5
2021-06-18 09:59:59.999,0.7310585786300049,0.5
2021-06-20 11:59:59.999,0.7310585786300049,0.5
2021-06-22 13:59:59.999,0.7310585786300049,0.5
2021-06-24 15:59:59.999,0.7310585786300049,0.5
2021-06-26 17:59:59.999,0.7310585786300049,0.5
2021-06-28 19:59:59.999,0.7310585786300049,0.5
2021-06-30 21:59:59.999,0.7310585786300049,0.5
2021-07-02 23:59:59.999,0.7310585786300049,0.5
2021-07-05 01:59:59.999,0.7310585786300049,0.5
2021-07-07 03:59:59.999,0.7310585786300049,0.5
2021-07-09 05:59:59.999,0.7310585786300049,0.5
2021-07-11 07:59:59.999,0.7310585786300049,0.5
2021-07-13 09:59:59.999,0.7310585786300049,0.5
2021-07-15 11:59:59.999,0.7310585786300049,0.5
2021-07-17 13:59:59.999,0.7310585786300049,0.5
2021-07-19 15:59:59.999,0.7310585786300049,0.5
2021-07-21 17:59:59.999,0.7310585786300049,0.5
2021-07-23 19:59:59.999,0.7310585786300049,0.5
2021-07-25 21:59:59.999,0.7310585786300049,0.5
2021-07-27 23:59:59.999,0.7310585786300049,0.5
2021-07-30 01:59:59.999,0.7310585786300049,0.5
2021-08-01 03:59:59.999,0.7310585786300049,0.5
2021-08-03 05:59:59.999,0.7310585786300049,0.5
2021-08-05 07:59:59.999,0.7310585786300049,0.5
2021-08-07 09:59:59.999,0.7310585786300049,0.5
2021-08-09 11:59:59.999,0.7310585786300049,0.5
2021-08-11 13:59:59.999,0.7310585786300049,0.5
2021-08-13 20:29:59.999,0.7310585786300049,0.5
2021-08-15 22:29:59.999,0.7310585786300049,0.5
2021-08-18 00:29:59.999,0.7310585786300049,0.5
2021-08-20 02:29:59.999,0.7310585786300049,0.5
2021-08-22 04:29:59.999,0.7310585786300049,0.5
2021-08-24 06:29:59.999,0.7310585786300049,0.5
2021-08-26 08:29:59.999,0.7310585786300049,0.5
2021-08-28 10:29:59.999,0.7310585786300049,0.5
2021-08-30 12:29:59.999,0.7310585786300049,0.5
2021-09-01 14:29:59.999,0.7310585786300049,0.5
2021-09-03 16:29:59.999,0.7310585786300049,0.5
2021-09-05 18:29:59.999,0.7310585786300049,0.5
2021-09-07 20:29:59.999,0.7310585786300049,0.5
2021-09-09 22:29:59.999,0.7310585786300049,0.5
2021-09-12 00:29:59.999,0.7310585786300049,0.5
2021-09-14 02:29:59.999,0.7310585786300049,0.5
2021-09-16 04:29:59.999,0.7310585786300049,0.5
2021-09-18 06:29:59.999,0.7310585786300049,0.5
2021-09-20 08:29:59.999,0.7310585786300049,0.5
2021-09-22 10:29:59.999,0.7310585786300049,0.5
2021-09-24 12:29:59.999,0.7310585786300049,0.5
2021-09-26 14:29:59.999,0.7310585786300049,0.5
2021-09-28 16:29:59.999,0.7310585786300049,0.5
2021-09-30 20:29:59.999,0.7310585786300049,0.5
2021-10-02 22:29:59.999,0.7310585786300049,0.5
2021-10-05 00:29:59.999,0.7310585786300049,0.5
2021-10-07 02:29:59.999,0.7310585786300049,0.5
2021-10-09 04:29:59.999,0.7310585786300049,0.5
2021-10-11 06:29:59.999,0.7310585786300049,0.5
2021-10-13 08:29:59.999,0.7310585786300049,0.5
2021-10-15 10:29:59.999,0.7310585786300049,0.5
2021-10-17 12:29:59.999,0.7310585786300049,0.5
2021-10-19 14:29:59.999,0.7310585786300049,0.5
2021-10-21 16:29:59.999,0.7310585786300049,0.5
2021-10-23 18:29:59.999,0.7310585786300049,0.5
2021-10-25 20:29:59.999,0.7310585786300049,0.5
2021-10-27 22:29:59.999,0.7310585786300049,0.5
2021-10-30 00:29:59.999,0.7310585786300049,0.5
2021-11-01 02:29:59.999,0.7310585786300049,0.5
2021-11-03 04:29:59.999,0.7310585786300049,0.5
2021-11-05 06:29:59.999,0.7310585786300049,0.5
2021-11-07 08:29:59.999,0.7310585786300049,0.5
2021-11-09 10:29:59.999,0.7310585786300049,0.5
2021-11-11 12:29:59.999,0.7310585786300049,0.5
2021-11-13 14:29:59.999,0.7310585786300049,0.5
2021-11-15 16:29:59.999,0.7310585786300049,0.5
2021-11-17 18:29:59.999,0.7310585786300049,0.5
2021-11-19 20:29:59.999,0.7310585786300049,0.5
2021-11-21 22:29:59.999,0.7310585786300049,0.5
2021-11-24 00:29:59.999,0.7310585786300049,0.5
2021-11-26 02:29:59.999,0.7310585786300049,0.5
2021-11-28 04:29:59.999,0.7310585786300049,0.5
2021-11-30 06:29:59.999,0.7310585786300049,0.5
2021-12-02 08:29:59.999,0.7310585786300049,0.5
2021-12-04 10:29:59.999,0.7310585786300049,0.5
2021-12-06 12:29:59.999,0.7310585786300049,0.5
2021-12-08 14:29:59.999,0.7310585786300049,0.5
2021-12-10 16:29:59.999,0.7310585786300049,0.5
2021-12-12 18:29:59.999,0.7310585786300049,0.5
2021-12-14 20:29:59.999,0.7310585786300049,0.5
2021-12-16 22:29:59.999,0.7310585786300049,0.5
2021-12-19 00:29:59.999,0.7310585786300049,0.5
2021-12-21 02:29:59.999,0.7310585786300049,0.5
2021-12-23 04:29:59.999,0.7310585786300049,0.5
2021-12-25 06:29:59.999,0.7310585786300049,0.5
2021-12-27 08:29:59.999,0.7310585786300049,0.5
2021-12-29 10:29:59.999,0.7310585786300049,0.5
2021-12-31 12:29:59.999,0.7310585786300049,0.5
2022-01-02 14:29:59.999,0.7310585786300049,0.5
2022-01-04 16:29:59.999,0.7310585786300049,0.5
2022-01-06 18:29:59.999,0.7310585786300049,0.5
2022-01-08 20:29:59.999,0.7310585786300049,0.5
2022-01-10 22:29:59.999,0.7310585786300049,0.5
2022-01-13 00:29:59.999,0.7310585786300049,0.5
2022-01-15 02:29:59.999,0.7310585786300049,0.5
2022-01-17 04:29:59.999,0.7310585786300049,0.5
2022-01-19 06:29:59.999,0.7310585786300049,0.5
2022-01-21 08:29:59.999,0.7310585786300049,0.5
2022-01-23 10:29:59.999,0.7310585786300049,0.5
2022-01-25 12:29:59.999,0.7310585786300049,0.5
2022-01-27 14:29:59.999,0.7310585786300049,0.5
2022-01-29 16:29:59.999,0.7310585786300049,0.5
2022-01-31 18:29:59.999,0.7310585786300049,0.5
2022-02-02 20:29:59.999,0.7310585786300049,0.5
2022-02-04 22:29:59.999,0.7310585786300049,0.5
2022-02-07 00:29:59.999,0.7310585786300049,0.5
2022-02-09 02:29:59.999,0.7310585786300049,0.5
2022-02-11 04:29:59.999,0.7310585786300049,0.5
2022-02-13 06:29:59.999,0.7310585786300049,0.5
2022-02-15 08:29:59.999,0.7310585786300049,0.5
2022-02-17 10:29:59.999,0.7310585786300049,0.5
2022-02-19 12:29:59.999,0.7310585786300049,0.5
2022-02-21 14:29:59.999,0.7310585786300049,0.5
2022-02-23 16:29:59.999,0.7310585786300049,0.5
2022-02-25 18:29:59.999,0.7310585786300049,0.5
2022-02-27 20:29:59.999,0.7310585786300049,0.5
2022-03-01 22:29:59.999,0.7310585786300049,0.5
2022-03-04 00:29:59.999,0.7310585786300049,0.5
2022-03-06 02:29:59.999,0.7310585786300049,0.5
2022-03-08 04:29:59.999,0.7310585786300049,0.5
2022-03-10 06:29:59.999,0.7310585786300049,0.5
2022-03-12 08:29:59.999,0.7310585786300049,0.5
2022-03-14 10:29:59.999,0.7310585786300049,0.5
2022-03-16 12:29:59.999,0.7310585786300049,0.5
2022-03-18 14:29:59.999,0.7310585786300049,0.5
2022-03-20 16:29:59.999,0.7310585786300049,0.5
2022-03-22 18:29:59.999,0.7310585786300049,0.5
2022-03-24 20:29:59.999,0.7310585786300049,0.5
2022-03-26 22:29:59.999,0.7310585786300049,0.5
2022-03-29 00:29:59.999,0.7310585786300049,0.5
2022-03-31 02:29:59.999,0.7310585786300049,0.5
2022-04-02 04:29:59.999,0.7310585786300049,0.5
2022-04-04 06:29:59.999,0.7310585786300049,0.5
2022-04-06 08:29:59.999,0.7310585786300049,0.5
2022-04-08 10:29:59.999,0.7310585786300049,0.5
2022-04-10 12:29:59.999,0.7310585786300049,0.5
2022-04-12 14:29:59.999,0.7310585786300049,0.5
2022-04-14 16:29:59.999,0.7310585786300049,0.5
2022-04-16 18:29:59.999,0.7310585786300049,0.5
2022-04-18 20:29:59.999,0.7310585786300049,0.5
2022-04-20 22:29:59.999,0.7310585786300049,0.5
2022-04-23 00:29:59.999,0.7310585786300049,0.5
2022-04-25 02:29:59.999,0.7310585786300049,0.5
2022-04-27 04:29:59.999,0.7310585786300049,0.5
2022-04-29 06:29:59.999,0.7310585786300049,0.5
2022-05-01 08:29:59.999,0.7310585786300049,0.5
2022-05-03 10:29:59.999,0.7310585786300049,0.5
2022-05-05 12:29:59.999,0.7310585786300049,0.5
2022-05-07 14:29:59.999,0.7310585786300049,0.5
2022-05-09 16:29:59.999,0.7310585786300049,0.5
2022-05-11 18:29:59.999,0.7310585786300049,0.5
2022-05-13 20:29:59.999,0.7310585786300049,0.5
2022-05-15 22:29:59.999,0.7310585786300049,0.5
2022-05-18 00:29:59.999,0.7310585786300049,0.5
2022-05-20 02:29:59.999,0.7310585786300049,0.5
2022-05-22 04:29:59.999,0.7310585786300049,0.5
2022-05-24 06:29:59.999,0.7310585786300049,0.5
2022-05-26 08:29:59.999,0.7310585786300049,0.5
2022-05-28 10:29:59.999,0.7310585786300049,0.5
2022-05-30 12:29:59.999,0.7310585786300049,0.5
2022-06-01 14:29:59.999,0.7310585786300049,0.5
2022-06-03 16:29:59.999,0.7310585786300049,0.5
2022-06-05 18:29:59.999,0.7310585786300049,0.5
2022-06-07 20:29:59.999,0.7310585786300049,0.5
2022-06-09 22:29:59.999,0.7310585786300049,0.5
2022-06-12 00:29:59.999,0.7310585786300049,0.5
2022-06-14 02:29:59.999,0.7310585786300049,0.5
2022-06-16 04:29:59.999,0.7310585786300049,0.5
2022-06-18 06:29:59.999,0.7310585786300049,0.5
2022-06-20 08:29:59.999,0.7310585786300049,0.5
2022-06-22 10:29:59.999,0.7310585786300049,0.5
2022-06-24 12:29:59.999,0.7310585786300049,0.5
2022-06-26 14:29:59.999,0.7310585786300049,0.5
2022-06-28 16:29:59.999,0.7310585786300049,0.5
2022-06-30 18:29:59.999,0.7310585786300049,0.5
2022-07-02 20:29:59.999,0.7310585786300049,0.5
2022-07-04 22:29:59.999,0.7310585786300049,0.5
2022-07-07 00:29:59.999,0.7310585786300049,0.5
2022-07-09 02:29:59.999,0.7310585786300049,0.5
2022-07-11 04:29:59.999,0.7310585786300049,0.5
2022-07-13 06:29:59.999,0.7310585786300049,0.5
2022-07-15 08:29:59.999,0.7310585786300049,0.5
2022-07-17 10:29:59.999,0.7310585786300049,0.5
2022-07-19 12:29:59.999,0.7310585786300049,0.5
2022-07-21 14:29:59.999,0.7310585786300049,0.5
2022-07-23 16:29:59.999,0.7310585786300049,0.5
2022-07-25 18:29:59.999,0.7310585786300049,0.5
2022-07-27 20:29:59.999,0.7310585786300049,0.5
2022-07-29 22:29:59.999,0.7310585786300049,0.5
2022-08-01 00:29:59.999,0.7310585786300049,0.5
2022-08-03 02:29:59.999,0.7310585786300049,0.5
2022-08-05 04:29:59.999,0.7310585786300049,0.5
2022-08-07 06:29:59.999,0.7310585786300049,0.5
2022-08-09 08:29:59.999,0.7310585786300049,0.5
2022-08-11 10:29:59.999,0.7310585786300049,0.5
2022-08-13 12:29:59.999,0.7310585786300049,0.5
2022-08-15 14:29:59.999,0.7310585786300049,0.5
2022-08-17 16:29:59.999,0.7310585786300049,0.5
2022-08-19 18:29:59.999,0.7310585786300049,0.5
2022-08-21 20:29:59.999,0.7310585786300049,0.5
2022-08-23 22:29:59.999,0.7310585786300049,0.5
2022-08-26 00:29:59.999,0.7310585786300049,0.5
2022-08-28 02:29:59.999,0.7310585786300049,0.5
2022-08-30 04:29:59.999,0.7310585786300049,0.5
2022-09-01 06:29:59.999,0.7310585786300049,0.5
2022-09-03 08:29:59.999,0.7310585786300049,0.5
2022-09-05 10:29:59.999,0.7310585786300049,0.5
2022-09-07 12:29:59.999,0.7310585786300049,0.5
2022-09-09 14:29:59.999,0.7310585786300049,0.5
2022-09-11 16:29:59.999,0.7310585786300049,0.5
2022-09-13 18:29:59.999,0.7310585786300049,0.5
2022-09-15 20:29:59.999,0.7310585786300049,0.5
2022-09-17 22:29:59.999,0.7310585786300049,0.5
2022-09-20 00:29:59.999,0.7310585786300049,0.5
2022-09-22 02:29:59.999,0.7310585786300049,0.5
2022-09-24 04:29:59.999,0.7310585786300049,0.5
2022-09-26 06:29:59.999,0.7310585786300049,0.5
2022-09-28 08:29:59.999,0.7310585786300049,0.5
2022-09-30 10:29:59.999,0.7310585786300049,0.5
2022-10-02 12:29:59.999,0.7310585786300049,0.5
2022-10-04 14:29:59.999,0.7310585786300049,0.5
2022-10-06 16:29:59.999,0.7310585786300049,0.5
2022-10-08 18:29:59.999,0.7310585786300049,0.5
2022-10-10 20:29:59.999,0.7310585786300049,0.5
2022-10-12 22:29:59.999,0.7310585786300049,0.5
2022-10-15 00:29:59.999,0.7310585786300049,0.5
2022-10-17 02:29:59.999,0.7310585786300049,0.5
2022-10-19 04:29:59.999,0.7310585786300049,0.5
2022-10-21 06:29:59.999,0.7310585786300049,0.5
2022-10-23 08:29:59.999,0.7310585786300049,0.5
2022-10-25 10:29:59.999,0.7310585786300049,0.5
2022-10-27 12:29:59.999,0.7310585786300049,0.5
2022-10-29 14:29:59.999,0.7310585786300049,0.5
2022-10-31 16:29:59.999,0.7310585786300049,0.5
2022-11-02 18:29:59.999,0.7310585786300049,0.5
2022-11-04 20:29:59.999,0.7310585786300049,0.5
2022-11-06 22:29:59.999,0.7310585786300049,0.5
2022-11-09 00:29:59.999,0.7310585786300049,0.5
2022-11-11 02:29:59.999,0.7310585786300049,0.5
2022-11-13 04:29:59.999,0.7310585786300049,0.5
2022-11-15 06:29:59.999,0.7310585786300049,0.5
2022-11-17 08:29:59.999,0.7310585786300049,0.5
2022-11-19 10:29:59.999,0.7310585786300049,0.5
2022-11-21 12:29:59.999,0.7310585786300049,0.5
2022-11-23 14:29:59.999,0.7310585786300049,0.5
2022-11-25 16:29:59.999,0.7310585786300049,0.5
2022-11-27 18:29:59.999,0.7310585786300049,0.5
2022-11-29 20:29:59.999,0.7310585786300049,0.5
2022-12-01 22:29:59.999,0.7310585786300049,0.5
2022-12-04 00:29:59.999,0.7310585786300049,0.5
2022-12-06 02:29:59.999,0.7310585786300049,0.5
2022-12-08 04:29:59.999,0.7310585786300049,0.5
2022-12-10 06:29:59.999,0.7310585786300049,0.5
2022-12-12 08:29:59.999,0.7310585786300049,0.5
2022-12-14 10:29:59.999,0.7310585786300049,0.5
2022-12-16 12:29:59.999,0.7310585786300049,0.5
2022-12-18 14:29:59.999,0.7310585786300049,0.5
2022-12-20 16:29:59.999,0.7310585786300049,0.5
2022-12-22 18:29:59.999,0.7310585786300049,0.5
2022-12-24 20:29:59.999,0.7310585786300049,0.5
2022-12-26 22:29:59.999,0.7310585786300049,0.5
2022-12-29 00:29:59.999,0.7310585786300049,0.5
2022-12-31 02:29:59.999,0.7310585786300049,0.5
2023-01-02 04:29:59.999,0.7310585786300049,0.5
2023-01-04 06:29:59.999,0.7310585786300049,0.5
2023-01-06 08:29:59.999,0.7310585786300049,0.5
2023-01-08 10:29:59.999,0.7310585786300049,0.5
2023-01-10 12:29:59.999,0.7310585786300049,0.5
2023-01-12 14:29:59.999,0.7310585786300049,0.5
2023-01-14 16:29:59.999,0.7310585786300049,0.5
2023-01-16 18:29:59.999,0.7310585786300049,0.5
2023-01-18 20:29:59.999,0.7310585786300049,0.5
2023-01-20 22:29:59.999,0.7310585786300049,0.5
2023-01-23 00:29:59.999,0.7310585786300049,0.5
2023-01-25 02:29:59.999,0.7310585786300049,0.5
2023-01-27 04:29:59.999,0.7310585786300049,0.5
2023-01-29 06:29:59.999,0.7310585786300049,0.5
2023-01-31 08:29:59.999,0.7310585786300049,0.5
2023-02-02 10:29:59.999,0.7310585786300049,0.5
2023-02-04 12:29:59.999,0.7310585786300049,0.5
2023-02-06 14:29:59.999,0.7310585786300049,0.5
2023-02-08 16:29:59.999,0.7310585786300049,0.5
2023-02-10 18:29:59.999,0.7310585786300049,0.5
2023-02-12 20:29:59.999,0.7310585786300049,0.5
2023-02-14 22:29:59.999,0.7310585786300049,0.5
2023-02-17 00:29:59.999,0.7310585786300049,0.5
2023-02-19 02:29:59.999,0.7310585786300049,0.5
2023-02-21 04:29:59.999,0.7310585786300049,0.5
2023-02-23 06:29:59.999,0.7310585786300049,0.5
2023-02-25 08:29:59.999,0.7310585786300049,0.5
2023-02-27 10:29:59.999,0.7310585786300049,0.5
2023-03-01 12:29:59.999,0.7310585786300049,0.5
2023-03-03 14:29:59.999,0.7310585786300049,0.5
2023-03-05 16:29:59.999,0.7310585786300049,0.5
2023-03-07 18:29:59.999,0.7310585786300049,0.5
2023-03-09 20:29:59.999,0.7310585786300049,0.5
2023-03-11 22:29:59.999,0.7310585786300049,0.5
2023-03-14 00:29:59.999,0.7310585786300049,0.5
2023-03-16 02:29:59.999,0.7310585786300049,0.5
2023-03-18 04:29:59.999,0.7310585786300049,0.5
2023-03-20 06:29:59.999,0.7310585786300049,0.5
2023-03-22 08:29:59.999,0.7310585786300049,0.5
2023-03-24 10:29:59.999,0.7310585786300049,0.5
2023-03-26 13:29:59.999,0.7310585786300049,0.5
2023-03-28 15:29:59.999,0.7310585786300049,0.5
2023-03-30 17:29:59.999,0.7310585786300049,0.5
2023-04-01 19:29:59.999,0.7310585786300049,0.5
2023-04-03 21:29:59.999,0.7310585786300049,0.5
2023-04-05 23:29:59.999,0.7310585786300049,0.5
2023-04-08 01:29:59.999,0.7310585786300049,0.5
2023-04-10 03:29:59.999,0.7310585786300049,0.5
2023-04-12 05:29:59.999,0.7310585786300049,0.5
2023-04-14 07:29:59.999,0.7310585786300049,0.5
2023-04-16 09:29:59.999,0.7310585786300049,0.5
2023-04-18 11:29:59.999,0.7310585786300049,0.5
2023-04-20 13:29:59.999,0.7310585786300049,0.5
2023-04-22 15:29:59.999,0.7310585786300049,0.5
2023-04-24 17:29:59.999,0.7310585786300049,0.5
2023-04-26 19:29:59.999,0.7310585786300049,0.5
2023-04-28 21:29:59.999,0.7310585786300049,0.5
2023-04-30 23:29:59.999,0.7310585786300049,0.5
2023-05-03 01:29:59.999,0.7310585786300049,0.5
2023-05-05 03:29:59.999,0.7310585786300049,0.5
2023-05-07 05:29:59.999,0.7310585786300049,0.5
2023-05-09 07:29:59.999,0.7310585786300049,0.5
2023-05-11 09:29:59.999,0.7310585786300049,0.5
2023-05-13 11:29:59.999,0.7310585786300049,0.5
2023-05-15 13:29:59.999,0.7310585786300049,0.5
2023-05-17 15:29:59.999,0.7310585786300049,0.5
2023-05-19 17:29:59.999,0.7310585786300049,0.5
2023-05-21 19:29:59.999,0.7310585786300049,0.5
2023-05-23 21:29:59.999,0.7310585786300049,0.5
2023-05-25 23:29:59.999,0.7310585786300049,0.5
2023-05-28 01:29:59.999,0.7310585786300049,0.5
2023-05-30 03:29:59.999,0.7310585786300049,0.5
2023-06-01 05:29:59.999,0.7310585786300049,0.5
2023-06-03 07:29:59.999,0.7310585786300049,0.5
2023-06-05 09:29:59.999,0.7310585786300049,0.5
2023-06-07 11:29:59.999,0.7310585786300049,0.5
2023-06-09 13:29:59.999,0.7310585786300049,0.5
2023-06-11 15:29:59.999,0.7310585786300049,0.5
2023-06-13 17:29:59.999,0.7310585786300049,0.5
2023-06-15 19:29:59.999,0.7310585786300049,0.5
2023-06-17 21:29:59.999,0.7310585786300049,0.5
2023-06-19 23:29:59.999,0.7310585786300049,0.5
2023-06-22 01:29:59.999,0.7310585786300049,0.5
2023-06-24 03:29:59.999,0.7310585786300049,0.5
2023-06-26 05:29:59.999,0.7310585786300049,0.5
2023-06-28 07:29:59.999,0.7310585786300049,0.5
2023-06-30 09:29:59.999,0.7310585786300049,0.5
2023-07-02 11:29:59.999,0.7310585786300049,0.5
2023-07-04 13:29:59.999,0.7310585786300049,0.5
2023-07-06 15:29:59.999,0.7310585786300049,0.5
2023-07-08 17:29:59.999,0.7310585786300049,0.5
2023-07-10 19:29:59.999,0.7310585786300049,0.5
2023-07-12 21:29:59.999,0.7310585786300049,0.5
2023-07-14 23:29:59.999,0.7310585786300049,0.5
2023-07-17 01:29:59.999,0.7310585786300049,0.5
2023-07-19 03:29:59.999,0.7310585786300049,0.5
2023-07-21 05:29:59.999,0.7310585786300049,0.5
2023-07-23 07:29:59.999,0.7310585786300049,0.5
2023-07-25 09:29:59.999,0.7310585786300049,0.5
2023-07-27 11:29:59.999,0.7310585786300049,0.5
2023-07-29 13:29:59.999,0.7310585786300049,0.5
2023-07-31 15:29:59.999,0.7310585786300049,0.5
2023-08-02 17:29:59.999,0.7310585786300049,0.5
2023-08-04 19:29:59.999,0.7310585786300049,0.5
2023-08-06 21:29:59.999,0.7310585786300049,0.5
2023-08-08 23:29:59.999,0.7310585786300049,0.5
2023-08-11 01:29:59.999,0.7310585786300049,0.5
2023-08-13 03:29:59.999,0.7310585786300049,0.5
2023-08-15 05:29:59.999,0.7310585786300049,0.5
2023-08-17 07:29:59.999,0.7310585786300049,0.5
2023-08-19 09:29:59.999,0.7310585786300049,0.5
2023-08-21 11:29:59.999,0.7310585786300049,0.5
2023-08-23 13:29:59.999,0.7310585786300049,0.5
2023-08-25 15:29:59.999,0.7310585786300049,0.5
2023-08-27 17:29:59.999,0.7310585786300049,0.5
2023-08-29 19:29:59.999,0.7310585786300049,0.5
2023-08-31 21:29:59.999,0.7310585786300049,0.5
2023-09-02 23:29:59.999,0.7310585786300049,0.5
2023-09-05 01:29:59.999,0.7310585786300049,0.5
2023-09-07 03:29:59.999,0.7310585786300049,0.5
2023-09-09 05:29:59.999,0.7310585786300049,0.5
2023-09-11 07:29:59.999,0.7310585786300049,0.5
2023-09-13 09:29:59.999,0.7310585786300049,0.5
2023-09-15 11:29:59.999,0.7310585786300049,0.5
2023-09-17 13:29:59.999,0.7310585786300049,0.5
2023-09-19 15:29:59.999,0.7310585786300049,0.5
2023-09-21 17:29:59.999,0.7310585786300049,0.5
2023-09-23 19:29:59.999,0.7310585786300049,0.5
2023-09-25 21:29:59.999,0.7310585786300049,0.5
2023-09-27 23:29:59.999,0.7310585786300049,0.5
2023-09-30 01:29:59.999,0.7310585786300049,0.5
2023-10-02 03:29:59.999,0.7310585786300049,0.5
2023-10-04 05:29:59.999,0.7310585786300049,0.5
2023-10-06 07:29:59.999,0.7310585786300049,0.5
2023-10-08 09:29:59.999,0.7310585786300049,0.5
2023-10-10 11:29:59.999,0.7310585786300049,0.5
2023-10-12 13:29:59.999,0.7310585786300049,0.5
2023-10-14 15:29:59.999,0.7310585786300049,0.5
2023-10-16 17:29:59.999,0.7310585786300049,0.5
2023-10-18 19:29:59.999,0.7310585786300049,0.5
2023-10-20 21:29:59.999,0.7310585786300049,0.5
2023-10-22 23:29:59.999,0.7310585786300049,0.5
2023-10-25 01:29:59.999,0.7310585786300049,0.5
2023-10-27 03:29:59.999,0.7310585786300049,0.5
2023-10-29 05:29:59.999,0.7310585786300049,0.5
2023-10-31 07:29:59.999,0.7310585786300049,0.5
2023-11-02 09:29:59.999,0.7310585786300049,0.5
2023-11-04 11:29:59.999,0.7310585786300049,0.5
2023-11-06 13:29:59.999,0.7310585786300049,0.5
2023-11-08 15:29:59.999,0.7310585786300049,0.5
2023-11-10 17:29:59.999,0.7310585786300049,0.5
2023-11-12 19:29:59.999,0.7310585786300049,0.5
2023-11-14 21:29:59.999,0.7310585786300049,0.5
2023-11-16 23:29:59.999,0.7310585786300049,0.5
2023-11-19 01:29:59.999,0.7310585786300049,0.5
2023-11-21 03:29:59.999,0.7310585786300049,0.5
2023-11-23 05:29:59.999,0.7310585786300049,0.5
2023-11-25 07:29:59.999,0.7310585786300049,0.5
2023-11-27 09:29:59.999,0.7310585786300049,0.5
2023-11-29 11:29:59.999,0.7310585786300049,0.5
2023-12-01 13:29:59.999,0.7310585786300049,0.5
2023-12-03 15:29:59.999,0.7310585786300049,0.5
2023-12-05 17:29:59.999,0.7310585786300049,0.5
2023-12-07 19:29:59.999,0.7310585786300049,0.5
2023-12-09 21:29:59.999,0.7310585786300049,0.5
2023-12-11 23:29:59.999,0.7310585786300049,0.5
2023-12-14 01:29:59.999,0.7310585786300049,0.5
2023-12-16 03:29:59.999,0.7310585786300049,0.5
2023-12-18 05:29:59.999,0.7310585786300049,0.5
2023-12-20 07:29:59.999,0.7310585786300049,0.5
2023-12-22 09:29:59.999,0.7310585786300049,0.5
2023-12-24 11:29:59.999,0.7310585786300049,0.5
2023-12-26 13:29:59.999,0.7310585786300049,0.5
2023-12-28 15:29:59.999,0.7310585786300049,0.5
2023-12-30 17:29:59.999,0.7310585786300049,0.5
2024-01-01 19:29:59.999,0.7310585786300049,0.5
2024-01-03 21:29:59.999,0.7310585786300049,0.5
2024-01-05 23:29:59.999,0.7310585786300049,0.5
2024-01-08 01:29:59.999,0.7310585786300049,0.5
2024-01-10 03:29:59.999,0.7310585786300049,0.5
2024-01-12 05:29:59.999,0.7310585786300049,0.5
2024-01-14 07:29:59.999,0.7310585786300049,0.5
2024-01-16 09:29:59.999,0.7310585786300049,0.5
2024-01-18 11:29:59.999,0.7310585786300049,0.5
2024-01-20 13:29:59.999,0.7310585786300049,0.5
2024-01-22 15:29:59.999,0.7310585786300049,0.5
2024-01-24 17:29:59.999,0.7310585786300049,0.5
2024-01-26 19:29:59.999,0.7310585786300049,0.5
2024-01-28 21:29:59.999,0.7310585786300049,0.5
2024-01-30 23:29:59.999,0.7310585786300049,0.5
2024-02-02 01:29:59.999,0.7310585786300049,0.5
2024-02-04 03:29:59.999,0.7310585786300049,0.5
2024-02-06 05:29:59.999,0.7310585786300049,0.5
2024-02-08 07:29:59.999,0.7310585786300049,0.5
2024-02-10 09:29:59.999,0.7310585786300049,0.5
2024-02-12 11:29:59.999,0.7310585786300049,0.5
2024-02-14 13:29:59.999,0.7310585786300049,0.5
2024-02-16 15:29:59.999,0.7310585786300049,0.5
2024-02-18 17:29:59.999,0.7310585786300049,0.5
2024-02-20 19:29:59.999,0.7310585786300049,0.5
2024-02-22 21:29:59.999,0.7310585786300049,0.5
2024-02-24 23:29:59.999,0.7310585786300049,0.5
2024-02-27 01:29:59.999,0.7310585786300049,0.5
2024-02-29 03:29:59.999,0.7310585786300049,0.5
2024-03-02 05:29:59.999,0.7310585786300049,0.5
2024-03-04 07:29:59.999,0.7310585786300049,0.5
2024-03-06 09:29:59.999,0.7310585786300049,0.5
2024-03-08 11:29:59.999,0.7310585786300049,0.5
2024-03-10 13:29:59.999,0.7310585786300049,0.5
2024-03-12 15:29:59.999,0.7310585786300049,0.5
2024-03-14 17:29:59.999,0.7310585786300049,0.5
2024-03-16 19:29:59.999,0.7310585786300049,0.5
2024-03-18 21:29:59.999,0.7310585786300049,0.5
2024-03-20 23:29:59.999,0.7310585786300049,0.5
2024-03-23 01:29:59.999,0.7310585786300049,0.5
2024-03-25 03:29:59.999,0.7310585786300049,0.5
2024-03-27 05:29:59.999,0.7310585786300049,0.5
2024-03-29 07:29:59.999,0.7310585786300049,0.5
2024-03-31 09:29:59.999,0.7310585786300049,0.5
2024-04-02 11:29:59.999,0.7310585786300049,0.5
2024-04-04 13:29:59.999,0.7310585786300049,0.5
2024-04-06 15:29:59.999,0.7310585786300049,0.5
2024-04-08 17:29:59.999,0.7310585786300049,0.5
2024-04-10 19:29:59.999,0.7310585786300049,0.5
2024-04-12 21:29:59.999,0.7310585786300049,0.5
2024-04-14 23:29:59.999,0.7310585786300049,0.5
2024-04-17 01:29:59.999,0.7310585786300049,0.5
2024-04-19 03:29:59.999,0.7310585786300049,0.5
2024-04-21 05:29:59.999,0.7310585786300049,0.5
2024-04-23 07:29:59.999,0.7310585786300049,0.5
2024-04-25 09:29:59.999,0.7310585786300049,0.5
2024-04-27 11:29:59.999,0.7310585786300049,0.5
2024-04-29 13:29:59.999,0.7310585786300049,0.5
2024-05-01 15:29:59.999,0.7310585786300049,0.5
2024-05-03 17:29:59.999,0.7310585786300049,0.5
2024-05-05 19:29:59.999,0.7310585786300049,0.5
2024-05-07 21:29:59.999,0.7310585786300049,0.5
2024-05-09 23:29:59.999,0.7310585786300049,0.5
2024-05-12 01:29:59.999,0.7310585786300049,0.5
2024-05-14 03:29:59.999,0.7310585786300049,0.5
2024-05-16 05:29:59.999,0.7310585786300049,0.5
2024-05-18 07:29:59.999,0.7310585786300049,0.5
2024-05-20 09:29:59.999,0.7310585786300049,0.5
2024-05-22 11:29:59.999,0.7310585786300049,0.5
2024-05-24 13:29:59.999,0.7310585786300049,0.5
2024-05-26 15:29:59.999,0.7310585786300049,0.5
2024-05-28 17:29:59.999,0.7310585786300049,0.5
2024-05-30 19:29:59.999,0.7310585786300049,0.5
2024-06-01 21:29:59.999,0.7310585786300049,0.5
2024-06-03 23:29:59.999,0.7310585786300049,0.5
2024-06-06 01:29:59.999,0.7310585786300049,0.5
2024-06-08 03:29:59.999,0.7310585786300049,0.5
2024-06-10 05:29:59.999,0.7310585786300049,0.5
2024-06-12 07:29:59.999,0.7310585786300049,0.5
2024-06-14 09:29:59.999,0.7310585786300049,0.5
2024-06-16 11:29:59.999,0.7310585786300049,0.5
2024-06-18 13:29:59.999,0.7310585786300049,0.5
2024-06-20 15:29:59.999,0.7310585786300049,0.5
2024-06-22 17:29:59.999,0.7310585786300049,0.5
2024-06-24 19:29:59.999,0.7310585786300049,0.5
2024-06-26 21:29:59.999,0.7310585786300049,0.5
2024-06-28 23:29:59.999,0.7310585786300049,0.5
2024-07-01 01:29:59.999,0.7310585786300049,0.5
2024-07-03 03:29:59.999,0.7310585786300049,0.5
2024-07-05 05:29:59.999,0.7310585786300049,0.5
2024-07-07 07:29:59.999,0.7310585786300049,0.5
2024-07-09 09:29:59.999,0.7310585786300049,0.5
2024-07-11 11:29:59.999,0.7310585786300049,0.5
2024-07-13 13:29:59.999,0.7310585786300049,0.5
2024-07-15 15:29:59.999,0.7310585786300049,0.5
2024-07-17 17:29:59.999,0.7310585786300049,0.5
2024-07-19 19:29:59.999,0.7310585786300049,0.5
2024-07-21 21:29:59.999,0.7310585786300049,0.5
2024-07-23 23:29:59.999,0.7310585786300049,0.5
2024-07-26 01:29:59.999,0.7310585786300049,0.5
2024-07-28 03:29:59.999,0.7310585786300049,0.5
2024-07-30 05:29:59.999,0.7310585786300049,0.5
2024-08-01 07:29:59.999,0.7310585786300049,0.5
2024-08-03 09:29:59.999,0.7310585786300049,0.5
2024-08-05 11:29:59.999,0.7310585786300049,0.5
2024-08-07 13:29:59.999,0.7310585786300049,0.5
2024-08-09 15:29:59.999,0.7310585786300049,0.5
2024-08-11 17:29:59.999,0.7310585786300049,0.5
2024-08-13 19:29:59.999,0.7310585786300049,0.5
2024-08-15 21:29:59.999,0.7310585786300049,0.5
2024-08-17 23:29:59.999,0.7310585786300049,0.5
2024-08-20 01:29:59.999,0.7310585786300049,0.5
2024-08-22 03:29:59.999,0.7310585786300049,0.5
2024-08-24 05:29:59.999,0.7310585786300049,0.5
2024-08-26 07:29:59.999,0.7310585786300049,0.5
2024-08-28 09:29:59.999,0.7310585786300049,0.5
2024-08-30 11:29:59.999,0.7310585786300049,0.5
2024-09-01 13:29:59.999,0.7310585786300049,0.5
2024-09-03 15:29:59.999,0.7310585786300049,0.5
2024-09-05 17:29:59.999,0.7310585786300049,0.5
2024-09-07 19:29:59.999,0.7310585786300049,0.5
2024-09-09 21:29:59.999,0.7310585786300049,0.5
2024-09-11 23:29:59.999,0.7310585786300049,0.5
2024-09-14 01:29:59.999,0.7310585786300049,0.5
2024-09-16 03:29:59.999,0.7310585786300049,0.5
2024-09-18 05:29:59.999,0.7310585786300049,0.5
2024-09-20 07:29:59.999,0.7310585786300049,0.5
2024-09-22 09:29:59.999,0.7310585786300049,0.5
2024-09-24 11:29:59.999,0.7310585786300049,0.5
2024-09-26 13:29:59.999,0.7310585786300049,0.5
2024-09-28 15:29:59.999,0.7310585786300049,0.5
2024-09-30 17:29:59.999,0.7310585786300049,0.5
2024-10-02 19:29:59.999,0.7310585786300049,0.5
2024-10-04 21:29:59.999,0.7310585786300049,0.5
2024-10-06 23:29:59.999,0.7310585786300049,0.5
2024-10-09 01:29:59.999,0.7310585786300049,0.5
2024-10-11 03:29:59.999,0.7310585786300049,0.5
2024-10-13 05:29:59.999,0.7310585786300049,0.5
2024-10-15 07:29:59.999,0.7310585786300049,0.5
2024-10-17 09:29:59.999,0.7310585786300049,0.5
2024-10-19 11:29:59.999,0.7310585786300049,0.5
2024-10-21 13:29:59.999,0.7310585786300049,0.5
2024-10-23 15:29:59.999,0.7310585786300049,0.5
2024-10-25 17:29:59.999,0.7310585786300049,0.5
2024-10-27 19:29:59.999,0.7310585786300049,0.5
2024-10-29 21:29:59.999,0.7310585786300049,0.5
2024-10-31 23:29:59.999,0.7310585786300049,0.5
2024-11-03 01:29:59.999,0.7310585786300049,0.5
2024-11-05 03:29:59.999,0.7310585786300049,0.5
2024-11-07 05:29:59.999,0.7310585786300049,0.5
2024-11-09 07:29:59.999,0.7310585786300049,0.5
2024-11-11 09:29:59.999,0.7310585786300049,0.5
2024-11-13 11:29:59.999,0.7310585786300049,0.5
2024-11-15 13:29:59.999,0.7310585786300049,0.5
2024-11-17 15:29:59.999,0.7310585786300049,0.5
2024-11-19 17:29:59.999,0.7310585786300049,0.5
2024-11-21 19:29:59.999,0.7310585786300049,0.5
2024-11-23 21:29:59.999,0.7310585786300049,0.5
2024-11-25 23:29:59.999,0.7310585786300049,0.5
2024-11-28 01:29:59.999,0.7310585786300049,0.5
2024-11-30 03:29:59.999,0.7310585786300049,0.5
2024-12-02 05:29:59.999,0.7310585786300049,0.5
2024-12-04 07:29:59.999,0.7310585786300049,0.5
2024-12-06 09:29:59.999,0.7310585786300049,0.5
2024-12-08 11:29:59.999,0.7310585786300049,0.5
2024-12-10 13:29:59.999,0.7310585786300049,0.5
2024-12-12 15:29:59.999,0.7310585786300049,0.5
2024-12-14 17:29:59.999,0.7310585786300049,0.5
2024-12-16 19:29:59.999,0.7310585786300049,0.5
2024-12-18 21:29:59.999,0.7310585786300049,0.5
2024-12-20 23:29:59.999,0.7310585786300049,0.5
2024-12-23 01:29:59.999,0.7310585786300049,0.5
2024-12-25 03:29:59.999,0.7310585786300049,0.5
2024-12-27 05:29:59.999,0.7310585786300049,0.5
2024-12-29 07:29:59.999,0.7310585786300049,0.5
2024-12-31 09:29:59.999,0.7310585786300049,0.5
2025-01-02 11:29:59.999,0.7310585786300049,0.5
2025-01-04 13:29:59.999,0.7310585786300049,0.5
2025-01-06 15:29:59.999,0.7310585786300049,0.5
2025-01-08 17:29:59.999,0.7310585786300049,0.5
2025-01-10 19:29:59.999,0.7310585786300049,0.5
2025-01-12 21:29:59.999,0.7310585786300049,0.5
2025-01-14 23:29:59.999,0.7310585786300049,0.5
2025-01-17 01:29:59.999,0.7310585786300049,0.5
2025-01-19 03:29:59.999,0.7310585786300049,0.5
2025-01-21 05:29:59.999,0.7310585786300049,0.5
2025-01-23 07:29:59.999,0.7310585786300049,0.5
2025-01-25 09:29:59.999,0.7310585786300049,0.5
2025-01-27 11:29:59.999,0.7310585786300049,0.5
2025-01-29 13:29:59.999,0.7310585786300049,0.5
2025-01-31 15:29:59.999,0.7310585786300049,0.5
2025-02-02 17:29:59.999,0.7310585786300049,0.5
2025-02-04 19:29:59.999,0.7310585786300049,0.5
2025-02-06 21:29:59.999,0.7310585786300049,0.5
2025-02-08 23:29:59.999,0.7310585786300049,0.5
2025-02-11 01:29:59.999,0.7310585786300049,0.5
2025-02-13 03:29:59.999,0.7310585786300049,0.5
2025-02-15 05:29:59.999,0.7310585786300049,0.5
2025-02-17 07:29:59.999,0.7310585786300049,0.5
2025-02-19 09:29:59.999,0.7310585786300049,0.5
2025-02-21 11:29:59.999,0.7310585786300049,0.5
2025-02-23 13:29:59.999,0.7310585786300049,0.5
2025-02-25 15:29:59.999,0.7310585786300049,0.5
2025-02-27 17:29:59.999,0.7310585786300049,0.5
2025-03-01 19:29:59.999,0.7310585786300049,0.5
2025-03-03 21:29:59.999,0.7310585786300049,0.5
2025-03-05 23:29:59.999,0.7310585786300049,0.5
2025-03-08 01:29:59.999,0.7310585786300049,0.5
2025-03-10 03:29:59.999,0.7310585786300049,0.5
2025-03-12 05:29:59.999,0.7310585786300049,0.5
2025-03-14 07:29:59.999,0.7310585786300049,0.5
2025-03-16 09:29:59.999,0.7310585786300049,0.5
2025-03-18 11:29:59.999,0.7310585786300049,0.5
2025-03-20 13:29:59.999,0.7310585786300049,0.5
2025-03-22 15:29:59.999,0.7310585786300049,0.5
2025-03-24 17:29:59.999,0.7310585786300049,0.5
2025-03-26 19:29:59.999,0.7310585786300049,0.5
2025-03-28 21:29:59.999,0.7310585786300049,0.5
2025-03-30 23:29:59.999,0.7310585786300049,0.5
2025-04-02 01:29:59.999,0.7310585786300049,0.5
2025-04-04 03:29:59.999,0.7310585786300049,0.5
2025-04-06 05:29:59.999,0.7310585786300049,0.5
2025-04-08 07:29:59.999,0.7310585786300049,0.5
2025-04-10 09:29:59.999,0.7310585786300049,0.5
2025-04-12 11:29:59.999,0.7310585786300049,0.5
2025-04-14 13:29:59.999,0.7310585786300049,0.5
2025-04-16 15:29:59.999,0.7310585786300049,0.5
2025-04-18 17:29:59.999,0.7310585786300049,0.5
2025-04-20 19:29:59.999,0.7310585786300049,0.5
2025-04-22 21:29:59.999,0.7310585786300049,0.5
2025-04-24 23:29:59.999,0.7310585786300049,0.5
2025-04-27 01:29:59.999,0.7310585786300049,0.5
2025-04-29 03:29:59.999,0.7310585786300049,0.5
2025-05-01 05:29:59.999,0.7310585786300049,0.5
2025-05-03 07:29:59.999,0.7310585786300049,0.5
2025-05-05 09:29:59.999,0.7310585786300049,0.5
2025-05-07 11:29:59.999,0.7310585786300049,0.5
2025-05-09 13:29:59.999,0.7310585786300049,0.5
2025-05-11 15:29:59.999,0.7310585786300049,0.5
2025-05-13 17:29:59.999,0.7310585786300049,0.5
2025-05-15 19:29:59.999,0.7310585786300049,0.5
2025-05-17 21:29:59.999,0.7310585786300049,0.5
2025-05-19 23:29:59.999,0.7310585786300049,0.5
2025-05-22 01:29:59.999,0.7310585786300049,0.5
2025-05-24 03:29:59.999,0.7310585786300049,0.5
2025-05-26 05:29:59.999,0.7310585786300049,0.5
2025-05-28 07:29:59.999,0.7310585786300049,0.5
2025-05-30 09:29:59.999,0.7310585786300049,0.5
2025-06-01 11:29:59.999,0.7310585786300049,0.5
2025-06-03 13:29:59.999,0.7310585786300049,0.5
2025-06-05 15:29:59.999,0.7310585786300049,0.5
2025-06-07 17:29:59.999,0.7310585786300049,0.5
2025-06-09 19:29:59.999,0.7310585786300049,0.5
2025-06-11 21:29:59.999,0.7310585786300049,0.5
2025-06-13 23:29:59.999,0.7310585786300049,0.5
2025-06-16 01:29:59.999,0.7310585786300049,0.5
2025-06-18 03:29:59.999,0.7310585786300049,0.5
2025-06-20 05:29:59.999,0.7310585786300049,0.5
2025-06-22 07:29:59.999,0.7310585786300049,0.5
2025-06-24 09:29:59.999,0.7310585786300049,0.5
2025-06-26 11:29:59.999,0.7310585786300049,0.5
2025-06-28 13:29:59.999,0.7310585786300049,0.5
2025-06-30 15:29:59.999,0.7310585786300049,0.5
2025-07-02 17:29:59.999,0.7310585786300049,0.5
2025-07-04 19:29:59.999,0.7310585786300049,0.5
2025-07-06 21:29:59.999,0.7310585786300049,0.5
2025-07-08 23:29:59.999,0.7310585786300049,0.5
2025-07-11 01:29:59.999,0.7310585786300049,0.5
2025-07-13 03:29:59.999,0.7310585786300049,0.5
2025-07-15 05:29:59.999,0.7310585786300049,0.5
2025-07-17 07:29:59.999,0.7310585786300049,0.5
2025-07-19 09:29:59.999,0.7310585786300049,0.5
2025-07-21 11:29:59.999,0.7310585786300049,0.5
2025-07-23 13:29:59.999,0.7310585786300049,0.5
2025-07-25 15:29:59.999,0.7310585786300049,0.5
2025-07-27 17:29:59.999,0.7310585786300049,0.5
2025-07-29 19:29:59.999,0.7310585786300049,0.5
2025-07-31 21:29:59.999,0.7310585786300049,0.5
2025-08-02 23:29:59.999,0.7310585786300049,0.5
2025-08-05 01:29:59.999,0.7310585786300049,0.5
2025-08-07 03:29:59.999,0.7310585786300049,0.5
2025-08-09 05:29:59.999,0.7310585786300049,0.5
2025-08-11 07:29:59.999,0.7310585786300049,0.5
2025-08-13 09:29:59.999,0.7310585786300049,0.5
2025-08-15 11:29:59.999,0.7310585786300049,0.5
2025-08-17 13:29:59.999,0.7310585786300049,0.5
2025-08-19 15:29:59.999,0.7310585786300049,0.5
2025-08-21 17:29:59.999,0.7310585786300049,0.5
2025-08-23 19:29:59.999,0.7310585786300049,0.5
2025-08-25 21:29:59.999,0.7310585786300049,0.5
2025-08-27 23:29:59.999,0.7310585786300049,0.5
2025-08-30 01:29:59.999,0.7310585786300049,0.5
2025-09-01 03:29:59.999,0.7310585786300049,0.5
2025-09-03 05:29:59.999,0.7310585786300049,0.5
2025-09-05 07:29:59.999,0.7310585786300049,0.5
2025-09-07 09:29:59.999,0.7310585786300049,0.5
2025-09-09 11:29:59.999,0.7310585786300049,0.5
2025-09-11 13:29:59.999,0.7310585786300049,0.5
2025-09-13 15:29:59.999,0.7310585786300049,0.5
2025-09-15 17:29:59.999,0.7310585786300049,0.5
2025-09-17 19:29:59.999,0.7310585786300049,0.5
2025-09-19 21:29:59.999,0.7310585786300049,0.5
2025-09-21 23:29:59.999,0.7310585786300049,0.5
2025-09-24 01:29:59.999,0.7310585786300049,0.5
2025-09-26 03:29:59.999,0.7310585786300049,0.5
2025-09-28 05:29:59.999,0.7310585786300049,0.5
2025-09-30 07:29:59.999,0.7310585786300049,0.5
2025-10-02 09:29:59.999,0.7310585786300049,0.5
2025-10-04 11:29:59.999,0.7310585786300049,0.5
2025-10-06 13:29:59.999,0.7310585786300049,0.5
