time,p_long,p_short
2017-08-17 07:59:59.999,0.7310585786300049,0.5000001643406904
2017-08-17 15:59:59.999,0.7310585786300049,0.5000001643406904
2017-08-17 23:59:59.999,0.7310585786300049,0.5000001643406904
2017-08-18 07:59:59.999,0.7310585786300049,0.5000001643406904
2017-08-18 19:59:59.999,0.7310585786300049,0.5000001643406904
2017-08-19 03:59:59.999,0.7310585786300049,0.5000001643406904
2017-08-19 11:59:59.999,0.7310585786300049,0.5000001643406904
2017-08-19 19:59:59.999,0.7310585786300049,0.5000000000587168
2017-08-20 03:59:59.999,0.7310585786300049,0.5000000000080009
2017-08-20 11:59:59.999,0.7310585786300049,0.500000000002192
2017-08-20 23:59:59.999,0.7310585786300049,0.5000000000026976
2017-08-21 11:59:59.999,0.7310585786300049,0.5000000000296326
2017-08-21 19:59:59.999,0.7310585786300049,0.5000000000214788
2017-08-22 03:59:59.999,0.7310585786300049,0.5000000036469325
2017-08-22 11:59:59.999,0.7310585786300049,0.500000000097669
2017-08-22 19:59:59.999,0.7310585786300049,0.5000000000002072
2017-08-23 03:59:59.999,0.7310585786300049,0.500000000000007
2017-08-23 11:59:59.999,0.7310585786300049,0.5000000000000004
2017-08-23 19:59:59.999,0.7310585786300049,0.5000000000001491
2017-08-24 03:59:59.999,0.7310585786300049,0.5000000000002355
2017-08-24 15:59:59.999,0.7310585786300049,0.5000000000000137
2017-08-25 03:59:59.999,0.7310096490568315,0.500000000000003
2017-08-25 11:59:59.999,0.6601520423185574,0.5000000000000013
2017-08-25 19:59:59.999,0.5001146650954886,0.5000000000001198
2017-08-26 03:59:59.999,0.5023584509908494,0.5000000000001806
2017-08-26 19:59:59.999,0.7008303535012035,0.5000000000002367
2017-08-27 03:59:59.999,0.7208642909943108,0.5000000000001348
2017-08-27 11:59:59.999,0.7301431524373706,0.5000000000000759
2017-08-28 03:59:59.999,0.730692718869994,0.5000000000198968
2017-08-28 11:59:59.999,0.7310584380021684,0.500000000000313
2017-08-28 23:59:59.999,0.7310585551920353,0.5000000000000115
2017-08-29 07:59:59.999,0.7310574067299469,0.5000000000004253
2017-08-29 19:59:59.999,0.7140917099930069,0.5000000000000008
2017-08-30 07:59:59.999,0.5000028541867323,0.5000000000000095
2017-08-30 15:59:59.999,0.5000038505709199,0.5000000000000306
2017-08-30 23:59:59.999,0.5000118794114292,0.5000000000000258
2017-08-31 23:59:59.999,0.5000000517859888,0.5000000000000003
2017-09-02 03:59:59.999,0.5000000000032321,0.5000000000000036
2017-09-02 11:59:59.999,0.5000000002555157,0.5000000000285351
2017-09-02 19:59:59.999,0.6406340572200189,0.5000000002774249
2017-09-03 03:59:59.999,0.7310585786300049,0.5000000000046895
2017-09-03 11:59:59.999,0.7310585786300049,0.5000000000383766
2017-09-03 19:59:59.999,0.7310585786300049,0.5000000000015169
2017-09-04 03:59:59.999,0.7310585786300049,0.5000000000759982
2017-09-04 11:59:59.999,0.7310585786300049,0.5000000003110652
2017-09-04 19:59:59.999,0.7310585786300049,0.5000000000015902
2017-09-05 03:59:59.999,0.7310585786300049,0.5000000000148556
2017-09-05 11:59:59.999,0.7310585786300049,0.5000000000000419
2017-09-05 19:59:59.999,0.7310585786300049,0.5000000000000023
2017-09-06 03:59:59.999,0.7310585786300049,0.5000000000000147
2017-09-06 11:59:59.999,0.7310585786300049,0.5000000000000102
2017-09-06 16:00:00.000,0.7310585786300049,0.5000000000000192
2017-09-07 07:59:59.999,0.7310417263966433,0.5000000000006901
2017-09-07 15:59:59.999,0.5511694547761713,0.50000000000002
2017-09-07 23:59:59.999,0.5000002812645334,0.500000000000295
2017-09-08 07:59:59.999,0.5000025048345833,0.5000000000016684
2017-09-08 15:59:59.999,0.5150326638373554,0.5000000003264963
2017-09-08 23:59:59.999,0.7310585786300049,0.5000000000429818
2017-09-09 07:59:59.999,0.7310585786300049,0.5000000000036797
2017-09-09 19:59:59.999,0.7310585786300049,0.500000000005977
2017-09-10 07:59:59.999,0.7310585786300049,0.5000000001543389
2017-09-10 15:59:59.999,0.7310585786300049,0.5000000000032431
2017-09-10 23:59:59.999,0.7310585786300049,0.5000000000007275
2017-09-11 07:59:59.999,0.7310585786300049,0.5000000000003232
2017-09-11 15:59:59.999,0.7310585786300049,0.5000000000001048
2017-09-11 23:59:59.999,0.7310585786300049,0.5000000000003003
2017-09-12 11:59:59.999,0.7310585786300049,0.5000000000000744
2017-09-12 19:59:59.999,0.7310585786300049,0.5000000000041246
2017-09-13 03:59:59.999,0.7310585786300049,0.5000000001160857
2017-09-13 11:59:59.999,0.7310585786300049,0.5000000001234687
2017-09-13 19:59:59.999,0.7310585786300049,0.5000000000044355
2017-09-14 07:59:59.999,0.7310585786300049,0.5000000000008661
2017-09-14 15:59:59.999,0.7310585786300049,0.500000000009391
2017-09-14 23:59:59.999,0.7310585786300049,0.5000000000215898
2017-09-15 07:59:59.999,0.7310585786300049,0.500000000000548
2017-09-15 15:59:59.999,0.7310585786300049,0.5
2017-09-15 23:59:59.999,0.7310585786300049,0.5000000000000004
2017-09-16 07:59:59.999,0.7310585786300049,0.5000000000000013
2017-09-16 15:59:59.999,0.7310585786300049,0.5000000000000662
2017-09-16 23:59:59.999,0.7310585786300049,0.5000000000000266
2017-09-17 07:59:59.999,0.7310585786300049,0.5000000000002183
2017-09-17 15:59:59.999,0.7310585786300049,0.5000000000000627
2017-09-17 23:59:59.999,0.7310585786300049,0.5000000000000757
2017-09-18 07:59:59.999,0.7310585786300049,0.5000000000000128
2017-09-18 15:59:59.999,0.7310572895397637,0.5000000000000276
2017-09-18 23:59:59.999,0.5063080076292861,0.5000000000001207
2017-09-19 07:59:59.999,0.5000223169808884,0.5000000000014003
2017-09-19 15:59:59.999,0.5000064727005334,0.500000000000969
2017-09-19 23:59:59.999,0.500618706723607,0.5000000000024828
2017-09-20 07:59:59.999,0.5924892609800816,0.500000000001541
2017-09-20 15:59:59.999,0.6321092066658119,0.5000000000001832
2017-09-21 03:59:59.999,0.7297215650214401,0.5000000000166239
2017-09-21 19:59:59.999,0.7310585786300049,0.500000000369702
2017-09-22 03:59:59.999,0.7310585786300049,0.500000000005643
2017-09-22 11:59:59.999,0.7310585786300049,0.5000000000717988
2017-09-22 19:59:59.999,0.7310585786300049,0.5000000000038417
2017-09-23 03:59:59.999,0.7310585786300049,0.5000000000021623
2017-09-23 11:59:59.999,0.7310585786300049,0.5000000000000119
2017-09-23 19:59:59.999,0.7310585786300049,0.5000000000000536
2017-09-24 03:59:59.999,0.7310585786300049,0.5000000000000973
2017-09-24 11:59:59.999,0.7310585786300049,0.500000000002266
2017-09-24 19:59:59.999,0.7310585786300049,0.5000000000018794
2017-09-25 07:59:59.999,0.7310585786300049,0.5000000000000634
2017-09-25 19:59:59.999,0.7310585786300049,0.5000000000000021
2017-09-26 11:59:59.999,0.7301666988090559,0.5000000000000067
2017-09-27 03:59:59.999,0.7246922540972555,0.5000000000000243
2017-09-27 15:59:59.999,0.5025382270925635,0.5000000000000007
2017-09-28 03:59:59.999,0.500000000375489,0.5000000000000002
2017-09-28 15:59:59.999,0.5000000000001308,0.5000000000000168
2017-09-28 23:59:59.999,0.5000000000066168,0.5000000000000165
2017-09-29 07:59:59.999,0.5000000111398863,0.5000000000016119
2017-09-29 15:59:59.999,0.50000004905759,0.500000000000742
2017-09-29 23:59:59.999,0.5000012940508896,0.5000000000002514
2017-09-30 11:59:59.999,0.500000071118123,0.5000000000000057
2017-09-30 23:59:59.999,0.50000000006613,0.5000000000000028
2017-10-01 07:59:59.999,0.5000000000823551,0.5000000000000483
2017-10-01 19:59:59.999,0.5000000385921375,0.5000000000000784
2017-10-02 03:59:59.999,0.5000001909902636,0.5000000000000039
2017-10-02 15:59:59.999,0.5000001838137251,0.5000000000000093
2017-10-03 07:59:59.999,0.5000105881144902,0.5000000000512699
2017-10-03 15:59:59.999,0.6949469158405289,0.5000000000341712
2017-10-04 03:59:59.999,0.7310584614401443,0.5000000000023656
2017-10-04 15:59:59.999,0.7310585786300049,0.5000000000410914
2017-10-05 07:59:59.999,0.7310585786300049,0.5000000000513666
2017-10-05 19:59:59.999,0.7310585786300049,0.5000000000000242
2017-10-06 19:59:59.999,0.7310585317540645,0.5000000000000335
2017-10-07 15:59:59.999,0.7310585083160924,0.5000000000003803
2017-10-08 03:59:59.999,0.7310585317540645,0.5000000000000018
2017-10-08 15:59:59.999,0.7309284662962916,0.5
2017-10-09 03:59:59.999,0.5001604532389538,0.5000000000000001
2017-10-09 11:59:59.999,0.5000005404515946,0.5000000000000046
2017-10-09 23:59:59.999,0.5000000000332935,0.5000000000000001
2017-10-10 11:59:59.999,0.5000000000001394,0.5000000000000002
2017-10-10 23:59:59.999,0.5,0.5000000000001208
2017-10-11 03:59:59.999,0.5000000000000006,0.5000000000004446
2017-10-11 07:59:59.999,0.5000000000000215,0.5000000000000341
2017-10-11 11:59:59.999,0.5000000000000915,0.5000000000000547
2017-10-12 03:59:59.999,0.500000000089296,0.5000000000000568
2017-10-12 11:59:59.999,0.5000000000000084,0.5000000000000001
2017-10-12 19:59:59.999,0.5,0.5000000000000001
2017-10-12 23:59:59.999,0.5,0.5000000000000001
2017-10-13 03:59:59.999,0.5,0.5000000000000001
2017-10-13 07:59:59.999,0.5,0.5000000000000154
2017-10-13 11:59:59.999,0.5,0.500000000000024
2017-10-13 15:59:59.999,0.5,0.5000000000000184
2017-10-13 19:59:59.999,0.5,0.5000000000144722
2017-10-13 23:59:59.999,0.5,0.5000000000042654
2017-10-14 03:59:59.999,0.5,0.50000000000231
2017-10-14 07:59:59.999,0.5,0.5000000000077656
2017-10-14 11:59:59.999,0.5,0.5000000000026927
2017-10-14 15:59:59.999,0.5,0.5000000000015341
2017-10-14 19:59:59.999,0.5,0.5000000000012982
2017-10-14 23:59:59.999,0.5,0.5000000000002798
2017-10-15 03:59:59.999,0.5,0.5000000000064211
2017-10-15 07:59:59.999,0.5,0.5000000000033835
2017-10-15 11:59:59.999,0.5,0.5000000162551288
2017-10-15 15:59:59.999,0.5,0.5000000003572411
2017-10-15 19:59:59.999,0.5,0.5000000001741874
2017-10-15 23:59:59.999,0.5,0.5000000000066753
2017-10-16 03:59:59.999,0.5,0.5000000000423745
2017-10-16 07:59:59.999,0.5,0.5000000000161643
2017-10-16 11:59:59.999,0.5,0.5000000000026542
2017-10-16 15:59:59.999,0.5,0.500000000006358
2017-10-16 19:59:59.999,0.5,0.5000000000034217
2017-10-16 23:59:59.999,0.5,0.5000000000011631
2017-10-17 03:59:59.999,0.5000000000000009,0.5000000000226127
2017-10-17 07:59:59.999,0.5000000000002874,0.5000000000079925
2017-10-17 11:59:59.999,0.5000000001466733,0.5000000000236273
2017-10-18 07:59:59.999,0.7310582270603264,0.5000000009124612
2017-10-18 15:59:59.999,0.7310585786300049,0.5000000000362252
2017-10-19 03:59:59.999,0.7310585786300049,0.5000000000000526
2017-10-19 11:59:59.999,0.7310585786300049,0.5000000000000143
2017-10-19 23:59:59.999,0.7310585317540645,0.5000000000000608
2017-10-20 19:59:59.999,0.5000026325938052,0.5000000000000008
2017-10-21 03:59:59.999,0.5000000000000004,0.5000000000000052
2017-10-21 07:59:59.999,0.5,0.5000000000000182
2017-10-21 11:59:59.999,0.5,0.5000000000000201
2017-10-21 15:59:59.999,0.5,0.5000000000000181
2017-10-21 19:59:59.999,0.5,0.5000000000015064
2017-10-21 23:59:59.999,0.5,0.5000000000011615
2017-10-22 03:59:59.999,0.5,0.5000000000088389
2017-10-22 07:59:59.999,0.5,0.5000000000186589
2017-10-22 11:59:59.999,0.5000000000000018,0.5000000001070094
2017-10-22 15:59:59.999,0.5000000000012623,0.5000000000018444
2017-10-22 19:59:59.999,0.5000000001106243,0.500000000019078
2017-10-23 11:59:59.999,0.5012662992514402,0.5000000000053354
2017-10-23 19:59:59.999,0.7308287659160325,0.5000000000020387
2017-10-24 03:59:59.999,0.7310585317540645,0.5000000002045415
2017-10-24 11:59:59.999,0.7310585786300049,0.5000000000144541
2017-10-24 19:59:59.999,0.7310585786300049,0.5000000000114532
2017-10-25 03:59:59.999,0.7310585786300049,0.500000000016644
2017-10-25 11:59:59.999,0.7310585786300049,0.5000000000147492
2017-10-25 19:59:59.999,0.7310585786300049,0.5000000000003116
2017-10-26 03:59:59.999,0.7310585786300049,0.5000000000000254
2017-10-26 19:59:59.999,0.7310585786300049,0.5000000000000595
2017-10-27 11:59:59.999,0.7310532581778032,0.5000000000003564
2017-10-27 19:59:59.999,0.7310583442502515,0.5000000000047767
2017-10-28 07:59:59.999,0.7310585786300049,0.5000000000008148
2017-10-28 15:59:59.999,0.7310585786300049,0.5000000000111898
2017-10-29 07:59:59.999,0.7310585786300049,0.500000000000111
2017-10-29 19:59:59.999,0.7310582504983141,0.5000000000000006
2017-10-30 03:59:59.999,0.5000093219332473,0.5000000000000013
2017-10-30 15:59:59.999,0.5000000000004896,0.5000000000004028
2017-10-30 23:59:59.999,0.5000000000005358,0.5000000000001358
2017-10-31 19:59:59.999,0.5,0.5000000000000174
2017-10-31 23:59:59.999,0.5,0.5000000000000034
2017-11-01 03:59:59.999,0.5,0.5000000000000063
2017-11-01 07:59:59.999,0.5,0.5000000000000496
2017-11-01 11:59:59.999,0.5,0.500000000000004
2017-11-01 15:59:59.999,0.5,0.500000000000013
2017-11-01 19:59:59.999,0.5,0.5000000000000122
2017-11-01 23:59:59.999,0.5,0.5000000000000038
2017-11-02 03:59:59.999,0.5,0.5000000000000031
2017-11-02 07:59:59.999,0.5,0.5000000000000023
2017-11-02 11:59:59.999,0.5,0.5000000000000245
2017-11-02 15:59:59.999,0.5,0.5000000000000107
2017-11-02 19:59:59.999,0.5,0.5000000000000658
2017-11-02 23:59:59.999,0.5,0.5000000000000495
2017-11-03 03:59:59.999,0.5,0.5000000000000171
2017-11-03 07:59:59.999,0.5,0.500000000000015
2017-11-03 11:59:59.999,0.5,0.5000000000000455
2017-11-03 15:59:59.999,0.5,0.5000000000000334
2017-11-03 19:59:59.999,0.5,0.50000000000028
2017-11-03 23:59:59.999,0.5,0.5000000000167351
2017-11-04 03:59:59.999,0.5,0.5000000000070968
2017-11-04 07:59:59.999,0.5,0.5000000000018301
2017-11-04 11:59:59.999,0.5,0.5000000000261506
2017-11-04 15:59:59.999,0.5,0.5000000000006698
2017-11-04 19:59:59.999,0.5,0.5000000000003211
2017-11-04 23:59:59.999,0.5,0.5000000000003401
2017-11-05 03:59:59.999,0.5,0.5000000000001619
2017-11-05 07:59:59.999,0.5,0.5000000000002244
2017-11-05 11:59:59.999,0.5,0.5000000000000514
2017-11-05 15:59:59.999,0.5,0.5000000000000918
2017-11-05 19:59:59.999,0.5,0.5000000000000533
2017-11-05 23:59:59.999,0.5,0.5000000000422261
2017-11-06 03:59:59.999,0.5,0.5000000006075717
2017-11-06 07:59:59.999,0.5,0.5000000000659941
2017-11-06 11:59:59.999,0.5,0.5000000000176668
2017-11-06 15:59:59.999,0.5,0.5000000000658993
2017-11-06 19:59:59.999,0.5,0.5000000023261879
2017-11-06 23:59:59.999,0.5000000000946389,0.5000000021676707
2017-11-07 03:59:59.999,0.5000163763379474,0.5000000000199477
2017-11-07 11:59:59.999,0.6225150786869864,0.5000000000039713
2017-11-07 19:59:59.999,0.7310582036223375,0.5000000000122606
2017-11-08 07:59:59.999,0.7310504221386527,0.5000000000000897
2017-11-08 23:59:59.999,0.6928158989913993,0.5000000000008796
2017-11-09 07:59:59.999,0.6042508113047952,0.5000000000005455
2017-11-09 15:59:59.999,0.7310578520523492,0.5000000000068909
2017-11-10 11:59:59.999,0.7310585786300049,0.5000000000797293
2017-11-10 19:59:59.999,0.7310585786300049,0.500000000141277
2017-11-11 03:59:59.999,0.7310585786300049,0.5000000000002591
2017-11-11 11:59:59.999,0.7310585786300049,0.500000000001905
2017-11-11 19:59:59.999,0.7310585786300049,0.500000000001087
2017-11-12 03:59:59.999,0.7310585786300049,0.5000000000016369
2017-11-12 11:59:59.999,0.7310585786300049,0.5000000000000026
2017-11-12 19:59:59.999,0.7310585786300049,0.500000000000027
2017-11-13 03:59:59.999,0.7310585786300049,0.5000000000000027
2017-11-13 11:59:59.999,0.7310585786300049,0.5
2017-11-13 19:59:59.999,0.7310585786300049,0.5000000000000017
2017-11-14 03:59:59.999,0.7310585786300049,0.5000000000000013
2017-11-14 15:59:59.999,0.7310585786300049,0.5000000000000703
2017-11-15 07:59:59.999,0.7310585786300049,0.5000000000000158
2017-11-15 15:59:59.999,0.5000000000063823,0.5000000000000082
2017-11-15 23:59:59.999,0.5,0.5000000000002078
2017-11-16 03:59:59.999,0.5,0.5000000000005056
2017-11-16 07:59:59.999,0.5,0.5000000000003602
2017-11-16 11:59:59.999,0.5,0.5000000000006977
2017-11-16 15:59:59.999,0.5,0.5000000000008131
2017-11-16 19:59:59.999,0.5,0.5000000000002144
2017-11-16 23:59:59.999,0.5,0.5000000000003834
2017-11-17 03:59:59.999,0.5,0.5000000000010062
2017-11-17 07:59:59.999,0.5,0.5000000029293976
2017-11-17 11:59:59.999,0.5,0.5000000002535384
2017-11-17 15:59:59.999,0.5,0.5000000001168786
2017-11-17 19:59:59.999,0.5,0.5000000010893747
2017-11-17 23:59:59.999,0.5,0.5000000032609557
2017-11-18 03:59:59.999,0.5,0.50000000706101
2017-11-18 07:59:59.999,0.5,0.5000000012841016
2017-11-18 11:59:59.999,0.5,0.5000000003645776
2017-11-18 15:59:59.999,0.5,0.5000000006665822
2017-11-18 19:59:59.999,0.5,0.5000000002093058
2017-11-18 23:59:59.999,0.5,0.5000000000880968
2017-11-19 03:59:59.999,0.5,0.500000000047868
2017-11-19 07:59:59.999,0.5,0.5000000001656134
2017-11-19 11:59:59.999,0.5,0.5000000000396237
2017-11-19 15:59:59.999,0.5,0.5000000000271311
2017-11-19 19:59:59.999,0.5,0.5000000000010136
2017-11-19 23:59:59.999,0.5,0.5000000000012698
2017-11-20 03:59:59.999,0.5,0.5000000000064414
2017-11-20 07:59:59.999,0.5,0.5000000000035907
2017-11-20 11:59:59.999,0.5,0.5000000000020502
2017-11-20 15:59:59.999,0.5,0.5000000000004234
2017-11-20 19:59:59.999,0.5,0.5000000000004816
2017-11-20 23:59:59.999,0.5,0.5000000000011642
2017-11-21 03:59:59.999,0.5,0.500000001105918
2017-11-21 07:59:59.999,0.5,0.5000000000171475
2017-11-21 11:59:59.999,0.5,0.5000000000073421
2017-11-21 15:59:59.999,0.5,0.5000000000024628
2017-11-21 19:59:59.999,0.5,0.500000000240433
2017-11-21 23:59:59.999,0.5,0.5000000001119846
2017-11-22 03:59:59.999,0.5,0.5000000000291291
2017-11-22 07:59:59.999,0.5,0.5000000000073883
2017-11-22 11:59:59.999,0.5,0.5000000000098959
2017-11-22 15:59:59.999,0.5,0.500000000027142
2017-11-22 19:59:59.999,0.5,0.5000000000192786
2017-11-22 23:59:59.999,0.5,0.5000000000114024
2017-11-23 03:59:59.999,0.5,0.5000000000130372
2017-11-23 07:59:59.999,0.5,0.5000000000212229
2017-11-23 11:59:59.999,0.5000000000000007,0.5000000000304593
2017-11-23 15:59:59.999,0.5000000000002529,0.5000000000044502
2017-11-23 19:59:59.999,0.5000000000209731,0.50000000000526
2017-11-24 03:59:59.999,0.5000197282170018,0.5000000000045324
2017-11-24 15:59:59.999,0.5017569318745504,0.500000000006265
2017-11-25 07:59:59.999,0.5471012304264496,0.5000000000002189
2017-11-25 15:59:59.999,0.5000000031300729,0.5000000000000139
2017-11-26 07:59:59.999,0.5,0.5000000000000115
2017-11-26 11:59:59.999,0.5,0.5000000000000177
2017-11-26 15:59:59.999,0.5,0.50000000000001
2017-11-26 19:59:59.999,0.5,0.50000000000002
2017-11-26 23:59:59.999,0.5,0.5000000000000309
2017-11-27 03:59:59.999,0.5,0.5000000000000119
2017-11-27 07:59:59.999,0.5,0.5000000000000258
2017-11-27 11:59:59.999,0.5,0.5000000000041592
2017-11-27 15:59:59.999,0.5,0.5000000000045152
2017-11-27 19:59:59.999,0.5,0.5000000000343762
2017-11-27 23:59:59.999,0.5,0.5000000000137399
2017-11-28 03:59:59.999,0.5,0.5000000000117434
2017-11-28 07:59:59.999,0.5,0.500000000008229
2017-11-28 11:59:59.999,0.5,0.5000000000067999
2017-11-28 15:59:59.999,0.5,0.5000000000943627
2017-11-28 19:59:59.999,0.5,0.5000000000453747
2017-11-28 23:59:59.999,0.5,0.5000000000388924
2017-11-29 03:59:59.999,0.5,0.5000000000065552
2017-11-29 07:59:59.999,0.5,0.5000000000075542
2017-11-29 11:59:59.999,0.5,0.500000000011758
2017-11-29 15:59:59.999,0.5,0.5000000000485578
2017-11-29 19:59:59.999,0.5,0.5013393399402131
2017-11-29 23:59:59.999,0.5,0.5000037223603612
2017-11-30 03:59:59.999,0.5,0.5000000479779168
2017-11-30 07:59:59.999,0.5,0.5000002998362447
2017-11-30 11:59:59.999,0.5,0.5000006259160159
2017-11-30 15:59:59.999,0.5,0.5000002601993856
2017-11-30 19:59:59.999,0.5,0.5000000008141737
2017-11-30 23:59:59.999,0.5,0.5000000003449415
2017-12-01 03:59:59.999,0.5,0.500000000331658
2017-12-01 07:59:59.999,0.5000000000000001,0.5000000002256102
2017-12-01 11:59:59.999,0.5,0.5000000000248204
2017-12-01 15:59:59.999,0.5,0.5000000000136932
2017-12-01 19:59:59.999,0.5,0.5000000000609984
2017-12-01 23:59:59.999,0.5,0.5000000001655998
2017-12-02 03:59:59.999,0.5,0.5000000007518238
2017-12-02 07:59:59.999,0.5,0.5000000031864855
2017-12-02 11:59:59.999,0.5,0.5000000092256789
2017-12-02 15:59:59.999,0.5,0.5000000719370234
2017-12-02 19:59:59.999,0.5,0.5000000334394095
2017-12-02 23:59:59.999,0.5,0.5000000348421878
2017-12-03 03:59:59.999,0.5,0.5000000236966304
2017-12-03 07:59:59.999,0.5,0.5000000143644838
2017-12-03 11:59:59.999,0.5,0.5000000072702839
2017-12-03 15:59:59.999,0.5,0.5000000249076209
2017-12-03 19:59:59.999,0.5,0.5000000720114315
2017-12-03 23:59:59.999,0.5,0.5000117333956928
2017-12-04 03:59:59.999,0.5,0.5000016033826569
2017-12-04 07:59:59.999,0.5,0.5000004915638669
2017-12-04 11:59:59.999,0.5,0.5000051268002605
2017-12-04 15:59:59.999,0.5,0.5000005271839427
2017-12-04 19:59:59.999,0.5,0.5000004731139427
2017-12-04 23:59:59.999,0.5,0.5000000299666638
2017-12-05 03:59:59.999,0.5,0.5000000270840381
2017-12-05 07:59:59.999,0.5,0.5000000151650053
2017-12-05 11:59:59.999,0.5,0.5000000438349623
2017-12-05 15:59:59.999,0.5,0.5000000197613232
2017-12-05 19:59:59.999,0.5,0.500000042319698
2017-12-05 23:59:59.999,0.5,0.5000000238147546
2017-12-06 03:59:59.999,0.5,0.5000000024116478
2017-12-06 07:59:59.999,0.5,0.5000000036853423
2017-12-06 11:59:59.999,0.5,0.5000000080192475
2017-12-06 15:59:59.999,0.5,0.5000002636826366
2017-12-06 19:59:59.999,0.5,0.5000000710870012
2017-12-06 23:59:59.999,0.5,0.5000003725781994
2017-12-07 03:59:59.999,0.5,0.5000046671407289
2017-12-07 07:59:59.999,0.5,0.5000458408538714
2017-12-07 11:59:59.999,0.5,0.5215883882071629
2017-12-07 15:59:59.999,0.5,0.5920455310869814
2017-12-07 19:59:59.999,0.5,0.7298307968864
2017-12-07 23:59:59.999,0.5,0.7310470001158343
2017-12-08 03:59:59.999,0.5,0.7310585551920353
2017-12-08 07:59:59.999,0.5,0.7310585786300049
2017-12-08 11:59:59.999,0.5,0.7310585786300049
2017-12-08 15:59:59.999,0.5,0.7310585786300049
2017-12-08 19:59:59.999,0.5,0.7310585786300049
2017-12-08 23:59:59.999,0.5,0.7310585551920353
2017-12-09 03:59:59.999,0.5,0.7310585551920353
2017-12-09 07:59:59.999,0.5,0.7310584380021684
2017-12-09 11:59:59.999,0.5,0.7310578051763288
2017-12-09 15:59:59.999,0.5,0.7310121103194408
2017-12-09 19:59:59.999,0.5,0.7274174422170524
2017-12-09 23:59:59.999,0.5,0.5357504252984319
2017-12-10 03:59:59.999,0.5,0.5023792578999379
2017-12-10 07:59:59.999,0.5,0.5000008351858014
2017-12-10 11:59:59.999,0.5,0.5000000140472105
2017-12-10 15:59:59.999,0.5,0.5000000027631701
2017-12-10 19:59:59.999,0.5,0.5000000581954076
2017-12-10 23:59:59.999,0.5,0.5000005645122769
2017-12-11 03:59:59.999,0.5,0.5000022707940843
2017-12-11 07:59:59.999,0.5,0.5001042917050081
2017-12-11 11:59:59.999,0.5,0.5026694154525725
2017-12-11 15:59:59.999,0.5,0.510995662926471
2017-12-11 19:59:59.999,0.5,0.573862585161309
2017-12-11 23:59:59.999,0.5,0.7055839844353022
2017-12-12 03:59:59.999,0.5,0.7160169425403322
2017-12-12 07:59:59.999,0.5,0.7085597467786655
2017-12-12 11:59:59.999,0.5,0.7173333298468727
2017-12-12 15:59:59.999,0.5,0.7098278765752797
2017-12-12 19:59:59.999,0.5,0.6509862642273213
2017-12-12 23:59:59.999,0.5,0.5962544287820692
2017-12-13 03:59:59.999,0.5,0.5399414976964105
2017-12-13 07:59:59.999,0.5,0.5012188323613057
2017-12-13 11:59:59.999,0.5,0.5002291435797466
2017-12-13 15:59:59.999,0.5,0.5000205613323372
2017-12-13 19:59:59.999,0.5,0.5000030298929232
2017-12-13 23:59:59.999,0.5,0.5000002243855164
2017-12-14 03:59:59.999,0.5,0.5000001464785413
2017-12-14 07:59:59.999,0.5,0.5000000164173404
2017-12-14 11:59:59.999,0.5,0.5000000031516993
2017-12-14 15:59:59.999,0.5,0.5000000027489033
2017-12-14 19:59:59.999,0.5,0.5000000014025732
2017-12-14 23:59:59.999,0.5,0.500000002233675
2017-12-15 03:59:59.999,0.5,0.5000000013288417
2017-12-15 07:59:59.999,0.5,0.5000000148014792
2017-12-15 11:59:59.999,0.5,0.5000000588899347
2017-12-15 15:59:59.999,0.5,0.5000051440979403
2017-12-15 19:59:59.999,0.5,0.5000184509481103
2017-12-15 23:59:59.999,0.5,0.5000716281060352
2017-12-16 03:59:59.999,0.5,0.5002448212276137
2017-12-16 07:59:59.999,0.5,0.5000656252446658
2017-12-16 11:59:59.999,0.5,0.5000746396830349
2017-12-16 15:59:59.999,0.5,0.5001058705659128
2017-12-16 19:59:59.999,0.5,0.5020399411177772
2017-12-16 23:59:59.999,0.5,0.5534708812111617
2017-12-17 03:59:59.999,0.5,0.6605477395163685
2017-12-17 07:59:59.999,0.5,0.6931067188811003
2017-12-17 11:59:59.999,0.5,0.7212807215729491
2017-12-17 15:59:59.999,0.5,0.7307170794190277
2017-12-17 19:59:59.999,0.5,0.7308276168339729
2017-12-17 23:59:59.999,0.5,0.7288414913543813
2017-12-18 03:59:59.999,0.5,0.7242721517229378
2017-12-18 07:59:59.999,0.5,0.6457536028167701
2017-12-18 11:59:59.999,0.5,0.5129585753832484
2017-12-18 15:59:59.999,0.5,0.5276601547851689
2017-12-18 19:59:59.999,0.5,0.5040615313467133
2017-12-18 23:59:59.999,0.5,0.5002613606391848
2017-12-19 03:59:59.999,0.5,0.5001150672085409
2017-12-19 07:59:59.999,0.5,0.5000417897571361
2017-12-19 11:59:59.999,0.5,0.5000771430344021
2017-12-19 15:59:59.999,0.5,0.5000003161801772
2017-12-19 19:59:59.999,0.5000000000000526,0.5000000007895821
2017-12-19 23:59:59.999,0.731058484878119,0.5000000001077495
2017-12-20 07:59:59.999,0.7310585786300049,0.5000000000001957
2017-12-20 15:59:59.999,0.7310585786300049,0.5000000000000003
2017-12-20 23:59:59.999,0.7310585786300049,0.5
2017-12-21 07:59:59.999,0.7310585786300049,0.5
2017-12-21 15:59:59.999,0.7310585786300049,0.5
2017-12-21 23:59:59.999,0.7310585786300049,0.5
2017-12-22 07:59:59.999,0.7310585786300049,0.5
2017-12-22 15:59:59.999,0.7310585786300049,0.5
2017-12-22 23:59:59.999,0.7310585786300049,0.5
2017-12-23 07:59:59.999,0.7310585786300049,0.5
2017-12-23 15:59:59.999,0.7310585786300049,0.5
2017-12-23 23:59:59.999,0.7310585786300049,0.5
2017-12-24 07:59:59.999,0.7310585786300049,0.5
2017-12-24 15:59:59.999,0.7310585786300049,0.5
2017-12-24 23:59:59.999,0.7310585786300049,0.5
2017-12-25 07:59:59.999,0.7310585786300049,0.5
2017-12-25 15:59:59.999,0.7310585786300049,0.5
2017-12-25 23:59:59.999,0.7310585786300049,0.5
2017-12-26 07:59:59.999,0.7310585786300049,0.5
2017-12-26 15:59:59.999,0.7310585786300049,0.5000000000000085
2017-12-26 23:59:59.999,0.5,0.5000000001455058
2017-12-27 03:59:59.999,0.5,0.500000003192508
2017-12-27 07:59:59.999,0.5,0.5000000535502949
2017-12-27 11:59:59.999,0.5,0.5000014431149111
2017-12-27 15:59:59.999,0.5,0.5000033452781736
2017-12-27 19:59:59.999,0.5,0.5000014924324887
2017-12-27 23:59:59.999,0.5,0.5000001269316243
2017-12-28 03:59:59.999,0.5,0.5000002430771247
2017-12-28 07:59:59.999,0.5,0.5000000051406062
2017-12-28 11:59:59.999,0.7310585551920353,0.5000000001298682
2017-12-28 19:59:59.999,0.7310585786300049,0.5000000000002657
2017-12-29 03:59:59.999,0.7310585786300049,0.5000000000000101
2017-12-29 11:59:59.999,0.7310585786300049,0.5000000000000653
2017-12-29 19:59:59.999,0.7310585786300049,0.5000000000000713
2017-12-30 03:59:59.999,0.7310585786300049,0.5000000000003231
2017-12-30 11:59:59.999,0.7310585786300049,0.5000000000000031
2017-12-30 19:59:59.999,0.7310585786300049,0.5
2017-12-31 03:59:59.999,0.7310585786300049,0.5
2017-12-31 11:59:59.999,0.7310585786300049,0.5
2017-12-31 19:59:59.999,0.7310585786300049,0.5
2018-01-01 03:59:59.999,0.7310585786300049,0.5
2018-01-01 11:59:59.999,0.7310585786300049,0.5000000000000001
2018-01-01 19:59:59.999,0.7310585786300049,0.5000000000000002
2018-01-02 07:59:59.999,0.7310585786300049,0.5000000000000009
2018-01-02 19:59:59.999,0.7310585786300049,0.5000000000000007
2018-01-03 03:59:59.999,0.5,0.5000000000009022
2018-01-03 07:59:59.999,0.5,0.5000000000098244
2018-01-03 11:59:59.999,0.5,0.5000000015573769
2018-01-03 15:59:59.999,0.5,0.5000000027211042
2018-01-03 19:59:59.999,0.5,0.5000000452730404
2018-01-03 23:59:59.999,0.5,0.5000000317560165
2018-01-04 03:00:14.838,0.5,0.5000000376407066
2018-01-04 07:59:59.999,0.5,0.5000003736371355
2018-01-04 11:59:59.999,0.5,0.5000003977361587
2018-01-04 15:59:59.999,0.5,0.5000002015503497
2018-01-04 19:59:59.999,0.5,0.5000000098424362
2018-01-04 23:59:59.999,0.5,0.5000000079781923
2018-01-05 03:59:59.999,0.5,0.5000000176014137
2018-01-05 07:59:59.999,0.5,0.5000000189943119
2018-01-05 11:59:59.999,0.5,0.5000000029657157
2018-01-05 15:59:59.999,0.5,0.5000000556200206
2018-01-05 19:59:59.999,0.5,0.5000004115271679
2018-01-05 23:59:59.999,0.5,0.5000078058956199
2018-01-06 03:59:59.999,0.5,0.5011785867681516
2018-01-06 07:59:59.999,0.5,0.5023519553928493
2018-01-06 11:59:59.999,0.5,0.5027687727581251
2018-01-06 15:59:59.999,0.5,0.5022566994151506
2018-01-06 19:59:59.999,0.5,0.5012106541168039
2018-01-06 23:59:59.999,0.5,0.500938307090942
2018-01-07 03:59:59.999,0.5,0.5113168995344727
2018-01-07 07:59:59.999,0.5,0.5044364179359985
2018-01-07 11:59:59.999,0.5,0.5037200281358233
2018-01-07 15:59:59.999,0.5,0.5021777036267973
2018-01-07 19:59:59.999,0.5,0.5018052571240321
2018-01-07 23:59:59.999,0.5,0.5000868390989489
2018-01-08 03:59:59.999,0.5,0.5000742402620746
2018-01-08 07:59:59.999,0.5,0.5000010230990029
2018-01-08 11:59:59.999,0.5,0.5000005408356856
2018-01-08 15:59:59.999,0.5000000888026648,0.500000097891359
2018-01-08 19:59:59.999,0.7310585786300049,0.5000000000157502
2018-01-09 03:59:59.999,0.7310585786300049,0.5000000000001423
2018-01-09 11:59:59.999,0.7310585786300049,0.5000000000000377
2018-01-09 19:59:59.999,0.7310585786300049,0.5000000000000013
2018-01-10 03:59:59.999,0.7310585786300049,0.5000000000000003
2018-01-10 11:59:59.999,0.7310585786300049,0.5
2018-01-10 19:59:59.999,0.7310585786300049,0.5
2018-01-11 03:59:59.999,0.7310585786300049,0.5
2018-01-11 11:59:59.999,0.7310585786300049,0.5
2018-01-11 19:59:59.999,0.7310585786300049,0.5
2018-01-12 03:59:59.999,0.7310585786300049,0.5
2018-01-12 11:59:59.999,0.7310585786300049,0.5
2018-01-12 19:59:59.999,0.7310585786300049,0.5
2018-01-13 03:59:59.999,0.7310585786300049,0.5
2018-01-13 15:59:59.999,0.7310585786300049,0.5000000000000001
2018-01-13 23:59:59.999,0.7310585786300049,0.5000000000000019
2018-01-14 11:59:59.999,0.7310585786300049,0.5000000000000492
2018-01-14 19:59:59.999,0.7310585786300049,0.5000000000000006
2018-01-15 03:59:59.999,0.7310585786300049,0.5000000000000001
2018-01-15 11:59:59.999,0.7310585786300049,0.5000000000000001
2018-01-15 19:59:59.999,0.7310585786300049,0.5000000000000009
2018-01-16 03:59:59.999,0.7310585786300049,0.500000000000026
2018-01-16 11:59:59.999,0.7310585786300049,0.5000000000000006
2018-01-16 19:59:59.999,0.7310585786300049,0.5
2018-01-17 03:59:59.999,0.7310585786300049,0.5
2018-01-17 11:59:59.999,0.7310585786300049,0.5
2018-01-17 19:59:59.999,0.7310585786300049,0.5
2018-01-18 03:59:59.999,0.7310585786300049,0.5
2018-01-18 11:59:59.999,0.7310585786300049,0.5
2018-01-18 19:59:59.999,0.7310585786300049,0.5
2018-01-19 03:59:59.999,0.7310585786300049,0.5
2018-01-19 11:59:59.999,0.7310585786300049,0.5
2018-01-19 19:59:59.999,0.7310585786300049,0.5
2018-01-20 07:59:59.999,0.7310585786300049,0.5
2018-01-20 15:59:59.999,0.731058484878119,0.5000000000000597
2018-01-20 23:59:59.999,0.5,0.500000000012445
2018-01-21 03:59:59.999,0.5,0.5000000002989864
2018-01-21 07:59:59.999,0.5,0.5000000014856739
2018-01-21 11:59:59.999,0.5,0.5000000001291608
2018-01-21 15:59:59.999,0.5000000055671165,0.5000000002755064
2018-01-21 23:59:59.999,0.7310585786300049,0.5000000000026783
2018-01-22 07:59:59.999,0.7310585786300049,0.5000000000002343
2018-01-22 15:59:59.999,0.7310585786300049,0.5000000000001966
2018-01-22 23:59:59.999,0.7310585786300049,0.5000000000000002
2018-01-23 07:59:59.999,0.7310585786300049,0.5000000000000001
2018-01-23 15:59:59.999,0.7310585786300049,0.5
2018-01-23 23:59:59.999,0.7310585786300049,0.5
2018-01-24 07:59:59.999,0.7310585786300049,0.5
2018-01-24 15:59:59.999,0.7310585786300049,0.5000000000000001
2018-01-24 23:59:59.999,0.7310585786300049,0.5000000000000008
2018-01-25 07:59:59.999,0.7310585786300049,0.5000000000000343
2018-01-25 15:59:59.999,0.7310585786300049,0.5000000000007316
2018-01-25 23:59:59.999,0.7310585786300049,0.5000000000003059
2018-01-26 07:59:59.999,0.7310585786300049,0.5000000000018736
2018-01-26 15:59:59.999,0.7310585786300049,0.5000000000000576
2018-01-26 23:59:59.999,0.7310585786300049,0.5000000000000682
2018-01-27 07:59:59.999,0.7310585786300049,0.5000000000000475
2018-01-27 15:59:59.999,0.7310585786300049,0.5000000000000503
2018-01-27 23:59:59.999,0.7307023483144732,0.5000000000005134
2018-01-28 07:59:59.999,0.5000000000000003,0.5000000000006329
2018-01-28 11:59:59.999,0.5,0.5000000000032079
2018-01-28 15:59:59.999,0.5,0.5000000000518329
2018-01-28 19:59:59.999,0.5,0.5000000000562275
2018-01-28 23:59:59.999,0.5,0.5000000000823625
2018-01-29 03:59:59.999,0.5,0.5000000006923616
2018-01-29 07:59:59.999,0.5,0.5000000015743348
2018-01-29 11:59:59.999,0.5000000000000002,0.5000000004473353
2018-01-29 15:59:59.999,0.5000000000718662,0.5000000000623611
2018-01-29 23:59:59.999,0.7280273332916471,0.5000000000261374
2018-01-30 07:59:59.999,0.7310585786300049,0.5000000000043793
2018-01-30 15:59:59.999,0.7310585786300049,0.5000000000292437
2018-01-30 23:59:59.999,0.7310585786300049,0.5000000000002882
2018-01-31 07:59:59.999,0.7310585786300049,0.5000000000000018
2018-01-31 15:59:59.999,0.7310585786300049,0.5000000000000018
2018-01-31 23:59:59.999,0.7310585786300049,0.5000000000000001
2018-02-01 07:59:59.999,0.7310585786300049,0.5000000000000002
2018-02-01 15:59:59.999,0.7310585786300049,0.5000000000000007
2018-02-01 23:59:59.999,0.7310585786300049,0.5
2018-02-02 07:59:59.999,0.7310585786300049,0.5
2018-02-02 15:59:59.999,0.7310585786300049,0.5
2018-02-02 23:59:59.999,0.7310585786300049,0.5
2018-02-03 07:59:59.999,0.7310585786300049,0.5
2018-02-03 15:59:59.999,0.7310585786300049,0.5
2018-02-03 23:59:59.999,0.7310585786300049,0.5
2018-02-04 07:59:59.999,0.7310585786300049,0.5
2018-02-04 15:59:59.999,0.7310585786300049,0.5000000000000001
2018-02-04 23:59:59.999,0.7310585786300049,0.5
2018-02-05 07:59:59.999,0.7310585786300049,0.5
2018-02-05 15:59:59.999,0.7310585786300049,0.5
2018-02-05 23:59:59.999,0.7310585786300049,0.5
2018-02-06 07:59:59.999,0.7310585786300049,0.5
2018-02-06 15:59:59.999,0.7310585786300049,0.5
2018-02-06 23:59:59.999,0.7310585786300049,0.5
2018-02-07 07:59:59.999,0.7310585786300049,0.5
2018-02-07 15:59:59.999,0.7310585786300049,0.5
2018-02-07 23:59:59.999,0.7310585786300049,0.5000000000000001
2018-02-09 11:59:59.999,0.7310585786300049,0.5000000000000001
2018-02-09 19:59:59.999,0.7310585786300049,0.5000000000000056
2018-02-10 03:59:59.999,0.5000000000007737,0.5000000000003201
2018-02-10 11:59:59.999,0.5,0.5000000000657234
2018-02-10 15:59:59.999,0.5,0.5000000004754934
2018-02-10 19:59:59.999,0.5,0.5000000001211508
2018-02-10 23:59:59.999,0.5,0.5000000000624003
2018-02-11 03:59:59.999,0.5000000000000039,0.5000000005595762
2018-02-11 07:59:59.999,0.5006111544656497,0.5000000001499421
2018-02-11 15:59:59.999,0.5253692699968923,0.5000000000017402
2018-02-11 23:59:59.999,0.7310064376737399,0.5000000000112925
2018-02-12 07:59:59.999,0.5006516941741563,0.5000000000021892
2018-02-12 15:59:59.999,0.5000000000000814,0.5000000000036223
2018-02-12 19:59:59.999,0.5,0.5000000000043178
2018-02-12 23:59:59.999,0.5,0.5000000000063214
2018-02-13 03:59:59.999,0.5,0.5000000000411519
2018-02-13 07:59:59.999,0.5,0.5000000000928891
2018-02-13 11:59:59.999,0.5,0.5000000001941771
2018-02-13 15:59:59.999,0.5,0.5000000001364117
2018-02-13 19:59:59.999,0.5,0.5000000000300484
2018-02-13 23:59:59.999,0.5000000000000004,0.5000000000438072
2018-02-14 03:59:59.999,0.5000000000000003,0.5000000000087114
2018-02-14 07:59:59.999,0.5,0.5000000000034981
2018-02-14 11:59:59.999,0.5,0.5000000000039778
2018-02-14 15:59:59.999,0.5,0.5000000000009087
2018-02-14 19:59:59.999,0.5,0.5000000000100167
2018-02-14 23:59:59.999,0.5,0.5000000000089688
2018-02-15 03:59:59.999,0.5,0.5000000000139992
2018-02-15 07:59:59.999,0.5,0.500000000029546
2018-02-15 11:59:59.999,0.5,0.5000000016297651
2018-02-15 15:59:59.999,0.5,0.5000000008021125
2018-02-15 19:59:59.999,0.5,0.5000000007124468
2018-02-15 23:59:59.999,0.5,0.5000000074538606
2018-02-16 03:59:59.999,0.5,0.5000000081457951
2018-02-16 07:59:59.999,0.5,0.5000006180895866
2018-02-16 11:59:59.999,0.5,0.5000001250619732
2018-02-16 15:59:59.999,0.5,0.5000000234645547
2018-02-16 19:59:59.999,0.5,0.5000000234093918
2018-02-16 23:59:59.999,0.5,0.5000000105287432
2018-02-17 03:59:59.999,0.5,0.5000000038796966
2018-02-17 07:59:59.999,0.5,0.5000000039932355
2018-02-17 11:59:59.999,0.5,0.5000000186640925
2018-02-17 15:59:59.999,0.5,0.5000000255610555
2018-02-17 19:59:59.999,0.5,0.500000036049201
2018-02-17 23:59:59.999,0.5,0.500000015103808
2018-02-18 03:59:59.999,0.5,0.5000005248872981
2018-02-18 07:59:59.999,0.5,0.5000029596724289
2018-02-18 11:59:59.999,0.5,0.500001263636932
2018-02-18 15:59:59.999,0.5,0.500000216300819
2018-02-18 19:59:59.999,0.5,0.5000000307468326
2018-02-18 23:59:59.999,0.5,0.5000015197764469
2018-02-19 03:59:59.999,0.5,0.5000001240075846
2018-02-19 07:59:59.999,0.5,0.5000000074295743
2018-02-19 11:59:59.999,0.5,0.5000000037860883
2018-02-19 15:59:59.999,0.5,0.5000000014261857
2018-02-19 19:59:59.999,0.5,0.5000000037659365
2018-02-19 23:59:59.999,0.5,0.5000000036123109
2018-02-20 03:59:59.999,0.5,0.5000000012888742
2018-02-20 07:59:59.999,0.5,0.5000000015992458
2018-02-20 11:59:59.999,0.5,0.5000000142913814
2018-02-20 15:59:59.999,0.5,0.5000000075711837
2018-02-20 19:59:59.999,0.5,0.5000000043807282
2018-02-20 23:59:59.999,0.5,0.5000007984614285
2018-02-21 03:59:59.999,0.5,0.5000017381886437
2018-02-21 07:59:59.999,0.5,0.5000000638357207
2018-02-21 11:59:59.999,0.5,0.5000000679898449
2018-02-21 15:59:59.999,0.5,0.5000001405514212
2018-02-21 19:59:59.999,0.5,0.5000000220436238
2018-02-21 23:59:59.999,0.5000000000117535,0.500000001190135
2018-02-22 03:59:59.999,0.5000107086079862,0.5000000000268275
2018-02-22 11:59:59.999,0.7310585786300049,0.5000000000579032
2018-02-22 19:59:59.999,0.7310585786300049,0.5000000000025222
2018-02-23 03:59:59.999,0.7310585786300049,0.500000000000239
2018-02-23 11:59:59.999,0.7310585786300049,0.5000000000000011
2018-02-23 23:59:59.999,0.7310585786300049,0.5000000000000033
2018-02-24 07:59:59.999,0.7310585786300049,0.5000000000000112
2018-02-24 15:59:59.999,0.7310585786300049,0.5000000000000306
2018-02-24 23:59:59.999,0.7310585786300049,0.5000000000000049
2018-02-25 07:59:59.999,0.7310585786300049,0.500000000000001
2018-02-25 15:59:59.999,0.7310585786300049,0.5000000000000087
2018-02-26 07:59:59.999,0.7310585786300049,0.5000000000000039
2018-02-26 15:59:59.999,0.7310585786300049,0.5
2018-02-26 23:59:59.999,0.7310585786300049,0.5000000000000009
2018-02-27 07:59:59.999,0.7310585551920353,0.5000000000000047
2018-02-27 15:59:59.999,0.5000000000000534,0.5000000000004586
2018-02-27 19:59:59.999,0.5,0.500000000000583
2018-02-27 23:59:59.999,0.5,0.5000000000067233
2018-02-28 03:59:59.999,0.5,0.5000000000016042
2018-02-28 07:59:59.999,0.5,0.5000000000317356
2018-02-28 11:59:59.999,0.5,0.5000000002368116
2018-02-28 15:59:59.999,0.5,0.5000000002965115
2018-02-28 19:59:59.999,0.5,0.5000000001164985
2018-02-28 23:59:59.999,0.5,0.5000000006709191
2018-03-01 03:59:59.999,0.5,0.5000000001833008
2018-03-01 07:59:59.999,0.5,0.5000000000170429
2018-03-01 11:59:59.999,0.5,0.5000000000061615
2018-03-01 15:59:59.999,0.5,0.5000000000054
2018-03-01 19:59:59.999,0.5,0.5000000000021716
2018-03-01 23:59:59.999,0.5,0.500000000002925
2018-03-02 03:59:59.999,0.5,0.5000000000013988
2018-03-02 07:59:59.999,0.5,0.5000000000056126
2018-03-02 11:59:59.999,0.5,0.5000000001064562
2018-03-02 15:59:59.999,0.5,0.5000000001396497
2018-03-02 19:59:59.999,0.5,0.5000000000432671
2018-03-02 23:59:59.999,0.5,0.5000000000148074
2018-03-03 03:59:59.999,0.5,0.5000000000022359
2018-03-03 07:59:59.999,0.5,0.5000000000052083
2018-03-03 11:59:59.999,0.5,0.5000000000133098
2018-03-03 15:59:59.999,0.5,0.5000000000042996
2018-03-03 19:59:59.999,0.5,0.5000000000064776
2018-03-03 23:59:59.999,0.5,0.5000000000200545
2018-03-04 03:59:59.999,0.5,0.5000000028942202
2018-03-04 07:59:59.999,0.5,0.5000000014442114
2018-03-04 11:59:59.999,0.5,0.5000000004366086
2018-03-04 15:59:59.999,0.5,0.5000000002247418
2018-03-04 19:59:59.999,0.5,0.5000000000088238
2018-03-04 23:59:59.999,0.5,0.500000000002662
2018-03-05 03:59:59.999,0.5,0.5000000000022685
2018-03-05 07:59:59.999,0.5,0.500000000005134
2018-03-05 11:59:59.999,0.5,0.5000000000086606
2018-03-05 15:59:59.999,0.5,0.5000000000071385
2018-03-05 19:59:59.999,0.5,0.5000000000011605
2018-03-05 23:59:59.999,0.5,0.5000000001161102
2018-03-06 03:59:59.999,0.5,0.5000000010510399
2018-03-06 07:59:59.999,0.5,0.5000000004098258
2018-03-06 11:59:59.999,0.5,0.5000000101517701
2018-03-06 15:59:59.999,0.500000040178719,0.500000001073599
2018-03-06 23:59:59.999,0.7310585786300049,0.500000000416021
2018-03-07 07:59:59.999,0.7310585786300049,0.5000000001870382
2018-03-07 19:59:59.999,0.7310585786300049,0.5000000000649615
2018-03-08 03:59:59.999,0.7310585786300049,0.500000000000797
2018-03-08 11:59:59.999,0.7310585786300049,0.5000000000000003
2018-03-08 19:59:59.999,0.7310585786300049,0.5000000000000016
2018-03-09 03:59:59.999,0.7310585786300049,0.5000000000000002
2018-03-09 11:59:59.999,0.7310585786300049,0.5
2018-03-09 19:59:59.999,0.7310585786300049,0.5
2018-03-10 03:59:59.999,0.7310585786300049,0.5
2018-03-10 11:59:59.999,0.7310585786300049,0.5
2018-03-10 19:59:59.999,0.7310585786300049,0.5
2018-03-11 03:59:59.999,0.7310585786300049,0.5000000000000002
2018-03-11 11:59:59.999,0.7310585786300049,0.5
2018-03-11 19:59:59.999,0.7310585786300049,0.5
2018-03-12 03:59:59.999,0.7310585786300049,0.5000000000000001
2018-03-12 15:59:59.999,0.7310585786300049,0.5000000000000859
2018-03-12 23:59:59.999,0.7310585786300049,0.5000000000000201
2018-03-13 07:59:59.999,0.7310585786300049,0.5000000000000085
2018-03-13 15:59:59.999,0.7310585786300049,0.5000000000000244
2018-03-13 23:59:59.999,0.7310585786300049,0.5000000000000131
2018-03-14 11:59:59.999,0.7310585786300049,0.500000000000606
2018-03-14 19:59:59.999,0.7310585786300049,0.5000000000004232
2018-03-15 03:59:59.999,0.7310585786300049,0.5000000000000532
2018-03-15 11:59:59.999,0.7310585786300049,0.5000000000000001
2018-03-15 19:59:59.999,0.7310585786300049,0.5000000000000001
2018-03-16 03:59:59.999,0.7310585786300049,0.5000000000000002
2018-03-16 11:59:59.999,0.7310585786300049,0.5000000000000001
2018-03-16 19:59:59.999,0.7310585786300049,0.5000000000000001
2018-03-17 03:59:59.999,0.7310585786300049,0.5000000000000036
2018-03-17 15:59:59.999,0.7310585786300049,0.5000000000000548
2018-03-17 23:59:59.999,0.7310585786300049,0.5000000000000285
2018-03-18 07:59:59.999,0.7310585786300049,0.5000000000000359
2018-03-18 15:59:59.999,0.7310585786300049,0.500000000000055
2018-03-18 23:59:59.999,0.7310585786300049,0.5
2018-03-19 07:59:59.999,0.7310585786300049,0.5000000000000001
2018-03-19 15:59:59.999,0.7310585786300049,0.5000000000000003
2018-03-19 23:59:59.999,0.7310585786300049,0.5000000000000085
2018-03-20 07:59:59.999,0.7309037661307051,0.500000000000981
2018-03-20 23:59:59.999,0.5,0.5000000000005119
2018-03-21 03:59:59.999,0.5,0.5000000000006867
2018-03-21 07:59:59.999,0.5,0.5000000000080673
2018-03-21 11:59:59.999,0.5,0.5000000000056763
2018-03-21 15:59:59.999,0.5,0.5000000000142326
2018-03-21 19:59:59.999,0.5,0.5000000001883398
2018-03-21 23:59:59.999,0.5,0.5000000001064736
2018-03-22 03:59:59.999,0.5,0.5000000000263894
2018-03-22 07:59:59.999,0.5,0.500000000063569
2018-03-22 11:59:59.999,0.5,0.500000001996693
2018-03-22 15:59:59.999,0.5,0.5000000008032714
2018-03-22 19:59:59.999,0.5,0.5000000002636604
2018-03-22 23:59:59.999,0.5000000000000081,0.5000000000277022
2018-03-23 03:59:59.999,0.5000000645987299,0.5000000004847228
2018-03-23 11:59:59.999,0.7310574770440414,0.5000000000115704
2018-03-23 19:59:59.999,0.7310585786300049,0.500000000001493
2018-03-24 03:59:59.999,0.6522301273389519,0.5000000000001917
2018-03-24 11:59:59.999,0.5001275928052153,0.5000000000060631
2018-03-24 19:59:59.999,0.5000000469185224,0.5000000000015168
2018-03-25 03:59:59.999,0.730202315372345,0.500000000029931
2018-03-25 11:59:59.999,0.7310585786300049,0.500000000026997
2018-03-25 23:59:59.999,0.7310585786300049,0.5000000000024878
2018-03-26 15:59:59.999,0.7310585786300049,0.5000000000151316
2018-03-26 23:59:59.999,0.7310585786300049,0.5000000000001432
2018-03-27 07:59:59.999,0.7310585786300049,0.5000000000001954
2018-03-27 15:59:59.999,0.7310585786300049,0.5000000000000117
2018-03-27 23:59:59.999,0.7310585786300049,0.5000000000001431
2018-03-28 15:59:59.999,0.7310585786300049,0.50000000000004
2018-03-28 23:59:59.999,0.7310585786300049,0.5000000000000154
2018-03-29 11:59:59.999,0.7310585786300049,0.5000000000012037
2018-03-29 19:59:59.999,0.7310585786300049,0.5000000000009385
2018-03-30 03:59:59.999,0.7310585786300049,0.5000000000016024
2018-03-30 11:59:59.999,0.7310585786300049,0.5000000000000041
2018-03-30 19:59:59.999,0.7310585786300049,0.5000000000000046
2018-03-31 03:59:59.999,0.7310585786300049,0.5000000000000003
2018-03-31 11:59:59.999,0.7310585786300049,0.5
2018-03-31 19:59:59.999,0.7310585786300049,0.5000000000000003
2018-04-01 03:59:59.999,0.7310585786300049,0.5000000000000033
2018-04-01 11:59:59.999,0.7310585786300049,0.5000000000000294
2018-04-01 19:59:59.999,0.7310585786300049,0.5000000000000001
2018-04-02 03:59:59.999,0.7310585786300049,0.5000000000000002
2018-04-02 11:59:59.999,0.7310585786300049,0.500000000000001
2018-04-02 19:59:59.999,0.7310585786300049,0.5000000000000111
2018-04-03 11:59:59.999,0.7310585786300049,0.5000000000000134
2018-04-03 19:59:59.999,0.7310585786300049,0.5000000000000144
2018-04-04 03:59:59.999,0.7270063079792288,0.500000000001014
2018-04-04 15:59:59.999,0.7310585786300049,0.5000000002589753
2018-04-04 23:59:59.999,0.7310585786300049,0.5000000000179329
2018-04-05 07:59:59.999,0.7310585786300049,0.5000000000039304
2018-04-05 15:59:59.999,0.7310585786300049,0.5000000000032657
2018-04-06 07:59:59.999,0.7310585786300049,0.5000000000121158
2018-04-06 15:59:59.999,0.7310585786300049,0.5000000000121595
2018-04-07 07:59:59.999,0.7310585786300049,0.5000000000000083
2018-04-07 19:59:59.999,0.7310585786300049,0.5000000000000063
2018-04-08 03:59:59.999,0.7310585786300049,0.50000000000004
2018-04-08 11:59:59.999,0.7310585786300049,0.5000000000000064
2018-04-08 23:59:59.999,0.731058484878119,0.5000000000002083
2018-04-09 15:59:59.999,0.7310585786300049,0.5000000000967951
2018-04-10 03:59:59.999,0.7310585786300049,0.5000000000021204
2018-04-10 11:59:59.999,0.7310585786300049,0.5000000000041076
2018-04-11 19:59:59.999,0.7310585786300049,0.5000000000001287
2018-04-12 07:59:59.999,0.7310585786300049,0.5000000000055025
2018-04-12 15:59:59.999,0.5000000000006755,0.5000000000000018
2018-04-13 03:59:59.999,0.5,0.5000000000002343
2018-04-13 07:59:59.999,0.5,0.5000000000001796
2018-04-13 11:59:59.999,0.5,0.5000000000007004
2018-04-13 15:59:59.999,0.5,0.5000000000014497
2018-04-13 19:59:59.999,0.5,0.5000000000055603
2018-04-13 23:59:59.999,0.5,0.5000000006745374
2018-04-14 03:59:59.999,0.5,0.5000000001034137
2018-04-14 07:59:59.999,0.5,0.5000000000506352
2018-04-14 11:59:59.999,0.5,0.5000000009760809
2018-04-14 15:59:59.999,0.5,0.5000000005923856
2018-04-14 19:59:59.999,0.5,0.5000000001557237
2018-04-14 23:59:59.999,0.5,0.5000000001482938
2018-04-15 03:59:59.999,0.5,0.5000000000346145
2018-04-15 07:59:59.999,0.5,0.5000000000294196
2018-04-15 11:59:59.999,0.5,0.5000000000020602
2018-04-15 15:59:59.999,0.5,0.5000000000103442
2018-04-15 19:59:59.999,0.5,0.5000000000071472
2018-04-15 23:59:59.999,0.5,0.5000000000038559
2018-04-16 03:59:59.999,0.5,0.5000000003609864
2018-04-16 07:59:59.999,0.5,0.5000000003311081
2018-04-16 11:59:59.999,0.5,0.5000000002276739
2018-04-16 15:59:59.999,0.5,0.5000000008831386
2018-04-16 19:59:59.999,0.5,0.5000000002420495
2018-04-16 23:59:59.999,0.5,0.50000000002557
2018-04-17 03:59:59.999,0.5,0.5000000000225107
2018-04-17 07:59:59.999,0.5,0.5000000000027757
2018-04-17 11:59:59.999,0.5,0.5000000000030893
2018-04-17 15:59:59.999,0.5000000000000009,0.500000000005845
2018-04-17 19:59:59.999,0.5000000000103589,0.5000000003642058
2018-04-17 23:59:59.999,0.5000017400079741,0.5000000001084134
2018-04-18 11:59:59.999,0.5140451328284572,0.5000000000004894
2018-04-18 19:59:59.999,0.6271894063378927,0.5000000000004367
2018-04-19 03:59:59.999,0.5013928203905449,0.5000000000001841
2018-04-20 11:59:59.999,0.5000000000022635,0.5000000000000018
2018-04-21 03:59:59.999,0.5,0.5000000000000017
2018-04-21 07:59:59.999,0.5,0.5000000000000033
2018-04-21 11:59:59.999,0.5,0.5000000000017203
2018-04-21 15:59:59.999,0.5,0.5000000000003392
2018-04-21 19:59:59.999,0.5,0.50000000000107
2018-04-21 23:59:59.999,0.5,0.5000000000002554
2018-04-22 03:59:59.999,0.5,0.5000000000052901
2018-04-22 07:59:59.999,0.5,0.5000000000018268
2018-04-22 11:59:59.999,0.5,0.5000000000009683
2018-04-22 15:59:59.999,0.5,0.5000000000006456
2018-04-22 19:59:59.999,0.5,0.5000000000035201
2018-04-22 23:59:59.999,0.5,0.5000000000336775
2018-04-23 03:59:59.999,0.5,0.5000000000051336
2018-04-23 07:59:59.999,0.5,0.5000000000010387
2018-04-23 11:59:59.999,0.5,0.5000000000022735
2018-04-23 15:59:59.999,0.5,0.5000000000023902
2018-04-23 19:59:59.999,0.5,0.5000000000078204
2018-04-23 23:59:59.999,0.5,0.5000000000009306
2018-04-24 03:59:59.999,0.5,0.5000000000000236
2018-04-24 07:59:59.999,0.5,0.5000000000000305
2018-04-24 11:59:59.999,0.5,0.5000000000000201
2018-04-24 15:59:59.999,0.5,0.5000000000000185
2018-04-24 19:59:59.999,0.5,0.5000000000000115
2018-04-24 23:59:59.999,0.5,0.5000000000000063
2018-04-25 03:59:59.999,0.5,0.5000000000208885
2018-04-25 07:59:59.999,0.5,0.5000000000074563
2018-04-25 11:59:59.999,0.5,0.5000000011793921
2018-04-25 15:59:59.999,0.5,0.5000000049165907
2018-04-25 19:59:59.999,0.5,0.5000000012264182
2018-04-25 23:59:59.999,0.5,0.5000000014699569
2018-04-26 03:59:59.999,0.5000000007199806,0.500000000914791
2018-04-26 07:59:59.999,0.5013879178300062,0.500000000129836
2018-04-26 15:59:59.999,0.7310585317540645,0.500000000051964
2018-04-27 03:59:59.999,0.7309850004848648,0.5000000000002703
2018-04-27 23:59:59.999,0.53705463155073,0.5000000000630732
2018-04-28 07:59:59.999,0.686538494467384,0.5000000000019
2018-04-28 19:59:59.999,0.500000052763081,0.5000000000001776
2018-04-29 15:59:59.999,0.5000000000004025,0.5000000000044215
2018-04-29 19:59:59.999,0.5000000000049176,0.5000000000050538
2018-04-29 23:59:59.999,0.5000000000049035,0.5000000000010467
2018-04-30 07:59:59.999,0.500000078012242,0.5000000000221436
2018-05-01 03:59:59.999,0.7310477735891526,0.5000000005371413
2018-05-01 19:59:59.999,0.7310585786300049,0.5000000000050575
2018-05-02 07:59:59.999,0.7310585786300049,0.5000000000001114
2018-05-03 19:59:59.999,0.6315581610944575,0.5000000000000003
2018-05-04 07:59:59.999,0.5,0.5000000000000525
2018-05-04 11:59:59.999,0.5,0.5000000000000444
2018-05-04 15:59:59.999,0.5,0.5000000000026282
2018-05-04 19:59:59.999,0.5,0.5000000000011715
2018-05-04 23:59:59.999,0.5,0.5000000000006969
2018-05-05 03:59:59.999,0.5,0.500000000000191
2018-05-05 07:59:59.999,0.5,0.5000000000004184
2018-05-05 11:59:59.999,0.5,0.5000000000001676
2018-05-05 15:59:59.999,0.5,0.5000000000001535
2018-05-05 19:59:59.999,0.5,0.5000000000010512
2018-05-05 23:59:59.999,0.5,0.5000000000011052
2018-05-06 03:59:59.999,0.5,0.500000000000558
2018-05-06 07:59:59.999,0.5,0.5000000000590274
2018-05-06 11:59:59.999,0.5,0.5000000013149745
2018-05-06 15:59:59.999,0.5000000000000009,0.5000000006568489
2018-05-06 19:59:59.999,0.5000000002325122,0.5000000001087871
2018-05-07 07:59:59.999,0.7310583442502515,0.5000000003052074
2018-05-07 15:59:59.999,0.7310585786300049,0.5000000000209399
2018-05-08 03:59:59.999,0.7310585786300049,0.5000000000008775
2018-05-08 15:59:59.999,0.7310585786300049,0.5000000000214472
2018-05-09 07:59:59.999,0.7310585786300049,0.5000000000278105
2018-05-09 19:59:59.999,0.7310585786300049,0.5000000000000794
2018-05-10 23:59:59.999,0.7310585786300049,0.5000000001177486
2018-05-11 07:59:59.999,0.7310585786300049,0.5000000007607877
2018-05-11 15:59:59.999,0.7310585786300049,0.5000000002690135
2018-05-11 23:59:59.999,0.7310585786300049,0.5000000001404934
2018-05-12 11:59:59.999,0.7310585786300049,0.5000000000000586
2018-05-12 19:59:59.999,0.7310585786300049,0.50000000000001
2018-05-13 03:59:59.999,0.7310585786300049,0.5000000000000409
2018-05-13 11:59:59.999,0.7310585786300049,0.5000000000000056
2018-05-13 23:59:59.999,0.7310585786300049,0.5000000000000044
2018-05-14 07:59:59.999,0.7310585786300049,0.5000000000009146
2018-05-14 19:59:59.999,0.7310585786300049,0.5000000000000032
2018-05-15 03:59:59.999,0.7310585786300049,0.5000000000000226
2018-05-15 19:59:59.999,0.7310585786300049,0.5000000000013156
2018-05-16 03:59:59.999,0.7310585786300049,0.5000000001096738
2018-05-16 15:59:59.999,0.7310585786300049,0.5000000000008924
2018-05-16 23:59:59.999,0.7310585786300049,0.5000000000001175
2018-05-17 07:59:59.999,0.7310585786300049,0.5000000000005577
2018-05-17 19:59:59.999,0.7310585786300049,0.5000000000014497
2018-05-18 03:59:59.999,0.7310585786300049,0.5000000000062144
2018-05-18 23:59:59.999,0.7310585786300049,0.5000000000000364
2018-05-19 11:59:59.999,0.7310585786300049,0.5000000000000057
2018-05-20 03:59:59.999,0.7310585786300049,0.5000000000004274
2018-05-20 23:59:59.999,0.7310585786300049,0.5000000000000059
2018-05-21 19:59:59.999,0.7308702245997742,0.5000000000042916
2018-05-22 15:59:59.999,0.7310585786300049,0.5000000000310434
2018-05-23 03:59:59.999,0.7310585786300049,0.5000000013399206
2018-05-23 11:59:59.999,0.7310585786300049,0.5000000014012682
2018-05-23 19:59:59.999,0.7310585786300049,0.5000000035145467
2018-05-24 03:59:59.999,0.7310585786300049,0.5000000000238474
2018-05-24 11:59:59.999,0.7310585786300049,0.5000000001063857
2018-05-24 19:59:59.999,0.7310585786300049,0.5000000000001343
2018-05-25 03:59:59.999,0.7310585786300049,0.5000000000001703
2018-05-25 11:59:59.999,0.7310585786300049,0.5000000000006045
2018-05-25 19:59:59.999,0.7310585786300049,0.5000000000011345
2018-05-26 07:59:59.999,0.7310585786300049,0.5000000000000289
2018-05-27 03:59:59.999,0.7310585786300049,0.500000000016758
2018-05-27 15:59:59.999,0.7310585786300049,0.5000000000032938
2018-05-28 11:59:59.999,0.7310585786300049,0.500000000025742
2018-05-28 23:59:59.999,0.7310585786300049,0.5000000000873249
2018-05-29 15:59:59.999,0.7310585786300049,0.5000000000000029
2018-05-30 03:59:59.999,0.7310585786300049,0.500000000000008
2018-05-30 19:59:59.999,0.7310585786300049,0.5000000000071702
2018-05-31 11:59:59.999,0.7310585786300049,0.50000000000003
2018-06-01 03:59:59.999,0.7310583911262125,0.5000000000004059
2018-06-01 15:59:59.999,0.7310585786300049,0.5000000000018803
2018-06-02 07:59:59.999,0.7310584614401443,0.500000000000019
2018-06-03 23:59:59.999,0.5000333412353445,0.500000000000062
2018-06-04 11:59:59.999,0.549776762594344,0.5000000001598803
2018-06-05 07:59:59.999,0.7310585786300049,0.5000000003250987
2018-06-05 23:59:59.999,0.7310585786300049,0.5000000000000279
2018-06-06 23:59:59.999,0.7310585786300049,0.5000000000000575
2018-06-07 19:59:59.999,0.7310344602764695,0.500000000000079
2018-06-08 15:59:59.999,0.7310585786300049,0.5000000000011082
2018-06-10 03:59:59.999,0.7310585786300049,0.5000000494699428
2018-06-10 23:59:59.999,0.7310585786300049,0.5000000176053749
2018-06-11 11:59:59.999,0.7310585786300049,0.5000000000072756
2018-06-11 19:59:59.999,0.7310585786300049,0.5000000000010927
2018-06-12 19:59:59.999,0.7310585786300049,0.500000000016224
2018-06-13 03:59:59.999,0.7310585786300049,0.5000000000026676
2018-06-13 11:59:59.999,0.7310585786300049,0.5000000000087074
2018-06-13 19:59:59.999,0.7310585786300049,0.5000000000345555
2018-06-14 07:59:59.999,0.7310585786300049,0.5000000000000442
2018-06-14 15:59:59.999,0.7310585786300049,0.500000000000585
2018-06-14 23:59:59.999,0.7310585786300049,0.5000000000000029
2018-06-15 11:59:59.999,0.7310585786300049,0.5000000000001612
2018-06-15 23:59:59.999,0.7310585786300049,0.5000000000047491
2018-06-16 19:59:59.999,0.7310585786300049,0.5000000000001233
2018-06-17 19:59:59.999,0.7310585786300049,0.5000000000003084
2018-06-18 03:59:59.999,0.7310585786300049,0.5000000000092967
2018-06-18 15:59:59.999,0.7310585786300049,0.5000000000010805
2018-06-18 23:59:59.999,0.7310585786300049,0.5000000000000016
2018-06-19 23:59:59.999,0.729520683583394,0.5000000000000118
2018-06-20 07:59:59.999,0.7307020433658503,0.5000000000020123
2018-06-22 07:59:59.999,0.7310553676161515,0.5000000034785601
2018-06-22 15:59:59.999,0.7310585786300049,0.5000002680691011
2018-06-23 03:59:59.999,0.7310585786300049,0.5000000009095039
2018-06-23 19:59:59.999,0.7310585786300049,0.5000000000150826
2018-06-24 07:59:59.999,0.7310585786300049,0.5000000008995956
2018-06-24 19:59:59.999,0.7310585786300049,0.5000000000000017
2018-06-25 19:59:59.999,0.7310585786300049,0.5000000000000234
2018-06-26 19:59:59.999,0.7310585786300049,0.5000000000010125
2018-06-27 03:59:59.999,0.7310585786300049,0.5000000000155013
2018-06-27 19:59:59.999,0.7310585786300049,0.5000000000004956
2018-06-29 03:59:59.999,0.7310585786300049,0.5000000002641386
2018-06-29 11:59:59.999,0.7310585786300049,0.500000000123657
2018-06-30 03:59:59.999,0.7310585786300049,0.5000000000000001
2018-06-30 19:59:59.999,0.7164281333116543,0.5000000000000405
2018-07-01 07:59:59.999,0.5000804151634272,0.5000000000000537
2018-07-01 19:59:59.999,0.5000320183462026,0.5000000000004903
2018-07-02 07:59:59.999,0.5008808641196116,0.5000000000002555
2018-07-02 19:59:59.999,0.5000000145224757,0.5000000000000006
2018-07-03 15:59:59.999,0.5000000000000072,0.5000000000000534
2018-07-03 19:59:59.999,0.5000000000000412,0.5000000000000294
2018-07-04 00:22:25.551,0.5000000000187822,0.5000000000054889
2018-07-04 19:59:59.999,0.5000000008507378,0.500000000000012
2018-07-05 03:59:59.999,0.5000000028947005,0.50000000000023
2018-07-05 23:59:59.999,0.5051193241127038,0.5000000000056034
2018-07-06 11:59:59.999,0.7310422420520696,0.5000000000020721
2018-07-06 23:59:59.999,0.731058062994377,0.5000000000000577
2018-07-08 03:59:59.999,0.7310309678068164,0.5000000000000071
2018-07-10 03:59:59.999,0.7305575905012855,0.500000000014304
2018-07-10 15:59:59.999,0.7310585786300049,0.5000000132237714
2018-07-11 03:59:59.999,0.7310585786300049,0.5000000011929168
2018-07-11 23:59:59.999,0.7310585786300049,0.5000000000178977
2018-07-12 11:59:59.999,0.7310585786300049,0.500000003998883
2018-07-13 03:59:59.999,0.7310585786300049,0.5000000000068605
2018-07-13 11:59:59.999,0.7310585786300049,0.5000000000171418
2018-07-13 23:59:59.999,0.7310585786300049,0.5000000000174412
2018-07-14 07:59:59.999,0.7310585786300049,0.5000000000108343
2018-07-14 23:59:59.999,0.7310585786300049,0.5000000000026609
2018-07-16 15:59:59.999,0.7310583442502515,0.5
2018-07-17 23:59:59.999,0.5,0.5
2018-07-18 07:59:59.999,0.5,0.5000000000000003
2018-07-18 11:59:59.999,0.5,0.5000000000000014
2018-07-18 15:59:59.999,0.5,0.5000000000000022
2018-07-18 19:59:59.999,0.5,0.5000000000000123
2018-07-18 23:59:59.999,0.5,0.500000000000024
2018-07-19 03:59:59.999,0.5,0.5000000000004391
2018-07-19 07:59:59.999,0.5,0.5000000000002538
2018-07-19 11:59:59.999,0.5,0.5000000000000436
2018-07-19 15:59:59.999,0.5,0.5000000000000971
2018-07-19 19:59:59.999,0.5,0.5000000000000314
2018-07-19 23:59:59.999,0.5,0.500000000000019
2018-07-20 03:59:59.999,0.5,0.5000000000000183
2018-07-20 07:59:59.999,0.5,0.5000000000000244
2018-07-20 11:59:59.999,0.5,0.5000000000000069
2018-07-20 15:59:59.999,0.5,0.500000000000045
2018-07-20 19:59:59.999,0.5,0.5000000000105477
2018-07-20 23:59:59.999,0.5,0.5000000000081914
2018-07-21 03:59:59.999,0.5,0.5000000000444302
2018-07-21 07:59:59.999,0.5,0.5000000000054668
2018-07-21 11:59:59.999,0.5,0.5000000000040643
2018-07-21 15:59:59.999,0.5000000000000006,0.5000000000002383
2018-07-21 19:59:59.999,0.5000000000000097,0.5000000000000794
2018-07-21 23:59:59.999,0.5000000000000793,0.50000000000022
2018-07-22 03:59:59.999,0.5000000000017684,0.5000000000000832
2018-07-23 03:59:59.999,0.5000000001140964,0.5000000000000108
2018-07-24 11:59:59.999,0.5,0.5000000000000006
2018-07-24 15:59:59.999,0.5,0.5000000000000215
2018-07-24 19:59:59.999,0.5,0.5000000000000195
2018-07-24 23:59:59.999,0.5,0.5000000000000151
2018-07-25 03:59:59.999,0.5,0.5000000000000627
2018-07-25 07:59:59.999,0.5,0.5000000000003204
2018-07-25 11:59:59.999,0.5,0.500000000032771
2018-07-25 15:59:59.999,0.5,0.500000000094999
2018-07-25 19:59:59.999,0.5,0.5000000000211119
2018-07-25 23:59:59.999,0.5,0.5000000000104748
2018-07-26 03:59:59.999,0.5,0.5000000000028431
2018-07-26 07:59:59.999,0.5,0.5000000000015058
2018-07-26 11:59:59.999,0.5,0.5000000000009666
2018-07-26 15:59:59.999,0.5,0.5000000000034656
2018-07-26 19:59:59.999,0.5,0.5000000000007242
2018-07-26 23:59:59.999,0.5,0.5000000037474859
2018-07-27 03:59:59.999,0.5,0.5000000018158193
2018-07-27 07:59:59.999,0.5000000000056439,0.5000000002679658
2018-07-27 11:59:59.999,0.5000003094623651,0.500000000066062
2018-07-27 19:59:59.999,0.5000009347274954,0.5000000000001604
2018-07-28 19:59:59.999,0.5000251425371759,0.5000000000005664
2018-07-29 11:59:59.999,0.5003566939826384,0.5000000000014909
2018-07-30 07:59:59.999,0.6404150611354386,0.500000000002243
2018-07-30 23:59:59.999,0.7310583442502515,0.5000000000004468
2018-07-31 15:59:59.999,0.7310585786300049,0.5000000259713566
2018-07-31 23:59:59.999,0.7310585786300049,0.5000000059674741
2018-08-01 07:59:59.999,0.7310585786300049,0.5000000053910094
2018-08-01 15:59:59.999,0.7310585786300049,0.5000000001919629
2018-08-02 03:59:59.999,0.7310585786300049,0.5000000000059757
2018-08-02 19:59:59.999,0.7310585786300049,0.5000000000412768
2018-08-03 07:59:59.999,0.7310585786300049,0.5000000000360556
2018-08-03 23:59:59.999,0.7310585786300049,0.5000000000010758
2018-08-04 11:59:59.999,0.7310585786300049,0.5000000000028759
2018-08-04 19:59:59.999,0.7310585786300049,0.500000000198558
2018-08-05 07:59:59.999,0.7310585786300049,0.5000000000717167
2018-08-05 19:59:59.999,0.7310585786300049,0.5000000000023882
2018-08-06 11:59:59.999,0.7310585786300049,0.5000000000047404
2018-08-06 19:59:59.999,0.7310585786300049,0.500000000015353
2018-08-07 03:59:59.999,0.7310585786300049,0.5000000000250286
2018-08-07 19:59:59.999,0.7310585786300049,0.5000000000016925
2018-08-08 03:59:59.999,0.7310585786300049,0.5000000007771745
2018-08-08 11:59:59.999,0.7310585786300049,0.50000000006404
2018-08-08 19:59:59.999,0.7310585786300049,0.500000000131167
2018-08-09 03:59:59.999,0.7310585786300049,0.5000000000251837
2018-08-09 11:59:59.999,0.7310585786300049,0.500000000020392
2018-08-09 19:59:59.999,0.7310585786300049,0.5000000000001042
2018-08-10 07:59:59.999,0.7310585786300049,0.5000000000003456
2018-08-10 15:59:59.999,0.7310585786300049,0.5000000000000935
2018-08-10 23:59:59.999,0.7310585786300049,0.5000000000200844
2018-08-11 11:59:59.999,0.7310585786300049,0.5000000000120647
2018-08-11 23:59:59.999,0.7310585786300049,0.5000000000000866
2018-08-12 07:59:59.999,0.7310585786300049,0.5000000000000264
2018-08-12 19:59:59.999,0.7310585786300049,0.5000000000001114
2018-08-13 03:59:59.999,0.7310585786300049,0.5000000000000998
2018-08-13 15:59:59.999,0.7310585786300049,0.5000000000022103
2018-08-13 23:59:59.999,0.7310585786300049,0.5000000000041549
2018-08-14 07:59:59.999,0.7310585786300049,0.5000000000398288
2018-08-14 19:59:59.999,0.7310585786300049,0.5000000000020872
2018-08-15 07:59:59.999,0.7310585786300049,0.5000000000000023
2018-08-15 15:59:59.999,0.7310585786300049,0.5000000000000054
2018-08-15 23:59:59.999,0.7310585786300049,0.5000000000010504
2018-08-16 07:59:59.999,0.7310585786300049,0.5000000000000846
2018-08-16 19:59:59.999,0.7310585786300049,0.5000000000001378
2018-08-17 03:59:59.999,0.7310585551920353,0.5000000000001871
2018-08-17 15:59:59.999,0.7304097554921034,0.5000000000001518
2018-08-17 23:59:59.999,0.6255910053409895,0.5000000000000175
2018-08-18 07:59:59.999,0.5047998476556003,0.5000000000013741
2018-08-18 19:59:59.999,0.7305137076905162,0.5000000000107346
2018-08-19 03:59:59.999,0.7310584145641912,0.500000000015269
2018-08-19 23:59:59.999,0.7310585786300049,0.5000000000001028
2018-08-20 15:59:59.999,0.7310585786300049,0.5000000000010878
2018-08-21 03:59:59.999,0.7310585786300049,0.5000000000150484
2018-08-22 07:59:59.999,0.7308888421755336,0.5000000000000111
2018-08-22 19:59:59.999,0.7281155791565408,0.5000000000098774
2018-08-23 03:59:59.999,0.7310585551920353,0.5000000000084222
2018-08-23 23:59:59.999,0.7310585786300049,0.5000000000000979
2018-08-25 03:59:59.999,0.7288688430899242,0.5000000000000042
2018-08-26 07:59:59.999,0.5005261879218047,0.5000000000014119
2018-08-26 23:59:59.999,0.5306904063131382,0.5000000000002005
2018-08-27 19:59:59.999,0.6977572405387232,0.5000000000000425
2018-08-28 11:59:59.999,0.5000000379773013,0.5000000000000002
2018-08-29 03:59:59.999,0.5000000000000002,0.5000000000000047
2018-08-29 07:59:59.999,0.5000000000000002,0.5000000000000031
2018-08-29 11:59:59.999,0.5000000000000002,0.5000000000000016
2018-08-29 15:59:59.999,0.5000000000000001,0.5000000000008495
2018-08-29 19:59:59.999,0.5000000000000067,0.5000000000002919
2018-08-29 23:59:59.999,0.5000000000002276,0.5000000000000847
2018-08-30 15:59:59.999,0.5000110776809361,0.5000000000503247
2018-08-31 23:59:59.999,0.7301161165520088,0.5000000000001332
2018-09-01 19:59:59.999,0.5030535394211092,0.5000000000000004
2018-09-02 07:59:59.999,0.5000002838200146,0.5000000000000051
2018-09-02 15:59:59.999,0.5000000261627271,0.5000000000000189
2018-09-03 11:59:59.999,0.5000000042880566,0.5000000000001965
2018-09-04 03:59:59.999,0.5000006364746241,0.5000000000001015
2018-09-05 15:59:59.999,0.7308784666118386,0.5000000109706733
2018-09-05 23:59:59.999,0.7310585786300049,0.5000001409092363
2018-09-06 07:59:59.999,0.7310585786300049,0.5000000502598141
2018-09-06 15:59:59.999,0.7310585786300049,0.5000000021469777
2018-09-07 15:59:59.999,0.7310585786300049,0.5000000000736897
2018-09-08 19:59:59.999,0.7310585786300049,0.5000000007246345
2018-09-09 15:59:59.999,0.7310585786300049,0.5000000000000928
2018-09-10 03:59:59.999,0.7310585786300049,0.5000000000004348
2018-09-11 11:59:59.999,0.7310585786300049,0.5000000000054414
2018-09-11 19:59:59.999,0.7310585786300049,0.5000000000074035
2018-09-13 15:59:59.999,0.7310585786300049,0.5000000000000011
2018-09-14 15:59:59.999,0.731052508152759,0.5000000000000944
2018-09-15 03:59:59.999,0.731021955227539,0.5000000000001249
2018-09-16 03:59:59.999,0.7309625189925584,0.5000000000012687
2018-09-16 11:59:59.999,0.7310582504983141,0.5000000000002848
2018-09-17 19:59:59.999,0.7310585786300049,0.5000000058868248
2018-09-19 15:59:59.999,0.7310585786300049,0.5000000000020205
2018-09-19 23:59:59.999,0.7310585786300049,0.50000000000015
2018-09-21 11:59:59.999,0.7309975652229702,0.5
2018-09-22 07:59:59.999,0.500000001292922,0.5000000000000064
2018-09-23 19:59:59.999,0.5000523651649832,0.5000000000002067
2018-09-24 15:59:59.999,0.730532751507012,0.5000000000165633
2018-09-25 07:59:59.999,0.7310585786300049,0.5000000104573141
2018-09-25 19:59:59.999,0.7310585786300049,0.5000000018928663
2018-09-26 19:59:59.999,0.7310585786300049,0.5000000000009212
2018-09-28 03:59:59.999,0.7310585786300049,0.5000000000000021
2018-09-28 15:59:59.999,0.7310034841175345,0.5000000000001342
2018-09-28 23:59:59.999,0.7307620788532565,0.5000000000008348
2018-09-29 07:59:59.999,0.7310585317540645,0.5000000000078142
2018-09-29 19:59:59.999,0.7310585786300049,0.5000000000011756
2018-09-30 19:59:59.999,0.7310585786300049,0.5000000000005725
2018-10-02 23:59:59.999,0.7310585786300049,0.500000000065383
2018-10-07 15:59:59.999,0.7310585786300049,0.500000000001094
2018-10-10 11:59:59.999,0.7310585786300049,0.5000000000183362
2018-10-11 07:59:59.999,0.7310585786300049,0.5000002516638915
2018-10-12 03:59:59.999,0.7310585786300049,0.5000000003640336
2018-10-15 03:59:59.999,0.7310585786300049,0.5000000000004737
2018-10-15 11:59:59.999,0.7310181110524312,0.5
2018-10-15 19:59:59.999,0.5000000001421264,0.5000000000000979
2018-10-16 15:59:59.999,0.5000000000000469,0.5000000000017065
2018-10-16 19:59:59.999,0.500000000001112,0.5000000000010619
2018-10-17 15:59:59.999,0.5000001057042667,0.5000000000004766
2018-10-18 23:59:59.999,0.7310147356505351,0.5000000000397999
2018-10-20 07:59:59.999,0.7310585786300049,0.5000000000068926
2018-10-22 07:59:59.999,0.7310585786300049,0.5000000000006056
2018-10-23 15:59:59.999,0.7310585786300049,0.5000000000184199
2018-10-25 03:59:59.999,0.7310585786300049,0.5000000000836365
2018-10-29 15:59:59.999,0.7310585786300049,0.5000002239865609
2018-10-31 19:59:59.999,0.7310585786300049,0.5000000000111666
2018-11-03 15:59:59.999,0.7310585786300049,0.5000000000458606
2018-11-07 07:59:59.999,0.7310585786300049,0.5000000000000001
2018-11-08 23:59:59.999,0.7310585083160924,0.50000000001359
2018-11-11 19:59:59.999,0.7310585786300049,0.5000000000087396
2018-11-13 03:59:59.999,0.7310585786300049,0.5000000000019237
2018-11-14 15:59:59.999,0.7310585786300049,0.5000005351683399
2018-11-14 23:59:59.999,0.7310585786300049,0.50000022103319
2018-11-15 07:59:59.999,0.7310585786300049,0.5000000454578633
2018-11-15 15:59:59.999,0.7310585786300049,0.5000000004054378
2018-11-15 23:59:59.999,0.7310585786300049,0.5000000000075444
2018-11-16 11:59:59.999,0.7310585786300049,0.5000000000116198
2018-11-17 03:59:59.999,0.7310585786300049,0.5000000000418944
2018-11-17 15:59:59.999,0.7310585786300049,0.5000000000109411
2018-11-17 23:59:59.999,0.7310585786300049,0.5000000000048861
2018-11-18 15:59:59.999,0.7310585786300049,0.5000000000046846
2018-11-19 03:59:59.999,0.7310585786300049,0.5000000000280351
2018-11-19 11:59:59.999,0.7310585786300049,0.5000000042859631
2018-11-19 19:59:59.999,0.7310585786300049,0.5000000152506612
2018-11-20 03:59:59.999,0.7310585786300049,0.5000000008202293
2018-11-20 11:59:59.999,0.7310585786300049,0.5000000006959668
2018-11-20 19:59:59.999,0.7310585786300049,0.5000000000000363
2018-11-21 03:59:59.999,0.7310585786300049,0.5000000000000087
2018-11-21 11:59:59.999,0.7310585786300049,0.500000000000011
2018-11-21 19:59:59.999,0.7310585786300049,0.5000000000000387
2018-11-22 03:59:59.999,0.7310585786300049,0.500000000000009
2018-11-22 15:59:59.999,0.7310585786300049,0.5000000000000927
2018-11-22 23:59:59.999,0.7310585786300049,0.5000000000014772
2018-11-23 07:59:59.999,0.7310585786300049,0.500000000000696
2018-11-23 15:59:59.999,0.7310585786300049,0.5000000000002617
2018-11-23 23:59:59.999,0.7310585786300049,0.5000000000001783
2018-11-24 11:59:59.999,0.7310585786300049,0.5000000000010275
2018-11-24 23:59:59.999,0.7310585786300049,0.5000000006625287
2018-11-25 07:59:59.999,0.7310585786300049,0.500000000010519
2018-11-25 15:59:59.999,0.7310585786300049,0.5000000000024007
2018-11-25 23:59:59.999,0.7310585786300049,0.5000000000000084
2018-11-26 07:59:59.999,0.7310585786300049,0.5000000000000316
2018-11-26 15:59:59.999,0.7310585786300049,0.5000000000035792
2018-11-26 23:59:59.999,0.7310585786300049,0.5000000000009065
2018-11-27 07:59:59.999,0.7310585786300049,0.5000000000005559
2018-11-27 15:59:59.999,0.7310585786300049,0.5000000000012417
2018-11-28 03:59:59.999,0.7310585786300049,0.5000000000000293
2018-11-28 11:59:59.999,0.7310585786300049,0.500000000000004
2018-11-28 19:59:59.999,0.7310585786300049,0.5000000000000003
2018-11-29 03:59:59.999,0.7310585786300049,0.5000000000001545
2018-11-29 11:59:59.999,0.7310585786300049,0.5000000000000063
2018-11-29 19:59:59.999,0.7309492147348766,0.50000000000046
2018-11-30 03:59:59.999,0.7156379975961112,0.5000000000002761
2018-11-30 11:59:59.999,0.7310035778815385,0.5000000000895587
2018-11-30 19:59:59.999,0.7310585786300049,0.5000000000183997
2018-12-01 03:59:59.999,0.7310585786300049,0.5000000000103001
2018-12-01 11:59:59.999,0.7310585786300049,0.5000000000000956
2018-12-01 19:59:59.999,0.7310585786300049,0.5000000000000211
2018-12-02 03:59:59.999,0.7310585786300049,0.5000000000003157
2018-12-02 11:59:59.999,0.7310585786300049,0.5000000000014527
2018-12-02 19:59:59.999,0.7310585786300049,0.5000000000005745
2018-12-03 03:59:59.999,0.7310585786300049,0.500000000051353
2018-12-03 19:59:59.999,0.7310585786300049,0.5000000005947314
2018-12-04 07:59:59.999,0.7310585786300049,0.5000000000002093
2018-12-04 19:59:59.999,0.7310585786300049,0.500000000002813
2018-12-05 03:59:59.999,0.7310585786300049,0.5000000000238192
2018-12-05 19:59:59.999,0.7310585786300049,0.5000000001052717
2018-12-06 03:59:59.999,0.7310585786300049,0.5000000000656213
2018-12-06 11:59:59.999,0.7310585786300049,0.5000000000046042
2018-12-06 19:59:59.999,0.7310585786300049,0.5000000000709355
2018-12-07 03:59:59.999,0.7310585786300049,0.5000000043584758
2018-12-07 15:59:59.999,0.7310585786300049,0.5000000006297607
2018-12-07 23:59:59.999,0.7310585786300049,0.5000000000030463
2018-12-08 07:59:59.999,0.7310585786300049,0.5000000000013255
2018-12-08 15:59:59.999,0.7310585786300049,0.5000000000069689
2018-12-08 23:59:59.999,0.7310585786300049,0.5000000000012679
2018-12-09 07:59:59.999,0.7310585786300049,0.5000000000018894
2018-12-09 19:59:59.999,0.7310585786300049,0.5000000000000124
2018-12-10 03:59:59.999,0.7310585786300049,0.5000000000000985
2018-12-10 11:59:59.999,0.7310585786300049,0.5000000000006061
2018-12-10 19:59:59.999,0.7310585786300049,0.5000000000294009
2018-12-11 03:59:59.999,0.7310585786300049,0.5000000000132807
2018-12-11 11:59:59.999,0.7310585786300049,0.5000000000326695
2018-12-11 23:59:59.999,0.7310585786300049,0.5000000000143171
2018-12-12 23:59:59.999,0.7310585786300049,0.5000000000005924
2018-12-13 07:59:59.999,0.7310585786300049,0.5000000000076146
2018-12-13 23:59:59.999,0.7310585786300049,0.5000000004751752
2018-12-14 07:59:59.999,0.7310585786300049,0.5000000001173378
2018-12-14 19:59:59.999,0.7310585786300049,0.5000000030142868
2018-12-15 03:59:59.999,0.7310585786300049,0.5000000000949765
2018-12-15 15:59:59.999,0.7310585786300049,0.500000002950358
2018-12-16 07:59:59.999,0.7310585786300049,0.5000000000032984
2018-12-16 19:59:59.999,0.7310585786300049,0.5000000000024156
2018-12-17 15:59:59.999,0.7310585786300049,0.5000000000000002
2018-12-17 23:59:59.999,0.7310585786300049,0.5000000000000001
2018-12-18 07:59:59.999,0.7310470704316487,0.5000000000000011
2018-12-18 15:59:59.999,0.7279890461414896,0.500000000000003
2018-12-19 03:59:59.999,0.5000712291070797,0.5
2018-12-19 11:59:59.999,0.5000000001099455,0.5000000000000001
2018-12-19 19:59:59.999,0.5000000000000131,0.5000000000000051
2018-12-20 03:59:59.999,0.5000000000000646,0.5000000000001047
2018-12-20 07:59:59.999,0.5000000000002756,0.5000000000000457
2018-12-20 15:59:59.999,0.5,0.5000000000000009
2018-12-20 19:59:59.999,0.5,0.5000000000000009
2018-12-20 23:59:59.999,0.5,0.5000000000000008
2018-12-21 03:59:59.999,0.5,0.5000000000000046
2018-12-21 07:59:59.999,0.5,0.5000000000000272
2018-12-21 11:59:59.999,0.5,0.5000000000000194
2018-12-21 15:59:59.999,0.5,0.5000000000002242
2018-12-21 19:59:59.999,0.5,0.5000000000500603
2018-12-21 23:59:59.999,0.5,0.5000000000090977
2018-12-22 03:59:59.999,0.5000000000000094,0.5000000000112298
2018-12-22 07:59:59.999,0.5000000000088539,0.5000000000037966
2018-12-22 19:59:59.999,0.5000032632235615,0.5000000000005012
2018-12-23 03:59:59.999,0.5000079429455575,0.5000000000000228
2018-12-23 15:59:59.999,0.500001947206556,0.5000000000013503
2018-12-23 23:59:59.999,0.5005471123876424,0.5000000000004128
2018-12-24 07:59:59.999,0.5000004084387513,0.5000000000000016
2018-12-24 15:59:59.999,0.500000001657838,0.5000000000009435
2018-12-24 23:59:59.999,0.5000008803896208,0.5000000000009616
2018-12-25 07:59:59.999,0.7310032731484498,0.5000000003094065
2018-12-25 15:59:59.999,0.7310585786300049,0.5000000003012256
2018-12-25 23:59:59.999,0.7310585786300049,0.5000000000121475
2018-12-26 11:59:59.999,0.7310585786300049,0.5000000000111113
2018-12-26 19:59:59.999,0.7310585786300049,0.5000000000010275
2018-12-27 07:59:59.999,0.7310585786300049,0.5000000000040377
2018-12-27 23:59:59.999,0.7310585786300049,0.5000000003322951
2018-12-28 19:59:59.999,0.7310585786300049,0.5000000000000044
2018-12-29 03:59:59.999,0.7310585786300049,0.5000000000000109
2018-12-29 15:59:59.999,0.7310585786300049,0.5000000000000728
2018-12-29 23:59:59.999,0.7310585786300049,0.5000000000187175
2018-12-30 15:59:59.999,0.7310585786300049,0.5000000000005238
2018-12-30 23:59:59.999,0.7310585786300049,0.5000000000001277
2018-12-31 07:59:59.999,0.7310585786300049,0.5000000000013524
2018-12-31 15:59:59.999,0.7310585786300049,0.5000000000011096
2018-12-31 23:59:59.999,0.7310585786300049,0.5000000000076377
2019-01-01 19:59:59.999,0.7310585786300049,0.5000000000049932
2019-01-02 03:59:59.999,0.7310585786300049,0.5000000000000661
2019-01-03 23:59:59.999,0.7310585786300049,0.5000000000030563
2019-01-04 19:59:59.999,0.7310585786300049,0.5000000000105739
2019-01-06 23:59:59.999,0.7310585786300049,0.5000000000000001
2019-01-07 15:59:59.999,0.7220170420496411,0.5000000000000029
2019-01-08 23:59:59.999,0.7252310708024343,0.5000000000001681
2019-01-09 19:59:59.999,0.7310515940579488,0.500000000000057
2019-01-10 11:59:59.999,0.7310585786300049,0.5000000219489333
2019-01-10 23:59:59.999,0.7310585786300049,0.500000151876705
2019-01-11 15:59:59.999,0.7310585786300049,0.5000000167611756
2019-01-12 03:59:59.999,0.7310585786300049,0.5000000026050428
2019-01-12 19:59:59.999,0.7310585786300049,0.5000000008043002
2019-01-13 23:59:59.999,0.7310585786300049,0.5000000393518356
2019-01-14 19:59:59.999,0.7310585786300049,0.5000000000000214
2019-01-15 15:59:59.999,0.7310585786300049,0.5000000000018402
2019-01-16 03:59:59.999,0.7310585786300049,0.5000000000071738
2019-01-16 23:59:59.999,0.7310585786300049,0.5000000000009744
2019-01-17 15:59:59.999,0.7310585786300049,0.5000000000004643
2019-01-18 03:59:59.999,0.7310585786300049,0.5000000000005439
2019-01-19 15:59:59.999,0.7310585786300049,0.5000000000000006
2019-01-20 15:59:59.999,0.7310585786300049,0.5000000022372053
2019-01-22 11:59:59.999,0.7310585786300049,0.5000000000170057
2019-01-23 23:59:59.999,0.7310585786300049,0.500000000002549
2019-01-25 11:59:59.999,0.7310585786300049,0.5000000000115206
2019-01-26 11:59:59.999,0.7310585786300049,0.5000000000001021
2019-01-27 15:59:59.999,0.7310585786300049,0.5000000000026614
2019-01-28 07:59:59.999,0.7310585786300049,0.5000000085047045
2019-01-28 19:59:59.999,0.7310585786300049,0.5000000138590828
2019-01-29 11:59:59.999,0.7310585786300049,0.5000000056268981
2019-01-31 07:59:59.999,0.7310585786300049,0.5000000000001167
2019-01-31 15:59:59.999,0.7310585786300049,0.5000000000092519
2019-02-03 23:59:59.999,0.7310585786300049,0.5000000000015026
2019-02-06 07:59:59.999,0.7310585786300049,0.5000000001511095
2019-02-08 07:59:59.999,0.7310585786300049,0.500000000259128
2019-02-08 19:59:59.999,0.7310585786300049,0.5
2019-02-09 03:59:59.999,0.7310585786300049,0.5
2019-02-11 07:59:59.999,0.730247040315945,0.5000000000000433
2019-02-14 15:59:59.999,0.7310585786300049,0.5000000000023118
2019-02-15 19:59:59.999,0.7310585786300049,0.500000000003142
2019-02-18 07:59:59.999,0.7310585786300049,0.5
2019-02-18 19:59:59.999,0.7310585786300049,0.5
2019-02-19 07:59:59.999,0.7170029077861827,0.5
2019-02-20 03:59:59.999,0.5000042552010199,0.5000000000000013
2019-02-21 15:59:59.999,0.5143672312719701,0.5000000000000204
2019-02-23 23:59:59.999,0.7310582036223375,0.5
2019-02-24 19:59:59.999,0.7308603058361375,0.5000000061219594
2019-02-25 19:59:59.999,0.7310585786300049,0.5000000000019824
2019-02-26 11:59:59.999,0.7310585786300049,0.5000000000119709
2019-02-28 03:59:59.999,0.7310585786300049,0.5000000000063399
2019-02-28 23:59:59.999,0.7310585786300049,0.5000000000089999
2019-03-02 11:59:59.999,0.7310585786300049,0.500000000004308
2019-03-04 11:59:59.999,0.7310585786300049,0.5000000735765582
2019-03-05 19:59:59.999,0.7310585786300049,0.5000000000000003
2019-03-06 15:59:59.999,0.7310585786300049,0.5000000000000024
2019-03-07 11:59:59.999,0.7310585786300049,0.5000000000000129
2019-03-09 03:59:59.999,0.7310585786300049,0.5000000000002169
2019-03-11 11:59:59.999,0.7310585786300049,0.5000000000133583
2019-03-14 19:59:59.999,0.7310585786300049,0.5000000000009607
2019-03-16 07:59:59.999,0.7310585786300049,0.5
2019-03-21 19:59:59.999,0.7310585786300049,0.5000000000193464
2019-03-25 23:59:59.999,0.7310585786300049,0.5000000013707832
2019-03-29 11:59:59.999,0.7310585786300049,0.5
2019-03-30 11:59:59.999,0.7310585786300049,0.5000000000000036
2019-04-02 11:59:59.999,0.5000071389354157,0.5
2019-04-02 19:59:59.999,0.5,0.5
2019-04-03 03:59:59.999,0.5,0.5
2019-04-03 11:59:59.999,0.5,0.5000000000000002
2019-04-03 15:59:59.999,0.5,0.5000000000000002
2019-04-03 19:59:59.999,0.5,0.5000000000000001
2019-04-03 23:59:59.999,0.5,0.5000000000005626
2019-04-04 03:59:59.999,0.5,0.5000000000003832
2019-04-04 07:59:59.999,0.5,0.5000000000001009
2019-04-04 11:59:59.999,0.5,0.5000000000004579
2019-04-04 15:59:59.999,0.5,0.5000000000002827
2019-04-04 19:59:59.999,0.5,0.5000000000854039
2019-04-04 23:59:59.999,0.5,0.5000000000066086
2019-04-05 03:59:59.999,0.5,0.5000000000047327
2019-04-05 07:59:59.999,0.5,0.5000000000009922
2019-04-05 11:59:59.999,0.5,0.5000000000003212
2019-04-05 15:59:59.999,0.5,0.5000000000005309
2019-04-05 19:59:59.999,0.5,0.5000000000002953
2019-04-05 23:59:59.999,0.5,0.5000000000001238
2019-04-06 03:59:59.999,0.5,0.5000000000001746
2019-04-06 07:59:59.999,0.5,0.5000000000001937
2019-04-06 11:59:59.999,0.5,0.5000000000001935
2019-04-06 15:59:59.999,0.5000000000000001,0.5000000000000084
2019-04-06 19:59:59.999,0.5000000000000001,0.5000000000000033
2019-04-06 23:59:59.999,0.5,0.5000000000003724
2019-04-07 03:59:59.999,0.5000000000000001,0.5000000000000495
2019-04-07 07:59:59.999,0.5000000000000001,0.5000000000000325
2019-04-07 11:59:59.999,0.5000000000000002,0.5000000000000852
2019-04-07 15:59:59.999,0.5000000000000022,0.5000000000000618
2019-04-07 19:59:59.999,0.5000000000000224,0.5000000000000506
2019-04-07 23:59:59.999,0.5000000000001364,0.5000000000000111
2019-04-08 11:59:59.999,0.5000000000001216,0.5000000000137927
2019-04-08 15:59:59.999,0.5000000000216355,0.500000000000131
2019-04-09 03:59:59.999,0.500000000197112,0.500000000001165
2019-04-09 11:59:59.999,0.5000001677331056,0.5000000000008591
2019-04-10 23:59:59.999,0.5000876499971244,0.5000000000000151
2019-04-11 07:59:59.999,0.5106008304414809,0.5000000000059824
2019-04-11 15:59:59.999,0.73105801611838,0.5000000002391725
2019-04-12 03:59:59.999,0.7310585786300049,0.5000000000541492
2019-04-15 03:59:59.999,0.7310585786300049,0.5000000000000075
2019-04-15 23:59:59.999,0.7310585786300049,0.5000000000179963
2019-04-16 19:59:59.999,0.7310585786300049,0.5000000000000063
2019-04-17 07:59:59.999,0.7310585786300049,0.5000000000000066
2019-04-19 07:59:59.999,0.7310010462461781,0.5000000000000806
2019-04-20 03:59:59.999,0.731055859816928,0.500000000000007
2019-04-20 15:59:59.999,0.7310519221947733,0.5000000000000097
2019-04-21 15:59:59.999,0.7310581567463559,0.5000000000022762
2019-04-22 23:59:59.999,0.7310585786300049,0.500000000000001
2019-04-23 11:59:59.999,0.7309258756010405,0.5
2019-04-24 03:59:59.999,0.5000231791454841,0.5000000000000012
2019-04-24 11:59:59.999,0.5000442494018652,0.5000000000061061
2019-04-24 23:59:59.999,0.7149762308170642,0.5000000000008242
2019-04-26 03:59:59.999,0.7310585786300049,0.5000000000052908
2019-04-26 23:59:59.999,0.7310585786300049,0.5000000000020104
2019-04-29 19:59:59.999,0.7310585786300049,0.5000000000354711
2019-05-01 23:59:59.999,0.7310585786300049,0.5000000000000053
2019-05-03 07:59:59.999,0.6906354125665551,0.5
2019-05-03 15:59:59.999,0.5000001058384314,0.5
2019-05-04 11:59:59.999,0.5000000000000001,0.500000000000001
2019-05-04 15:59:59.999,0.5,0.5000000000063217
2019-05-04 19:59:59.999,0.5000000000000278,0.500000000000912
2019-05-04 23:59:59.999,0.5000000000003612,0.5000000000000122
2019-05-05 11:59:59.999,0.5000000000040334,0.500000000000228
2019-05-06 07:59:59.999,0.5000143678334968,0.5000000000461993
2019-05-07 07:59:59.999,0.500247883531911,0.5000000000000064
2019-05-07 19:59:59.999,0.5000002177884539,0.5000000000000285
2019-05-08 03:59:59.999,0.5000032213456506,0.5000000000002716
2019-05-09 07:59:59.999,0.5000001805550625,0.5000000000000006
2019-05-10 07:59:59.999,0.5000000000000001,0.5000000000000001
2019-05-10 15:59:59.999,0.5,0.5000000000000017
2019-05-10 19:59:59.999,0.5,0.5000000000000008
2019-05-10 23:59:59.999,0.5,0.5000000000000072
2019-05-11 03:59:59.999,0.5,0.5000000000000004
2019-05-11 07:59:59.999,0.5,0.5000000000000001
2019-05-11 11:59:59.999,0.5,0.5000000000000024
2019-05-11 15:59:59.999,0.5,0.5000000000000014
2019-05-11 19:59:59.999,0.5,0.5000000000000037
2019-05-11 23:59:59.999,0.5,0.5000000000000023
2019-05-12 03:59:59.999,0.5,0.5000000000000034
2019-05-12 07:59:59.999,0.5,0.5000000000000037
2019-05-12 11:59:59.999,0.5,0.5000000000498708
2019-05-12 15:59:59.999,0.5,0.500000014641933
2019-05-12 19:59:59.999,0.5,0.5000000008939444
2019-05-12 23:59:59.999,0.5,0.5000000013817663
2019-05-13 03:59:59.999,0.5,0.5000000003971669
2019-05-13 07:59:59.999,0.5,0.5000000002250369
2019-05-13 11:59:59.999,0.5,0.5000000000233643
2019-05-13 15:59:59.999,0.5,0.5000000000017283
2019-05-13 19:59:59.999,0.5,0.5000000000059527
2019-05-13 23:59:59.999,0.5,0.5000000000474866
2019-05-14 03:59:59.999,0.5,0.5000000000519778
2019-05-14 07:59:59.999,0.5,0.5000000000425889
2019-05-14 11:59:59.999,0.5,0.5000000084431244
2019-05-14 15:59:59.999,0.5,0.5000000400142532
2019-05-14 19:59:59.999,0.5,0.5000003047305484
2019-05-14 23:59:59.999,0.5,0.5000000328638272
2019-05-15 02:59:59.999,0.5,0.5000000195446219
2019-05-15 15:59:59.999,0.5,0.5000000082476816
2019-05-15 19:59:59.999,0.5,0.5000000019687463
2019-05-15 23:59:59.999,0.5,0.5000000017235007
2019-05-16 03:59:59.999,0.5,0.5000000009290144
2019-05-16 07:59:59.999,0.5,0.5000000191615879
2019-05-16 11:59:59.999,0.5,0.5000000494387216
2019-05-16 15:59:59.999,0.5,0.5000000042145207
2019-05-16 19:59:59.999,0.5,0.5000000115305694
2019-05-16 23:59:59.999,0.5,0.5000000031203149
2019-05-17 03:59:59.999,0.5,0.5000001577479338
2019-05-17 07:59:59.999,0.5,0.5000000184032487
2019-05-17 11:59:59.999,0.5000000312736184,0.5000000060034813
2019-05-17 19:59:59.999,0.7310585786300049,0.5000000000912639
2019-05-18 03:59:59.999,0.7310585786300049,0.5000000000010509
2019-05-18 11:59:59.999,0.7310585786300049,0.5000000000010241
2019-05-18 23:59:59.999,0.7310585786300049,0.5000000000008167
2019-05-19 07:59:59.999,0.7310585786300049,0.5000000000000033
2019-05-19 19:59:59.999,0.5000000001336535,0.500000000000095
2019-05-20 03:59:59.999,0.5,0.5000000000008069
2019-05-20 07:59:59.999,0.5,0.5000000000142594
2019-05-20 11:59:59.999,0.5,0.500000000019054
2019-05-20 15:59:59.999,0.5,0.5000000000136462
2019-05-20 19:59:59.999,0.5000000000000011,0.500000000016979
2019-05-20 23:59:59.999,0.5000000000000039,0.5000000000018371
2019-05-21 03:59:59.999,0.5000000000000111,0.5000000000045485
2019-05-21 07:59:59.999,0.5000000000001013,0.5000000000034599
2019-05-21 11:59:59.999,0.5000000000029527,0.5000000000072898
2019-05-21 15:59:59.999,0.5000000000627253,0.5000000000026363
2019-05-22 03:59:59.999,0.5000000028815403,0.5000000000028023
2019-05-22 15:59:59.999,0.5001335655947576,0.5000000000006215
2019-05-23 03:59:59.999,0.7310578286143397,0.5000000000481972
2019-05-23 15:59:59.999,0.7310585786300049,0.5000000000005596
2019-05-23 23:59:59.999,0.7310585786300049,0.5000000000000913
2019-05-24 19:59:59.999,0.7264352509573847,0.5000000000000291
2019-05-25 03:59:59.999,0.5501692219779301,0.5000000000002082
2019-05-25 19:59:59.999,0.5007436473143635,0.5000000000009027
2019-05-26 07:59:59.999,0.5201090695697537,0.5000000000010437
2019-05-26 15:59:59.999,0.7247548012149969,0.5000000000005465
2019-05-26 23:59:59.999,0.5000000000000072,0.5000000000000003
2019-05-27 07:59:59.999,0.5,0.5000000000000026
2019-05-27 11:59:59.999,0.5,0.5000000000000082
2019-05-27 15:59:59.999,0.5,0.5000000000000067
2019-05-27 19:59:59.999,0.5,0.5000000000000443
2019-05-27 23:59:59.999,0.5,0.5000000000000734
2019-05-28 03:59:59.999,0.5,0.5000000000000739
2019-05-28 07:59:59.999,0.5,0.5000000000003629
2019-05-28 11:59:59.999,0.5,0.5000000000002313
2019-05-28 15:59:59.999,0.5,0.5000000000013098
2019-05-28 19:59:59.999,0.5,0.5000000000007186
2019-05-28 23:59:59.999,0.5,0.5000000000002792
2019-05-29 03:59:59.999,0.5,0.5000000000036542
2019-05-29 07:59:59.999,0.5,0.5000000000735605
2019-05-29 11:59:59.999,0.5,0.5000000000054118
2019-05-29 15:59:59.999,0.5,0.500000000000876
2019-05-29 19:59:59.999,0.5,0.5000000000007229
2019-05-29 23:59:59.999,0.5,0.5000000000017941
2019-05-30 03:59:59.999,0.5,0.5000000000005977
2019-05-30 07:59:59.999,0.5000000000000001,0.5000000000002357
2019-05-30 11:59:59.999,0.5000000000000018,0.5000000000000917
2019-05-30 15:59:59.999,0.5000000000000001,0.5000000000000014
2019-05-30 19:59:59.999,0.5,0.5000000000482272
2019-05-30 23:59:59.999,0.5000000005540451,0.500000007328997
2019-05-31 03:59:59.999,0.634605587481694,0.5000000016156054
2019-05-31 11:59:59.999,0.7310585786300049,0.5000000000980299
2019-06-01 03:59:59.999,0.7310585786300049,0.5000000000001514
2019-06-02 19:59:59.999,0.7302780714421567,0.500000000000114
2019-06-03 07:59:59.999,0.7287131789354481,0.50000000008464
2019-06-03 19:59:59.999,0.7310585786300049,0.5000000000009829
2019-06-04 03:59:59.999,0.7310585786300049,0.5000000036995476
2019-06-04 11:59:59.999,0.7310585786300049,0.5000000000540391
2019-06-04 19:59:59.999,0.7310585786300049,0.5000000001735809
2019-06-05 03:59:59.999,0.7310585786300049,0.5000000000003534
2019-06-05 11:59:59.999,0.7310585786300049,0.500000000000272
2019-06-05 19:59:59.999,0.7310585786300049,0.5000000000000295
2019-06-06 03:59:59.999,0.7310585786300049,0.5000000000000124
2019-06-06 19:59:59.999,0.7310585786300049,0.5000000000007525
2019-06-07 07:59:59.999,0.7310585786300049,0.5000000000000023
2019-06-07 23:59:59.999,0.7310585786300049,0.5000000000000168
2019-06-08 11:59:59.999,0.7310585786300049,0.5000000000000526
2019-06-08 19:59:59.999,0.7310585786300049,0.5000000000037033
2019-06-09 19:59:59.999,0.7310585786300049,0.5000000000098218
2019-06-10 03:59:59.999,0.7310585786300049,0.5000000000143114
2019-06-10 15:59:59.999,0.7310585786300049,0.5000000000000224
2019-06-11 07:59:59.999,0.7310585786300049,0.5000000000003719
2019-06-11 15:59:59.999,0.7310585786300049,0.500000000009142
2019-06-12 07:59:59.999,0.7310585786300049,0.5000000000000673
2019-06-12 19:59:59.999,0.7310000148348623,0.5000000000000081
2019-06-14 19:59:59.999,0.5000000000008143,0.5000000000000009
2019-06-15 03:59:59.999,0.5,0.5000000000000011
2019-06-15 07:59:59.999,0.5,0.5000000000000009
2019-06-15 11:59:59.999,0.5,0.5000000000000044
2019-06-15 15:59:59.999,0.5,0.5000000000000014
2019-06-15 19:59:59.999,0.5,0.5000000000000013
2019-06-15 23:59:59.999,0.5,0.500000000000002
2019-06-16 03:59:59.999,0.5,0.5000000000000007
2019-06-16 07:59:59.999,0.5,0.5000000000000004
2019-06-16 11:59:59.999,0.5,0.5000000000002484
2019-06-16 15:59:59.999,0.5,0.5000000000001471
2019-06-16 19:59:59.999,0.5,0.5000000002277143
2019-06-16 23:59:59.999,0.5,0.5000000000851057
2019-06-17 03:59:59.999,0.5,0.5000000000084929
2019-06-17 07:59:59.999,0.5,0.5000000000108208
2019-06-17 11:59:59.999,0.5,0.5000000000028684
2019-06-17 15:59:59.999,0.5,0.5000000000259296
2019-06-17 19:59:59.999,0.5,0.5000000000061061
2019-06-17 23:59:59.999,0.5,0.5000000000042157
2019-06-18 03:59:59.999,0.5,0.5000000000245293
2019-06-18 07:59:59.999,0.5,0.5000000004465357
2019-06-18 11:59:59.999,0.5,0.5000000000593254
2019-06-18 15:59:59.999,0.5,0.500000000201368
2019-06-18 19:59:59.999,0.5,0.5000000001173197
2019-06-18 23:59:59.999,0.5,0.5000000000484816
2019-06-19 03:59:59.999,0.5,0.5000000000099722
2019-06-19 07:59:59.999,0.5,0.5000000000039682
2019-06-19 11:59:59.999,0.5,0.5000000000069841
2019-06-19 15:59:59.999,0.5,0.5000000000161131
2019-06-19 19:59:59.999,0.5,0.5000000000039211
2019-06-19 23:59:59.999,0.5,0.5000000000003172
2019-06-20 03:59:59.999,0.5,0.5000000000001027
2019-06-20 07:59:59.999,0.5,0.5000000000013126
2019-06-20 11:59:59.999,0.5,0.5000000000010637
2019-06-20 15:59:59.999,0.5,0.500000000000108
2019-06-20 19:59:59.999,0.5,0.5000000000000259
2019-06-20 23:59:59.999,0.5,0.5000000000000303
2019-06-21 03:59:59.999,0.5,0.5000000000000041
2019-06-21 07:59:59.999,0.5,0.5000000000000241
2019-06-21 11:59:59.999,0.5,0.5000000000000175
2019-06-21 15:59:59.999,0.5,0.5000000000000584
2019-06-21 19:59:59.999,0.5,0.50000000000003
2019-06-21 23:59:59.999,0.5,0.5000000000000088
2019-06-22 03:59:59.999,0.5,0.5000000000000082
2019-06-22 07:59:59.999,0.5,0.5000000000000455
2019-06-22 11:59:59.999,0.5,0.5000000000001849
2019-06-22 15:59:59.999,0.5,0.5000000000046364
2019-06-22 19:59:59.999,0.5,0.5000000001496795
2019-06-22 23:59:59.999,0.5,0.5000000001322716
2019-06-23 03:59:59.999,0.5,0.5000000000964946
2019-06-23 07:59:59.999,0.5,0.5000000003496979
2019-06-23 11:59:59.999,0.5,0.5000000017492433
2019-06-23 15:59:59.999,0.5,0.5000000003047759
2019-06-23 19:59:59.999,0.5,0.5000000000708742
2019-06-23 23:59:59.999,0.5,0.5000000021635731
2019-06-24 03:59:59.999,0.5,0.5000000370349547
2019-06-24 07:59:59.999,0.5,0.5000000056596625
2019-06-24 11:59:59.999,0.5,0.5000000010750435
2019-06-24 15:59:59.999,0.5,0.5000000006706722
2019-06-24 19:59:59.999,0.5,0.5000000003535394
2019-06-24 23:59:59.999,0.5,0.5000000000838886
2019-06-25 03:59:59.999,0.5,0.5000000000284449
2019-06-25 07:59:59.999,0.5,0.5000000000089984
2019-06-25 11:59:59.999,0.5,0.5000000000104963
2019-06-25 15:59:59.999,0.5,0.5000000000284872
2019-06-25 19:59:59.999,0.5,0.5000000000211371
2019-06-25 23:59:59.999,0.5,0.5000000000035788
2019-06-26 03:59:59.999,0.5,0.5000000000050737
2019-06-26 07:59:59.999,0.5,0.5000000000300484
2019-06-26 11:59:59.999,0.5,0.5000000002165641
2019-06-26 15:59:59.999,0.5,0.500000001320723
2019-06-26 19:59:59.999,0.5,0.5000000491475447
2019-06-26 23:59:59.999,0.5,0.508824878264921
2019-06-27 03:59:59.999,0.5,0.5209185214572708
2019-06-27 07:59:59.999,0.5,0.6138697999683935
2019-06-27 11:59:59.999,0.5,0.5552360655820746
2019-06-27 15:59:59.999,0.5,0.5216525330288085
2019-06-27 19:59:59.999,0.5,0.5035186513600467
2019-06-27 23:59:59.999,0.5,0.5000055087707549
2019-06-28 03:59:59.999,0.5,0.5000001402552385
2019-06-28 07:59:59.999,0.5,0.500000007100879
2019-06-28 11:59:59.999,0.5,0.5000000001215184
2019-06-28 15:59:59.999,0.5,0.5000000003550227
2019-06-28 19:59:59.999,0.5,0.5000000001295173
2019-06-28 23:59:59.999,0.5,0.500000000269881
2019-06-29 03:59:59.999,0.5,0.5000000050267182
2019-06-29 07:59:59.999,0.5,0.5000000004017443
2019-06-29 11:59:59.999,0.5,0.5000000001259144
2019-06-29 15:59:59.999,0.5,0.5000000001238545
2019-06-29 19:59:59.999,0.5,0.5000000000835506
2019-06-29 23:59:59.999,0.5000000000000553,0.5000000000459952
2019-06-30 03:59:59.999,0.5000000000000034,0.5000000000122358
2019-06-30 07:59:59.999,0.5000000013068682,0.500000000077196
2019-06-30 15:59:59.999,0.7310585786300049,0.5000000000467344
2019-06-30 23:59:59.999,0.7310585786300049,0.5000000000018796
2019-07-01 07:59:59.999,0.7310585786300049,0.5000000000000292
2019-07-01 15:59:59.999,0.7310585786300049,0.5000000000000155
2019-07-01 23:59:59.999,0.7310585786300049,0.5
2019-07-02 07:59:59.999,0.7310585786300049,0.5
2019-07-02 15:59:59.999,0.7310585786300049,0.5
2019-07-02 23:59:59.999,0.7310585786300049,0.5
2019-07-03 07:59:59.999,0.7310585786300049,0.5
2019-07-03 15:59:59.999,0.7310585786300049,0.5000000000000006
2019-07-03 23:59:59.999,0.7310585786300049,0.5000000000000042
2019-07-04 07:59:59.999,0.5000000000360124,0.5000000000020358
2019-07-04 15:59:59.999,0.5,0.5000000000094763
2019-07-04 19:59:59.999,0.5,0.5000000000118343
2019-07-04 23:59:59.999,0.5,0.5000000006535834
2019-07-05 03:59:59.999,0.500000000092602,0.5000000001444117
2019-07-05 07:59:59.999,0.604490456562709,0.5000000000911778
2019-07-05 15:59:59.999,0.7310585551920353,0.5000000000030723
2019-07-05 23:59:59.999,0.7310585786300049,0.5000000000049415
2019-07-06 07:59:59.999,0.7310585786300049,0.500000000000415
2019-07-07 03:59:59.999,0.7310585317540645,0.5000000000096081
2019-07-07 15:59:59.999,0.7310585786300049,0.5000000000020455
2019-07-08 07:59:59.999,0.7310575239200979,0.5000000000007966
2019-07-08 15:59:59.999,0.5000000000109464,0.5000000000003428
2019-07-08 23:59:59.999,0.5,0.5000000000007563
2019-07-09 03:59:59.999,0.5,0.5000000000008678
2019-07-09 07:59:59.999,0.5,0.5000000000858383
2019-07-09 11:59:59.999,0.5,0.5000000010085971
2019-07-09 15:59:59.999,0.5,0.5000000007383602
2019-07-09 19:59:59.999,0.5,0.5000000004436366
2019-07-09 23:59:59.999,0.5,0.5000000005400784
2019-07-10 03:59:59.999,0.5,0.5000000001894791
2019-07-10 07:59:59.999,0.5,0.5000000022136561
2019-07-10 11:59:59.999,0.5,0.5000000025827598
2019-07-10 15:59:59.999,0.5,0.5000009102360536
2019-07-10 19:59:59.999,0.5,0.5000011294446267
2019-07-10 23:59:59.999,0.5,0.5000000955695612
2019-07-11 03:59:59.999,0.5,0.5000001253100663
2019-07-11 07:59:59.999,0.5,0.5000000137481599
2019-07-11 11:59:59.999,0.5000001185245893,0.5000000010072475
2019-07-11 19:59:59.999,0.7310585786300049,0.5000000000196767
2019-07-12 03:59:59.999,0.7310585786300049,0.5000000000068424
2019-07-12 11:59:59.999,0.7310585786300049,0.5000000000000331
2019-07-12 19:59:59.999,0.7310585786300049,0.5000000000000318
2019-07-13 07:59:59.999,0.7310585786300049,0.5000000000001422
2019-07-13 15:59:59.999,0.7310585786300049,0.5000000000000548
2019-07-13 23:59:59.999,0.7310585786300049,0.5000000000000203
2019-07-14 11:59:59.999,0.7310585786300049,0.5000000000003596
2019-07-14 19:59:59.999,0.7310585786300049,0.5000000000000117
2019-07-15 03:59:59.999,0.7310585786300049,0.5000000000000009
2019-07-15 11:59:59.999,0.7310585786300049,0.5000000000000001
2019-07-15 19:59:59.999,0.7310585786300049,0.5
2019-07-16 03:59:59.999,0.7310585786300049,0.5000000000000001
2019-07-16 11:59:59.999,0.7310585786300049,0.5000000000000007
2019-07-16 19:59:59.999,0.7310585786300049,0.50000000000012
2019-07-17 03:59:59.999,0.7310585786300049,0.5000000000000027
2019-07-17 15:59:59.999,0.7310585786300049,0.5
2019-07-17 23:59:59.999,0.7310585786300049,0.5
2019-07-18 07:59:59.999,0.7310585786300049,0.5
2019-07-18 19:59:59.999,0.7310585786300049,0.5
2019-07-19 03:59:59.999,0.7310585786300049,0.5000000000000003
2019-07-19 11:59:59.999,0.7310585786300049,0.5000000000001085
2019-07-19 19:59:59.999,0.7310585786300049,0.5000000000001367
2019-07-20 07:59:59.999,0.7310580395563792,0.5000000000002038
2019-07-20 19:59:59.999,0.5000000069277273,0.5000000000000551
2019-07-21 03:59:59.999,0.5000000000006954,0.5000000000134532
2019-07-21 07:59:59.999,0.5000000000113202,0.5000000000098649
2019-07-21 15:59:59.999,0.50000014836003,0.5000000000359762
2019-07-22 15:59:59.999,0.7310064376737399,0.5000000001720075
2019-07-22 23:59:59.999,0.7310585786300049,0.5000000000029657
2019-07-23 11:59:59.999,0.7310585786300049,0.500000000011735
2019-07-23 19:59:59.999,0.7310585786300049,0.5000000000001714
2019-07-24 03:59:59.999,0.7310585786300049,0.5000000000040158
2019-07-24 15:59:59.999,0.7310585786300049,0.5000000000000103
2019-07-24 23:59:59.999,0.7310585786300049,0.5000000000000175
2019-07-25 07:59:59.999,0.7310585786300049,0.5000000000000026
2019-07-25 19:59:59.999,0.7310585786300049,0.5000000000001387
2019-07-26 07:59:59.999,0.7310585786300049,0.5000000000001792
2019-07-26 23:59:59.999,0.7310585786300049,0.5000000000001192
2019-07-27 07:59:59.999,0.7310585786300049,0.5000000000000134
2019-07-27 15:59:59.999,0.7310585786300049,0.500000000007256
2019-07-28 03:59:59.999,0.7310585786300049,0.5000000000003555
2019-07-28 11:59:59.999,0.7310585786300049,0.5000000000001091
2019-07-29 03:59:59.999,0.7310585786300049,0.5000000000000251
2019-07-29 15:59:59.999,0.7310585786300049,0.5000000000002593
2019-07-29 23:59:59.999,0.7310585786300049,0.5000000000004986
2019-07-30 23:59:59.999,0.7310585786300049,0.500000000000248
2019-07-31 19:59:59.999,0.7310376948872246,0.500000000000007
2019-08-01 07:59:59.999,0.5000000125859065,0.5000000000002846
2019-08-01 19:59:59.999,0.5000000000000054,0.5000000000000058
2019-08-01 23:59:59.999,0.5,0.500000000000006
2019-08-02 03:59:59.999,0.5,0.5000000000000426
2019-08-02 07:59:59.999,0.5,0.5000000000000129
2019-08-02 11:59:59.999,0.5,0.5000000000001708
2019-08-02 15:59:59.999,0.5,0.5000000000000777
2019-08-02 19:59:59.999,0.5,0.5000000000079742
2019-08-02 23:59:59.999,0.5,0.5000000000032242
2019-08-03 03:59:59.999,0.5,0.5000000000004642
2019-08-03 07:59:59.999,0.5,0.5000000000006398
2019-08-03 11:59:59.999,0.5,0.5000000000071658
2019-08-03 15:59:59.999,0.5,0.5000000000092428
2019-08-03 19:59:59.999,0.5,0.5000000000029468
2019-08-03 23:59:59.999,0.5,0.5000000000073125
2019-08-04 03:59:59.999,0.5,0.5000000000282041
2019-08-04 07:59:59.999,0.5,0.5000000001320055
2019-08-04 11:59:59.999,0.5,0.5000000000652514
2019-08-04 15:59:59.999,0.5,0.5000000000015621
2019-08-04 19:59:59.999,0.5,0.5000000000031269
2019-08-04 23:59:59.999,0.5,0.5000000000026423
2019-08-05 03:59:59.999,0.5,0.5000000000000574
2019-08-05 07:59:59.999,0.5,0.5000000000002132
2019-08-05 11:59:59.999,0.5,0.5000000000006773
2019-08-05 15:59:59.999,0.5,0.500000000004244
2019-08-05 19:59:59.999,0.5,0.5000000000081343
2019-08-05 23:59:59.999,0.5,0.5000000000087507
2019-08-06 03:59:59.999,0.5,0.500000000222609
2019-08-06 07:59:59.999,0.5,0.5000000000323516
2019-08-06 11:59:59.999,0.5,0.5000000621357827
2019-08-06 15:59:59.999,0.5,0.5000000829535978
2019-08-06 19:59:59.999,0.5,0.5000000282442247
2019-08-06 23:59:59.999,0.5,0.5000002073889362
2019-08-07 03:59:59.999,0.5,0.5000000124967059
2019-08-07 07:59:59.999,0.5,0.5000000165190475
2019-08-07 11:59:59.999,0.5,0.5000000010854796
2019-08-07 15:59:59.999,0.5,0.5000000018370274
2019-08-07 19:59:59.999,0.5,0.5000000003299242
2019-08-07 23:59:59.999,0.5,0.5000000000721705
2019-08-08 03:59:59.999,0.5,0.5000000001066645
2019-08-08 07:59:59.999,0.5,0.5000000001659505
2019-08-08 11:59:59.999,0.5,0.5000000004939542
2019-08-08 15:59:59.999,0.5,0.5000000016983539
2019-08-08 19:59:59.999,0.5,0.5000000016889986
2019-08-08 23:59:59.999,0.5,0.5000000000175948
2019-08-09 03:59:59.999,0.5,0.5000000001057405
2019-08-09 07:59:59.999,0.5,0.5000000000712654
2019-08-09 11:59:59.999,0.5,0.5000000004099158
2019-08-09 15:59:59.999,0.5,0.5000000001139827
2019-08-09 19:59:59.999,0.5,0.5000000000223547
2019-08-09 23:59:59.999,0.5,0.500000000010534
2019-08-10 03:59:59.999,0.5,0.5000000000163807
2019-08-10 07:59:59.999,0.5,0.5000000000135819
2019-08-10 11:59:59.999,0.5000000000182288,0.5000000021927582
2019-08-10 15:59:59.999,0.5055989801853593,0.5000000003413789
2019-08-11 15:59:59.999,0.7310585786300049,0.500000000002245
2019-08-12 11:59:59.999,0.7310585786300049,0.5000000000027088
2019-08-13 11:59:59.999,0.7310585786300049,0.5000000000054831
2019-08-13 19:59:59.999,0.7310585786300049,0.5000000001024664
2019-08-14 07:59:59.999,0.7310585786300049,0.5000000000814434
2019-08-14 15:59:59.999,0.7310585786300049,0.5000000000289144
2019-08-14 23:59:59.999,0.7310585786300049,0.5000000000197896
2019-08-15 11:59:59.999,0.7310585786300049,0.5000000000001646
2019-08-15 19:59:59.999,0.7310585786300049,0.5000000000001293
2019-08-16 03:59:59.999,0.7310585786300049,0.5000000000000012
2019-08-16 11:59:59.999,0.7310585786300049,0.5000000000000008
2019-08-16 19:59:59.999,0.7310585786300049,0.5000000000000001
2019-08-17 03:59:59.999,0.7310585786300049,0.5000000000000027
2019-08-17 19:59:59.999,0.7310585786300049,0.5000000000001196
2019-08-18 07:59:59.999,0.7310585786300049,0.50000000000014
2019-08-18 19:59:59.999,0.7310585786300049,0.5000000000000155
2019-08-19 11:59:59.999,0.7310585786300049,0.5000000000000048
2019-08-19 23:59:59.999,0.7097778579220053,0.5000000000000042
2019-08-20 11:59:59.999,0.5000000034513843,0.5000000000019439
2019-08-21 07:59:59.999,0.7310585317540645,0.500000001671561
2019-08-21 15:59:59.999,0.7310585786300049,0.5000000002969076
2019-08-22 03:59:59.999,0.7310585786300049,0.5000000000159421
2019-08-22 19:59:59.999,0.7310585786300049,0.5000000000000264
2019-08-24 15:59:59.999,0.7310585786300049,0.5000000000135781
2019-08-25 03:59:59.999,0.7310585786300049,0.5000000000006464
2019-08-25 19:59:59.999,0.7310585786300049,0.5000000000019652
2019-08-26 03:59:59.999,0.7310585786300049,0.5000000000000149
2019-08-26 23:59:59.999,0.7310585786300049,0.5000000000000476
2019-08-27 07:59:59.999,0.7310585786300049,0.5000000000064727
2019-08-28 19:59:59.999,0.7310585786300049,0.5000000017618637
2019-08-29 07:59:59.999,0.7310585786300049,0.5000000003106678
2019-08-29 19:59:59.999,0.7310585786300049,0.5000000000017963
2019-08-30 07:59:59.999,0.7310585786300049,0.500000000002033
2019-08-30 23:59:59.999,0.7310585786300049,0.5000000000002204
2019-09-01 03:59:59.999,0.7310585786300049,0.5000000000002265
2019-09-02 19:59:59.999,0.7310585786300049,0.5
2019-09-03 07:59:59.999,0.5,0.5000000000000001
2019-09-03 11:59:59.999,0.5,0.5000000000000002
2019-09-03 15:59:59.999,0.5,0.5000000000000001
2019-09-03 19:59:59.999,0.5,0.5000000000000013
2019-09-03 23:59:59.999,0.5,0.5000000000000093
2019-09-04 03:59:59.999,0.5,0.5000000000000202
2019-09-04 07:59:59.999,0.5,0.500000000000103
2019-09-04 11:59:59.999,0.5,0.5000000000005307
2019-09-04 15:59:59.999,0.5,0.5000000000248697
2019-09-04 19:59:59.999,0.5,0.5000000000002869
2019-09-04 23:59:59.999,0.5,0.5000000000111694
2019-09-05 03:59:59.999,0.5,0.5000000000117034
2019-09-05 07:59:59.999,0.5,0.5000000000094461
2019-09-05 11:59:59.999,0.5,0.5000000000038275
2019-09-05 15:59:59.999,0.5,0.5000000000058081
2019-09-05 19:59:59.999,0.5,0.5000000000046034
2019-09-05 23:59:59.999,0.5,0.5000000000015234
2019-09-06 03:59:59.999,0.5,0.5000000000002666
2019-09-06 07:59:59.999,0.5,0.5000000000000663
2019-09-06 11:59:59.999,0.5,0.5000000000000139
2019-09-06 15:59:59.999,0.5,0.5000000000000163
2019-09-06 19:59:59.999,0.5,0.5000000035256249
2019-09-06 23:59:59.999,0.5,0.5000000028892893
2019-09-07 03:59:59.999,0.5000000000170337,0.5000000003757419
2019-09-07 07:59:59.999,0.5000020440900244,0.5000000000731077
2019-09-07 15:59:59.999,0.6630783444765574,0.5000000000036301
2019-09-08 15:59:59.999,0.7310584614401443,0.5000000000093302
2019-09-09 11:59:59.999,0.7310585786300049,0.5000000000002089
2019-09-09 23:59:59.999,0.7310585786300049,0.5000000000017152
2019-09-10 23:59:59.999,0.7310585786300049,0.5000000000109015
2019-09-11 07:59:59.999,0.7310585786300049,0.5000000000133282
2019-09-12 11:59:59.999,0.7310585786300049,0.5000000000001013
2019-09-14 03:59:59.999,0.7310585786300049,0.5000000000007623
2019-09-15 11:59:59.999,0.7310585551920353,0.5000000000012883
2019-09-16 19:59:59.999,0.7310585786300049,0.5000000005754952
2019-09-18 19:59:59.999,0.7310585786300049,0.5000000000049227
2019-09-19 07:59:59.999,0.7310585786300049,0.5000000013234768
2019-09-20 03:59:59.999,0.7310585786300049,0.5000000000000117
2019-09-21 11:59:59.999,0.7310585786300049,0.5000000000131617
2019-09-22 07:59:59.999,0.7310585786300049,0.5000000000009467
2019-09-23 11:59:59.999,0.7310585786300049,0.5000000000219118
2019-09-23 19:59:59.999,0.7310585786300049,0.5000000003189701
2019-09-24 03:59:59.999,0.7310585786300049,0.500000000508084
2019-09-24 19:59:59.999,0.7310585786300049,0.5000000644690559
2019-09-25 03:59:59.999,0.7310585786300049,0.5000000000020534
2019-09-25 11:59:59.999,0.7310585786300049,0.5000000000001221
2019-09-25 19:59:59.999,0.7310585786300049,0.5000000000000069
2019-09-26 03:59:59.999,0.7310585786300049,0.5000000000000017
2019-09-26 19:59:59.999,0.7310585786300049,0.5000000000000001
2019-09-27 03:59:59.999,0.7310585786300049,0.5000000000000006
2019-09-27 15:59:59.999,0.7310585786300049,0.5000000000000017
2019-09-27 23:59:59.999,0.7310585786300049,0.5000000000000001
2019-09-28 19:59:59.999,0.7310585786300049,0.5000000000000033
2019-09-29 03:59:59.999,0.7310585786300049,0.5000000000000157
2019-09-29 19:59:59.999,0.7310585786300049,0.500000000001115
2019-09-30 11:59:59.999,0.7310585786300049,0.5000000000000128
2019-09-30 19:59:59.999,0.7310585786300049,0.5000000000000017
2019-10-01 23:59:59.999,0.7310585786300049,0.5000000000004349
2019-10-02 11:59:59.999,0.7310585786300049,0.5000000000005911
2019-10-03 11:59:59.999,0.7310585786300049,0.5000000000049096
2019-10-03 19:59:59.999,0.7310585786300049,0.5000000000098654
2019-10-04 07:59:59.999,0.7310585786300049,0.5000000000036449
2019-10-05 19:59:59.999,0.7310585786300049,0.500000000018338
2019-10-06 07:59:59.999,0.7310585786300049,0.5000000001436146
2019-10-06 23:59:59.999,0.7310585786300049,0.5000000001898021
2019-10-07 19:59:59.999,0.7310585786300049,0.5000000000000014
2019-10-08 11:59:59.999,0.7310585786300049,0.500000000000104
2019-10-09 19:59:59.999,0.5009194191776166,0.5000000000000001
2019-10-10 19:59:59.999,0.5,0.50000000000005
2019-10-10 23:59:59.999,0.5,0.5000000000000443
2019-10-11 03:59:59.999,0.5000000000000001,0.5000000000000512
2019-10-11 07:59:59.999,0.5000000000000007,0.5000000000361801
2019-10-11 11:59:59.999,0.5000000000075858,0.500000000276337
2019-10-11 15:59:59.999,0.5000001434278829,0.5000000000290497
2019-10-12 03:59:59.999,0.7308575974811061,0.5000000000128545
2019-10-12 23:59:59.999,0.7310585786300049,0.5000000000059481
2019-10-14 03:59:59.999,0.7310585786300049,0.500000000007081
2019-10-15 03:59:59.999,0.7310585786300049,0.5000000000011187
2019-10-15 23:59:59.999,0.7310585786300049,0.500000000136671
2019-10-16 15:59:59.999,0.7310585786300049,0.5000000060532916
2019-10-18 11:59:59.999,0.7310585786300049,0.500000000279453
2019-10-20 03:59:59.999,0.7310585786300049,0.5000000001527543
2019-10-20 23:59:59.999,0.7310585786300049,0.5000000000000002
2019-10-21 19:59:59.999,0.7310233850642983,0.500000000000028
2019-10-22 19:59:59.999,0.7150720695166566,0.5000000000010326
2019-10-23 03:59:59.999,0.7310582270603264,0.5000000020472035
2019-10-23 19:59:59.999,0.7310585786300049,0.5000000153710946
2019-10-24 11:59:59.999,0.7310585786300049,0.5000000005454409
2019-10-24 19:59:59.999,0.7310585786300049,0.5000000000325329
2019-10-25 19:59:59.999,0.7310585786300049,0.5
2019-10-26 07:59:59.999,0.5,0.5000000000000102
2019-10-26 11:59:59.999,0.5,0.5000000000105194
2019-10-26 15:59:59.999,0.5,0.500000000071498
2019-10-26 19:59:59.999,0.5,0.5000000025940357
2019-10-26 23:59:59.999,0.5,0.5000000009970862
2019-10-27 03:59:59.999,0.5,0.5000000053638805
2019-10-27 07:59:59.999,0.5,0.5000000043263397
2019-10-27 11:59:59.999,0.5,0.5000000018718738
2019-10-27 15:59:59.999,0.5,0.5000000007109346
2019-10-27 19:59:59.999,0.5,0.5000000006936596
2019-10-27 23:59:59.999,0.5,0.5000000176973192
2019-10-28 03:59:59.999,0.5,0.5000000103509503
2019-10-28 07:59:59.999,0.5,0.5000001059314272
2019-10-28 11:59:59.999,0.5,0.5000000553091049
2019-10-28 15:59:59.999,0.5,0.5000000327728138
2019-10-28 19:59:59.999,0.5,0.5000000100293276
2020-01-07 03:59:59.999,0.5000000000003019,0.5000000000000001
2020-02-08 11:59:59.999,0.5000000000000719,0.5000000000000409
2020-03-22 19:59:59.999,0.5,0.5000000008634314
2020-04-24 19:59:59.999,0.5,0.5000000000000788
2020-05-18 03:59:59.999,0.5,0.5000000000001873
2020-07-29 23:59:59.999,0.5,0.5000000002164922
2020-09-16 11:59:59.999,0.5,0.5000000000000094
2020-10-28 19:59:59.999,0.5,0.5000000012961887
2020-11-18 07:59:59.999,0.5,0.5000000009196932
2020-12-14 07:59:59.999,0.5,0.5000000000663082
2020-12-30 23:59:59.999,0.5,0.620231408511158
2021-01-19 19:59:59.999,0.5000000114293215,0.5000000000576077
2021-02-10 15:59:59.999,0.5,0.7310585786300049
2021-03-03 07:59:59.999,0.5,0.5000004268803195
2021-03-24 07:59:59.999,0.7310585786300049,0.5
2021-04-16 23:59:59.999,0.5,0.5000000017455739
2021-05-11 19:59:59.999,0.7310585786300049,0.5
2021-06-12 11:59:59.999,0.5,0.5000000088953609
2021-07-15 03:59:59.999,0.7310585786300049,0.5
2021-08-08 19:59:59.999,0.5,0.7310585786300049
2021-08-30 07:59:59.999,0.5712527515551473,0.5000000000652012
2021-09-29 03:59:59.999,0.7310585786300049,0.5
2021-10-17 07:59:59.999,0.5,0.7310585786300049
2021-11-11 03:59:59.999,0.5,0.7310467891683218
2021-12-22 19:59:59.999,0.5,0.5000329228532315
2022-01-28 07:59:59.999,0.7310585786300049,0.5000000000005954
2022-02-24 03:59:59.999,0.7310585786300049,0.5
2022-03-21 23:59:59.999,0.5,0.5000000004957003
2022-04-25 07:59:59.999,0.7310585786300049,0.5000000000000002
2022-06-12 03:59:59.999,0.7310585786300049,0.5
2022-07-10 11:59:59.999,0.5,0.5000000352760381
2022-08-05 11:59:59.999,0.7310585786300049,0.5000000000000058
2022-09-13 19:59:59.999,0.5,0.5000616353787852
2022-11-02 23:59:59.999,0.7310585786300049,0.5000000001109761
2023-01-15 19:59:59.999,0.5,0.501450239106302
2023-02-07 03:59:59.999,0.7310585786300049,0.5000000000003839
2023-03-18 19:59:59.999,0.5,0.7310328195224843
2023-04-15 23:59:59.999,0.5,0.5000000011913751
2023-06-07 15:59:59.999,0.7310585786300049,0.5000000000003864
2023-07-24 07:59:59.999,0.7310585786300049,0.5000000000018192
2023-10-01 03:59:59.999,0.5,0.5000000000012513
2023-10-25 19:59:59.999,0.5,0.7310585786300049
2023-11-16 19:59:59.999,0.500010309664502,0.5000000008337357
2023-12-20 03:59:59.999,0.5000000000004154,0.5000000000157364
2024-01-27 15:59:59.999,0.5,0.5000000176059114
2024-02-16 07:59:59.999,0.5,0.7310585317540645
2024-03-08 15:59:59.999,0.5,0.7310582973742854
2024-03-31 15:59:59.999,0.5,0.5000000161747167
2024-05-04 19:59:59.999,0.5,0.6665006541171283
2024-06-04 11:59:59.999,0.5,0.5000000204147241
2024-07-18 15:59:59.999,0.5,0.7310585786300049
2024-08-12 03:59:59.999,0.5,0.5000010676535567
2024-09-13 19:59:59.999,0.5,0.5354416221044879
2024-10-02 19:59:59.999,0.7310585786300049,0.5
2024-11-05 19:59:59.999,0.7310585786300049,0.5000000000000001
2024-11-22 19:59:59.999,0.5,0.7310585786300049
2024-12-16 11:59:59.999,0.5,0.7310585786300049
2025-01-19 15:59:59.999,0.5,0.7310585786300049
2025-03-03 07:59:59.999,0.5,0.7310585786300049
2025-04-07 15:59:59.999,0.7310585786300049,0.5
2025-04-26 15:59:59.999,0.5,0.7310585786300049
2025-05-15 11:59:59.999,0.500000457763889,0.5000000001360981
2025-07-01 07:59:59.999,0.5,0.5000000148436596
2025-07-25 03:59:59.999,0.7310585786300049,0.5000000000085952
2025-09-12 15:59:59.999,0.5,0.7310348118657861
