time,p_long,p_short
2017-08-17 07:59:59.999,0.7310585786300049,0.5000001643406904
2017-08-17 11:59:59.999,0.7310585786300049,0.5000001643406904
2017-08-17 15:59:59.999,0.7310585786300049,0.5000001643406904
2017-08-17 19:59:59.999,0.7310585786300049,0.5000001643406904
2017-08-17 23:59:59.999,0.7310585786300049,0.5000001643406904
2017-08-18 03:59:59.999,0.7310585786300049,0.5000001643406904
2017-08-18 07:59:59.999,0.7310585786300049,0.5000001643406904
2017-08-18 11:59:59.999,0.7310585786300049,0.5000001643406904
2017-08-18 15:59:59.999,0.7310585786300049,0.5000001643406904
2017-08-18 19:59:59.999,0.7310585786300049,0.5000001643406904
2017-08-18 23:59:59.999,0.7310585786300049,0.5000001643406904
2017-08-19 03:59:59.999,0.7310585786300049,0.5000001643406904
2017-08-19 07:59:59.999,0.7310585786300049,0.5000001643406904
2017-08-19 11:59:59.999,0.7310585786300049,0.5000001643406904
2017-08-19 15:59:59.999,0.7310585786300049,0.5000001643406904
2017-08-19 19:59:59.999,0.7310585786300049,0.5000000000587168
2017-08-19 23:59:59.999,0.7310585786300049,0.5000000000013423
2017-08-20 03:59:59.999,0.7310585786300049,0.5000000000080009
2017-08-20 07:59:59.999,0.7310585786300049,0.5000000000003033
2017-08-20 11:59:59.999,0.7310585786300049,0.500000000002192
2017-08-20 15:59:59.999,0.7310585786300049,0.5000000000008256
2017-08-20 19:59:59.999,0.7310585786300049,0.500000000000108
2017-08-20 23:59:59.999,0.7310585786300049,0.5000000000026976
2017-08-21 03:59:59.999,0.7310585786300049,0.5000000000028613
2017-08-21 07:59:59.999,0.7310585786300049,0.5000000000138809
2017-08-21 11:59:59.999,0.7310585786300049,0.5000000000296326
2017-08-21 15:59:59.999,0.7310585786300049,0.5000000000296907
2017-08-21 19:59:59.999,0.7310585786300049,0.5000000000214788
2017-08-21 23:59:59.999,0.7310585786300049,0.5000000000352817
2017-08-22 03:59:59.999,0.7310585786300049,0.5000000036469325
2017-08-22 07:59:59.999,0.7310585786300049,0.5000000091601198
2017-08-22 11:59:59.999,0.7310585786300049,0.500000000097669
2017-08-22 15:59:59.999,0.7310585786300049,0.5000000001109219
2017-08-22 19:59:59.999,0.7310585786300049,0.5000000000002072
2017-08-22 23:59:59.999,0.7310585786300049,0.5000000000000345
2017-08-23 03:59:59.999,0.7310585786300049,0.500000000000007
2017-08-23 07:59:59.999,0.7310585786300049,0.5000000000000342
2017-08-23 11:59:59.999,0.7310585786300049,0.5000000000000004
2017-08-23 15:59:59.999,0.7310585786300049,0.5000000000000052
2017-08-23 19:59:59.999,0.7310585786300049,0.5000000000001491
2017-08-23 23:59:59.999,0.7310585786300049,0.5000000000002005
2017-08-24 03:59:59.999,0.7310585786300049,0.5000000000002355
2017-08-24 07:59:59.999,0.7310585786300049,0.5000000000000697
2017-08-24 11:59:59.999,0.7310585786300049,0.5000000000000187
2017-08-24 15:59:59.999,0.7310585786300049,0.5000000000000137
2017-08-24 19:59:59.999,0.7310585786300049,0.5000000000000241
2017-08-24 23:59:59.999,0.7310583442502515,0.5000000000000017
2017-08-25 03:59:59.999,0.7310096490568315,0.500000000000003
2017-08-25 07:59:59.999,0.7284934478158518,0.5000000000000026
2017-08-25 11:59:59.999,0.6601520423185574,0.5000000000000013
2017-08-25 15:59:59.999,0.5105958761696955,0.5000000000000008
2017-08-25 19:59:59.999,0.5001146650954886,0.5000000000001198
2017-08-25 23:59:59.999,0.5002779241481481,0.5000000000003989
2017-08-26 03:59:59.999,0.5023584509908494,0.5000000000001806
2017-08-26 07:59:59.999,0.5093882150070863,0.5000000000000735
2017-08-26 11:59:59.999,0.5138857487192002,0.5000000000003679
2017-08-26 15:59:59.999,0.5748294904070566,0.5000000000006458
2017-08-26 19:59:59.999,0.7008303535012035,0.5000000000002367
2017-08-26 23:59:59.999,0.7243927739736243,0.5000000000000345
2017-08-27 03:59:59.999,0.7208642909943108,0.5000000000001348
2017-08-27 07:59:59.999,0.7276912259706345,0.5000000000001315
2017-08-27 11:59:59.999,0.7301431524373706,0.5000000000000759
2017-08-27 15:59:59.999,0.7307027001779982,0.500000000000065
2017-08-27 19:59:59.999,0.7309554039038227,0.5000000000000075
2017-08-27 23:59:59.999,0.7300712369716755,0.5000000000004676
2017-08-28 03:59:59.999,0.730692718869994,0.5000000000198968
2017-08-28 07:59:59.999,0.7310552738635582,0.5000000000040697
2017-08-28 11:59:59.999,0.7310584380021684,0.500000000000313
2017-08-28 15:59:59.999,0.7310584614401443,0.5000000000019588
2017-08-28 19:59:59.999,0.7310585786300049,0.5000000000001634
2017-08-28 23:59:59.999,0.7310585551920353,0.5000000000000115
2017-08-29 03:59:59.999,0.7310584145641912,0.5000000000000248
2017-08-29 07:59:59.999,0.7310574067299469,0.5000000000004253
2017-08-29 11:59:59.999,0.7310581801843474,0.500000000000071
2017-08-29 15:59:59.999,0.7310500940006714,0.5000000000000002
2017-08-29 19:59:59.999,0.7140917099930069,0.5000000000000008
2017-08-29 23:59:59.999,0.5099031787365211,0.5000000000000006
2017-08-30 03:59:59.999,0.5000987542794866,0.500000000000001
2017-08-30 07:59:59.999,0.5000028541867323,0.5000000000000095
2017-08-30 11:59:59.999,0.5000008422974815,0.5000000000001669
2017-08-30 15:59:59.999,0.5000038505709199,0.5000000000000306
2017-08-30 19:59:59.999,0.5000045583547034,0.5000000000000517
2017-08-30 23:59:59.999,0.5000118794114292,0.5000000000000258
2017-08-31 03:59:59.999,0.5000163501244911,0.5000000000000071
2017-08-31 07:59:59.999,0.5000110684304655,0.5000000000000081
2017-08-31 11:59:59.999,0.5000069633065318,0.5000000000000011
2017-08-31 15:59:59.999,0.5000011242916571,0.5000000000000022
2017-08-31 19:59:59.999,0.5000003777398376,0.5000000000000006
2017-08-31 23:59:59.999,0.5000000517859888,0.5000000000000003
2017-09-01 03:59:59.999,0.5000000075466735,0.5000000000000008
2017-09-01 07:59:59.999,0.5000000046299728,0.5000000000000014
2017-09-01 11:59:59.999,0.5000000038143568,0.5000000000000002
2017-09-01 15:59:59.999,0.5000000006545215,0.5000000000000001
2017-09-01 19:59:59.999,0.5000000001443916,0.5000000000000001
2017-09-01 23:59:59.999,0.5000000000492745,0.5000000000000001
2017-09-02 03:59:59.999,0.5000000000032321,0.5000000000000036
2017-09-02 07:59:59.999,0.5000000000020653,0.5000000000013284
2017-09-02 11:59:59.999,0.5000000002555157,0.5000000000285351
2017-09-02 15:59:59.999,0.5000011815779999,0.5000000067300339
2017-09-02 19:59:59.999,0.6406340572200189,0.5000000002774249
2017-09-02 23:59:59.999,0.7310328429618714,0.5000000004459152
2017-09-03 03:59:59.999,0.7310585786300049,0.5000000000046895
2017-09-03 07:59:59.999,0.7310585786300049,0.5000000000006478
2017-09-03 11:59:59.999,0.7310585786300049,0.5000000000383766
2017-09-03 15:59:59.999,0.7310585786300049,0.5000000002692091
2017-09-03 19:59:59.999,0.7310585786300049,0.5000000000015169
2017-09-03 23:59:59.999,0.7310585786300049,0.5000000000023557
2017-09-04 03:59:59.999,0.7310585786300049,0.5000000000759982
2017-09-04 07:59:59.999,0.7310585786300049,0.5000000004624261
2017-09-04 11:59:59.999,0.7310585786300049,0.5000000003110652
2017-09-04 15:59:59.999,0.7310585786300049,0.50000000076408
2017-09-04 19:59:59.999,0.7310585786300049,0.5000000000015902
2017-09-04 23:59:59.999,0.7310585786300049,0.5000000000056456
2017-09-05 03:59:59.999,0.7310585786300049,0.5000000000148556
2017-09-05 07:59:59.999,0.7310585786300049,0.5000000000000951
2017-09-05 11:59:59.999,0.7310585786300049,0.5000000000000419
2017-09-05 15:59:59.999,0.7310585786300049,0.5000000000002555
2017-09-05 19:59:59.999,0.7310585786300049,0.5000000000000023
2017-09-05 23:59:59.999,0.7310585786300049,0.5000000000000201
2017-09-06 03:59:59.999,0.7310585786300049,0.5000000000000147
2017-09-06 07:59:59.999,0.7310585786300049,0.5000000000000184
2017-09-06 11:59:59.999,0.7310585786300049,0.5000000000000102
2017-09-06 15:59:59.999,0.7310585786300049,0.5000000000000084
2017-09-06 16:00:00.000,0.7310585786300049,0.5000000000000192
2017-09-06 23:59:59.999,0.73105801611838,0.5000000000000357
2017-09-07 03:59:59.999,0.731043648381874,0.5000000000011627
2017-09-07 07:59:59.999,0.7310417263966433,0.5000000000006901
2017-09-07 11:59:59.999,0.7307374628629719,0.5000000000001164
2017-09-07 15:59:59.999,0.5511694547761713,0.50000000000002
2017-09-07 19:59:59.999,0.5000268888015594,0.5000000000000377
2017-09-07 23:59:59.999,0.5000002812645334,0.500000000000295
2017-09-08 03:59:59.999,0.5000002925212641,0.5000000000026495
2017-09-08 07:59:59.999,0.5000025048345833,0.5000000000016684
2017-09-08 11:59:59.999,0.5000087255721146,0.5000000000008156
2017-09-08 15:59:59.999,0.5150326638373554,0.5000000003264963
2017-09-08 19:59:59.999,0.7310583911262125,0.5000000010737423
2017-09-08 23:59:59.999,0.7310585786300049,0.5000000000429818
2017-09-09 03:59:59.999,0.7310585786300049,0.5000000000385437
2017-09-09 07:59:59.999,0.7310585786300049,0.5000000000036797
2017-09-09 11:59:59.999,0.7310585786300049,0.5000000000025155
2017-09-09 15:59:59.999,0.7310585786300049,0.5000000000052166
2017-09-09 19:59:59.999,0.7310585786300049,0.500000000005977
2017-09-09 23:59:59.999,0.7310585786300049,0.5000000000041235
2017-09-10 03:59:59.999,0.7310585786300049,0.5000000000270016
2017-09-10 07:59:59.999,0.7310585786300049,0.5000000001543389
2017-09-10 11:59:59.999,0.7310585786300049,0.5000000000037125
2017-09-10 15:59:59.999,0.7310585786300049,0.5000000000032431
2017-09-10 19:59:59.999,0.7310585786300049,0.5000000000000401
2017-09-10 23:59:59.999,0.7310585786300049,0.5000000000007275
2017-09-11 03:59:59.999,0.7310585786300049,0.5000000000000224
2017-09-11 07:59:59.999,0.7310585786300049,0.5000000000003232
2017-09-11 11:59:59.999,0.7310585786300049,0.5000000000002816
2017-09-11 15:59:59.999,0.7310585786300049,0.5000000000001048
2017-09-11 19:59:59.999,0.7310585786300049,0.5000000000004738
2017-09-11 23:59:59.999,0.7310585786300049,0.5000000000003003
2017-09-12 03:59:59.999,0.7310585786300049,0.5000000000000633
2017-09-12 07:59:59.999,0.7310585786300049,0.5000000000000273
2017-09-12 11:59:59.999,0.7310585786300049,0.5000000000000744
2017-09-12 15:59:59.999,0.7310585786300049,0.5000000000006296
2017-09-12 19:59:59.999,0.7310585786300049,0.5000000000041246
2017-09-12 23:59:59.999,0.7310585786300049,0.5000000000034667
2017-09-13 03:59:59.999,0.7310585786300049,0.5000000001160857
2017-09-13 07:59:59.999,0.7310585786300049,0.5000000000569399
2017-09-13 11:59:59.999,0.7310585786300049,0.5000000001234687
2017-09-13 15:59:59.999,0.7310585786300049,0.5000000000972843
2017-09-13 19:59:59.999,0.7310585786300049,0.5000000000044355
2017-09-13 23:59:59.999,0.7310585786300049,0.5000000000006491
2017-09-14 03:59:59.999,0.7310585786300049,0.5000000000060347
2017-09-14 07:59:59.999,0.7310585786300049,0.5000000000008661
2017-09-14 11:59:59.999,0.7310585786300049,0.5000000000624011
2017-09-14 15:59:59.999,0.7310585786300049,0.500000000009391
2017-09-14 19:59:59.999,0.7310585786300049,0.5000000000162379
2017-09-14 23:59:59.999,0.7310585786300049,0.5000000000215898
2017-09-15 03:59:59.999,0.7310585786300049,0.5000000000001474
2017-09-15 07:59:59.999,0.7310585786300049,0.500000000000548
2017-09-15 11:59:59.999,0.7310585786300049,0.5000000000008504
2017-09-15 15:59:59.999,0.7310585786300049,0.5
2017-09-15 19:59:59.999,0.7310585786300049,0.5000000000000001
2017-09-15 23:59:59.999,0.7310585786300049,0.5000000000000004
2017-09-16 03:59:59.999,0.7310585786300049,0.5000000000000008
2017-09-16 07:59:59.999,0.7310585786300049,0.5000000000000013
2017-09-16 11:59:59.999,0.7310585786300049,0.5000000000000283
2017-09-16 15:59:59.999,0.7310585786300049,0.5000000000000662
2017-09-16 19:59:59.999,0.7310585786300049,0.5000000000000286
2017-09-16 23:59:59.999,0.7310585786300049,0.5000000000000266
2017-09-17 03:59:59.999,0.7310585786300049,0.5000000000001668
2017-09-17 07:59:59.999,0.7310585786300049,0.5000000000002183
2017-09-17 11:59:59.999,0.7310585786300049,0.5000000000004087
2017-09-17 15:59:59.999,0.7310585786300049,0.5000000000000627
2017-09-17 19:59:59.999,0.7310585786300049,0.5000000000000336
2017-09-17 23:59:59.999,0.7310585786300049,0.5000000000000757
2017-09-18 03:59:59.999,0.7310585786300049,0.5000000000000232
2017-09-18 07:59:59.999,0.7310585786300049,0.5000000000000128
2017-09-18 11:59:59.999,0.7310585786300049,0.5000000000000443
2017-09-18 15:59:59.999,0.7310572895397637,0.5000000000000276
2017-09-18 19:59:59.999,0.7256590583548103,0.5000000000001739
2017-09-18 23:59:59.999,0.5063080076292861,0.5000000000001207
2017-09-19 03:59:59.999,0.5000689032890663,0.5000000000006326
2017-09-19 07:59:59.999,0.5000223169808884,0.5000000000014003
2017-09-19 11:59:59.999,0.5000108324147715,0.5000000000008494
2017-09-19 15:59:59.999,0.5000064727005334,0.500000000000969
2017-09-19 19:59:59.999,0.5000366374696822,0.5000000000046946
2017-09-19 23:59:59.999,0.500618706723607,0.5000000000024828
2017-09-20 03:59:59.999,0.511051514188294,0.5000000000044668
2017-09-20 07:59:59.999,0.5924892609800816,0.500000000001541
2017-09-20 11:59:59.999,0.6646230751013982,0.5000000000010084
2017-09-20 15:59:59.999,0.6321092066658119,0.5000000000001832
2017-09-20 19:59:59.999,0.5705141257242787,0.5000000000006835
2017-09-20 23:59:59.999,0.6572718456409014,0.5000000000035463
2017-09-21 03:59:59.999,0.7297215650214401,0.5000000000166239
2017-09-21 07:59:59.999,0.7310417263966433,0.5000000000024847
2017-09-21 11:59:59.999,0.731057312977803,0.5000000000035328
2017-09-21 15:59:59.999,0.7310585786300049,0.5000000000702265
2017-09-21 19:59:59.999,0.7310585786300049,0.500000000369702
2017-09-21 23:59:59.999,0.7310585786300049,0.5000000001422884
2017-09-22 03:59:59.999,0.7310585786300049,0.500000000005643
2017-09-22 07:59:59.999,0.7310585786300049,0.5000000000103827
2017-09-22 11:59:59.999,0.7310585786300049,0.5000000000717988
2017-09-22 15:59:59.999,0.7310585786300049,0.5000000000665802
2017-09-22 19:59:59.999,0.7310585786300049,0.5000000000038417
2017-09-22 23:59:59.999,0.7310585786300049,0.5000000000029499
2017-09-23 03:59:59.999,0.7310585786300049,0.5000000000021623
2017-09-23 07:59:59.999,0.7310585786300049,0.5000000000001558
2017-09-23 11:59:59.999,0.7310585786300049,0.5000000000000119
2017-09-23 15:59:59.999,0.7310585786300049,0.5000000000000913
2017-09-23 19:59:59.999,0.7310585786300049,0.5000000000000536
2017-09-23 23:59:59.999,0.7310585786300049,0.5000000000000775
2017-09-24 03:59:59.999,0.7310585786300049,0.5000000000000973
2017-09-24 07:59:59.999,0.7310585786300049,0.5000000000041491
2017-09-24 11:59:59.999,0.7310585786300049,0.500000000002266
2017-09-24 15:59:59.999,0.7310585786300049,0.5000000000016418
2017-09-24 19:59:59.999,0.7310585786300049,0.5000000000018794
2017-09-24 23:59:59.999,0.7310585786300049,0.5000000000047895
2017-09-25 03:59:59.999,0.7310585786300049,0.5000000000001381
2017-09-25 07:59:59.999,0.7310585786300049,0.5000000000000634
2017-09-25 11:59:59.999,0.7310585786300049,0.5000000000000816
2017-09-25 15:59:59.999,0.7310585786300049,0.500000000000002
2017-09-25 19:59:59.999,0.7310585786300049,0.5000000000000021
2017-09-25 23:59:59.999,0.731058484878119,0.5000000000000052
2017-09-26 03:59:59.999,0.7310524378378435,0.5000000000000245
2017-09-26 07:59:59.999,0.7309949632274333,0.5000000000000117
2017-09-26 11:59:59.999,0.7301666988090559,0.5000000000000067
2017-09-26 15:59:59.999,0.716806478281675,0.5000000000000406
2017-09-26 19:59:59.999,0.7050290415542635,0.5000000000000898
2017-09-26 23:59:59.999,0.708609015364113,0.5000000000003169
2017-09-27 03:59:59.999,0.7246922540972555,0.5000000000000243
2017-09-27 07:59:59.999,0.7149758299808879,0.5000000000000127
2017-09-27 11:59:59.999,0.622114304146198,0.5000000000000007
2017-09-27 15:59:59.999,0.5025382270925635,0.5000000000000007
2017-09-27 19:59:59.999,0.5000092866903276,0.5000000000000001
2017-09-27 23:59:59.999,0.5000000250273899,0.5000000000000001
2017-09-28 03:59:59.999,0.500000000375489,0.5000000000000002
2017-09-28 07:59:59.999,0.5000000000085092,0.5000000000000001
2017-09-28 11:59:59.999,0.5000000000000766,0.5000000000000085
2017-09-28 15:59:59.999,0.5000000000001308,0.5000000000000168
2017-09-28 19:59:59.999,0.5000000000005322,0.5000000000000445
2017-09-28 23:59:59.999,0.5000000000066168,0.5000000000000165
2017-09-29 03:59:59.999,0.500000000009812,0.5000000000229199
2017-09-29 11:59:59.999,0.5000001240273377,0.5000000000000288
2017-09-29 15:59:59.999,0.50000004905759,0.500000000000742
2017-09-29 19:59:59.999,0.500000387035584,0.5000000000002215
2017-09-29 23:59:59.999,0.5000012940508896,0.5000000000002514
2017-09-30 03:59:59.999,0.5000039075839595,0.5000000000000724
2017-09-30 07:59:59.999,0.5000012387223478,0.5000000000000083
2017-09-30 11:59:59.999,0.500000071118123,0.5000000000000057
2017-09-30 15:59:59.999,0.5000000044696873,0.5000000000000036
2017-09-30 19:59:59.999,0.5000000003847778,0.500000000000003
2017-09-30 23:59:59.999,0.50000000006613,0.5000000000000028
2017-10-01 03:59:59.999,0.5000000000102204,0.500000000000115
2017-10-01 07:59:59.999,0.5000000000823551,0.5000000000000483
2017-10-01 11:59:59.999,0.5000000004245557,0.5000000000000409
2017-10-01 15:59:59.999,0.5000000015291811,0.5000000000002909
2017-10-01 19:59:59.999,0.5000000385921375,0.5000000000000784
2017-10-01 23:59:59.999,0.5000002090675508,0.5000000000000134
2017-10-02 03:59:59.999,0.5000001909902636,0.5000000000000039
2017-10-02 07:59:59.999,0.5000000991298492,0.5000000000000037
2017-10-02 11:59:59.999,0.500000064740945,0.5000000000000094
2017-10-02 15:59:59.999,0.5000001838137251,0.5000000000000093
2017-10-02 19:59:59.999,0.5000007388218819,0.5000000000000056
2017-10-02 23:59:59.999,0.5000006736964338,0.5000000000000994
2017-10-03 03:59:59.999,0.5000141143445906,0.5000000000000269
2017-10-03 07:59:59.999,0.5000105881144902,0.5000000000512699
2017-10-03 11:59:59.999,0.5117334607503338,0.5000000000080986
2017-10-03 15:59:59.999,0.6949469158405289,0.5000000000341712
2017-10-03 19:59:59.999,0.7308646555824281,0.5000000000621576
2017-10-03 23:59:59.999,0.7310580395563792,0.5000000000010401
2017-10-04 03:59:59.999,0.7310584614401443,0.5000000000023656
2017-10-04 07:59:59.999,0.7310585551920353,0.5000000000007786
2017-10-04 11:59:59.999,0.7310585786300049,0.5000000000285888
2017-10-04 15:59:59.999,0.7310585786300049,0.5000000000410914
2017-10-04 19:59:59.999,0.7310585786300049,0.5000000001309498
2017-10-04 23:59:59.999,0.7310585786300049,0.5000000000130753
2017-10-05 03:59:59.999,0.7310585786300049,0.5000000001304133
2017-10-05 07:59:59.999,0.7310585786300049,0.5000000000513666
2017-10-05 11:59:59.999,0.7310585786300049,0.5000000000010059
2017-10-05 15:59:59.999,0.7310585786300049,0.5000000000000283
2017-10-05 19:59:59.999,0.7310585786300049,0.5000000000000242
2017-10-05 23:59:59.999,0.7310585786300049,0.5000000000001733
2017-10-06 03:59:59.999,0.7310585786300049,0.5000000000000726
2017-10-06 07:59:59.999,0.7310585786300049,0.5000000000000057
2017-10-06 11:59:59.999,0.7310585786300049,0.5000000000000052
2017-10-06 15:59:59.999,0.7310585786300049,0.5000000000000252
2017-10-06 19:59:59.999,0.7310585317540645,0.5000000000000335
2017-10-06 23:59:59.999,0.7310584145641912,0.5000000000000705
2017-10-07 03:59:59.999,0.7310583442502515,0.5000000000000424
2017-10-07 07:59:59.999,0.7310575239200979,0.500000000000776
2017-10-07 11:59:59.999,0.7310583442502515,0.5000000000006241
2017-10-07 15:59:59.999,0.7310585083160924,0.5000000000003803
2017-10-07 19:59:59.999,0.7310585551920353,0.500000000000593
2017-10-07 23:59:59.999,0.7310585786300049,0.5000000000000062
2017-10-08 03:59:59.999,0.7310585317540645,0.5000000000000018
2017-10-08 07:59:59.999,0.7310579458043746,0.5000000000000026
2017-10-08 11:59:59.999,0.7310544300892879,0.5000000000000009
2017-10-08 15:59:59.999,0.7309284662962916,0.5
2017-10-08 19:59:59.999,0.6948542992354813,0.5000000000000002
2017-10-08 23:59:59.999,0.5166565734796016,0.5000000000000001
2017-10-09 03:59:59.999,0.5001604532389538,0.5000000000000001
2017-10-09 07:59:59.999,0.5000004400904459,0.5000000000000123
2017-10-09 11:59:59.999,0.5000005404515946,0.5000000000000046
2017-10-09 15:59:59.999,0.500000235767672,0.5000000000000011
2017-10-09 19:59:59.999,0.5000000046640793,0.5000000000000001
2017-10-09 23:59:59.999,0.5000000000332935,0.5000000000000001
2017-10-10 03:59:59.999,0.5000000000014491,0.5000000000000002
2017-10-10 07:59:59.999,0.5000000000002418,0.5000000000000002
2017-10-10 11:59:59.999,0.5000000000001394,0.5000000000000002
2017-10-10 15:59:59.999,0.50000000000008,0.5000000000000001
2017-10-10 19:59:59.999,0.500000000000007,0.5
2017-10-10 23:59:59.999,0.5,0.5000000000001208
2017-10-11 07:59:59.999,0.5000000000000215,0.5000000000000341
2017-10-11 19:59:59.999,0.5000000000050888,0.5000000000000082
2017-10-11 23:59:59.999,0.500000000004684,0.5000000000001478
2017-10-12 03:59:59.999,0.500000000089296,0.5000000000000568
2017-10-12 07:59:59.999,0.5000000000451392,0.5000000000000008
2017-10-12 11:59:59.999,0.5000000000000084,0.5000000000000001
2017-10-12 15:59:59.999,0.5,0.5000000000000001
2017-10-12 23:59:59.999,0.5,0.5000000000000001
2017-10-13 07:59:59.999,0.5,0.5000000000000154
2017-10-13 15:59:59.999,0.5,0.5000000000000184
2017-10-13 23:59:59.999,0.5,0.5000000000042654
2017-10-14 07:59:59.999,0.5,0.5000000000077656
2017-10-14 15:59:59.999,0.5,0.5000000000015341
2017-10-15 03:59:59.999,0.5,0.5000000000064211
2017-10-15 15:59:59.999,0.5,0.5000000003572411
2017-10-15 23:59:59.999,0.5,0.5000000000066753
2017-10-16 15:59:59.999,0.5,0.500000000006358
2017-10-17 03:59:59.999,0.5000000000000009,0.5000000000226127
2017-10-17 19:59:59.999,0.5000079444153009,0.5000000000039889
2017-10-17 23:59:59.999,0.5005023546456384,0.5000000000057501
2017-10-18 03:59:59.999,0.6362107299629196,0.5000000000487649
2017-10-18 07:59:59.999,0.7310582270603264,0.5000000009124612
2017-10-18 11:59:59.999,0.7310585786300049,0.500000000324769
2017-10-18 15:59:59.999,0.7310585786300049,0.5000000000362252
2017-10-18 19:59:59.999,0.7310585786300049,0.5000000000044056
2017-10-18 23:59:59.999,0.7310585786300049,0.5000000000001814
2017-10-19 03:59:59.999,0.7310585786300049,0.5000000000000526
2017-10-19 07:59:59.999,0.7310585786300049,0.500000000000093
2017-10-19 11:59:59.999,0.7310585786300049,0.5000000000000143
2017-10-19 15:59:59.999,0.7310585786300049,0.5000000000001319
2017-10-19 19:59:59.999,0.7310585786300049,0.5000000000002515
2017-10-19 23:59:59.999,0.7310585317540645,0.5000000000000608
2017-10-20 03:59:59.999,0.7310567270264343,0.5000000000001261
2017-10-20 07:59:59.999,0.73104622664111,0.5000000000003548
2017-10-20 11:59:59.999,0.7310285300928918,0.5000000000002127
2017-10-20 15:59:59.999,0.7155949599535207,0.5000000000000031
2017-10-20 19:59:59.999,0.5000026325938052,0.5000000000000008
2017-10-20 23:59:59.999,0.5000000000158712,0.5000000000000093
2017-10-21 03:59:59.999,0.5000000000000004,0.5000000000000052
2017-10-21 11:59:59.999,0.5,0.5000000000000201
2017-10-21 23:59:59.999,0.5,0.5000000000011615
2017-10-22 11:59:59.999,0.5000000000000018,0.5000000001070094
2017-10-22 19:59:59.999,0.5000000001106243,0.500000000019078
2017-10-22 23:59:59.999,0.5000000111282077,0.5000000000021373
2017-10-23 03:59:59.999,0.5000001386435713,0.5000000000017413
2017-10-23 07:59:59.999,0.5000070009127735,0.5000000000123331
2017-10-23 11:59:59.999,0.5012662992514402,0.5000000000053354
2017-10-23 15:59:59.999,0.6778542071536304,0.5000000000638197
2017-10-23 19:59:59.999,0.7308287659160325,0.5000000000020387
2017-10-23 23:59:59.999,0.7309963228306892,0.5000000000008128
2017-10-24 03:59:59.999,0.7310585317540645,0.5000000002045415
2017-10-24 07:59:59.999,0.7310585786300049,0.5000000000103749
2017-10-24 11:59:59.999,0.7310585786300049,0.5000000000144541
2017-10-24 15:59:59.999,0.7310585786300049,0.5000000000171262
2017-10-24 19:59:59.999,0.7310585786300049,0.5000000000114532
2017-10-24 23:59:59.999,0.7310585786300049,0.5000000000950074
2017-10-25 03:59:59.999,0.7310585786300049,0.500000000016644
2017-10-25 07:59:59.999,0.7310585786300049,0.5000000000055759
2017-10-25 11:59:59.999,0.7310585786300049,0.5000000000147492
2017-10-25 15:59:59.999,0.7310585786300049,0.500000000013391
2017-10-25 19:59:59.999,0.7310585786300049,0.5000000000003116
2017-10-25 23:59:59.999,0.7310585786300049,0.5000000000000289
2017-10-26 03:59:59.999,0.7310585786300049,0.5000000000000254
2017-10-26 07:59:59.999,0.7310585786300049,0.5000000000001418
2017-10-26 11:59:59.999,0.7310585786300049,0.5000000000000044
2017-10-26 15:59:59.999,0.7310585786300049,0.5000000000000032
2017-10-26 19:59:59.999,0.7310585786300049,0.5000000000000595
2017-10-26 23:59:59.999,0.7310585786300049,0.5000000000000528
2017-10-27 03:59:59.999,0.7310585786300049,0.5000000000000343
2017-10-27 07:59:59.999,0.7310580395563792,0.50000000000012
2017-10-27 11:59:59.999,0.7310532581778032,0.5000000000003564
2017-10-27 15:59:59.999,0.7310548285384574,0.5000000000025911
2017-10-27 19:59:59.999,0.7310583442502515,0.5000000000047767
2017-10-27 23:59:59.999,0.7310585551920353,0.5000000000017099
2017-10-28 03:59:59.999,0.7310585786300049,0.500000000004806
2017-10-28 07:59:59.999,0.7310585786300049,0.5000000000008148
2017-10-28 11:59:59.999,0.7310585786300049,0.5000000000118202
2017-10-28 15:59:59.999,0.7310585786300049,0.5000000000111898
2017-10-28 19:59:59.999,0.7310585786300049,0.5000000000014695
2017-10-28 23:59:59.999,0.7310585786300049,0.5000000000016889
2017-10-29 03:59:59.999,0.7310585786300049,0.5000000000018524
2017-10-29 07:59:59.999,0.7310585786300049,0.500000000000111
2017-10-29 11:59:59.999,0.7310585786300049,0.5000000000002339
2017-10-29 15:59:59.999,0.7310585786300049,0.5000000000000036
2017-10-29 19:59:59.999,0.7310582504983141,0.5000000000000006
2017-10-29 23:59:59.999,0.6547058666734695,0.5000000000000003
2017-10-30 03:59:59.999,0.5000093219332473,0.5000000000000013
2017-10-30 07:59:59.999,0.500000006251641,0.5000000000000113
2017-10-30 11:59:59.999,0.5000000000281579,0.500000000000005
2017-10-30 15:59:59.999,0.5000000000004896,0.5000000000004028
2017-10-30 19:59:59.999,0.5000000000006064,0.5000000000001638
2017-10-30 23:59:59.999,0.5000000000005358,0.5000000000001358
2017-10-31 03:59:59.999,0.5000000000005425,0.5000000000000869
2017-10-31 07:59:59.999,0.5000000000007566,0.5000000000002073
2017-10-31 11:59:59.999,0.5000000000004707,0.500000000000019
2017-10-31 15:59:59.999,0.5000000000000016,0.5000000000000021
2017-11-01 03:59:59.999,0.5,0.5000000000000063
2017-11-01 15:59:59.999,0.5,0.500000000000013
2017-11-02 03:59:59.999,0.5,0.5000000000000031
2017-11-02 11:59:59.999,0.5,0.5000000000000245
2017-11-02 19:59:59.999,0.5,0.5000000000000658
2017-11-03 03:59:59.999,0.5,0.5000000000000171
2017-11-03 15:59:59.999,0.5,0.5000000000000334
2017-11-03 23:59:59.999,0.5,0.5000000000167351
2017-11-04 07:59:59.999,0.5,0.5000000000018301
2017-11-04 19:59:59.999,0.5,0.5000000000003211
2017-11-05 03:59:59.999,0.5,0.5000000000001619
2017-11-05 15:59:59.999,0.5,0.5000000000000918
2017-11-06 07:59:59.999,0.5,0.5000000000659941
2017-11-06 19:59:59.999,0.5,0.5000000023261879
2017-11-07 03:59:59.999,0.5000163763379474,0.5000000000199477
2017-11-07 07:59:59.999,0.5044539282102762,0.5000000000055256
2017-11-07 11:59:59.999,0.6225150786869864,0.5000000000039713
2017-11-07 15:59:59.999,0.7306400287060442,0.5000000000364235
2017-11-07 19:59:59.999,0.7310582036223375,0.5000000000122606
2017-11-07 23:59:59.999,0.7310585786300049,0.500000000007336
2017-11-08 03:59:59.999,0.7310585551920353,0.500000000000027
2017-11-08 07:59:59.999,0.7310504221386527,0.5000000000000897
2017-11-08 11:59:59.999,0.7264654785012437,0.5000000000000278
2017-11-08 15:59:59.999,0.5061529669653326,0.5000000000000226
2017-11-08 19:59:59.999,0.5518801740814014,0.5000000000586954
2017-11-08 23:59:59.999,0.6928158989913993,0.5000000000008796
2017-11-09 03:59:59.999,0.682229790274096,0.500000000001467
2017-11-09 07:59:59.999,0.6042508113047952,0.5000000000005455
2017-11-09 11:59:59.999,0.7301745199107647,0.5000000000331943
2017-11-09 15:59:59.999,0.7310578520523492,0.5000000000068909
2017-11-09 19:59:59.999,0.7310585786300049,0.5000000000050426
2017-11-09 23:59:59.999,0.7310585786300049,0.500000000007621
2017-11-10 03:59:59.999,0.7310585786300049,0.5000000000005693
2017-11-10 07:59:59.999,0.7310585786300049,0.5000000000017133
2017-11-10 11:59:59.999,0.7310585786300049,0.5000000000797293
2017-11-10 15:59:59.999,0.7310585786300049,0.5000000000570327
2017-11-10 19:59:59.999,0.7310585786300049,0.500000000141277
2017-11-10 23:59:59.999,0.7310585786300049,0.5000000000399155
2017-11-11 03:59:59.999,0.7310585786300049,0.5000000000002591
2017-11-11 07:59:59.999,0.7310585786300049,0.5000000000008671
2017-11-11 11:59:59.999,0.7310585786300049,0.500000000001905
2017-11-11 15:59:59.999,0.7310585786300049,0.5000000000019469
2017-11-11 19:59:59.999,0.7310585786300049,0.500000000001087
2017-11-11 23:59:59.999,0.7310585786300049,0.5000000000004916
2017-11-12 03:59:59.999,0.7310585786300049,0.5000000000016369
2017-11-12 07:59:59.999,0.7310585786300049,0.5000000000000803
2017-11-12 11:59:59.999,0.7310585786300049,0.5000000000000026
2017-11-12 15:59:59.999,0.7310585786300049,0.5000000000000053
2017-11-12 19:59:59.999,0.7310585786300049,0.500000000000027
2017-11-12 23:59:59.999,0.7310585786300049,0.5000000000000777
2017-11-13 03:59:59.999,0.7310585786300049,0.5000000000000027
2017-11-13 07:59:59.999,0.7310585786300049,0.5000000000000002
2017-11-13 11:59:59.999,0.7310585786300049,0.5
2017-11-13 15:59:59.999,0.7310585786300049,0.5
2017-11-13 19:59:59.999,0.7310585786300049,0.5000000000000017
2017-11-13 23:59:59.999,0.7310585786300049,0.5000000000000016
2017-11-14 03:59:59.999,0.7310585786300049,0.5000000000000013
2017-11-14 07:59:59.999,0.7310585786300049,0.5000000000000072
2017-11-14 11:59:59.999,0.7310585786300049,0.5000000000000683
2017-11-14 15:59:59.999,0.7310585786300049,0.5000000000000703
2017-11-14 19:59:59.999,0.7310585786300049,0.5000000000000343
2017-11-14 23:59:59.999,0.7310585786300049,0.5000000000000383
2017-11-15 03:59:59.999,0.7310585786300049,0.5000000000000066
2017-11-15 07:59:59.999,0.7310585786300049,0.5000000000000158
2017-11-15 11:59:59.999,0.6039081092973004,0.5000000000000128
2017-11-15 15:59:59.999,0.5000000000063823,0.5000000000000082
2017-11-15 19:59:59.999,0.5,0.5000000000001127
2017-11-16 03:59:59.999,0.5,0.5000000000005056
2017-11-16 11:59:59.999,0.5,0.5000000000006977
2017-11-16 19:59:59.999,0.5,0.5000000000002144
2017-11-17 03:59:59.999,0.5,0.5000000000010062
2017-11-17 11:59:59.999,0.5,0.5000000002535384
2017-11-17 19:59:59.999,0.5,0.5000000010893747
2017-11-18 03:59:59.999,0.5,0.50000000706101
2017-11-18 15:59:59.999,0.5,0.5000000006665822
2017-11-19 03:59:59.999,0.5,0.500000000047868
2017-11-19 15:59:59.999,0.5,0.5000000000271311
2017-11-19 23:59:59.999,0.5,0.5000000000012698
2017-11-20 11:59:59.999,0.5,0.5000000000020502
2017-11-20 19:59:59.999,0.5,0.5000000000004816
2017-11-21 07:59:59.999,0.5,0.5000000000171475
2017-11-21 19:59:59.999,0.5,0.500000000240433
2017-11-22 03:59:59.999,0.5,0.5000000000291291
2017-11-22 15:59:59.999,0.5,0.500000000027142
2017-11-23 03:59:59.999,0.5,0.5000000000130372
2017-11-23 19:59:59.999,0.5000000000209731,0.50000000000526
2017-11-23 23:59:59.999,0.5000000233409558,0.5000000000697864
2017-11-24 03:59:59.999,0.5000197282170018,0.5000000000045324
2017-11-24 07:59:59.999,0.5000137426159165,0.5000000000001921
2017-11-24 11:59:59.999,0.5000229381093798,0.5000000000056765
2017-11-24 15:59:59.999,0.5017569318745504,0.500000000006265
2017-11-24 19:59:59.999,0.5063385808528215,0.5000000000005955
2017-11-24 23:59:59.999,0.5218718697430064,0.5000000000037476
2017-11-25 03:59:59.999,0.6136622344477053,0.5000000000014952
2017-11-25 07:59:59.999,0.5471012304264496,0.5000000000002189
2017-11-25 11:59:59.999,0.5000998839882769,0.500000000000036
2017-11-25 15:59:59.999,0.5000000031300729,0.5000000000000139
2017-11-25 19:59:59.999,0.5000000000003222,0.5000000000000275
2017-11-25 23:59:59.999,0.5,0.500000000000009
2017-11-26 07:59:59.999,0.5,0.5000000000000115
2017-11-26 19:59:59.999,0.5,0.50000000000002
2017-11-27 03:59:59.999,0.5,0.5000000000000119
2017-11-27 11:59:59.999,0.5,0.5000000000041592
2017-11-27 23:59:59.999,0.5,0.5000000000137399
2017-11-28 11:59:59.999,0.5,0.5000000000067999
2017-11-28 23:59:59.999,0.5,0.5000000000388924
2017-11-29 07:59:59.999,0.5,0.5000000000075542
2017-11-29 15:59:59.999,0.5,0.5000000000485578
2017-11-29 23:59:59.999,0.5,0.5000037223603612
2017-11-30 07:59:59.999,0.5,0.5000002998362447
2017-11-30 15:59:59.999,0.5,0.5000002601993856
2017-11-30 23:59:59.999,0.5,0.5000000003449415
2017-12-01 07:59:59.999,0.5000000000000001,0.5000000002256102
2017-12-01 15:59:59.999,0.5,0.5000000000136932
2017-12-01 23:59:59.999,0.5,0.5000000001655998
2017-12-02 07:59:59.999,0.5,0.5000000031864855
2017-12-02 15:59:59.999,0.5,0.5000000719370234
2017-12-02 23:59:59.999,0.5,0.5000000348421878
2017-12-03 11:59:59.999,0.5,0.5000000072702839
2017-12-03 19:59:59.999,0.5,0.5000000720114315
2017-12-04 03:59:59.999,0.5,0.5000016033826569
2017-12-04 11:59:59.999,0.5,0.5000051268002605
2017-12-04 19:59:59.999,0.5,0.5000004731139427
2017-12-05 03:59:59.999,0.5,0.5000000270840381
2017-12-05 11:59:59.999,0.5,0.5000000438349623
2017-12-05 19:59:59.999,0.5,0.500000042319698
2017-12-06 07:59:59.999,0.5,0.5000000036853423
2017-12-06 15:59:59.999,0.5,0.5000002636826366
2017-12-06 23:59:59.999,0.5,0.5000003725781994
2017-12-07 07:59:59.999,0.5,0.5000458408538714
2017-12-07 15:59:59.999,0.5,0.5920455310869814
2017-12-07 23:59:59.999,0.5,0.7310470001158343
2017-12-08 07:59:59.999,0.5,0.7310585786300049
2017-12-08 15:59:59.999,0.5,0.7310585786300049
2017-12-08 23:59:59.999,0.5,0.7310585551920353
2017-12-09 07:59:59.999,0.5,0.7310584380021684
2017-12-09 15:59:59.999,0.5,0.7310121103194408
2017-12-09 23:59:59.999,0.5,0.5357504252984319
2017-12-10 07:59:59.999,0.5,0.5000008351858014
2017-12-10 15:59:59.999,0.5,0.5000000027631701
2017-12-10 23:59:59.999,0.5,0.5000005645122769
2017-12-11 07:59:59.999,0.5,0.5001042917050081
2017-12-11 15:59:59.999,0.5,0.510995662926471
2017-12-11 23:59:59.999,0.5,0.7055839844353022
2017-12-12 07:59:59.999,0.5,0.7085597467786655
2017-12-12 19:59:59.999,0.5,0.6509862642273213
2017-12-13 07:59:59.999,0.5,0.5012188323613057
2017-12-13 15:59:59.999,0.5,0.5000205613323372
2017-12-13 23:59:59.999,0.5,0.5000002243855164
2017-12-14 11:59:59.999,0.5,0.5000000031516993
2017-12-14 19:59:59.999,0.5,0.5000000014025732
2017-12-15 03:59:59.999,0.5,0.5000000013288417
2017-12-15 11:59:59.999,0.5,0.5000000588899347
2017-12-16 03:59:59.999,0.5,0.5002448212276137
2017-12-16 11:59:59.999,0.5,0.5000746396830349
2017-12-16 19:59:59.999,0.5,0.5020399411177772
2017-12-17 03:59:59.999,0.5,0.6605477395163685
2017-12-17 11:59:59.999,0.5,0.7212807215729491
2017-12-17 19:59:59.999,0.5,0.7308276168339729
2017-12-18 03:59:59.999,0.5,0.7242721517229378
2017-12-18 11:59:59.999,0.5,0.5129585753832484
2017-12-18 19:59:59.999,0.5,0.5040615313467133
2017-12-19 03:59:59.999,0.5,0.5001150672085409
2017-12-19 15:59:59.999,0.5,0.5000003161801772
2017-12-19 23:59:59.999,0.731058484878119,0.5000000001077495
2017-12-20 03:59:59.999,0.7310585786300049,0.5000000000092867
2017-12-20 07:59:59.999,0.7310585786300049,0.5000000000001957
2017-12-20 11:59:59.999,0.7310585786300049,0.5000000000000004
2017-12-20 15:59:59.999,0.7310585786300049,0.5000000000000003
2017-12-20 19:59:59.999,0.7310585786300049,0.5
2017-12-20 23:59:59.999,0.7310585786300049,0.5
2017-12-21 03:59:59.999,0.7310585786300049,0.5
2017-12-21 07:59:59.999,0.7310585786300049,0.5
2017-12-21 11:59:59.999,0.7310585786300049,0.5
2017-12-21 15:59:59.999,0.7310585786300049,0.5
2017-12-21 19:59:59.999,0.7310585786300049,0.5
2017-12-21 23:59:59.999,0.7310585786300049,0.5
2017-12-22 03:59:59.999,0.7310585786300049,0.5
2017-12-22 07:59:59.999,0.7310585786300049,0.5
2017-12-22 11:59:59.999,0.7310585786300049,0.5
2017-12-22 15:59:59.999,0.7310585786300049,0.5
2017-12-22 19:59:59.999,0.7310585786300049,0.5
2017-12-22 23:59:59.999,0.7310585786300049,0.5
2017-12-23 03:59:59.999,0.7310585786300049,0.5
2017-12-23 07:59:59.999,0.7310585786300049,0.5
2017-12-23 11:59:59.999,0.7310585786300049,0.5
2017-12-23 15:59:59.999,0.7310585786300049,0.5
2017-12-23 19:59:59.999,0.7310585786300049,0.5
2017-12-23 23:59:59.999,0.7310585786300049,0.5
2017-12-24 03:59:59.999,0.7310585786300049,0.5
2017-12-24 07:59:59.999,0.7310585786300049,0.5
2017-12-24 11:59:59.999,0.7310585786300049,0.5
2017-12-24 15:59:59.999,0.7310585786300049,0.5
2017-12-24 19:59:59.999,0.7310585786300049,0.5
2017-12-24 23:59:59.999,0.7310585786300049,0.5
2017-12-25 03:59:59.999,0.7310585786300049,0.5
2017-12-25 07:59:59.999,0.7310585786300049,0.5
2017-12-25 11:59:59.999,0.7310585786300049,0.5
2017-12-25 15:59:59.999,0.7310585786300049,0.5
2017-12-25 19:59:59.999,0.7310585786300049,0.5
2017-12-25 23:59:59.999,0.7310585786300049,0.5
2017-12-26 03:59:59.999,0.7310585786300049,0.5
2017-12-26 07:59:59.999,0.7310585786300049,0.5
2017-12-26 11:59:59.999,0.7310585786300049,0.5000000000000002
2017-12-26 15:59:59.999,0.7310585786300049,0.5000000000000085
2017-12-26 19:59:59.999,0.5,0.5000000000016402
2017-12-27 03:59:59.999,0.5,0.500000003192508
2017-12-27 11:59:59.999,0.5,0.5000014431149111
2017-12-27 19:59:59.999,0.5,0.5000014924324887
2017-12-28 03:59:59.999,0.5,0.5000002430771247
2017-12-28 11:59:59.999,0.7310585551920353,0.5000000001298682
2017-12-28 15:59:59.999,0.7310585786300049,0.5000000000015612
2017-12-28 19:59:59.999,0.7310585786300049,0.5000000000002657
2017-12-28 23:59:59.999,0.7310585786300049,0.5000000000000194
2017-12-29 03:59:59.999,0.7310585786300049,0.5000000000000101
2017-12-29 07:59:59.999,0.7310585786300049,0.5000000000000447
2017-12-29 11:59:59.999,0.7310585786300049,0.5000000000000653
2017-12-29 15:59:59.999,0.7310585786300049,0.50000000000004
2017-12-29 19:59:59.999,0.7310585786300049,0.5000000000000713
2017-12-29 23:59:59.999,0.7310585786300049,0.5000000000002155
2017-12-30 03:59:59.999,0.7310585786300049,0.5000000000003231
2017-12-30 07:59:59.999,0.7310585786300049,0.5000000000000137
2017-12-30 11:59:59.999,0.7310585786300049,0.5000000000000031
2017-12-30 15:59:59.999,0.7310585786300049,0.5000000000000002
2017-12-30 19:59:59.999,0.7310585786300049,0.5
2017-12-30 23:59:59.999,0.7310585786300049,0.5
2017-12-31 03:59:59.999,0.7310585786300049,0.5
2017-12-31 07:59:59.999,0.7310585786300049,0.5
2017-12-31 11:59:59.999,0.7310585786300049,0.5
2017-12-31 15:59:59.999,0.7310585786300049,0.5
2017-12-31 19:59:59.999,0.7310585786300049,0.5
2017-12-31 23:59:59.999,0.7310585786300049,0.5
2018-01-01 03:59:59.999,0.7310585786300049,0.5
2018-01-01 07:59:59.999,0.7310585786300049,0.5
2018-01-01 11:59:59.999,0.7310585786300049,0.5000000000000001
2018-01-01 15:59:59.999,0.7310585786300049,0.5000000000000001
2018-01-01 19:59:59.999,0.7310585786300049,0.5000000000000002
2018-01-01 23:59:59.999,0.7310585786300049,0.5000000000000002
2018-01-02 03:59:59.999,0.7310585786300049,0.5000000000000004
2018-01-02 07:59:59.999,0.7310585786300049,0.5000000000000009
2018-01-02 11:59:59.999,0.7310585786300049,0.5000000000000009
2018-01-02 15:59:59.999,0.7310585786300049,0.5000000000000012
2018-01-02 19:59:59.999,0.7310585786300049,0.5000000000000007
2018-01-02 23:59:59.999,0.5000003770315402,0.500000000000051
2018-01-03 03:59:59.999,0.5,0.5000000000009022
2018-01-03 11:59:59.999,0.5,0.5000000015573769
2018-01-03 19:59:59.999,0.5,0.5000000452730404
2018-01-04 03:00:14.838,0.5,0.5000000376407066
2018-01-04 15:59:59.999,0.5,0.5000002015503497
2018-01-04 23:59:59.999,0.5,0.5000000079781923
2018-01-05 07:59:59.999,0.5,0.5000000189943119
2018-01-05 15:59:59.999,0.5,0.5000000556200206
2018-01-05 23:59:59.999,0.5,0.5000078058956199
2018-01-06 07:59:59.999,0.5,0.5023519553928493
2018-01-06 15:59:59.999,0.5,0.5022566994151506
2018-01-06 23:59:59.999,0.5,0.500938307090942
2018-01-07 07:59:59.999,0.5,0.5044364179359985
2018-01-07 15:59:59.999,0.5,0.5021777036267973
2018-01-07 23:59:59.999,0.5,0.5000868390989489
2018-01-08 07:59:59.999,0.5,0.5000010230990029
2018-01-08 15:59:59.999,0.5000000888026648,0.500000097891359
2018-01-08 23:59:59.999,0.7310585786300049,0.5000000000031124
2018-01-09 03:59:59.999,0.7310585786300049,0.5000000000001423
2018-01-09 07:59:59.999,0.7310585786300049,0.5000000000000724
2018-01-09 11:59:59.999,0.7310585786300049,0.5000000000000377
2018-01-09 15:59:59.999,0.7310585786300049,0.5000000000000073
2018-01-09 19:59:59.999,0.7310585786300049,0.5000000000000013
2018-01-09 23:59:59.999,0.7310585786300049,0.500000000000001
2018-01-10 03:59:59.999,0.7310585786300049,0.5000000000000003
2018-01-10 07:59:59.999,0.7310585786300049,0.5
2018-01-10 11:59:59.999,0.7310585786300049,0.5
2018-01-10 15:59:59.999,0.7310585786300049,0.5
2018-01-10 19:59:59.999,0.7310585786300049,0.5
2018-01-10 23:59:59.999,0.7310585786300049,0.5
2018-01-11 03:59:59.999,0.7310585786300049,0.5
2018-01-11 07:59:59.999,0.7310585786300049,0.5
2018-01-11 11:59:59.999,0.7310585786300049,0.5
2018-01-11 15:59:59.999,0.7310585786300049,0.5
2018-01-11 19:59:59.999,0.7310585786300049,0.5
2018-01-11 23:59:59.999,0.7310585786300049,0.5
2018-01-12 03:59:59.999,0.7310585786300049,0.5
2018-01-12 07:59:59.999,0.7310585786300049,0.5
2018-01-12 11:59:59.999,0.7310585786300049,0.5
2018-01-12 15:59:59.999,0.7310585786300049,0.5
2018-01-12 19:59:59.999,0.7310585786300049,0.5
2018-01-12 23:59:59.999,0.7310585786300049,0.5
2018-01-13 03:59:59.999,0.7310585786300049,0.5
2018-01-13 07:59:59.999,0.7310585786300049,0.5
2018-01-13 11:59:59.999,0.7310585786300049,0.5
2018-01-13 15:59:59.999,0.7310585786300049,0.5000000000000001
2018-01-13 19:59:59.999,0.7310585786300049,0.5000000000000011
2018-01-13 23:59:59.999,0.7310585786300049,0.5000000000000019
2018-01-14 03:59:59.999,0.7310585786300049,0.5000000000000069
2018-01-14 07:59:59.999,0.7310585786300049,0.5000000000000743
2018-01-14 11:59:59.999,0.7310585786300049,0.5000000000000492
2018-01-14 15:59:59.999,0.7310585786300049,0.500000000000017
2018-01-14 19:59:59.999,0.7310585786300049,0.5000000000000006
2018-01-14 23:59:59.999,0.7310585786300049,0.5000000000000001
2018-01-15 03:59:59.999,0.7310585786300049,0.5000000000000001
2018-01-15 07:59:59.999,0.7310585786300049,0.5000000000000001
2018-01-15 11:59:59.999,0.7310585786300049,0.5000000000000001
2018-01-15 15:59:59.999,0.7310585786300049,0.5000000000000001
2018-01-15 19:59:59.999,0.7310585786300049,0.5000000000000009
2018-01-15 23:59:59.999,0.7310585786300049,0.5000000000000047
2018-01-16 03:59:59.999,0.7310585786300049,0.500000000000026
2018-01-16 07:59:59.999,0.7310585786300049,0.5000000000000068
2018-01-16 11:59:59.999,0.7310585786300049,0.5000000000000006
2018-01-16 15:59:59.999,0.7310585786300049,0.5000000000000001
2018-01-16 19:59:59.999,0.7310585786300049,0.5
2018-01-16 23:59:59.999,0.7310585786300049,0.5
2018-01-17 03:59:59.999,0.7310585786300049,0.5
2018-01-17 07:59:59.999,0.7310585786300049,0.5
2018-01-17 11:59:59.999,0.7310585786300049,0.5
2018-01-17 15:59:59.999,0.7310585786300049,0.5
2018-01-17 19:59:59.999,0.7310585786300049,0.5
2018-01-17 23:59:59.999,0.7310585786300049,0.5
2018-01-18 03:59:59.999,0.7310585786300049,0.5
2018-01-18 07:59:59.999,0.7310585786300049,0.5
2018-01-18 11:59:59.999,0.7310585786300049,0.5
2018-01-18 15:59:59.999,0.7310585786300049,0.5
2018-01-18 19:59:59.999,0.7310585786300049,0.5
2018-01-18 23:59:59.999,0.7310585786300049,0.5
2018-01-19 03:59:59.999,0.7310585786300049,0.5
2018-01-19 07:59:59.999,0.7310585786300049,0.5
2018-01-19 11:59:59.999,0.7310585786300049,0.5
2018-01-19 15:59:59.999,0.7310585786300049,0.5
2018-01-19 19:59:59.999,0.7310585786300049,0.5
2018-01-19 23:59:59.999,0.7310585786300049,0.5
2018-01-20 03:59:59.999,0.7310585786300049,0.5
2018-01-20 07:59:59.999,0.7310585786300049,0.5
2018-01-20 11:59:59.999,0.7310585786300049,0.5000000000000047
2018-01-20 15:59:59.999,0.731058484878119,0.5000000000000597
2018-01-20 19:59:59.999,0.5000000000000346,0.5000000000008091
2018-01-21 03:59:59.999,0.5,0.5000000002989864
2018-01-21 11:59:59.999,0.5,0.5000000001291608
2018-01-21 19:59:59.999,0.7310584614401443,0.5000000000272513
2018-01-21 23:59:59.999,0.7310585786300049,0.5000000000026783
2018-01-22 03:59:59.999,0.7310585786300049,0.500000000000959
2018-01-22 07:59:59.999,0.7310585786300049,0.5000000000002343
2018-01-22 11:59:59.999,0.7310585786300049,0.5000000000005129
2018-01-22 15:59:59.999,0.7310585786300049,0.5000000000001966
2018-01-22 19:59:59.999,0.7310585786300049,0.500000000000003
2018-01-22 23:59:59.999,0.7310585786300049,0.5000000000000002
2018-01-23 03:59:59.999,0.7310585786300049,0.5000000000000001
2018-01-23 07:59:59.999,0.7310585786300049,0.5000000000000001
2018-01-23 11:59:59.999,0.7310585786300049,0.5
2018-01-23 15:59:59.999,0.7310585786300049,0.5
2018-01-23 19:59:59.999,0.7310585786300049,0.5
2018-01-23 23:59:59.999,0.7310585786300049,0.5
2018-01-24 03:59:59.999,0.7310585786300049,0.5
2018-01-24 07:59:59.999,0.7310585786300049,0.5
2018-01-24 11:59:59.999,0.7310585786300049,0.5
2018-01-24 15:59:59.999,0.7310585786300049,0.5000000000000001
2018-01-24 19:59:59.999,0.7310585786300049,0.5000000000000002
2018-01-24 23:59:59.999,0.7310585786300049,0.5000000000000008
2018-01-25 03:59:59.999,0.7310585786300049,0.5000000000000013
2018-01-25 07:59:59.999,0.7310585786300049,0.5000000000000343
2018-01-25 11:59:59.999,0.7310585786300049,0.5000000000002826
2018-01-25 15:59:59.999,0.7310585786300049,0.5000000000007316
2018-01-25 19:59:59.999,0.7310585786300049,0.500000000000168
2018-01-25 23:59:59.999,0.7310585786300049,0.5000000000003059
2018-01-26 03:59:59.999,0.7310585786300049,0.5000000000000897
2018-01-26 07:59:59.999,0.7310585786300049,0.5000000000018736
2018-01-26 11:59:59.999,0.7310585786300049,0.5000000000035979
2018-01-26 15:59:59.999,0.7310585786300049,0.5000000000000576
2018-01-26 19:59:59.999,0.7310585786300049,0.5000000000001474
2018-01-26 23:59:59.999,0.7310585786300049,0.5000000000000682
2018-01-27 03:59:59.999,0.7310585786300049,0.5000000000001219
2018-01-27 07:59:59.999,0.7310585786300049,0.5000000000000475
2018-01-27 11:59:59.999,0.7310585786300049,0.5000000000002134
2018-01-27 15:59:59.999,0.7310585786300049,0.5000000000000503
2018-01-27 19:59:59.999,0.7310585786300049,0.5000000000001599
2018-01-27 23:59:59.999,0.7307023483144732,0.5000000000005134
2018-01-28 03:59:59.999,0.5000989484020281,0.5000000000008009
2018-01-28 07:59:59.999,0.5000000000000003,0.5000000000006329
2018-01-28 15:59:59.999,0.5,0.5000000000518329
2018-01-29 03:59:59.999,0.5,0.5000000006923616
2018-01-29 15:59:59.999,0.5000000000718662,0.5000000000623611
2018-01-29 19:59:59.999,0.5000433088679355,0.5000000000533996
2018-01-29 23:59:59.999,0.7280273332916471,0.5000000000261374
2018-01-30 03:59:59.999,0.7310585786300049,0.5000000000506799
2018-01-30 07:59:59.999,0.7310585786300049,0.5000000000043793
2018-01-30 11:59:59.999,0.7310585786300049,0.5000000000032938
2018-01-30 15:59:59.999,0.7310585786300049,0.5000000000292437
2018-01-30 19:59:59.999,0.7310585786300049,0.5000000000010508
2018-01-30 23:59:59.999,0.7310585786300049,0.5000000000002882
2018-01-31 03:59:59.999,0.7310585786300049,0.5000000000000795
2018-01-31 07:59:59.999,0.7310585786300049,0.5000000000000018
2018-01-31 11:59:59.999,0.7310585786300049,0.5000000000000009
2018-01-31 15:59:59.999,0.7310585786300049,0.5000000000000018
2018-01-31 19:59:59.999,0.7310585786300049,0.5000000000000003
2018-01-31 23:59:59.999,0.7310585786300049,0.5000000000000001
2018-02-01 03:59:59.999,0.7310585786300049,0.5000000000000002
2018-02-01 07:59:59.999,0.7310585786300049,0.5000000000000002
2018-02-01 11:59:59.999,0.7310585786300049,0.5000000000000011
2018-02-01 15:59:59.999,0.7310585786300049,0.5000000000000007
2018-02-01 19:59:59.999,0.7310585786300049,0.5000000000000002
2018-02-01 23:59:59.999,0.7310585786300049,0.5
2018-02-02 03:59:59.999,0.7310585786300049,0.5
2018-02-02 07:59:59.999,0.7310585786300049,0.5
2018-02-02 11:59:59.999,0.7310585786300049,0.5
2018-02-02 15:59:59.999,0.7310585786300049,0.5
2018-02-02 19:59:59.999,0.7310585786300049,0.5
2018-02-02 23:59:59.999,0.7310585786300049,0.5
2018-02-03 03:59:59.999,0.7310585786300049,0.5
2018-02-03 07:59:59.999,0.7310585786300049,0.5
2018-02-03 11:59:59.999,0.7310585786300049,0.5
2018-02-03 15:59:59.999,0.7310585786300049,0.5
2018-02-03 19:59:59.999,0.7310585786300049,0.5
2018-02-03 23:59:59.999,0.7310585786300049,0.5
2018-02-04 03:59:59.999,0.7310585786300049,0.5
2018-02-04 07:59:59.999,0.7310585786300049,0.5
2018-02-04 11:59:59.999,0.7310585786300049,0.5000000000000001
2018-02-04 15:59:59.999,0.7310585786300049,0.5000000000000001
2018-02-04 19:59:59.999,0.7310585786300049,0.5000000000000001
2018-02-04 23:59:59.999,0.7310585786300049,0.5
2018-02-05 03:59:59.999,0.7310585786300049,0.5
2018-02-05 07:59:59.999,0.7310585786300049,0.5
2018-02-05 11:59:59.999,0.7310585786300049,0.5
2018-02-05 15:59:59.999,0.7310585786300049,0.5
2018-02-05 19:59:59.999,0.7310585786300049,0.5
2018-02-05 23:59:59.999,0.7310585786300049,0.5
2018-02-06 03:59:59.999,0.7310585786300049,0.5
2018-02-06 07:59:59.999,0.7310585786300049,0.5
2018-02-06 11:59:59.999,0.7310585786300049,0.5
2018-02-06 15:59:59.999,0.7310585786300049,0.5
2018-02-06 19:59:59.999,0.7310585786300049,0.5
2018-02-06 23:59:59.999,0.7310585786300049,0.5
2018-02-07 03:59:59.999,0.7310585786300049,0.5
2018-02-07 07:59:59.999,0.7310585786300049,0.5
2018-02-07 11:59:59.999,0.7310585786300049,0.5
2018-02-07 15:59:59.999,0.7310585786300049,0.5
2018-02-07 19:59:59.999,0.7310585786300049,0.5
2018-02-07 23:59:59.999,0.7310585786300049,0.5000000000000001
2018-02-08 00:28:14.788,0.7310585786300049,0.5000000000000001
2018-02-09 11:59:59.999,0.7310585786300049,0.5000000000000001
2018-02-09 15:59:59.999,0.7310585786300049,0.5000000000000013
2018-02-09 19:59:59.999,0.7310585786300049,0.5000000000000056
2018-02-09 23:59:59.999,0.7310327960830958,0.500000000000061
2018-02-10 03:59:59.999,0.5000000000007737,0.5000000000003201
2018-02-10 07:59:59.999,0.5,0.500000000002915
2018-02-10 15:59:59.999,0.5,0.5000000004754934
2018-02-10 23:59:59.999,0.5,0.5000000000624003
2018-02-11 07:59:59.999,0.5006111544656497,0.5000000001499421
2018-02-11 11:59:59.999,0.7272361325822555,0.5000000000083328
2018-02-11 15:59:59.999,0.5253692699968923,0.5000000000017402
2018-02-11 19:59:59.999,0.5299914412001933,0.500000000005551
2018-02-11 23:59:59.999,0.7310064376737399,0.5000000000112925
2018-02-12 03:59:59.999,0.6894442036090217,0.5000000000011703
2018-02-12 07:59:59.999,0.5006516941741563,0.5000000000021892
2018-02-12 11:59:59.999,0.5000000045205462,0.5000000000018647
2018-02-12 15:59:59.999,0.5000000000000814,0.5000000000036223
2018-02-13 03:59:59.999,0.5,0.5000000000411519
2018-02-13 15:59:59.999,0.5,0.5000000001364117
2018-02-13 23:59:59.999,0.5000000000000004,0.5000000000438072
2018-02-14 07:59:59.999,0.5,0.5000000000034981
2018-02-14 15:59:59.999,0.5,0.5000000000009087
2018-02-14 23:59:59.999,0.5,0.5000000000089688
2018-02-15 07:59:59.999,0.5,0.500000000029546
2018-02-15 15:59:59.999,0.5,0.5000000008021125
2018-02-15 23:59:59.999,0.5,0.5000000074538606
2018-02-16 07:59:59.999,0.5,0.5000006180895866
2018-02-16 15:59:59.999,0.5,0.5000000234645547
2018-02-16 23:59:59.999,0.5,0.5000000105287432
2018-02-17 07:59:59.999,0.5,0.5000000039932355
2018-02-17 15:59:59.999,0.5,0.5000000255610555
2018-02-18 03:59:59.999,0.5,0.5000005248872981
2018-02-18 11:59:59.999,0.5,0.500001263636932
2018-02-18 19:59:59.999,0.5,0.5000000307468326
2018-02-19 03:59:59.999,0.5,0.5000001240075846
2018-02-19 11:59:59.999,0.5,0.5000000037860883
2018-02-19 19:59:59.999,0.5,0.5000000037659365
2018-02-20 03:59:59.999,0.5,0.5000000012888742
2018-02-20 11:59:59.999,0.5,0.5000000142913814
2018-02-20 19:59:59.999,0.5,0.5000000043807282
2018-02-21 03:59:59.999,0.5,0.5000017381886437
2018-02-21 11:59:59.999,0.5,0.5000000679898449
2018-02-21 19:59:59.999,0.5,0.5000000220436238
2018-02-22 03:59:59.999,0.5000107086079862,0.5000000000268275
2018-02-22 07:59:59.999,0.7202904809297449,0.5000000000258245
2018-02-22 11:59:59.999,0.7310585786300049,0.5000000000579032
2018-02-22 15:59:59.999,0.7310585786300049,0.50000000003045
2018-02-22 19:59:59.999,0.7310585786300049,0.5000000000025222
2018-02-22 23:59:59.999,0.7310585786300049,0.5000000000012815
2018-02-23 03:59:59.999,0.7310585786300049,0.500000000000239
2018-02-23 07:59:59.999,0.7310585786300049,0.5000000000000387
2018-02-23 11:59:59.999,0.7310585786300049,0.5000000000000011
2018-02-23 15:59:59.999,0.7310585786300049,0.5000000000000008
2018-02-23 19:59:59.999,0.7310585786300049,0.5000000000000078
2018-02-23 23:59:59.999,0.7310585786300049,0.5000000000000033
2018-02-24 03:59:59.999,0.7310585786300049,0.5000000000000007
2018-02-24 07:59:59.999,0.7310585786300049,0.5000000000000112
2018-02-24 11:59:59.999,0.7310585786300049,0.5000000000000696
2018-02-24 15:59:59.999,0.7310585786300049,0.5000000000000306
2018-02-24 19:59:59.999,0.7310585786300049,0.5000000000000365
2018-02-24 23:59:59.999,0.7310585786300049,0.5000000000000049
2018-02-25 03:59:59.999,0.7310585786300049,0.5000000000000074
2018-02-25 07:59:59.999,0.7310585786300049,0.500000000000001
2018-02-25 11:59:59.999,0.7310585786300049,0.5000000000000019
2018-02-25 15:59:59.999,0.7310585786300049,0.5000000000000087
2018-02-25 19:59:59.999,0.7310585786300049,0.5000000000000022
2018-02-25 23:59:59.999,0.7310585786300049,0.5000000000000007
2018-02-26 03:59:59.999,0.7310585786300049,0.500000000000001
2018-02-26 07:59:59.999,0.7310585786300049,0.5000000000000039
2018-02-26 11:59:59.999,0.7310585786300049,0.5000000000000003
2018-02-26 15:59:59.999,0.7310585786300049,0.5
2018-02-26 19:59:59.999,0.7310585786300049,0.5000000000000002
2018-02-26 23:59:59.999,0.7310585786300049,0.5000000000000009
2018-02-27 03:59:59.999,0.7310585786300049,0.5000000000000087
2018-02-27 07:59:59.999,0.7310585551920353,0.5000000000000047
2018-02-27 11:59:59.999,0.5000032050800199,0.5000000000000204
2018-02-27 15:59:59.999,0.5000000000000534,0.5000000000004586
2018-02-27 23:59:59.999,0.5,0.5000000000067233
2018-02-28 07:59:59.999,0.5,0.5000000000317356
2018-02-28 19:59:59.999,0.5,0.5000000001164985
2018-03-01 03:59:59.999,0.5,0.5000000001833008
2018-03-01 11:59:59.999,0.5,0.5000000000061615
2018-03-01 23:59:59.999,0.5,0.500000000002925
2018-03-02 07:59:59.999,0.5,0.5000000000056126
2018-03-03 03:59:59.999,0.5,0.5000000000022359
2018-03-03 19:59:59.999,0.5,0.5000000000064776
2018-03-04 07:59:59.999,0.5,0.5000000014442114
2018-03-04 23:59:59.999,0.5,0.500000000002662
2018-03-06 03:59:59.999,0.5,0.5000000010510399
2018-03-06 15:59:59.999,0.500000040178719,0.500000001073599
2018-03-06 19:59:59.999,0.7310504221386527,0.5000000030319194
2018-03-06 23:59:59.999,0.7310585786300049,0.500000000416021
2018-03-07 03:59:59.999,0.7310585786300049,0.5000000000886026
2018-03-07 07:59:59.999,0.7310585786300049,0.5000000001870382
2018-03-07 11:59:59.999,0.7310585786300049,0.5000000000046158
2018-03-07 15:59:59.999,0.7310585786300049,0.5000000000010781
2018-03-07 19:59:59.999,0.7310585786300049,0.5000000000649615
2018-03-07 23:59:59.999,0.7310585786300049,0.5000000000018567
2018-03-08 03:59:59.999,0.7310585786300049,0.500000000000797
2018-03-08 07:59:59.999,0.7310585786300049,0.5000000000000006
2018-03-08 11:59:59.999,0.7310585786300049,0.5000000000000003
2018-03-08 15:59:59.999,0.7310585786300049,0.5000000000000003
2018-03-08 19:59:59.999,0.7310585786300049,0.5000000000000016
2018-03-08 23:59:59.999,0.7310585786300049,0.5000000000000004
2018-03-09 03:59:59.999,0.7310585786300049,0.5000000000000002
2018-03-09 07:59:59.999,0.7310585786300049,0.5000000000000001
2018-03-09 11:59:59.999,0.7310585786300049,0.5
2018-03-09 15:59:59.999,0.7310585786300049,0.5
2018-03-09 19:59:59.999,0.7310585786300049,0.5
2018-03-09 23:59:59.999,0.7310585786300049,0.5
2018-03-10 03:59:59.999,0.7310585786300049,0.5
2018-03-10 07:59:59.999,0.7310585786300049,0.5
2018-03-10 11:59:59.999,0.7310585786300049,0.5
2018-03-10 15:59:59.999,0.7310585786300049,0.5
2018-03-10 19:59:59.999,0.7310585786300049,0.5
2018-03-10 23:59:59.999,0.7310585786300049,0.5000000000000001
2018-03-11 03:59:59.999,0.7310585786300049,0.5000000000000002
2018-03-11 07:59:59.999,0.7310585786300049,0.5
2018-03-11 11:59:59.999,0.7310585786300049,0.5
2018-03-11 15:59:59.999,0.7310585786300049,0.5
2018-03-11 19:59:59.999,0.7310585786300049,0.5
2018-03-11 23:59:59.999,0.7310585786300049,0.5
2018-03-12 03:59:59.999,0.7310585786300049,0.5000000000000001
2018-03-12 07:59:59.999,0.7310585786300049,0.5000000000000002
2018-03-12 11:59:59.999,0.7310585786300049,0.5000000000000002
2018-03-12 15:59:59.999,0.7310585786300049,0.5000000000000859
2018-03-12 19:59:59.999,0.7310585786300049,0.500000000000163
2018-03-12 23:59:59.999,0.7310585786300049,0.5000000000000201
2018-03-13 03:59:59.999,0.7310585786300049,0.5000000000000298
2018-03-13 07:59:59.999,0.7310585786300049,0.5000000000000085
2018-03-13 11:59:59.999,0.7310585786300049,0.5000000000000276
2018-03-13 15:59:59.999,0.7310585786300049,0.5000000000000244
2018-03-13 19:59:59.999,0.7310585786300049,0.5000000000000218
2018-03-13 23:59:59.999,0.7310585786300049,0.5000000000000131
2018-03-14 03:59:59.999,0.7310585786300049,0.5000000000000088
2018-03-14 07:59:59.999,0.7310585786300049,0.5000000000000592
2018-03-14 11:59:59.999,0.7310585786300049,0.500000000000606
2018-03-14 15:59:59.999,0.7310585786300049,0.5000000000001326
2018-03-14 19:59:59.999,0.7310585786300049,0.5000000000004232
2018-03-14 23:59:59.999,0.7310585786300049,0.5000000000001157
2018-03-15 03:59:59.999,0.7310585786300049,0.5000000000000532
2018-03-15 07:59:59.999,0.7310585786300049,0.5000000000000067
2018-03-15 11:59:59.999,0.7310585786300049,0.5000000000000001
2018-03-15 15:59:59.999,0.7310585786300049,0.5000000000000001
2018-03-15 19:59:59.999,0.7310585786300049,0.5000000000000001
2018-03-15 23:59:59.999,0.7310585786300049,0.5000000000000001
2018-03-16 03:59:59.999,0.7310585786300049,0.5000000000000002
2018-03-16 07:59:59.999,0.7310585786300049,0.5000000000000001
2018-03-16 11:59:59.999,0.7310585786300049,0.5000000000000001
2018-03-16 15:59:59.999,0.7310585786300049,0.5
2018-03-16 19:59:59.999,0.7310585786300049,0.5000000000000001
2018-03-16 23:59:59.999,0.7310585786300049,0.5000000000000017
2018-03-17 03:59:59.999,0.7310585786300049,0.5000000000000036
2018-03-17 07:59:59.999,0.7310585786300049,0.500000000000005
2018-03-17 11:59:59.999,0.7310585786300049,0.500000000000008
2018-03-17 15:59:59.999,0.7310585786300049,0.5000000000000548
2018-03-17 19:59:59.999,0.7310585786300049,0.5000000000000482
2018-03-17 23:59:59.999,0.7310585786300049,0.5000000000000285
2018-03-18 03:59:59.999,0.7310585786300049,0.5000000000000567
2018-03-18 07:59:59.999,0.7310585786300049,0.5000000000000359
2018-03-18 11:59:59.999,0.7310585786300049,0.5000000000000054
2018-03-18 15:59:59.999,0.7310585786300049,0.500000000000055
2018-03-18 19:59:59.999,0.7310585786300049,0.5000000000000079
2018-03-18 23:59:59.999,0.7310585786300049,0.5
2018-03-19 03:59:59.999,0.7310585786300049,0.5
2018-03-19 07:59:59.999,0.7310585786300049,0.5000000000000001
2018-03-19 11:59:59.999,0.7310585786300049,0.5000000000000003
2018-03-19 15:59:59.999,0.7310585786300049,0.5000000000000003
2018-03-19 19:59:59.999,0.7310585786300049,0.5000000000000113
2018-03-19 23:59:59.999,0.7310585786300049,0.5000000000000085
2018-03-20 03:59:59.999,0.7310584380021684,0.5000000000000356
2018-03-20 07:59:59.999,0.7309037661307051,0.500000000000981
2018-03-20 11:59:59.999,0.609886991257682,0.5000000000004484
2018-03-20 15:59:59.999,0.5002835177861832,0.5000000000007753
2018-03-20 19:59:59.999,0.5000000000002964,0.5000000000000707
2018-03-20 23:59:59.999,0.5,0.5000000000005119
2018-03-21 07:59:59.999,0.5,0.5000000000080673
2018-03-21 15:59:59.999,0.5,0.5000000000142326
2018-03-21 23:59:59.999,0.5,0.5000000001064736
2018-03-22 07:59:59.999,0.5,0.500000000063569
2018-03-22 15:59:59.999,0.5,0.5000000008032714
2018-03-23 03:59:59.999,0.5000000645987299,0.5000000004847228
2018-03-23 07:59:59.999,0.7015661526196071,0.5000000001448553
2018-03-23 11:59:59.999,0.7310574770440414,0.5000000000115704
2018-03-23 15:59:59.999,0.7310585551920353,0.5000000000019393
2018-03-23 19:59:59.999,0.7310585786300049,0.500000000001493
2018-03-23 23:59:59.999,0.7310372261045808,0.5000000000000718
2018-03-24 03:59:59.999,0.6522301273389519,0.5000000000001917
2018-03-24 07:59:59.999,0.5001811528993901,0.5000000000001874
2018-03-24 11:59:59.999,0.5001275928052153,0.5000000000060631
2018-03-24 15:59:59.999,0.5000019533590603,0.5000000000004488
2018-03-24 19:59:59.999,0.5000000469185224,0.5000000000015168
2018-03-24 23:59:59.999,0.5005179267503282,0.5000000000850923
2018-03-25 03:59:59.999,0.730202315372345,0.500000000029931
2018-03-25 07:59:59.999,0.7310585786300049,0.5000000000349055
2018-03-25 11:59:59.999,0.7310585786300049,0.500000000026997
2018-03-25 15:59:59.999,0.7310585786300049,0.5000000000041145
2018-03-25 19:59:59.999,0.7310585786300049,0.5000000000004514
2018-03-25 23:59:59.999,0.7310585786300049,0.5000000000024878
2018-03-26 03:59:59.999,0.7310585786300049,0.5000000000024393
2018-03-26 07:59:59.999,0.7310585786300049,0.5000000000026239
2018-03-26 11:59:59.999,0.7310585786300049,0.5000000000372736
2018-03-26 15:59:59.999,0.7310585786300049,0.5000000000151316
2018-03-26 19:59:59.999,0.7310585786300049,0.5000000000172754
2018-03-26 23:59:59.999,0.7310585786300049,0.5000000000001432
2018-03-27 03:59:59.999,0.7310585786300049,0.5000000000009167
2018-03-27 07:59:59.999,0.7310585786300049,0.5000000000001954
2018-03-27 11:59:59.999,0.7310585786300049,0.5000000000001035
2018-03-27 15:59:59.999,0.7310585786300049,0.5000000000000117
2018-03-27 19:59:59.999,0.7310585786300049,0.5000000000000815
2018-03-27 23:59:59.999,0.7310585786300049,0.5000000000001431
2018-03-28 03:59:59.999,0.7310585786300049,0.5000000000000304
2018-03-28 07:59:59.999,0.7310585786300049,0.5000000000000352
2018-03-28 11:59:59.999,0.7310585786300049,0.500000000000003
2018-03-28 15:59:59.999,0.7310585786300049,0.50000000000004
2018-03-28 19:59:59.999,0.7310585786300049,0.5000000000000246
2018-03-28 23:59:59.999,0.7310585786300049,0.5000000000000154
2018-03-29 03:59:59.999,0.7310585786300049,0.500000000000055
2018-03-29 07:59:59.999,0.7310585786300049,0.5000000000014524
2018-03-29 11:59:59.999,0.7310585786300049,0.5000000000012037
2018-03-29 15:59:59.999,0.7310585786300049,0.5000000000005455
2018-03-29 19:59:59.999,0.7310585786300049,0.5000000000009385
2018-03-29 23:59:59.999,0.7310585786300049,0.5000000000020088
2018-03-30 03:59:59.999,0.7310585786300049,0.5000000000016024
2018-03-30 07:59:59.999,0.7310585786300049,0.5000000000000012
2018-03-30 11:59:59.999,0.7310585786300049,0.5000000000000041
2018-03-30 15:59:59.999,0.7310585786300049,0.500000000000007
2018-03-30 19:59:59.999,0.7310585786300049,0.5000000000000046
2018-03-30 23:59:59.999,0.7310585786300049,0.5000000000000017
2018-03-31 03:59:59.999,0.7310585786300049,0.5000000000000003
2018-03-31 07:59:59.999,0.7310585786300049,0.5000000000000011
2018-03-31 11:59:59.999,0.7310585786300049,0.5
2018-03-31 15:59:59.999,0.7310585786300049,0.5000000000000001
2018-03-31 19:59:59.999,0.7310585786300049,0.5000000000000003
2018-03-31 23:59:59.999,0.7310585786300049,0.5000000000000021
2018-04-01 03:59:59.999,0.7310585786300049,0.5000000000000033
2018-04-01 07:59:59.999,0.7310585786300049,0.5000000000000263
2018-04-01 11:59:59.999,0.7310585786300049,0.5000000000000294
2018-04-01 15:59:59.999,0.7310585786300049,0.5000000000001211
2018-04-01 19:59:59.999,0.7310585786300049,0.5000000000000001
2018-04-01 23:59:59.999,0.7310585786300049,0.5000000000000006
2018-04-02 03:59:59.999,0.7310585786300049,0.5000000000000002
2018-04-02 07:59:59.999,0.7310585786300049,0.5000000000000002
2018-04-02 11:59:59.999,0.7310585786300049,0.500000000000001
2018-04-02 15:59:59.999,0.7310585786300049,0.5000000000000036
2018-04-02 19:59:59.999,0.7310585786300049,0.5000000000000111
2018-04-02 23:59:59.999,0.7310585786300049,0.5000000000000082
2018-04-03 03:59:59.999,0.7310585786300049,0.5000000000000034
2018-04-03 07:59:59.999,0.7310585786300049,0.5000000000000009
2018-04-03 11:59:59.999,0.7310585786300049,0.5000000000000134
2018-04-03 15:59:59.999,0.7310585786300049,0.5000000000000164
2018-04-03 19:59:59.999,0.7310585786300049,0.5000000000000144
2018-04-03 23:59:59.999,0.7309767605345371,0.5000000000001041
2018-04-04 03:59:59.999,0.7270063079792288,0.500000000001014
2018-04-04 07:59:59.999,0.7169019573382351,0.5000000000009827
2018-04-04 11:59:59.999,0.7310285769721374,0.5000000000337174
2018-04-04 15:59:59.999,0.7310585786300049,0.5000000002589753
2018-04-04 19:59:59.999,0.7310585786300049,0.5000000000234249
2018-04-04 23:59:59.999,0.7310585786300049,0.5000000000179329
2018-04-05 03:59:59.999,0.7310585786300049,0.5000000000098754
2018-04-05 07:59:59.999,0.7310585786300049,0.5000000000039304
2018-04-05 11:59:59.999,0.7310585786300049,0.500000000003076
2018-04-05 15:59:59.999,0.7310585786300049,0.5000000000032657
2018-04-05 19:59:59.999,0.7310585786300049,0.5000000000019093
2018-04-05 23:59:59.999,0.7310585786300049,0.5000000000013267
2018-04-06 03:59:59.999,0.7310585786300049,0.500000000001565
2018-04-06 07:59:59.999,0.7310585786300049,0.5000000000121158
2018-04-06 11:59:59.999,0.7310585786300049,0.5000000000117866
2018-04-06 15:59:59.999,0.7310585786300049,0.5000000000121595
2018-04-06 19:59:59.999,0.7310585786300049,0.5000000000028967
2018-04-06 23:59:59.999,0.7310585786300049,0.5000000000040281
2018-04-07 03:59:59.999,0.7310585786300049,0.5000000000000034
2018-04-07 07:59:59.999,0.7310585786300049,0.5000000000000083
2018-04-07 11:59:59.999,0.7310585786300049,0.5000000000000184
2018-04-07 15:59:59.999,0.7310585786300049,0.5000000000000014
2018-04-07 19:59:59.999,0.7310585786300049,0.5000000000000063
2018-04-07 23:59:59.999,0.7310585786300049,0.5000000000001369
2018-04-08 03:59:59.999,0.7310585786300049,0.50000000000004
2018-04-08 07:59:59.999,0.7310585786300049,0.5000000000001219
2018-04-08 11:59:59.999,0.7310585786300049,0.5000000000000064
2018-04-08 15:59:59.999,0.7310585786300049,0.5000000000000494
2018-04-08 19:59:59.999,0.7310585551920353,0.5000000000003062
2018-04-08 23:59:59.999,0.731058484878119,0.5000000000002083
2018-04-09 03:59:59.999,0.7310494611624213,0.5000000000000252
2018-04-09 07:59:59.999,0.7291156723794292,0.5000000000000477
2018-04-09 11:59:59.999,0.7310314834752804,0.5000000002162339
2018-04-09 15:59:59.999,0.7310585786300049,0.5000000000967951
2018-04-09 19:59:59.999,0.7310585786300049,0.500000000130383
2018-04-09 23:59:59.999,0.7310585786300049,0.500000000004549
2018-04-10 03:59:59.999,0.7310585786300049,0.5000000000021204
2018-04-10 07:59:59.999,0.7310585786300049,0.5000000000093059
2018-04-10 11:59:59.999,0.7310585786300049,0.5000000000041076
2018-04-10 15:59:59.999,0.7310585786300049,0.5000000000003028
2018-04-10 19:59:59.999,0.7310585786300049,0.5000000000003059
2018-04-10 23:59:59.999,0.7310585786300049,0.5000000000003753
2018-04-11 03:59:59.999,0.7310585786300049,0.5000000000008138
2018-04-11 07:59:59.999,0.7310585786300049,0.500000000000394
2018-04-11 11:59:59.999,0.7310585786300049,0.500000000000393
2018-04-11 15:59:59.999,0.7310585786300049,0.5000000000000538
2018-04-11 19:59:59.999,0.7310585786300049,0.5000000000001287
2018-04-11 23:59:59.999,0.7310585786300049,0.5000000000000472
2018-04-12 03:59:59.999,0.7310585786300049,0.5000000000000461
2018-04-12 07:59:59.999,0.7310585786300049,0.5000000000055025
2018-04-12 11:59:59.999,0.6837853312242245,0.5
2018-04-12 15:59:59.999,0.5000000000006755,0.5000000000000018
2018-04-12 19:59:59.999,0.5,0.5000000000000051
2018-04-13 03:59:59.999,0.5,0.5000000000002343
2018-04-13 11:59:59.999,0.5,0.5000000000007004
2018-04-13 19:59:59.999,0.5,0.5000000000055603
2018-04-14 03:59:59.999,0.5,0.5000000001034137
2018-04-14 11:59:59.999,0.5,0.5000000009760809
2018-04-14 19:59:59.999,0.5,0.5000000001557237
2018-04-15 07:59:59.999,0.5,0.5000000000294196
2018-04-15 15:59:59.999,0.5,0.5000000000103442
2018-04-16 07:59:59.999,0.5,0.5000000003311081
2018-04-17 11:59:59.999,0.5,0.5000000000030893
2018-04-17 23:59:59.999,0.5000017400079741,0.5000000001084134
2018-04-18 03:59:59.999,0.5070800491058692,0.5000000000127522
2018-04-18 07:59:59.999,0.5373034238897473,0.5000000000004045
2018-04-18 11:59:59.999,0.5140451328284572,0.5000000000004894
2018-04-18 15:59:59.999,0.5655391368514886,0.5000000000058142
2018-04-18 19:59:59.999,0.6271894063378927,0.5000000000004367
2018-04-18 23:59:59.999,0.5209700578054649,0.5000000000001852
2018-04-19 03:59:59.999,0.5013928203905449,0.5000000000001841
2018-04-19 07:59:59.999,0.5002580093049078,0.5000000000003478
2018-04-19 11:59:59.999,0.5000649245481316,0.5000000000001675
2018-04-19 15:59:59.999,0.5000078189705157,0.5000000000001014
2018-04-19 19:59:59.999,0.5000010475756653,0.5000000000000939
2018-04-19 23:59:59.999,0.5000001592961496,0.5000000000000586
2018-04-20 03:59:59.999,0.5000000109308633,0.500000000000023
2018-04-20 07:59:59.999,0.5000000009004041,0.5000000000000433
2018-04-20 11:59:59.999,0.5000000000022635,0.5000000000000018
2018-04-20 15:59:59.999,0.5000000000000021,0.5000000000000242
2018-04-21 03:59:59.999,0.5,0.5000000000000017
2018-04-21 11:59:59.999,0.5,0.5000000000017203
2018-04-21 19:59:59.999,0.5,0.50000000000107
2018-04-22 03:59:59.999,0.5,0.5000000000052901
2018-04-22 15:59:59.999,0.5,0.5000000000006456
2018-04-22 23:59:59.999,0.5,0.5000000000336775
2018-04-23 11:59:59.999,0.5,0.5000000000022735
2018-04-24 03:59:59.999,0.5,0.5000000000000236
2018-04-24 15:59:59.999,0.5,0.5000000000000185
2018-04-25 03:59:59.999,0.5,0.5000000000208885
2018-04-25 11:59:59.999,0.5,0.5000000011793921
2018-04-25 19:59:59.999,0.5,0.5000000012264182
2018-04-26 03:59:59.999,0.5000000007199806,0.500000000914791
2018-04-26 11:59:59.999,0.7303066349950031,0.5000000000458393
2018-04-26 15:59:59.999,0.7310585317540645,0.500000000051964
2018-04-26 19:59:59.999,0.7310585786300049,0.5000000000055126
2018-04-26 23:59:59.999,0.7310585551920353,0.500000000000014
2018-04-27 03:59:59.999,0.7309850004848648,0.5000000000002703
2018-04-27 07:59:59.999,0.6801345829161733,0.5000000000001152
2018-04-27 11:59:59.999,0.5001825698773962,0.5000000000000884
2018-04-27 15:59:59.999,0.5000009425277199,0.5000000000005297
2018-04-27 19:59:59.999,0.5000044052540032,0.5000000000080458
2018-04-27 23:59:59.999,0.53705463155073,0.5000000000630732
2018-04-28 03:59:59.999,0.6821363839678001,0.5000000000012003
2018-04-28 07:59:59.999,0.686538494467384,0.5000000000019
2018-04-28 11:59:59.999,0.5813193675927082,0.5000000000005773
2018-04-28 15:59:59.999,0.5001206225401139,0.5000000000001478
2018-04-28 19:59:59.999,0.500000052763081,0.5000000000001776
2018-04-28 23:59:59.999,0.5000000004366345,0.5000000000006399
2018-04-29 03:59:59.999,0.5000000000005423,0.500000000000171
2018-04-29 07:59:59.999,0.5000000000000029,0.5000000000006178
2018-04-30 07:59:59.999,0.500000078012242,0.5000000000221436
2018-04-30 11:59:59.999,0.500012887157024,0.5000000000055371
2018-04-30 15:59:59.999,0.500148929243694,0.5000000000021245
2018-04-30 19:59:59.999,0.5004689370769703,0.5000000000013496
2018-04-30 23:59:59.999,0.5093836149637871,0.5000000000078443
2018-05-01 03:59:59.999,0.7310477735891526,0.5000000005371413
2018-05-01 07:59:59.999,0.7310585786300049,0.5000000000808716
2018-05-01 11:59:59.999,0.7310585786300049,0.5000000000344261
2018-05-01 15:59:59.999,0.7310585786300049,0.5000000000419536
2018-05-01 19:59:59.999,0.7310585786300049,0.5000000000050575
2018-05-01 23:59:59.999,0.7310585786300049,0.5000000000005341
2018-05-02 03:59:59.999,0.7310585786300049,0.5000000000010028
2018-05-02 07:59:59.999,0.7310585786300049,0.5000000000001114
2018-05-02 11:59:59.999,0.7310585786300049,0.5000000000000934
2018-05-02 15:59:59.999,0.7310585786300049,0.5000000000001822
2018-05-02 19:59:59.999,0.7310585786300049,0.5000000000003331
2018-05-02 23:59:59.999,0.7310585786300049,0.5000000000000361
2018-05-03 03:59:59.999,0.7310585786300049,0.5000000000000526
2018-05-03 07:59:59.999,0.7310585786300049,0.5000000000000772
2018-05-03 11:59:59.999,0.7310585786300049,0.5000000000002155
2018-05-03 15:59:59.999,0.7310585551920353,0.5000000000000029
2018-05-03 19:59:59.999,0.6315581610944575,0.5000000000000003
2018-05-03 23:59:59.999,0.5000000056060729,0.5000000000000006
2018-05-04 03:59:59.999,0.5000000000000522,0.500000000000149
2018-05-04 11:59:59.999,0.5,0.5000000000000444
2018-05-05 03:59:59.999,0.5,0.500000000000191
2018-05-05 19:59:59.999,0.5,0.5000000000010512
2018-05-06 03:59:59.999,0.5,0.500000000000558
2018-05-06 11:59:59.999,0.5,0.5000000013149745
2018-05-06 19:59:59.999,0.5000000002325122,0.5000000001087871
2018-05-06 23:59:59.999,0.5000002974294375,0.5000000000051333
2018-05-07 03:59:59.999,0.5344847708059295,0.5000000006993948
2018-05-07 07:59:59.999,0.7310583442502515,0.5000000003052074
2018-05-07 11:59:59.999,0.7310585786300049,0.5000000000808945
2018-05-07 15:59:59.999,0.7310585786300049,0.5000000000209399
2018-05-07 19:59:59.999,0.7310585786300049,0.5000000000028202
2018-05-07 23:59:59.999,0.7310585786300049,0.5000000000075868
2018-05-08 03:59:59.999,0.7310585786300049,0.5000000000008775
2018-05-08 07:59:59.999,0.7310585786300049,0.5000000000034945
2018-05-08 11:59:59.999,0.7310585786300049,0.5000000000416196
2018-05-08 15:59:59.999,0.7310585786300049,0.5000000000214472
2018-05-08 19:59:59.999,0.7310585786300049,0.5000000000031792
2018-05-08 23:59:59.999,0.7310585786300049,0.5000000000081855
2018-05-09 03:59:59.999,0.7310585786300049,0.5000000000526449
2018-05-09 07:59:59.999,0.7310585786300049,0.5000000000278105
2018-05-09 11:59:59.999,0.7310585786300049,0.5000000000000654
2018-05-09 15:59:59.999,0.7310585786300049,0.5000000000000497
2018-05-09 19:59:59.999,0.7310585786300049,0.5000000000000794
2018-05-09 23:59:59.999,0.7310585786300049,0.5000000000000726
2018-05-10 03:59:59.999,0.7310585786300049,0.5000000000000475
2018-05-10 07:59:59.999,0.7310585786300049,0.5000000000000419
2018-05-10 11:59:59.999,0.7310585786300049,0.5000000000001273
2018-05-10 15:59:59.999,0.7310585786300049,0.5000000000001471
2018-05-10 19:59:59.999,0.7310585786300049,0.5000000000577142
2018-05-10 23:59:59.999,0.7310585786300049,0.5000000001177486
2018-05-11 03:59:59.999,0.7310585786300049,0.5000000001937779
2018-05-11 07:59:59.999,0.7310585786300049,0.5000000007607877
2018-05-11 11:59:59.999,0.7310585786300049,0.5000000007190392
2018-05-11 15:59:59.999,0.7310585786300049,0.5000000002690135
2018-05-11 19:59:59.999,0.7310585786300049,0.5000000000540347
2018-05-11 23:59:59.999,0.7310585786300049,0.5000000001404934
2018-05-12 03:59:59.999,0.7310585786300049,0.5000000000661493
2018-05-12 07:59:59.999,0.7310585786300049,0.5000000000573264
2018-05-12 11:59:59.999,0.7310585786300049,0.5000000000000586
2018-05-12 15:59:59.999,0.7310585786300049,0.5000000000005212
2018-05-12 19:59:59.999,0.7310585786300049,0.50000000000001
2018-05-12 23:59:59.999,0.7310585786300049,0.5000000000000183
2018-05-13 03:59:59.999,0.7310585786300049,0.5000000000000409
2018-05-13 07:59:59.999,0.7310585786300049,0.500000000000032
2018-05-13 11:59:59.999,0.7310585786300049,0.5000000000000056
2018-05-13 15:59:59.999,0.7310585786300049,0.5000000000000027
2018-05-13 19:59:59.999,0.7310585786300049,0.5000000000000057
2018-05-13 23:59:59.999,0.7310585786300049,0.5000000000000044
2018-05-14 03:59:59.999,0.7310585786300049,0.5000000000008505
2018-05-14 07:59:59.999,0.7310585786300049,0.5000000000009146
2018-05-14 11:59:59.999,0.7310585786300049,0.5000000000003437
2018-05-14 15:59:59.999,0.7310585786300049,0.5000000000000004
2018-05-14 19:59:59.999,0.7310585786300049,0.5000000000000032
2018-05-14 23:59:59.999,0.7310585786300049,0.5000000000000314
2018-05-15 03:59:59.999,0.7310585786300049,0.5000000000000226
2018-05-15 07:59:59.999,0.7310585786300049,0.5000000000000256
2018-05-15 11:59:59.999,0.7310585786300049,0.5000000000000362
2018-05-15 15:59:59.999,0.7310585786300049,0.5000000000036141
2018-05-15 19:59:59.999,0.7310585786300049,0.5000000000013156
2018-05-15 23:59:59.999,0.7310585786300049,0.500000000004693
2018-05-16 03:59:59.999,0.7310585786300049,0.5000000001096738
2018-05-16 07:59:59.999,0.7310585786300049,0.5000000000077298
2018-05-16 11:59:59.999,0.7310585786300049,0.5000000000003351
2018-05-16 15:59:59.999,0.7310585786300049,0.5000000000008924
2018-05-16 19:59:59.999,0.7310585786300049,0.5000000000011916
2018-05-16 23:59:59.999,0.7310585786300049,0.5000000000001175
2018-05-17 03:59:59.999,0.7310585786300049,0.5000000000000967
2018-05-17 07:59:59.999,0.7310585786300049,0.5000000000005577
2018-05-17 11:59:59.999,0.7310585786300049,0.5000000000001729
2018-05-17 15:59:59.999,0.7310585786300049,0.5000000000001895
2018-05-17 19:59:59.999,0.7310585786300049,0.5000000000014497
2018-05-17 23:59:59.999,0.7310585786300049,0.5000000000057864
2018-05-18 03:59:59.999,0.7310585786300049,0.5000000000062144
2018-05-18 07:59:59.999,0.7310585786300049,0.5000000000004209
2018-05-18 11:59:59.999,0.7310585786300049,0.5000000000003486
2018-05-18 15:59:59.999,0.7310585786300049,0.5000000000003478
2018-05-18 19:59:59.999,0.7310585786300049,0.5000000000000249
2018-05-18 23:59:59.999,0.7310585786300049,0.5000000000000364
2018-05-19 03:59:59.999,0.7310585786300049,0.5000000000000849
2018-05-19 07:59:59.999,0.7310585786300049,0.5000000000004872
2018-05-19 11:59:59.999,0.7310585786300049,0.5000000000000057
2018-05-19 15:59:59.999,0.7310585786300049,0.5000000000000405
2018-05-19 19:59:59.999,0.7310585786300049,0.5000000000000734
2018-05-19 23:59:59.999,0.7310585786300049,0.5000000000005124
2018-05-20 03:59:59.999,0.7310585786300049,0.5000000000004274
2018-05-20 07:59:59.999,0.7310585786300049,0.5000000000003229
2018-05-20 11:59:59.999,0.7310585786300049,0.5000000000000558
2018-05-20 15:59:59.999,0.7310585786300049,0.5000000000000271
2018-05-20 19:59:59.999,0.7310585786300049,0.5000000000000027
2018-05-20 23:59:59.999,0.7310585786300049,0.5000000000000059
2018-05-21 03:59:59.999,0.7310583911262125,0.5000000000000248
2018-05-21 07:59:59.999,0.7310136573915097,0.5000000000000158
2018-05-21 11:59:59.999,0.7281531826326887,0.500000000000238
2018-05-21 15:59:59.999,0.7282550743805428,0.5000000000023388
2018-05-21 19:59:59.999,0.7308702245997742,0.5000000000042916
2018-05-21 23:59:59.999,0.7310483595528517,0.5000000000022936
2018-05-22 03:59:59.999,0.7310579692423776,0.5000000000103817
2018-05-22 07:59:59.999,0.7310585551920353,0.5000000000083201
2018-05-22 11:59:59.999,0.7310585786300049,0.500000000160776
2018-05-22 15:59:59.999,0.7310585786300049,0.5000000000310434
2018-05-22 19:59:59.999,0.7310585786300049,0.5000000000991999
2018-05-22 23:59:59.999,0.7310585786300049,0.5000000023684603
2018-05-23 03:59:59.999,0.7310585786300049,0.5000000013399206
2018-05-23 07:59:59.999,0.7310585786300049,0.5000000031483287
2018-05-23 11:59:59.999,0.7310585786300049,0.5000000014012682
2018-05-23 15:59:59.999,0.7310585786300049,0.5000000035287595
2018-05-23 19:59:59.999,0.7310585786300049,0.5000000035145467
2018-05-23 23:59:59.999,0.7310585786300049,0.500000002699877
2018-05-24 03:59:59.999,0.7310585786300049,0.5000000000238474
2018-05-24 07:59:59.999,0.7310585786300049,0.5000000000344125
2018-05-24 11:59:59.999,0.7310585786300049,0.5000000001063857
2018-05-24 15:59:59.999,0.7310585786300049,0.5000000000001134
2018-05-24 19:59:59.999,0.7310585786300049,0.5000000000001343
2018-05-24 23:59:59.999,0.7310585786300049,0.5000000000001982
2018-05-25 03:59:59.999,0.7310585786300049,0.5000000000001703
2018-05-25 07:59:59.999,0.7310585786300049,0.500000000002369
2018-05-25 11:59:59.999,0.7310585786300049,0.5000000000006045
2018-05-25 15:59:59.999,0.7310585786300049,0.5000000000002479
2018-05-25 19:59:59.999,0.7310585786300049,0.5000000000011345
2018-05-25 23:59:59.999,0.7310585786300049,0.5000000000003635
2018-05-26 03:59:59.999,0.7310585786300049,0.5000000000007049
2018-05-26 07:59:59.999,0.7310585786300049,0.5000000000000289
2018-05-26 11:59:59.999,0.7310585786300049,0.5000000000000834
2018-05-26 15:59:59.999,0.7310585786300049,0.5000000000000924
2018-05-26 19:59:59.999,0.7310585786300049,0.5000000000001943
2018-05-26 23:59:59.999,0.7310585786300049,0.5000000000115504
2018-05-27 03:59:59.999,0.7310585786300049,0.500000000016758
2018-05-27 07:59:59.999,0.7310585786300049,0.5000000000079365
2018-05-27 11:59:59.999,0.7310585786300049,0.5000000000039005
2018-05-27 15:59:59.999,0.7310585786300049,0.5000000000032938
2018-05-27 19:59:59.999,0.7310585786300049,0.5000000000116653
2018-05-27 23:59:59.999,0.7310585786300049,0.5000000000015435
2018-05-28 03:59:59.999,0.7310585786300049,0.5000000000005027
2018-05-28 07:59:59.999,0.7310585786300049,0.5000000000189966
2018-05-28 11:59:59.999,0.7310585786300049,0.500000000025742
2018-05-28 15:59:59.999,0.7310585786300049,0.5000000000075411
2018-05-28 19:59:59.999,0.7310585786300049,0.5000000000092587
2018-05-28 23:59:59.999,0.7310585786300049,0.5000000000873249
2018-05-29 03:59:59.999,0.7310585786300049,0.5000000000349437
2018-05-29 07:59:59.999,0.7310585786300049,0.5000000000064272
2018-05-29 11:59:59.999,0.7310585786300049,0.5000000000000021
2018-05-29 15:59:59.999,0.7310585786300049,0.5000000000000029
2018-05-29 19:59:59.999,0.7310585786300049,0.5000000000000024
2018-05-29 23:59:59.999,0.7310585786300049,0.5000000000000081
2018-05-30 03:59:59.999,0.7310585786300049,0.500000000000008
2018-05-30 07:59:59.999,0.7310585786300049,0.5000000000000127
2018-05-30 11:59:59.999,0.7310585786300049,0.5000000000000095
2018-05-30 15:59:59.999,0.7310585786300049,0.5000000000067453
2018-05-30 19:59:59.999,0.7310585786300049,0.5000000000071702
2018-05-30 23:59:59.999,0.7310585786300049,0.5000000000008451
2018-05-31 03:59:59.999,0.7310585786300049,0.5000000000010628
2018-05-31 07:59:59.999,0.7310585786300049,0.500000000000007
2018-05-31 11:59:59.999,0.7310585786300049,0.50000000000003
2018-05-31 15:59:59.999,0.7310585786300049,0.5000000000000231
2018-05-31 19:59:59.999,0.7310585551920353,0.5000000000000543
2018-05-31 23:59:59.999,0.7310583911262125,0.5000000000005538
2018-06-01 03:59:59.999,0.7310583911262125,0.5000000000004059
2018-06-01 07:59:59.999,0.7310579926803794,0.5000000000000463
2018-06-01 11:59:59.999,0.7310578989283645,0.5000000000308469
2018-06-01 15:59:59.999,0.7310585786300049,0.5000000000018803
2018-06-01 19:59:59.999,0.7310585786300049,0.5000000000020203
2018-06-01 23:59:59.999,0.7310585786300049,0.5000000000002197
2018-06-02 03:59:59.999,0.7310585786300049,0.5000000000004693
2018-06-02 07:59:59.999,0.7310584614401443,0.500000000000019
2018-06-02 11:59:59.999,0.7310267252380083,0.5000000000000231
2018-06-02 15:59:59.999,0.7291752595183277,0.5000000000000877
2018-06-02 19:59:59.999,0.7030809030921648,0.5000000000000393
2018-06-02 23:59:59.999,0.5770873973786047,0.5000000000001221
2018-06-03 03:59:59.999,0.5381061923864139,0.5000000000001208
2018-06-03 07:59:59.999,0.5076115337052254,0.5000000000000184
2018-06-03 11:59:59.999,0.5005061170685982,0.5000000000000285
2018-06-03 15:59:59.999,0.5000884123501117,0.5000000000000219
2018-06-03 19:59:59.999,0.5000213867169674,0.5000000000001007
2018-06-03 23:59:59.999,0.5000333412353445,0.500000000000062
2018-06-04 03:59:59.999,0.5000417119262179,0.5000000000002
2018-06-04 07:59:59.999,0.500184585928564,0.500000000009899
2018-06-04 11:59:59.999,0.549776762594344,0.5000000001598803
2018-06-04 15:59:59.999,0.730740101615029,0.5000000001115145
2018-06-04 19:59:59.999,0.7310581333083631,0.5000000000710094
2018-06-04 23:59:59.999,0.7310585786300049,0.5000000000620126
2018-06-05 03:59:59.999,0.7310585786300049,0.5000000004447609
2018-06-05 07:59:59.999,0.7310585786300049,0.5000000003250987
2018-06-05 11:59:59.999,0.7310585786300049,0.5000000000845674
2018-06-05 15:59:59.999,0.7310585786300049,0.5000000000000803
2018-06-05 19:59:59.999,0.7310585786300049,0.5000000000000229
2018-06-05 23:59:59.999,0.7310585786300049,0.5000000000000279
2018-06-06 03:59:59.999,0.7310585786300049,0.5000000000001471
2018-06-06 07:59:59.999,0.7310585786300049,0.5000000000000653
2018-06-06 11:59:59.999,0.7310585786300049,0.5000000000000774
2018-06-06 15:59:59.999,0.7310585786300049,0.5000000000000243
2018-06-06 19:59:59.999,0.7310585786300049,0.5000000000089492
2018-06-06 23:59:59.999,0.7310585786300049,0.5000000000000575
2018-06-07 03:59:59.999,0.7310585786300049,0.5000000000000117
2018-06-07 07:59:59.999,0.7310582973742854,0.5000000000000295
2018-06-07 11:59:59.999,0.7310550629201474,0.5000000000000621
2018-06-07 15:59:59.999,0.731045429726287,0.5000000000000862
2018-06-07 19:59:59.999,0.7310344602764695,0.500000000000079
2018-06-07 23:59:59.999,0.731022775626267,0.5000000000001011
2018-06-08 03:59:59.999,0.7309998976288729,0.5000000000022811
2018-06-08 07:59:59.999,0.731053984763304,0.5000000000021161
2018-06-08 11:59:59.999,0.7310579692423776,0.500000000040936
2018-06-08 15:59:59.999,0.7310585786300049,0.5000000000011082
2018-06-08 19:59:59.999,0.7310585786300049,0.500000000000561
2018-06-08 23:59:59.999,0.7310585786300049,0.5000000000031748
2018-06-09 03:59:59.999,0.7310585786300049,0.5000000000002113
2018-06-09 07:59:59.999,0.7310585786300049,0.5000000000004039
2018-06-09 11:59:59.999,0.7310585786300049,0.500000000000817
2018-06-09 15:59:59.999,0.7310585786300049,0.5000000000027397
2018-06-09 19:59:59.999,0.7310585786300049,0.5000000000019721
2018-06-09 23:59:59.999,0.7310585786300049,0.5000000003418409
2018-06-10 03:59:59.999,0.7310585786300049,0.5000000494699428
2018-06-10 07:59:59.999,0.7310585786300049,0.5000000549336647
2018-06-10 11:59:59.999,0.7310585786300049,0.5000000018502528
2018-06-10 15:59:59.999,0.7310585786300049,0.5000000011687441
2018-06-10 19:59:59.999,0.7310585786300049,0.500000048148248
2018-06-10 23:59:59.999,0.7310585786300049,0.5000000176053749
2018-06-11 03:59:59.999,0.7310585786300049,0.5000000044533066
2018-06-11 07:59:59.999,0.7310585786300049,0.5000000038115786
2018-06-11 11:59:59.999,0.7310585786300049,0.5000000000072756
2018-06-11 15:59:59.999,0.7310585786300049,0.5000000000122912
2018-06-11 19:59:59.999,0.7310585786300049,0.5000000000010927
2018-06-11 23:59:59.999,0.7310585786300049,0.5000000000000326
2018-06-12 03:59:59.999,0.7310585786300049,0.5000000000001253
2018-06-12 07:59:59.999,0.7310585786300049,0.5000000000001219
2018-06-12 11:59:59.999,0.7310585786300049,0.5000000000001555
2018-06-12 15:59:59.999,0.7310585786300049,0.5000000000007305
2018-06-12 19:59:59.999,0.7310585786300049,0.500000000016224
2018-06-12 23:59:59.999,0.7310585786300049,0.5000000000038953
2018-06-13 03:59:59.999,0.7310585786300049,0.5000000000026676
2018-06-13 07:59:59.999,0.7310585786300049,0.5000000000027737
2018-06-13 11:59:59.999,0.7310585786300049,0.5000000000087074
2018-06-13 15:59:59.999,0.7310585786300049,0.5000000000183445
2018-06-13 19:59:59.999,0.7310585786300049,0.5000000000345555
2018-06-13 23:59:59.999,0.7310585786300049,0.5000000000130392
2018-06-14 03:59:59.999,0.7310585786300049,0.5000000000000162
2018-06-14 07:59:59.999,0.7310585786300049,0.5000000000000442
2018-06-14 11:59:59.999,0.7310585786300049,0.5000000000000192
2018-06-14 15:59:59.999,0.7310585786300049,0.500000000000585
2018-06-14 19:59:59.999,0.7310585786300049,0.5000000000000009
2018-06-14 23:59:59.999,0.7310585786300049,0.5000000000000029
2018-06-15 03:59:59.999,0.7310585786300049,0.5000000000000127
2018-06-15 07:59:59.999,0.7310585786300049,0.5000000000000429
2018-06-15 11:59:59.999,0.7310585786300049,0.5000000000001612
2018-06-15 15:59:59.999,0.7310585786300049,0.5000000000001577
2018-06-15 19:59:59.999,0.7310585786300049,0.5000000000002335
2018-06-15 23:59:59.999,0.7310585786300049,0.5000000000047491
2018-06-16 03:59:59.999,0.7310585786300049,0.5000000000031031
2018-06-16 07:59:59.999,0.7310585786300049,0.5000000000005392
2018-06-16 11:59:59.999,0.7310585786300049,0.5000000000008312
2018-06-16 15:59:59.999,0.7310585786300049,0.5000000000056278
2018-06-16 19:59:59.999,0.7310585786300049,0.5000000000001233
2018-06-16 23:59:59.999,0.7310585786300049,0.5000000000001983
2018-06-17 03:59:59.999,0.7310585786300049,0.5000000000000594
2018-06-17 07:59:59.999,0.7310585786300049,0.5000000000001291
2018-06-17 11:59:59.999,0.7310585786300049,0.500000000000315
2018-06-17 15:59:59.999,0.7310585786300049,0.5000000000003075
2018-06-17 19:59:59.999,0.7310585786300049,0.5000000000003084
2018-06-17 23:59:59.999,0.7310585786300049,0.5000000000036495
2018-06-18 03:59:59.999,0.7310585786300049,0.5000000000092967
2018-06-18 07:59:59.999,0.7310585786300049,0.5000000000045433
2018-06-18 11:59:59.999,0.7310585786300049,0.5000000000067896
2018-06-18 15:59:59.999,0.7310585786300049,0.5000000000010805
2018-06-18 19:59:59.999,0.7310585786300049,0.500000000000001
2018-06-18 23:59:59.999,0.7310585786300049,0.5000000000000016
2018-06-19 03:59:59.999,0.7310585786300049,0.5000000000000093
2018-06-19 07:59:59.999,0.7310585786300049,0.5000000000000097
2018-06-19 11:59:59.999,0.7310585551920353,0.500000000000007
2018-06-19 15:59:59.999,0.7310568442167726,0.5000000000000072
2018-06-19 19:59:59.999,0.7309703841334925,0.500000000000009
2018-06-19 23:59:59.999,0.729520683583394,0.5000000000000118
2018-06-20 03:59:59.999,0.715610474821056,0.5000000000072391
2018-06-20 07:59:59.999,0.7307020433658503,0.5000000000020123
2018-06-20 11:59:59.999,0.7310255532502185,0.5000000000017605
2018-06-20 15:59:59.999,0.7310472813790219,0.5000000000000238
2018-06-20 19:59:59.999,0.7308981506582687,0.5000000000000316
2018-06-20 23:59:59.999,0.7300302410440082,0.5000000000000245
2018-06-21 03:59:59.999,0.7260245685724628,0.5000000000000195
2018-06-21 07:59:59.999,0.7111919997662902,0.500000000000046
2018-06-21 11:59:59.999,0.7001414575532786,0.5000000000001953
2018-06-21 15:59:59.999,0.717975453253444,0.5000000000004999
2018-06-21 19:59:59.999,0.729103676263775,0.5000000000004269
2018-06-21 23:59:59.999,0.7307480060456811,0.5000000000002924
2018-06-22 03:59:59.999,0.7308728508058508,0.5000000000077091
2018-06-22 07:59:59.999,0.7310553676161515,0.5000000034785601
2018-06-22 11:59:59.999,0.7310585786300049,0.5000000475423967
2018-06-22 15:59:59.999,0.7310585786300049,0.5000002680691011
2018-06-22 19:59:59.999,0.7310585786300049,0.5000000103406492
2018-06-22 23:59:59.999,0.7310585786300049,0.500000021567141
2018-06-23 03:59:59.999,0.7310585786300049,0.5000000009095039
2018-06-23 07:59:59.999,0.7310585786300049,0.5000000003152455
2018-06-23 11:59:59.999,0.7310585786300049,0.5000000000899688
2018-06-23 15:59:59.999,0.7310585786300049,0.5000000001298559
2018-06-23 19:59:59.999,0.7310585786300049,0.5000000000150826
2018-06-23 23:59:59.999,0.7310585786300049,0.5000000000086093
2018-06-24 03:59:59.999,0.7310585786300049,0.5000000000677134
2018-06-24 07:59:59.999,0.7310585786300049,0.5000000008995956
2018-06-24 11:59:59.999,0.7310585786300049,0.5000000000255929
2018-06-24 15:59:59.999,0.7310585786300049,0.5000000000965301
2018-06-24 19:59:59.999,0.7310585786300049,0.5000000000000017
2018-06-24 23:59:59.999,0.7310585786300049,0.5000000000000082
2018-06-25 03:59:59.999,0.7310585786300049,0.5000000000000218
2018-06-25 07:59:59.999,0.7310585786300049,0.5000000000000213
2018-06-25 11:59:59.999,0.7310585786300049,0.5000000000000069
2018-06-25 15:59:59.999,0.7310585786300049,0.5000000000000049
2018-06-25 19:59:59.999,0.7310585786300049,0.5000000000000234
2018-06-25 23:59:59.999,0.7310585786300049,0.5000000000000451
2018-06-26 01:59:59.999,0.7310585786300049,0.5000000000001275
2018-06-26 15:59:59.999,0.7310585786300049,0.5000000000004589
2018-06-26 19:59:59.999,0.7310585786300049,0.5000000000010125
2018-06-26 23:59:59.999,0.7310585786300049,0.5000000000083671
2018-06-27 03:59:59.999,0.7310585786300049,0.5000000000155013
2018-06-27 07:59:59.999,0.7310585786300049,0.500000000003282
2018-06-27 11:59:59.999,0.7310585786300049,0.5000000000016808
2018-06-27 15:59:59.999,0.7310585786300049,0.5000000000009606
2018-06-27 19:59:59.999,0.7310585786300049,0.5000000000004956
2018-06-27 23:59:59.999,0.7310585786300049,0.5000000000005846
2018-06-28 03:59:59.999,0.7310585786300049,0.500000000002419
2018-06-28 07:59:59.999,0.7310585786300049,0.5000000000010444
2018-06-28 11:59:59.999,0.7310585786300049,0.5000000000018706
2018-06-28 15:59:59.999,0.7310585786300049,0.5000000000017236
2018-06-28 19:59:59.999,0.7310585786300049,0.5000000000039163
2018-06-28 23:59:59.999,0.7310585786300049,0.5000000021778657
2018-06-29 03:59:59.999,0.7310585786300049,0.5000000002641386
2018-06-29 07:59:59.999,0.7310585786300049,0.5000000000792504
2018-06-29 11:59:59.999,0.7310585786300049,0.500000000123657
2018-06-29 15:59:59.999,0.7310585786300049,0.5000000000326525
2018-06-29 19:59:59.999,0.7310585786300049,0.5000000000495297
2018-06-29 23:59:59.999,0.7310585786300049,0.5000000000000009
2018-06-30 03:59:59.999,0.7310585786300049,0.5000000000000001
2018-06-30 07:59:59.999,0.7310585786300049,0.5000000000000002
2018-06-30 11:59:59.999,0.7310585786300049,0.5000000000000008
2018-06-30 15:59:59.999,0.7310400153537067,0.500000000000003
2018-06-30 19:59:59.999,0.7164281333116543,0.5000000000000405
2018-06-30 23:59:59.999,0.5308541435687736,0.5000000000000138
2018-07-01 03:59:59.999,0.5005742836895813,0.5000000000000995
2018-07-01 07:59:59.999,0.5000804151634272,0.5000000000000537
2018-07-01 11:59:59.999,0.5000118774632916,0.5000000000000514
2018-07-01 15:59:59.999,0.5000046610157368,0.5000000000007692
2018-07-01 19:59:59.999,0.5000320183462026,0.5000000000004903
2018-07-01 23:59:59.999,0.5001154816325126,0.5000000000001846
2018-07-02 03:59:59.999,0.5002251693652064,0.5000000000002772
2018-07-02 07:59:59.999,0.5008808641196116,0.5000000000002555
2018-07-02 11:59:59.999,0.5039198149660626,0.5000000000002428
2018-07-02 15:59:59.999,0.5000909937579268,0.5000000000000003
2018-07-02 19:59:59.999,0.5000000145224757,0.5000000000000006
2018-07-02 23:59:59.999,0.5000000000274178,0.5000000000000018
2018-07-03 03:59:59.999,0.5000000000003535,0.5000000000000014
2018-07-03 07:59:59.999,0.5000000000000143,0.5000000000000018
2018-07-03 11:59:59.999,0.5000000000000011,0.5000000000000776
2018-07-04 15:59:59.999,0.5000000089426706,0.5000000000000097
2018-07-04 19:59:59.999,0.5000000008507378,0.500000000000012
2018-07-04 23:59:59.999,0.50000000021332,0.5000000000008678
2018-07-05 03:59:59.999,0.5000000028947005,0.50000000000023
2018-07-05 07:59:59.999,0.5000000145814836,0.5000000000003347
2018-07-05 11:59:59.999,0.5000001407763932,0.5000000000002841
2018-07-05 15:59:59.999,0.5000013977190747,0.5000000000002774
2018-07-05 19:59:59.999,0.5000129082873145,0.500000000018797
2018-07-05 23:59:59.999,0.5051193241127038,0.5000000000056034
2018-07-06 03:59:59.999,0.6530259412108034,0.5000000000038245
2018-07-06 07:59:59.999,0.7283042598115194,0.5000000000243577
2018-07-06 11:59:59.999,0.7310422420520696,0.5000000000020721
2018-07-06 15:59:59.999,0.731057008283192,0.5000000000003703
2018-07-06 19:59:59.999,0.7310577583003033,0.5000000000002879
2018-07-06 23:59:59.999,0.731058062994377,0.5000000000000577
2018-07-07 03:59:59.999,0.7310571957875938,0.500000000000105
2018-07-07 07:59:59.999,0.7310568207787076,0.5000000000001865
2018-07-07 11:59:59.999,0.7310574301679797,0.5000000000002426
2018-07-07 15:59:59.999,0.7310577348622885,0.500000000001114
2018-07-07 19:59:59.999,0.7310583911262125,0.5000000000030778
2018-07-07 23:59:59.999,0.7310585317540645,0.5000000000000006
2018-07-08 03:59:59.999,0.7310309678068164,0.5000000000000071
2018-07-08 07:59:59.999,0.7302986402100899,0.500000000000005
2018-07-08 11:59:59.999,0.7183953299289099,0.5000000000000078
2018-07-08 15:59:59.999,0.6726366072185247,0.5000000000000074
2018-07-08 19:59:59.999,0.5982029542132599,0.5000000000000037
2018-07-08 23:59:59.999,0.5130290940370189,0.5000000000001064
2018-07-09 03:59:59.999,0.5407022584852619,0.5000000000000783
2018-07-09 07:59:59.999,0.5967820493330853,0.5000000000000517
2018-07-09 11:59:59.999,0.6453259364582509,0.5000000000000766
2018-07-09 15:59:59.999,0.7041186026961375,0.5000000000000469
2018-07-09 19:59:59.999,0.7154637849657769,0.5000000000001508
2018-07-09 23:59:59.999,0.7221974821691405,0.5000000000031286
2018-07-10 03:59:59.999,0.7305575905012855,0.500000000014304
2018-07-10 07:59:59.999,0.7310449609521644,0.5000000000580834
2018-07-10 11:59:59.999,0.7310585551920353,0.5000001056312087
2018-07-10 15:59:59.999,0.7310585786300049,0.5000000132237714
2018-07-10 19:59:59.999,0.7310585786300049,0.5000000079366664
2018-07-10 23:59:59.999,0.7310585786300049,0.5000000261867914
2018-07-11 03:59:59.999,0.7310585786300049,0.5000000011929168
2018-07-11 07:59:59.999,0.7310585786300049,0.500000000490913
2018-07-11 11:59:59.999,0.7310585786300049,0.5000000000685262
2018-07-11 15:59:59.999,0.7310585786300049,0.50000000010561
2018-07-11 19:59:59.999,0.7310585786300049,0.5000000001669352
2018-07-11 23:59:59.999,0.7310585786300049,0.5000000000178977
2018-07-12 03:59:59.999,0.7310585786300049,0.5000000000681255
2018-07-12 07:59:59.999,0.7310585786300049,0.5000000047912243
2018-07-12 11:59:59.999,0.7310585786300049,0.500000003998883
2018-07-12 15:59:59.999,0.7310585786300049,0.5000000026428535
2018-07-12 19:59:59.999,0.7310585786300049,0.5000000013797936
2018-07-12 23:59:59.999,0.7310585786300049,0.5000000000089645
2018-07-13 03:59:59.999,0.7310585786300049,0.5000000000068605
2018-07-13 07:59:59.999,0.7310585786300049,0.5000000000102093
2018-07-13 11:59:59.999,0.7310585786300049,0.5000000000171418
2018-07-13 15:59:59.999,0.7310585786300049,0.5000000000062801
2018-07-13 19:59:59.999,0.7310585786300049,0.5000000001994572
2018-07-13 23:59:59.999,0.7310585786300049,0.5000000000174412
2018-07-14 03:59:59.999,0.7310585786300049,0.5000000000248531
2018-07-14 07:59:59.999,0.7310585786300049,0.5000000000108343
2018-07-14 11:59:59.999,0.7310585786300049,0.5000000000049086
2018-07-14 15:59:59.999,0.7310585786300049,0.500000000004289
2018-07-14 19:59:59.999,0.7310585786300049,0.5000000000007246
2018-07-14 23:59:59.999,0.7310585786300049,0.5000000000026609
2018-07-15 03:59:59.999,0.7310585786300049,0.5000000000020668
2018-07-15 07:59:59.999,0.7310585786300049,0.5000000000003633
2018-07-15 11:59:59.999,0.7310585786300049,0.5000000000000058
2018-07-15 15:59:59.999,0.7310585786300049,0.500000000000002
2018-07-15 19:59:59.999,0.7310585786300049,0.5000000000000169
2018-07-15 23:59:59.999,0.7310585786300049,0.5000000000000414
2018-07-16 03:59:59.999,0.7310585786300049,0.5000000000000376
2018-07-16 07:59:59.999,0.7310585786300049,0.5000000000000209
2018-07-16 11:59:59.999,0.7310585786300049,0.5
2018-07-16 15:59:59.999,0.7310583442502515,0.5
2018-07-16 19:59:59.999,0.7282307272965194,0.5
2018-07-16 23:59:59.999,0.5022250744312446,0.5
2018-07-17 03:59:59.999,0.5000010542505606,0.5
2018-07-17 07:59:59.999,0.5000000009172423,0.5000000000000003
2018-07-17 11:59:59.999,0.5000000000565217,0.5000000000000016
2018-07-17 15:59:59.999,0.5000000000056328,0.5000000000000002
2018-07-17 19:59:59.999,0.5,0.5
2018-07-17 23:59:59.999,0.5,0.5
2018-07-18 03:59:59.999,0.5,0.5
2018-07-18 07:59:59.999,0.5,0.5000000000000003
2018-07-18 19:59:59.999,0.5,0.5000000000000123
2018-07-19 15:59:59.999,0.5,0.5000000000000971
2018-07-20 03:59:59.999,0.5,0.5000000000000183
2018-07-20 15:59:59.999,0.5,0.500000000000045
2018-07-20 23:59:59.999,0.5,0.5000000000081914
2018-07-21 11:59:59.999,0.5,0.5000000000040643
2018-07-21 23:59:59.999,0.5000000000000793,0.50000000000022
2018-07-22 19:59:59.999,0.500000000136492,0.5000000000000053
2018-07-22 23:59:59.999,0.5000000000397519,0.500000000003549
2018-07-23 03:59:59.999,0.5000000001140964,0.5000000000000108
2018-07-23 07:59:59.999,0.5000000000000715,0.5000000000000019
2018-07-23 11:59:59.999,0.5000000000000001,0.5000000000000347
2018-07-23 23:59:59.999,0.5,0.5000000000000885
2018-07-24 11:59:59.999,0.5,0.5000000000000006
2018-07-24 19:59:59.999,0.5,0.5000000000000195
2018-07-25 03:59:59.999,0.5,0.5000000000000627
2018-07-25 19:59:59.999,0.5,0.5000000000211119
2018-07-26 03:59:59.999,0.5,0.5000000000028431
2018-07-27 03:59:59.999,0.5,0.5000000018158193
2018-07-27 19:59:59.999,0.5000009347274954,0.5000000000001604
2018-07-27 23:59:59.999,0.5000001167825516,0.500000000000454
2018-07-28 03:59:59.999,0.5000001242216996,0.5000000000008542
2018-07-28 07:59:59.999,0.5000001831634648,0.5000000000004262
2018-07-28 11:59:59.999,0.5000002710405056,0.5000000000005919
2018-07-28 15:59:59.999,0.5000021523562737,0.5000000000038205
2018-07-28 19:59:59.999,0.5000251425371759,0.5000000000005664
2018-07-28 23:59:59.999,0.5000268754720051,0.5000000000002394
2018-07-29 03:59:59.999,0.5000153137734694,0.5000000000001751
2018-07-29 07:59:59.999,0.5000223407860027,0.5000000000015832
2018-07-29 11:59:59.999,0.5003566939826384,0.5000000000014909
2018-07-29 15:59:59.999,0.5020484865580495,0.5000000000002597
2018-07-29 19:59:59.999,0.5030174396619046,0.500000000000315
2018-07-29 23:59:59.999,0.5076005922661826,0.5000000000004302
2018-07-30 03:59:59.999,0.5309291294535273,0.5000000000008109
2018-07-30 07:59:59.999,0.6404150611354386,0.500000000002243
2018-07-30 11:59:59.999,0.7251333083831845,0.5000000000023276
2018-07-30 15:59:59.999,0.7307689039976423,0.5000000000068069
2018-07-30 19:59:59.999,0.7310519456331082,0.5000000000056926
2018-07-30 23:59:59.999,0.7310583442502515,0.5000000000004468
2018-07-31 03:59:59.999,0.7310584380021684,0.5000000000029705
2018-07-31 07:59:59.999,0.7310585551920353,0.5000000000028408
2018-07-31 11:59:59.999,0.7310585786300049,0.5000000004714045
2018-07-31 15:59:59.999,0.7310585786300049,0.5000000259713566
2018-07-31 19:59:59.999,0.7310585786300049,0.5000000100235518
2018-07-31 23:59:59.999,0.7310585786300049,0.5000000059674741
2018-08-01 03:59:59.999,0.7310585786300049,0.5000000331218963
2018-08-01 07:59:59.999,0.7310585786300049,0.5000000053910094
2018-08-01 11:59:59.999,0.7310585786300049,0.5000000017210534
2018-08-01 15:59:59.999,0.7310585786300049,0.5000000001919629
2018-08-01 19:59:59.999,0.7310585786300049,0.5000000002881292
2018-08-01 23:59:59.999,0.7310585786300049,0.5000000000339735
2018-08-02 03:59:59.999,0.7310585786300049,0.5000000000059757
2018-08-02 07:59:59.999,0.7310585786300049,0.5000000000034386
2018-08-02 11:59:59.999,0.7310585786300049,0.5000000000400083
2018-08-02 15:59:59.999,0.7310585786300049,0.5000000000797625
2018-08-02 19:59:59.999,0.7310585786300049,0.5000000000412768
2018-08-02 23:59:59.999,0.7310585786300049,0.5000000000589588
2018-08-03 03:59:59.999,0.7310585786300049,0.5000000016498508
2018-08-03 07:59:59.999,0.7310585786300049,0.5000000000360556
2018-08-03 11:59:59.999,0.7310585786300049,0.5000000000650086
2018-08-03 15:59:59.999,0.7310585786300049,0.5000000000004565
2018-08-03 19:59:59.999,0.7310585786300049,0.5000000000047071
2018-08-03 23:59:59.999,0.7310585786300049,0.5000000000010758
2018-08-04 03:59:59.999,0.7310585786300049,0.5000000000003746
2018-08-04 07:59:59.999,0.7310585786300049,0.5000000000006548
2018-08-04 11:59:59.999,0.7310585786300049,0.5000000000028759
2018-08-04 15:59:59.999,0.7310585786300049,0.5000000008386482
2018-08-04 19:59:59.999,0.7310585786300049,0.500000000198558
2018-08-04 23:59:59.999,0.7310585786300049,0.5000000000619284
2018-08-05 03:59:59.999,0.7310585786300049,0.5000000000412277
2018-08-05 07:59:59.999,0.7310585786300049,0.5000000000717167
2018-08-05 11:59:59.999,0.7310585786300049,0.5000000000023971
2018-08-05 15:59:59.999,0.7310585786300049,0.5000000000040435
2018-08-05 19:59:59.999,0.7310585786300049,0.5000000000023882
2018-08-05 23:59:59.999,0.7310585786300049,0.500000000002383
2018-08-06 03:59:59.999,0.7310585786300049,0.5000000000002575
2018-08-06 07:59:59.999,0.7310585786300049,0.5000000000018492
2018-08-06 11:59:59.999,0.7310585786300049,0.5000000000047404
2018-08-06 15:59:59.999,0.7310585786300049,0.5000000000067816
2018-08-06 19:59:59.999,0.7310585786300049,0.500000000015353
2018-08-06 23:59:59.999,0.7310585786300049,0.5000000000216854
2018-08-07 03:59:59.999,0.7310585786300049,0.5000000000250286
2018-08-07 07:59:59.999,0.7310585786300049,0.5000000000003317
2018-08-07 11:59:59.999,0.7310585786300049,0.5000000000000461
2018-08-07 15:59:59.999,0.7310585786300049,0.5000000000000306
2018-08-07 19:59:59.999,0.7310585786300049,0.5000000000016925
2018-08-07 23:59:59.999,0.7310585786300049,0.5000000003377907
2018-08-08 03:59:59.999,0.7310585786300049,0.5000000007771745
2018-08-08 07:59:59.999,0.7310585786300049,0.5000000010631412
2018-08-08 11:59:59.999,0.7310585786300049,0.50000000006404
2018-08-08 15:59:59.999,0.7310585786300049,0.5000000000596719
2018-08-08 19:59:59.999,0.7310585786300049,0.500000000131167
2018-08-08 23:59:59.999,0.7310585786300049,0.5000000001052379
2018-08-09 03:59:59.999,0.7310585786300049,0.5000000000251837
2018-08-09 07:59:59.999,0.7310585786300049,0.50000000002011
2018-08-09 11:59:59.999,0.7310585786300049,0.500000000020392
2018-08-09 15:59:59.999,0.7310585786300049,0.5000000000001145
2018-08-09 19:59:59.999,0.7310585786300049,0.5000000000001042
2018-08-09 23:59:59.999,0.7310585786300049,0.5000000000000228
2018-08-10 03:59:59.999,0.7310585786300049,0.5000000000002048
2018-08-10 07:59:59.999,0.7310585786300049,0.5000000000003456
2018-08-10 11:59:59.999,0.7310585786300049,0.5000000000053612
2018-08-10 15:59:59.999,0.7310585786300049,0.5000000000000935
2018-08-10 19:59:59.999,0.7310585786300049,0.5000000000004216
2018-08-10 23:59:59.999,0.7310585786300049,0.5000000000200844
2018-08-11 03:59:59.999,0.7310585786300049,0.5000000000184659
2018-08-11 07:59:59.999,0.7310585786300049,0.5000000000159712
2018-08-11 11:59:59.999,0.7310585786300049,0.5000000000120647
2018-08-11 15:59:59.999,0.7310585786300049,0.5000000000100533
2018-08-11 19:59:59.999,0.7310585786300049,0.5000000000000022
2018-08-11 23:59:59.999,0.7310585786300049,0.5000000000000866
2018-08-12 03:59:59.999,0.7310585786300049,0.5000000000000487
2018-08-12 07:59:59.999,0.7310585786300049,0.5000000000000264
2018-08-12 11:59:59.999,0.7310585786300049,0.5000000000000241
2018-08-12 15:59:59.999,0.7310585786300049,0.5000000000000837
2018-08-12 19:59:59.999,0.7310585786300049,0.5000000000001114
2018-08-12 23:59:59.999,0.7310585786300049,0.5000000000002492
2018-08-13 03:59:59.999,0.7310585786300049,0.5000000000000998
2018-08-13 07:59:59.999,0.7310585786300049,0.5000000000000127
2018-08-13 11:59:59.999,0.7310585786300049,0.5000000000000238
2018-08-13 15:59:59.999,0.7310585786300049,0.5000000000022103
2018-08-13 19:59:59.999,0.7310585786300049,0.500000000006974
2018-08-13 23:59:59.999,0.7310585786300049,0.5000000000041549
2018-08-14 03:59:59.999,0.7310585786300049,0.500000000413346
2018-08-14 07:59:59.999,0.7310585786300049,0.5000000000398288
2018-08-14 11:59:59.999,0.7310585786300049,0.5000000000365313
2018-08-14 15:59:59.999,0.7310585786300049,0.5000000000120121
2018-08-14 19:59:59.999,0.7310585786300049,0.5000000000020872
2018-08-14 23:59:59.999,0.7310585786300049,0.5000000000000786
2018-08-15 03:59:59.999,0.7310585786300049,0.5000000000000101
2018-08-15 07:59:59.999,0.7310585786300049,0.5000000000000023
2018-08-15 11:59:59.999,0.7310585786300049,0.5000000000000163
2018-08-15 15:59:59.999,0.7310585786300049,0.5000000000000054
2018-08-15 19:59:59.999,0.7310585786300049,0.5000000000000626
2018-08-15 23:59:59.999,0.7310585786300049,0.5000000000010504
2018-08-16 03:59:59.999,0.7310585786300049,0.5000000000009638
2018-08-16 07:59:59.999,0.7310585786300049,0.5000000000000846
2018-08-16 11:59:59.999,0.7310585786300049,0.5000000000000347
2018-08-16 15:59:59.999,0.7310585786300049,0.5000000000001247
2018-08-16 19:59:59.999,0.7310585786300049,0.5000000000001378
2018-08-16 23:59:59.999,0.7310585551920353,0.5000000000025463
2018-08-17 03:59:59.999,0.7310585551920353,0.5000000000001871
2018-08-17 07:59:59.999,0.731057312977803,0.5000000000000363
2018-08-17 11:59:59.999,0.7309811911393171,0.5000000000001711
2018-08-17 15:59:59.999,0.7304097554921034,0.5000000000001518
2018-08-17 19:59:59.999,0.7261908312590145,0.5000000000001079
2018-08-17 23:59:59.999,0.6255910053409895,0.5000000000000175
2018-08-18 03:59:59.999,0.5054859785440035,0.5000000000001862
2018-08-18 07:59:59.999,0.5047998476556003,0.5000000000013741
2018-08-18 11:59:59.999,0.5175197157836602,0.5000000000004414
2018-08-18 15:59:59.999,0.62212461016893,0.500000000025112
2018-08-18 19:59:59.999,0.7305137076905162,0.5000000000107346
2018-08-18 23:59:59.999,0.7310509612219298,0.5000000000044927
2018-08-19 03:59:59.999,0.7310584145641912,0.500000000015269
2018-08-19 07:59:59.999,0.7310585786300049,0.5000000000068058
2018-08-19 11:59:59.999,0.7310585786300049,0.5000000000004486
2018-08-19 15:59:59.999,0.7310585786300049,0.500000000000885
2018-08-19 19:59:59.999,0.7310585786300049,0.5000000000025537
2018-08-19 23:59:59.999,0.7310585786300049,0.5000000000001028
2018-08-20 03:59:59.999,0.7310585786300049,0.500000000000103
2018-08-20 07:59:59.999,0.7310585786300049,0.500000000000318
2018-08-20 11:59:59.999,0.7310585786300049,0.5000000000005426
2018-08-20 15:59:59.999,0.7310585786300049,0.5000000000010878
2018-08-20 19:59:59.999,0.7310585786300049,0.5000000000004162
2018-08-20 23:59:59.999,0.7310585786300049,0.500000000222488
2018-08-21 03:59:59.999,0.7310585786300049,0.5000000000150484
2018-08-21 07:59:59.999,0.7310585786300049,0.5000000000007442
2018-08-21 11:59:59.999,0.7310585786300049,0.5000000000002585
2018-08-21 15:59:59.999,0.7310585786300049,0.5000000000004734
2018-08-21 19:59:59.999,0.7310585786300049,0.5000000000002651
2018-08-21 23:59:59.999,0.7310585786300049,0.5000000000000725
2018-08-22 03:59:59.999,0.7310585786300049,0.5000000000000003
2018-08-22 07:59:59.999,0.7308888421755336,0.5000000000000111
2018-08-22 11:59:59.999,0.6811959365309642,0.5000000000000124
2018-08-22 15:59:59.999,0.5810771680693645,0.5000000000085425
2018-08-22 19:59:59.999,0.7281155791565408,0.5000000000098774
2018-08-22 23:59:59.999,0.7310517346880475,0.5000000000404748
2018-08-23 03:59:59.999,0.7310585551920353,0.5000000000084222
2018-08-23 07:59:59.999,0.7310585786300049,0.5000000000021535
2018-08-23 11:59:59.999,0.7310585786300049,0.5000000000042828
2018-08-23 15:59:59.999,0.7310585786300049,0.5000000000015279
2018-08-23 19:59:59.999,0.7310585786300049,0.5000000000023676
2018-08-23 23:59:59.999,0.7310585786300049,0.5000000000000979
2018-08-24 03:59:59.999,0.7310585786300049,0.5000000000003172
2018-08-24 07:59:59.999,0.7310585786300049,0.5000000000001156
2018-08-24 11:59:59.999,0.7310585786300049,0.5000000000001535
2018-08-24 15:59:59.999,0.7310585786300049,0.5000000000004707
2018-08-24 19:59:59.999,0.7310585551920353,0.5000000000000167
2018-08-24 23:59:59.999,0.7310526487825555,0.5000000000000061
2018-08-25 03:59:59.999,0.7288688430899242,0.5000000000000042
2018-08-25 07:59:59.999,0.5915144643725806,0.5000000000000409
2018-08-25 11:59:59.999,0.5121191514412191,0.500000000000022
2018-08-25 15:59:59.999,0.500733100691283,0.5000000000000115
2018-08-25 19:59:59.999,0.500051853414148,0.5000000000000466
2018-08-25 23:59:59.999,0.5000213952825885,0.500000000000027
2018-08-26 03:59:59.999,0.5000100526976881,0.5000000000037028
2018-08-26 07:59:59.999,0.5005261879218047,0.5000000000014119
2018-08-26 11:59:59.999,0.5046286471386547,0.5000000000001751
2018-08-26 15:59:59.999,0.5070433674371051,0.5000000000004333
2018-08-26 19:59:59.999,0.5218362366271958,0.5000000000001414
2018-08-26 23:59:59.999,0.5306904063131382,0.5000000000002005
2018-08-27 03:59:59.999,0.5627200427574262,0.5000000000007176
2018-08-27 07:59:59.999,0.6704350417438786,0.5000000000001519
2018-08-27 11:59:59.999,0.6948031252423167,0.500000000000127
2018-08-27 15:59:59.999,0.7079676362099817,0.5000000000000347
2018-08-27 19:59:59.999,0.6977572405387232,0.5000000000000425
2018-08-27 23:59:59.999,0.597503292465676,0.5000000000000004
2018-08-28 03:59:59.999,0.5004480119934415,0.5000000000000034
2018-08-28 07:59:59.999,0.500012168163264,0.5000000000000012
2018-08-28 11:59:59.999,0.5000000379773013,0.5000000000000002
2018-08-28 15:59:59.999,0.5000000000702526,0.5000000000000002
2018-08-28 19:59:59.999,0.500000000000268,0.5000000000000002
2018-08-28 23:59:59.999,0.500000000000003,0.5000000000000007
2018-08-29 03:59:59.999,0.5000000000000002,0.5000000000000047
2018-08-30 03:59:59.999,0.5000000000027619,0.5000000000001134
2018-08-30 07:59:59.999,0.5000000000320156,0.500000000001288
2018-08-30 11:59:59.999,0.5000000033636742,0.5000000000744081
2018-08-30 15:59:59.999,0.5000110776809361,0.5000000000503247
2018-08-30 19:59:59.999,0.5140963419915103,0.5000000002164464
2018-08-30 23:59:59.999,0.7275148511183628,0.5000000000001991
2018-08-31 03:59:59.999,0.7273359106723157,0.5000000000003181
2018-08-31 07:59:59.999,0.7291538364067711,0.5000000000004089
2018-08-31 11:59:59.999,0.7304063987453256,0.500000000000352
2018-08-31 15:59:59.999,0.7308234074150635,0.500000000000458
2018-08-31 19:59:59.999,0.7309468468850839,0.5000000000000197
2018-08-31 23:59:59.999,0.7301161165520088,0.5000000000001332
2018-09-01 03:59:59.999,0.7296913635529046,0.5000000000000219
2018-09-01 07:59:59.999,0.7231818598396463,0.5000000000000673
2018-09-01 11:59:59.999,0.7197369789777615,0.5000000000000326
2018-09-01 15:59:59.999,0.6707542243890688,0.5000000000000021
2018-09-01 19:59:59.999,0.5030535394211092,0.5000000000000004
2018-09-01 23:59:59.999,0.5000084545590645,0.5000000000000081
2018-09-02 03:59:59.999,0.500001120075126,0.500000000000014
2018-09-02 07:59:59.999,0.5000002838200146,0.5000000000000051
2018-09-02 11:59:59.999,0.500000061626551,0.5000000000000063
2018-09-02 15:59:59.999,0.5000000261627271,0.5000000000000189
2018-09-02 19:59:59.999,0.5000000131092577,0.5000000000000014
2018-09-02 23:59:59.999,0.5000000011533622,0.5000000000000028
2018-09-03 03:59:59.999,0.5000000002422545,0.5000000000000303
2018-09-03 07:59:59.999,0.5000000008460708,0.5000000000000487
2018-09-03 11:59:59.999,0.5000000042880566,0.5000000000001965
2018-09-03 15:59:59.999,0.5000000643344862,0.5000000000000191
2018-09-03 19:59:59.999,0.5000001047327345,0.5000000000000075
2018-09-03 23:59:59.999,0.5000000473463402,0.5000000000001734
2018-09-04 03:59:59.999,0.5000006364746241,0.5000000000001015
2018-09-04 07:59:59.999,0.5000041873940971,0.5000000000000147
2018-09-04 11:59:59.999,0.5000050802959775,0.5000000000000071
2018-09-04 15:59:59.999,0.5000036841797736,0.5000000000000026
2018-09-04 19:59:59.999,0.5000010876204897,0.5000000000000119
2018-09-04 23:59:59.999,0.500002523728881,0.5000000000000099
2018-09-05 03:59:59.999,0.5000067398627831,0.5000000000000044
2018-09-05 07:59:59.999,0.5000082072738216,0.5000000000000107
2018-09-05 11:59:59.999,0.500058331217323,0.500000035507032
2018-09-05 15:59:59.999,0.7308784666118386,0.5000000109706733
2018-09-05 19:59:59.999,0.7310585786300049,0.5000000195993497
2018-09-05 23:59:59.999,0.7310585786300049,0.5000001409092363
2018-09-06 03:59:59.999,0.7310585786300049,0.5000002405891166
2018-09-06 07:59:59.999,0.7310585786300049,0.5000000502598141
2018-09-06 11:59:59.999,0.7310585786300049,0.5000000108110596
2018-09-06 15:59:59.999,0.7310585786300049,0.5000000021469777
2018-09-06 19:59:59.999,0.7310585786300049,0.5000000001161865
2018-09-06 23:59:59.999,0.7310585786300049,0.5000000000161877
2018-09-07 03:59:59.999,0.7310585786300049,0.5000000000225546
2018-09-07 07:59:59.999,0.7310585786300049,0.5000000000258441
2018-09-07 11:59:59.999,0.7310585786300049,0.5000000001269349
2018-09-07 15:59:59.999,0.7310585786300049,0.5000000000736897
2018-09-07 19:59:59.999,0.7310585786300049,0.5000000000097218
2018-09-07 23:59:59.999,0.7310585786300049,0.5000000000180608
2018-09-08 03:59:59.999,0.7310585786300049,0.5000000000045408
2018-09-08 07:59:59.999,0.7310585786300049,0.5000000000024931
2018-09-08 11:59:59.999,0.7310585786300049,0.5000000000060482
2018-09-08 15:59:59.999,0.7310585786300049,0.5000000000088077
2018-09-08 19:59:59.999,0.7310585786300049,0.5000000007246345
2018-09-08 23:59:59.999,0.7310585786300049,0.5000000003339636
2018-09-09 03:59:59.999,0.7310585786300049,0.5000000003425099
2018-09-09 07:59:59.999,0.7310585786300049,0.500000000137208
2018-09-09 11:59:59.999,0.7310585786300049,0.5000000000000363
2018-09-09 15:59:59.999,0.7310585786300049,0.5000000000000928
2018-09-09 19:59:59.999,0.7310585786300049,0.500000000000098
2018-09-09 23:59:59.999,0.7310585786300049,0.5000000000037906
2018-09-10 03:59:59.999,0.7310585786300049,0.5000000000004348
2018-09-10 07:59:59.999,0.7310585786300049,0.5000000000003909
2018-09-10 11:59:59.999,0.7310585786300049,0.5000000000008161
2018-09-10 15:59:59.999,0.7310585786300049,0.5000000000017952
2018-09-10 19:59:59.999,0.7310585786300049,0.5000000000022483
2018-09-10 23:59:59.999,0.7310585786300049,0.5000000000014234
2018-09-11 03:59:59.999,0.7310585786300049,0.5000000000002626
2018-09-11 07:59:59.999,0.7310585786300049,0.500000000001827
2018-09-11 11:59:59.999,0.7310585786300049,0.5000000000054414
2018-09-11 15:59:59.999,0.7310585786300049,0.5000000000178689
2018-09-11 19:59:59.999,0.7310585786300049,0.5000000000074035
2018-09-11 23:59:59.999,0.7310585786300049,0.5000000000019984
2018-09-12 03:59:59.999,0.7310585786300049,0.5000000000087191
2018-09-12 07:59:59.999,0.7310585786300049,0.500000000017341
2018-09-12 11:59:59.999,0.7310585786300049,0.5000000000195244
2018-09-12 15:59:59.999,0.7310585786300049,0.5000000000041571
2018-09-12 19:59:59.999,0.7310585786300049,0.5000000000003835
2018-09-12 23:59:59.999,0.7310585786300049,0.5000000000001255
2018-09-13 03:59:59.999,0.7310585786300049,0.5000000000000149
2018-09-13 07:59:59.999,0.7310585786300049,0.5000000000000271
2018-09-13 11:59:59.999,0.7310585786300049,0.5000000000000011
2018-09-13 15:59:59.999,0.7310585786300049,0.5000000000000011
2018-09-13 19:59:59.999,0.7310585786300049,0.5000000000000137
2018-09-13 23:59:59.999,0.7310585786300049,0.5000000000000034
2018-09-14 03:59:59.999,0.7310585786300049,0.5000000000000007
2018-09-14 07:59:59.999,0.7310585317540645,0.5000000000000009
2018-09-14 11:59:59.999,0.7310477501505879,0.5000000000002378
2018-09-14 15:59:59.999,0.731052508152759,0.5000000000000944
2018-09-14 19:59:59.999,0.7310511018522377,0.5000000000000128
2018-09-14 23:59:59.999,0.7309652149588733,0.5000000000003116
2018-09-15 03:59:59.999,0.731021955227539,0.5000000000001249
2018-09-15 07:59:59.999,0.7310298427098172,0.5000000000001166
2018-09-15 11:59:59.999,0.7310403903774049,0.500000000000037
2018-09-15 15:59:59.999,0.7310328898406419,0.5000000000000171
2018-09-15 19:59:59.999,0.7309846019703118,0.5000000000000422
2018-09-15 23:59:59.999,0.7309615812611425,0.5000000000001197
2018-09-16 03:59:59.999,0.7309625189925584,0.5000000000012687
2018-09-16 07:59:59.999,0.7310416795188464,0.5000000000066966
2018-09-16 11:59:59.999,0.7310582504983141,0.5000000000002848
2018-09-16 15:59:59.999,0.7310583442502515,0.5000000000007915
2018-10-03 07:59:59.999,0.7310585786300049,0.5000000011070492
2018-10-20 19:59:59.999,0.7310585786300049,0.5000000000036185
2018-11-06 11:59:59.999,0.7310585786300049,0.50000000000003
2018-11-23 07:59:59.999,0.7310585786300049,0.500000000000696
2018-12-09 23:59:59.999,0.7310585786300049,0.5000000000000843
2018-12-27 15:59:59.999,0.7310585786300049,0.5000000000054008
2019-01-13 07:59:59.999,0.7310585786300049,0.5000000010486491
2019-01-29 23:59:59.999,0.7310585786300049,0.5000000001270253
2019-02-15 15:59:59.999,0.7310585786300049,0.5000000000172908
2019-03-04 07:59:59.999,0.7310585786300049,0.5000000270965437
2019-03-21 03:59:59.999,0.7310585786300049,0.5000000000000002
2019-04-10 07:59:59.999,0.5266288693458103,0.5000000000000732
2019-04-26 23:59:59.999,0.7310585786300049,0.5000000000020104
2019-05-18 07:59:59.999,0.7310585786300049,0.5000000000014646
2019-06-07 19:59:59.999,0.7310585786300049,0.5000000000000213
2019-07-03 07:59:59.999,0.7310585786300049,0.5
2019-07-22 11:59:59.999,0.5072641350892519,0.5000000000032561
2019-08-13 19:59:59.999,0.7310585786300049,0.5000000001024664
2019-08-30 15:59:59.999,0.7310585786300049,0.5000000000000974
2019-09-19 11:59:59.999,0.7310585786300049,0.5000000010191499
2019-10-06 03:59:59.999,0.7310585786300049,0.5000000000185243
2019-10-24 03:59:59.999,0.7310585786300049,0.5000000033134586
2019-11-13 07:59:59.999,0.7310585786300049,0.5000000000029925
2019-11-30 15:59:59.999,0.500000000000004,0.5000000000427656
2019-12-17 15:59:59.999,0.7310585786300049,0.500000042940492
2020-01-03 23:59:59.999,0.7310585786300049,0.500000000000005
2020-01-26 19:59:59.999,0.7310585786300049,0.500000000000003
2020-02-21 19:59:59.999,0.7310585786300049,0.5000000000005034
2020-03-09 11:59:59.999,0.7310585786300049,0.5000000002098487
2020-03-29 23:59:59.999,0.7310585786300049,0.5000000001216619
2020-04-18 19:59:59.999,0.5000062457675082,0.5000000000000188
2020-05-15 11:59:59.999,0.5,0.5000000000348196
2020-06-06 11:59:59.999,0.7310585786300049,0.5000000000006816
2020-06-23 03:59:59.999,0.7258082833085862,0.5000000000000007
2020-07-09 19:59:59.999,0.7039226375304006,0.5000000000890447
2020-07-26 11:59:59.999,0.5000000024919062,0.5
2020-08-20 03:59:59.999,0.7310585786300049,0.5000000000122059
2020-09-06 07:59:59.999,0.7310585786300049,0.5000000000000007
2020-09-24 23:59:59.999,0.7310585786300049,0.5000000000000007
2020-10-16 11:59:59.999,0.7310308271698542,0.5000000000038997
2020-11-20 11:59:59.999,0.5,0.5000000109199014
2020-12-17 11:59:59.999,0.5,0.5000762262492123
2021-01-18 15:59:59.999,0.7310585786300049,0.5
2021-02-11 23:59:59.999,0.5,0.7310585786300049
2021-03-11 07:59:59.999,0.5,0.7310585786300049
2021-04-08 23:59:59.999,0.7310585786300049,0.5
2021-05-06 15:59:59.999,0.5,0.5000000472989115
2021-05-25 23:59:59.999,0.7310585786300049,0.5000000000000001
2021-06-18 19:59:59.999,0.7310585786300049,0.5
2021-07-09 03:59:59.999,0.7310585786300049,0.5
2021-08-02 23:59:59.999,0.7310585786300049,0.5000000000148545
2021-09-03 07:59:59.999,0.5,0.5000038716884773
2021-09-27 15:59:59.999,0.7310585786300049,0.5000000000003751
2021-11-01 11:59:59.999,0.7310507033995782,0.500000000000573
2021-11-23 19:59:59.999,0.7310585786300049,0.5
2021-12-13 23:59:59.999,0.7310585786300049,0.5
2022-01-05 15:59:59.999,0.7310585786300049,0.5
2022-01-24 23:59:59.999,0.7310585786300049,0.5
2022-02-22 03:59:59.999,0.7310585786300049,0.5
2022-03-16 11:59:59.999,0.5,0.500000000001353
2022-04-15 03:59:59.999,0.7310585786300049,0.5
2022-05-04 03:59:59.999,0.7310585786300049,0.5000000000000027
2022-05-21 11:59:59.999,0.7310585786300049,0.5000000000000099
2022-06-11 19:59:59.999,0.7310585786300049,0.5
2022-06-30 19:59:59.999,0.7310585786300049,0.5000000000000006
2022-07-26 23:59:59.999,0.7310585786300049,0.5
2022-08-21 11:59:59.999,0.7310585786300049,0.5
2022-09-07 03:59:59.999,0.7310585786300049,0.5000000000041638
2022-09-26 23:59:59.999,0.7310585786300049,0.5000000000000272
2022-10-16 23:59:59.999,0.7310585786300049,0.5000000000001801
2022-11-09 07:59:59.999,0.7310585786300049,0.5
2022-11-25 23:59:59.999,0.7281489941419578,0.5000000000013877
2022-12-19 11:59:59.999,0.7310585786300049,0.5000000000003185
2023-01-05 03:59:59.999,0.5939814916128746,0.5000000000000325
2023-02-09 23:59:59.999,0.7310585786300049,0.5000000000096027
2023-03-03 15:59:59.999,0.7310585786300049,0.5000000000001693
2023-03-29 03:59:59.999,0.7310585786300049,0.5000000000000039
2023-04-23 23:59:59.999,0.7310585786300049,0.5
2023-05-17 03:59:59.999,0.7310585786300049,0.5000000000009427
2023-06-06 15:59:59.999,0.7310585786300049,0.5
2023-07-04 07:59:59.999,0.5,0.5000000000969276
2023-07-29 11:59:59.999,0.7310585786300049,0.5000000000009188
2023-08-23 03:59:59.999,0.7310585786300049,0.5000000000000014
2023-09-11 15:59:59.999,0.7310585786300049,0.5000000087246059
2023-10-15 19:59:59.999,0.7310585786300049,0.5000000000000054
2023-12-02 23:59:59.999,0.5,0.5000000004126842
2024-01-01 03:59:59.999,0.7310585786300049,0.5000000000000376
2024-01-24 03:59:59.999,0.7310585786300049,0.5
2024-03-04 07:59:59.999,0.5,0.7310573364158408
2024-04-03 23:59:59.999,0.7310585786300049,0.5
2024-04-29 19:59:59.999,0.7310585786300049,0.5
2024-05-30 23:59:59.999,0.7310585786300049,0.5000000000000018
2024-06-23 19:59:59.999,0.7310585786300049,0.5000000000000001
2024-07-14 15:59:59.999,0.5,0.5002385422959386
2024-08-17 03:59:59.999,0.7310585786300049,0.5
2024-09-09 11:59:59.999,0.7310585786300049,0.5
2024-10-26 07:59:59.999,0.7310585786300049,0.5000000000001089
2024-12-02 19:59:59.999,0.500000000214188,0.5000000001578342
2024-12-29 23:59:59.999,0.7310585786300049,0.5
2025-02-02 07:59:59.999,0.7310585786300049,0.5
2025-02-24 19:59:59.999,0.7310585786300049,0.5
2025-03-18 19:59:59.999,0.7310585786300049,0.5000000000000009
2025-04-23 19:59:59.999,0.5,0.7310585786300049
2025-06-10 23:59:59.999,0.5,0.7310585786300049
2025-07-25 23:59:59.999,0.7310585786300049,0.5
2025-08-26 23:59:59.999,0.7310585786300049,0.5
2025-10-05 11:59:59.999,0.5,0.7310585786300049
