time,p_long,p_short
2017-08-17 04:29:59.999,0.5020422481981787,0.5
2017-08-17 04:59:59.999,0.5020422481981787,0.5
2017-08-17 05:29:59.999,0.5020422481981787,0.5
2017-08-17 05:59:59.999,0.5020422481981787,0.5
2017-08-17 06:29:59.999,0.5020422481981787,0.5
2017-08-17 06:59:59.999,0.5020422481981787,0.5
2017-08-17 07:29:59.999,0.5020422481981787,0.5
2017-08-17 07:59:59.999,0.5020422481981787,0.5
2017-08-17 08:29:59.999,0.5020422481981787,0.5
2017-08-17 08:59:59.999,0.5020422481981787,0.5
2017-08-17 09:29:59.999,0.5020422481981787,0.5
2017-08-17 09:59:59.999,0.5020422481981787,0.5
2017-08-17 10:29:59.999,0.5020422481981787,0.5
2017-08-17 10:59:59.999,0.5020422481981787,0.5
2017-08-17 11:29:59.999,0.5020422481981787,0.5
2017-08-17 11:59:59.999,0.5020422481981787,0.5
2017-08-17 12:29:59.999,0.5020422481981787,0.5
2017-08-17 12:59:59.999,0.5020422481981787,0.5
2017-08-17 13:29:59.999,0.5020422481981787,0.5
2017-08-17 13:59:59.999,0.5020422481981787,0.5
2017-08-17 14:29:59.999,0.5020409727731778,0.5
2017-08-17 14:59:59.999,0.5020397760435983,0.5
2017-08-17 15:29:59.999,0.5020392389122407,0.5
2017-08-17 15:59:59.999,0.5020398794186836,0.5
2017-08-17 16:29:59.999,0.5020413357501021,0.5
2017-08-17 16:59:59.999,0.5020417508802187,0.5
2017-08-17 17:29:59.999,0.523689197466583,0.5
2017-08-17 17:59:59.999,0.6955590972219198,0.5
2017-08-17 18:29:59.999,0.7290810604999274,0.5
2017-08-17 18:59:59.999,0.7309997687022471,0.5
2017-08-17 19:29:59.999,0.7310450781457436,0.5
2017-08-17 19:59:59.999,0.7310379761565631,0.5
2017-08-17 20:29:59.999,0.7310544066510898,0.5
2017-08-17 20:59:59.999,0.731034741547946,0.5
2017-08-17 21:29:59.999,0.730944256301662,0.5
2017-08-17 21:59:59.999,0.7308290473234114,0.5
2017-08-17 22:29:59.999,0.7307362900790378,0.5
2017-08-17 22:59:59.999,0.7303780883494586,0.5
2017-08-17 23:29:59.999,0.7301380789348118,0.5
2017-08-17 23:59:59.999,0.7308245799593279,0.5
2017-08-18 00:29:59.999,0.7309451706270226,0.5
2017-08-18 00:59:59.999,0.7310022886246719,0.5
2017-08-18 01:29:59.999,0.7310563988933154,0.5
2017-08-18 01:59:59.999,0.7310579926803794,0.5
2017-08-18 02:29:59.999,0.7310576176721956,0.5
2017-08-18 02:59:59.999,0.7310575239200979,0.5
2017-08-18 03:29:59.999,0.7310580395563792,0.5
2017-08-18 03:59:59.999,0.7310562348266613,0.5
2017-08-18 04:29:59.999,0.7310572426636812,0.5
2017-08-18 04:59:59.999,0.7310533519308409,0.5
2017-08-18 05:29:59.999,0.7310045858432777,0.5
2017-08-18 05:59:59.999,0.7307391399383929,0.5
2017-08-18 06:29:59.999,0.7305262628590199,0.5
2017-08-18 06:59:59.999,0.7304751598434107,0.5
2017-08-18 07:29:59.999,0.7301936258149241,0.5
2017-08-18 07:59:59.999,0.728889114296115,0.5
2017-08-18 08:29:59.999,0.7251573174128897,0.5
2017-08-18 08:59:59.999,0.725649553608166,0.5
2017-08-18 09:29:59.999,0.717937892546528,0.5
2017-08-18 09:59:59.999,0.7073503651535866,0.5
2017-08-18 10:29:59.999,0.6074563556884601,0.5
2017-08-18 10:59:59.999,0.5224270068299537,0.5
2017-08-18 11:29:59.999,0.5133062876951012,0.5
2017-08-18 11:59:59.999,0.5061058481937744,0.5
2017-08-18 12:29:59.999,0.5034184088554642,0.5
2017-08-18 12:59:59.999,0.5031630172805934,0.5
2017-08-18 13:29:59.999,0.5233281301877067,0.5
2017-08-18 13:59:59.999,0.5575018284950504,0.5
2017-08-18 14:29:59.999,0.6778676002039666,0.5
2017-08-18 14:59:59.999,0.7188672411161503,0.5
2017-08-18 15:29:59.999,0.7299317995602027,0.5
2017-08-18 15:59:59.999,0.7308229383964543,0.5
2017-08-18 16:29:59.999,0.7307448044170952,0.5
2017-08-18 16:59:59.999,0.7308891821614798,0.5
2017-08-18 17:29:59.999,0.7310440468411402,0.5
2017-08-18 17:59:59.999,0.7310565863979859,0.5
2017-08-18 18:29:59.999,0.7310583676882327,0.5
2017-08-18 18:59:59.999,0.7310585786300049,0.5
2017-08-18 19:29:59.999,0.7310585786300049,0.5
2017-08-18 19:59:59.999,0.7310585786300049,0.5
2017-08-18 20:29:59.999,0.7310585786300049,0.5
2017-08-18 20:59:59.999,0.7310585786300049,0.5
2017-08-18 21:29:59.999,0.7310585786300049,0.5
2017-08-18 21:59:59.999,0.7310585786300049,0.5
2017-08-18 22:29:59.999,0.7310585786300049,0.5
2017-08-18 22:59:59.999,0.7310585786300049,0.5
2017-08-18 23:29:59.999,0.7310585786300049,0.5
2017-08-18 23:59:59.999,0.7310585786300049,0.5
2017-08-19 00:29:59.999,0.7310585786300049,0.5
2017-08-19 00:59:59.999,0.7310585786300049,0.5
2017-08-19 01:29:59.999,0.7310585551920353,0.5
2017-08-19 01:59:59.999,0.7310584145641912,0.5
2017-08-19 02:29:59.999,0.7310559770075051,0.5
2017-08-19 02:59:59.999,0.73104289833989,0.5
2017-08-19 03:29:59.999,0.7309885167735745,0.5
2017-08-19 03:59:59.999,0.7309332256320131,0.5
2017-08-19 04:29:59.999,0.7309046570965616,0.5
2017-08-19 04:59:59.999,0.7310409529123324,0.5
2017-08-19 05:29:59.999,0.7310569614070787,0.5
2017-08-19 05:59:59.999,0.7310576879862553,0.5
2017-08-19 06:29:59.999,0.7310583911262125,0.5
2017-08-19 06:59:59.999,0.7310585786300049,0.5
2017-08-19 07:29:59.999,0.7310585786300049,0.5
2017-08-19 07:59:59.999,0.7310585786300049,0.5
2017-08-19 08:29:59.999,0.7310585786300049,0.5
2017-08-19 08:59:59.999,0.7310585786300049,0.5
2017-08-19 09:29:59.999,0.7310585786300049,0.5
2017-08-19 09:59:59.999,0.7310585786300049,0.5
2017-08-19 10:29:59.999,0.7310585786300049,0.5
2017-08-19 10:59:59.999,0.7310585786300049,0.5
2017-08-19 11:29:59.999,0.7310585786300049,0.5
2017-08-19 11:59:59.999,0.7310585786300049,0.5
2017-08-19 12:29:59.999,0.7310585786300049,0.5
2017-08-19 12:59:59.999,0.7310584145641912,0.5
2017-08-19 13:29:59.999,0.7310571020354032,0.5
2017-08-19 13:59:59.999,0.7310540316397452,0.5
2017-08-19 14:29:59.999,0.7310510549754735,0.5
2017-08-19 14:59:59.999,0.7310359135104302,0.5
2017-08-19 15:29:59.999,0.731036499490462,0.5
2017-08-19 15:59:59.999,0.7310544300892879,0.5
2017-08-19 16:29:59.999,0.7310323272950551,0.5
2017-08-19 16:59:59.999,0.731040882595507,0.5
2017-08-19 17:29:59.999,0.7310435780654941,0.5
2017-08-19 17:59:59.999,0.7310174781666148,0.5
2017-08-19 18:29:59.999,0.7303139487422046,0.5
2017-08-19 18:59:59.999,0.7212064233138926,0.5
2017-08-19 19:29:59.999,0.6641802864870046,0.5
2017-08-19 19:59:59.999,0.5956198087303943,0.5
2017-08-19 20:29:59.999,0.5594679844047623,0.5
2017-08-19 20:59:59.999,0.5314064737937748,0.5
2017-08-19 21:29:59.999,0.5011076609877582,0.5
2017-08-19 21:59:59.999,0.5014847708529023,0.5
2017-08-19 22:29:59.999,0.5001533518177103,0.5
2017-08-19 22:59:59.999,0.5000280856401946,0.5
2017-08-19 23:29:59.999,0.5000082423666746,0.5
2017-08-19 23:59:59.999,0.5000035500884222,0.5
2017-08-20 00:29:59.999,0.5000114498070596,0.5
2017-08-20 00:59:59.999,0.5000479131229792,0.5
2017-08-20 01:29:59.999,0.5001863396232826,0.5
2017-08-20 01:59:59.999,0.5005859656603618,0.5
2017-08-20 02:29:59.999,0.5004884219571847,0.5
2017-08-20 02:59:59.999,0.5002777790947018,0.5
2017-08-20 03:29:59.999,0.5003257044712395,0.5
2017-08-20 03:59:59.999,0.5007610621921699,0.5
2017-08-20 04:29:59.999,0.5015788207442535,0.5
2017-08-20 04:59:59.999,0.5031461260897834,0.5
2017-08-20 05:29:59.999,0.5008461183242251,0.5
2017-08-20 05:59:59.999,0.5008418575937938,0.5
2017-08-20 06:29:59.999,0.5022566556438813,0.5
2017-08-20 06:59:59.999,0.5022103351444881,0.5
2017-08-20 07:29:59.999,0.5028937054421015,0.5
2017-08-20 07:59:59.999,0.5006209597640755,0.5
2017-08-20 08:29:59.999,0.5000644164243642,0.5
2017-08-20 08:59:59.999,0.5000119577334748,0.5
2017-08-20 09:29:59.999,0.5000114252215988,0.5
2017-08-20 09:59:59.999,0.5000123621784927,0.5
2017-08-20 10:29:59.999,0.500014731754159,0.5
2017-08-20 10:59:59.999,0.5000308826383452,0.5
2017-08-20 11:29:59.999,0.5001185276828972,0.5
2017-08-20 11:59:59.999,0.5007745152314523,0.5
2017-08-20 12:29:59.999,0.509794536493365,0.5
2017-08-20 12:59:59.999,0.5236844565226653,0.5
2017-08-20 13:29:59.999,0.5263906863496418,0.5
2017-08-20 13:59:59.999,0.6447483541952604,0.5
2017-08-20 14:29:59.999,0.6782885317321449,0.5
2017-08-20 14:59:59.999,0.6969110649779463,0.5
2017-08-20 15:29:59.999,0.6867398964046422,0.5
2017-08-20 15:59:59.999,0.6572735777055625,0.5
2017-08-20 16:29:59.999,0.6569995774841485,0.5
2017-08-20 16:59:59.999,0.6124360304684933,0.5
2017-08-20 17:29:59.999,0.5755856472296341,0.5
2017-08-20 17:59:59.999,0.5579272928816992,0.5
2017-08-20 18:29:59.999,0.5424649055685958,0.5
2017-08-20 18:59:59.999,0.514995754376321,0.5
2017-08-20 19:29:59.999,0.5041530630027385,0.5
2017-08-20 19:59:59.999,0.5016393471206956,0.5
2017-08-20 20:29:59.999,0.5024171825781246,0.5
2017-08-20 20:59:59.999,0.5029864037573883,0.5
2017-08-20 21:29:59.999,0.5053233094700832,0.5
2017-08-20 21:59:59.999,0.5042969439279603,0.5
2017-08-20 22:29:59.999,0.5029525499789347,0.5
2017-08-20 22:59:59.999,0.5013752251643768,0.5
2017-08-20 23:29:59.999,0.5046572190483287,0.5
2017-08-20 23:59:59.999,0.5468370933960492,0.5
2017-08-21 00:29:59.999,0.6082170678154147,0.5
2017-08-21 00:59:59.999,0.6568259482254223,0.5
2017-08-21 01:29:59.999,0.6760683497381955,0.5
2017-08-21 01:59:59.999,0.7095469989353467,0.5
2017-08-21 02:29:59.999,0.7283262322181681,0.5
2017-08-21 02:59:59.999,0.7299388377195607,0.5
2017-08-21 03:29:59.999,0.7303757408029141,0.5
2017-08-21 03:59:59.999,0.7305454469127963,0.5
2017-08-21 04:29:59.999,0.7307047527094406,0.5
2017-08-21 04:59:59.999,0.7302942142516674,0.5
2017-08-21 05:29:59.999,0.730419942939747,0.5
2017-08-21 05:59:59.999,0.7310135401892771,0.5
2017-08-21 06:29:59.999,0.731058062994377,0.5
2017-08-21 06:59:59.999,0.7310585317540645,0.5
2017-08-21 07:29:59.999,0.731058484878119,0.5
2017-08-21 07:59:59.999,0.7310583676882327,0.5
2017-08-21 08:29:59.999,0.7310582270603264,0.5
2017-08-21 08:59:59.999,0.7310579223663701,0.5
2017-08-21 09:29:59.999,0.7310573832919128,0.5
2017-08-21 09:59:59.999,0.7310488517617353,0.5
2017-08-21 10:29:59.999,0.7309612530546592,0.5
2017-08-21 10:59:59.999,0.7304146262491021,0.5
2017-08-21 11:29:59.999,0.7309102607601434,0.5
2017-08-21 11:59:59.999,0.7309763151272728,0.5
2017-08-21 12:29:59.999,0.7310022183014577,0.5
2017-08-21 12:59:59.999,0.7310398512807348,0.5
2017-08-21 13:29:59.999,0.7310469532386183,0.5
2017-08-21 13:59:59.999,0.7310575707961493,0.5
2017-08-21 14:29:59.999,0.731058062994377,0.5
2017-08-21 14:59:59.999,0.731058062994377,0.5
2017-08-21 15:29:59.999,0.731056984845136,0.5
2017-08-21 15:59:59.999,0.7310526956591441,0.5
2017-08-21 16:29:59.999,0.7310553441780051,0.5
2017-08-21 16:59:59.999,0.7310413982519558,0.5
2017-08-21 17:29:59.999,0.7310455937971079,0.5
2017-08-21 17:59:59.999,0.7310202206650213,0.5
2017-08-21 18:29:59.999,0.7309081506025957,0.5
2017-08-21 18:59:59.999,0.7310515940579488,0.5
2017-08-21 19:29:59.999,0.7310139621171634,0.5
2017-08-21 19:59:59.999,0.7308314979048139,0.5
2017-08-21 20:29:59.999,0.7310151575772362,0.5
2017-08-21 20:59:59.999,0.7308146132302389,0.5
2017-08-21 21:29:59.999,0.7302399602543823,0.5
2017-08-21 21:59:59.999,0.7262991656967615,0.5
2017-08-21 22:29:59.999,0.7122519133525226,0.5
2017-08-21 22:59:59.999,0.6769114450559923,0.5
2017-08-21 23:29:59.999,0.6772373421918693,0.5
2017-08-21 23:59:59.999,0.6770205831272861,0.5
2017-08-22 00:29:59.999,0.7181129246344148,0.5
2017-08-22 00:59:59.999,0.7310555785594112,0.5
2017-08-22 01:29:59.999,0.7310585786300049,0.5
2017-08-22 01:59:59.999,0.7310585786300049,0.5
2017-08-22 02:29:59.999,0.7310585786300049,0.5
2017-08-22 02:59:59.999,0.7310585786300049,0.5
2017-08-22 03:29:59.999,0.7310585786300049,0.5
2017-08-22 03:59:59.999,0.7310585786300049,0.5
2017-08-22 04:29:59.999,0.7310585786300049,0.5
2017-08-22 04:59:59.999,0.7310585786300049,0.5
2017-08-22 05:29:59.999,0.7310585786300049,0.5
2017-08-22 05:59:59.999,0.7310585786300049,0.5
2017-08-22 06:29:59.999,0.7310585786300049,0.5
2017-08-22 06:59:59.999,0.7310585786300049,0.5
2017-08-22 07:29:59.999,0.7310585786300049,0.5
2017-08-22 07:59:59.999,0.7310585786300049,0.5
2017-08-22 08:29:59.999,0.7310585786300049,0.5
2017-08-22 08:59:59.999,0.7310585786300049,0.5
2017-08-22 09:29:59.999,0.7310585786300049,0.5
2017-08-22 09:59:59.999,0.7310582739363003,0.5
2017-08-22 10:29:59.999,0.731037858961028,0.5
2017-08-22 10:59:59.999,0.7309707357757441,0.5
2017-08-22 11:29:59.999,0.7290281954979906,0.5
2017-08-22 11:59:59.999,0.7225198007274982,0.5
2017-08-22 12:29:59.999,0.6119622610841435,0.5
2017-08-22 12:59:59.999,0.5090629226240464,0.5
2017-08-22 13:29:59.999,0.5048112832403696,0.5
2017-08-22 13:59:59.999,0.5008951567328347,0.5
2017-08-22 14:29:59.999,0.5399140138028694,0.5
2017-08-22 14:59:59.999,0.5690636778162926,0.5
2017-08-22 15:29:59.999,0.5499902620479782,0.5
2017-08-22 15:59:59.999,0.5635136573331867,0.5
2017-08-22 16:29:59.999,0.5134392682532986,0.5
2017-08-22 16:59:59.999,0.5043033341907779,0.5
2017-08-22 17:29:59.999,0.5003184968815143,0.5
2017-08-22 17:59:59.999,0.5000593558285741,0.5
2017-08-22 18:29:59.999,0.5000001577905238,0.5
2017-08-22 18:59:59.999,0.5000000038808436,0.5
2017-08-22 19:29:59.999,0.5000000006616409,0.5
2017-08-22 19:59:59.999,0.5000000008359825,0.5
2017-08-22 20:29:59.999,0.5000000042254191,0.5
2017-08-22 20:59:59.999,0.5000000139563285,0.5
2017-08-22 21:29:59.999,0.50000006798453,0.5
2017-08-22 21:59:59.999,0.5000003013234107,0.5
2017-08-22 22:29:59.999,0.5000003232240999,0.5
2017-08-22 22:59:59.999,0.5000001611316236,0.5
2017-08-22 23:29:59.999,0.5000002872233722,0.5
2017-08-22 23:59:59.999,0.5000000459182772,0.5
2017-08-23 00:29:59.999,0.5000000147035575,0.5
2017-08-23 00:59:59.999,0.5000000075552284,0.5
2017-08-23 01:29:59.999,0.5000000013864389,0.5
2017-08-23 01:59:59.999,0.5000000001481409,0.5
2017-08-23 02:29:59.999,0.5000000000340513,0.5
2017-08-23 02:59:59.999,0.5000000000253221,0.5
2017-08-23 03:29:59.999,0.5000000000182324,0.5
2017-08-23 03:59:59.999,0.500000000013745,0.5
2017-08-23 04:29:59.999,0.5000000000472271,0.5
2017-08-23 04:59:59.999,0.5000000000944431,0.5
2017-08-23 05:29:59.999,0.5000000003405426,0.5
2017-08-23 05:59:59.999,0.500000002354358,0.5
2017-08-23 06:29:59.999,0.500000007751483,0.5
2017-08-23 06:59:59.999,0.5000000144010546,0.5
2017-08-23 07:29:59.999,0.5000000828177988,0.5
2017-08-23 07:59:59.999,0.5000001614748015,0.5
2017-08-23 08:29:59.999,0.5000002526009268,0.5
2017-08-23 08:59:59.999,0.5000000784632803,0.5
2017-08-23 09:29:59.999,0.5000000023423228,0.5
2017-08-23 09:59:59.999,0.5000000001341081,0.5
2017-08-23 10:29:59.999,0.5000000000117033,0.5
2017-08-23 10:59:59.999,0.5000000000013376,0.5
2017-08-23 11:29:59.999,0.5000000000006989,0.5
2017-08-23 11:59:59.999,0.5000000000001816,0.5
2017-08-23 12:29:59.999,0.500000000000182,0.5
2017-08-23 12:59:59.999,0.500000000000286,0.5
2017-08-23 13:29:59.999,0.5000000000015097,0.5
2017-08-23 13:59:59.999,0.5000000000033122,0.5
2017-08-23 14:29:59.999,0.5000000000089015,0.5
2017-08-23 14:59:59.999,0.5000000000987104,0.5
2017-08-23 15:29:59.999,0.5000000003471625,0.5
2017-08-23 15:59:59.999,0.5000000011454261,0.5
2017-08-23 16:29:59.999,0.5000000006946831,0.5
2017-08-23 16:59:59.999,0.5000000018538702,0.5
2017-08-23 17:29:59.999,0.5000000159833782,0.5
2017-08-23 17:59:59.999,0.5000001785502803,0.5
2017-08-23 18:29:59.999,0.500002558057531,0.5
2017-08-23 18:59:59.999,0.5000312021729364,0.5
2017-08-23 19:29:59.999,0.5001463880575111,0.5
2017-08-23 19:59:59.999,0.5024812525413366,0.5
2017-08-23 20:29:59.999,0.554656079398015,0.5
2017-08-23 20:59:59.999,0.6369949468965174,0.5
2017-08-23 21:29:59.999,0.6922534436609183,0.5
2017-08-23 21:59:59.999,0.7251078367173133,0.5
2017-08-23 22:29:59.999,0.7298040586310339,0.5
2017-08-23 22:59:59.999,0.7300318504137251,0.5
2017-08-23 23:29:59.999,0.7276288118540423,0.5
2017-08-23 23:59:59.999,0.7285682087624208,0.5
2017-08-24 00:29:59.999,0.7217752140101826,0.5
2017-08-24 00:59:59.999,0.7197989423171398,0.5
2017-08-24 01:29:59.999,0.7113576393688266,0.5
2017-08-24 01:59:59.999,0.7009247733276748,0.5
2017-08-24 02:29:59.999,0.6648914487780272,0.5
2017-08-24 02:59:59.999,0.6724815589479732,0.5
2017-08-24 03:29:59.999,0.6806487937158048,0.5
2017-08-24 03:59:59.999,0.705070577395614,0.5
2017-08-24 04:29:59.999,0.7165448273837012,0.5
2017-08-24 04:59:59.999,0.7212268205941558,0.5
2017-08-24 05:29:59.999,0.7180688831972537,0.5
2017-08-24 05:59:59.999,0.712407152723887,0.5
2017-08-24 06:29:59.999,0.687554159833616,0.5
2017-08-24 06:59:59.999,0.6805114053124495,0.5
2017-08-24 07:29:59.999,0.6258892764761107,0.5
2017-08-24 07:59:59.999,0.5852819173384386,0.5
2017-08-24 08:29:59.999,0.5190488730319438,0.5
2017-08-24 08:59:59.999,0.5029492159602483,0.5
2017-08-24 09:29:59.999,0.5007820608468769,0.5
2017-08-24 09:59:59.999,0.5010104408934969,0.5
2017-08-24 10:29:59.999,0.5010025210748291,0.5
2017-08-24 10:59:59.999,0.5009827669859753,0.5
2017-08-24 11:29:59.999,0.5008158191085256,0.5
2017-08-24 11:59:59.999,0.5003196448816392,0.5
2017-08-24 12:29:59.999,0.5021283018383843,0.5
2017-08-24 12:59:59.999,0.5055795170446244,0.5
2017-08-24 13:29:59.999,0.5079019986988129,0.5
2017-08-24 13:59:59.999,0.5128222645393099,0.5
2017-08-24 14:29:59.999,0.5037529168870848,0.5
2017-08-24 14:59:59.999,0.5006828172311399,0.5
2017-08-24 15:29:59.999,0.5003166917462624,0.5
2017-08-24 15:59:59.999,0.5001084203160022,0.5
2017-08-24 16:29:59.999,0.5000698710423421,0.5
2017-08-24 16:59:59.999,0.5000523095730297,0.5
2017-08-24 17:29:59.999,0.5000963734407267,0.5
2017-08-24 17:59:59.999,0.5002309640821638,0.5
2017-08-24 18:29:59.999,0.5002382541826345,0.5
2017-08-24 18:59:59.999,0.5001531845580124,0.5
2017-08-24 19:29:59.999,0.5001208454026826,0.5
2017-08-24 19:59:59.999,0.5001295843802017,0.5
2017-08-24 20:29:59.999,0.500071340909442,0.5
2017-08-24 20:59:59.999,0.5002475894377765,0.5
2017-08-24 21:29:59.999,0.5004384343087143,0.5
2017-08-24 21:59:59.999,0.5007057382578644,0.5
2017-08-24 22:29:59.999,0.5000941430542086,0.5
2017-08-24 22:59:59.999,0.5000023664770197,0.5
2017-08-24 23:29:59.999,0.5000001070325197,0.5
2017-08-24 23:59:59.999,0.5000000234765523,0.5
2017-08-25 00:29:59.999,0.50000000746211,0.5
2017-08-25 00:59:59.999,0.5000000006075636,0.5
2017-08-25 01:29:59.999,0.5000000002194569,0.5
2017-08-25 01:59:59.999,0.5000000002210491,0.5
2017-08-25 02:29:59.999,0.500000000329823,0.5
2017-08-25 02:59:59.999,0.5000000001471204,0.5
2017-08-25 03:29:59.999,0.500000001409683,0.5
2017-08-25 03:59:59.999,0.5000000053220979,0.5
2017-08-25 04:29:59.999,0.5000000099043183,0.5
2017-08-25 04:59:59.999,0.500000040166114,0.5
2017-08-25 05:29:59.999,0.5000000540624541,0.5
2017-08-25 05:59:59.999,0.5000006749440331,0.5
2017-08-25 06:29:59.999,0.5000095799623511,0.5
2017-08-25 06:59:59.999,0.5000217644501253,0.5
2017-08-25 07:29:59.999,0.5000257118754008,0.5
2017-08-25 07:59:59.999,0.5000209184872679,0.5
2017-08-25 08:29:59.999,0.5000322068189699,0.5
2017-08-25 08:59:59.999,0.5000272062952449,0.5
2017-08-25 09:29:59.999,0.5000142693297637,0.5
2017-08-25 09:59:59.999,0.5000110069067869,0.5
2017-08-25 10:29:59.999,0.500017778416797,0.5
2017-08-25 10:59:59.999,0.5000532105221093,0.5
2017-08-25 11:29:59.999,0.5001383489835625,0.5
2017-08-25 11:59:59.999,0.5000510842835907,0.5
2017-08-25 12:29:59.999,0.5001412770324043,0.5
2017-08-25 12:59:59.999,0.5004658073119853,0.5
2017-08-25 13:29:59.999,0.5015318654278365,0.5
2017-08-25 13:59:59.999,0.5031192775796122,0.5
2017-08-25 14:29:59.999,0.5028543436955717,0.5
2017-08-25 14:59:59.999,0.5072939492523327,0.5
2017-08-25 15:29:59.999,0.5002824598331812,0.5
2017-08-25 15:59:59.999,0.5000419090282704,0.5
2017-08-25 16:29:59.999,0.50001250302648,0.5
2017-08-25 16:59:59.999,0.5000005706776278,0.5
2017-08-25 17:29:59.999,0.5000003764656356,0.5
2017-08-25 17:59:59.999,0.5000002869728348,0.5
2017-08-25 18:29:59.999,0.5000002710312117,0.5
2017-08-25 18:59:59.999,0.5000000482623932,0.5
2017-08-25 19:29:59.999,0.5000001581916109,0.5
2017-08-25 19:59:59.999,0.500011447338691,0.5
2017-08-25 20:29:59.999,0.503372791287329,0.5
2017-08-25 20:59:59.999,0.557921280101402,0.5
2017-08-25 21:29:59.999,0.7054157967260027,0.5
2017-08-25 21:59:59.999,0.7256354800366559,0.5
2017-08-25 22:29:59.999,0.7275904777799567,0.5
2017-08-25 22:59:59.999,0.7290245806609125,0.5
2017-08-25 23:29:59.999,0.7297176856212503,0.5
2017-08-25 23:59:59.999,0.7306148073798739,0.5
2017-08-26 00:29:59.999,0.7308642335065666,0.5
2017-08-26 00:59:59.999,0.730944209413129,0.5
2017-08-26 01:29:59.999,0.7308219769066916,0.5
2017-08-26 01:59:59.999,0.7308824644578356,0.5
2017-08-26 02:29:59.999,0.7309977293122456,0.5
2017-08-26 02:59:59.999,0.7310227990662074,0.5
2017-08-26 03:29:59.999,0.7310233147445699,0.5
2017-08-26 03:59:59.999,0.7309601043299745,0.5
2017-08-26 04:29:59.999,0.7309256645934932,0.5
2017-08-26 04:59:59.999,0.7307291594832882,0.5
2017-08-26 05:29:59.999,0.7308736245956248,0.5
2017-08-26 05:59:59.999,0.73060298217038,0.5
2017-08-26 06:29:59.999,0.7305061040071174,0.5
2017-08-26 06:59:59.999,0.7279587586616988,0.5
2017-08-26 07:29:59.999,0.7256979770286226,0.5
2017-08-26 07:59:59.999,0.7119990264950472,0.5
2017-08-26 08:29:59.999,0.6843120423026252,0.5
2017-08-26 08:59:59.999,0.6439248147022167,0.5
2017-08-26 09:29:59.999,0.6425260841332352,0.5
2017-08-26 09:59:59.999,0.6913671590841085,0.5
2017-08-26 10:29:59.999,0.699622725368521,0.5
2017-08-26 10:59:59.999,0.7009919664431222,0.5
2017-08-26 11:29:59.999,0.7015267658583324,0.5
2017-08-26 11:59:59.999,0.7053403845014681,0.5
2017-08-26 12:29:59.999,0.7168377905901591,0.5
2017-08-26 12:59:59.999,0.7282765538847414,0.5
2017-08-26 13:29:59.999,0.7301373038110701,0.5
2017-08-26 13:59:59.999,0.7303524524428155,0.5
2017-08-26 14:29:59.999,0.7304478163389496,0.5
2017-08-26 14:59:59.999,0.7301266985680076,0.5
2017-08-26 15:29:59.999,0.7302622567681045,0.5
2017-08-26 15:59:59.999,0.7297115607998873,0.5
2017-08-26 16:29:59.999,0.7289107978969724,0.5
2017-08-26 16:59:59.999,0.728764409508768,0.5
2017-08-26 17:29:59.999,0.7303039113846245,0.5
2017-08-26 17:59:59.999,0.730314042657888,0.5
2017-08-26 18:29:59.999,0.7299963019052427,0.5
2017-08-26 18:59:59.999,0.7289496866671229,0.5
2017-08-26 19:29:59.999,0.7228303534078858,0.5
2017-08-26 19:59:59.999,0.7064246267936667,0.5
2017-08-26 20:29:59.999,0.6614781912316628,0.5
2017-08-26 20:59:59.999,0.5446096505166423,0.5
2017-08-26 21:29:59.999,0.5155768802533228,0.5
2017-08-26 21:59:59.999,0.508159797694392,0.5
2017-08-26 22:29:59.999,0.5092842988886469,0.5
2017-08-26 22:59:59.999,0.5098551244951498,0.5
2017-08-26 23:29:59.999,0.5034196467581107,0.5
2017-08-26 23:59:59.999,0.5011589743860524,0.5
2017-08-27 00:29:59.999,0.5007640423010616,0.5
2017-08-27 00:59:59.999,0.5002124024485528,0.5
2017-08-27 01:29:59.999,0.5000488730327823,0.5
2017-08-27 01:59:59.999,0.500010955301148,0.5
2017-08-27 02:29:59.999,0.5000016990026097,0.5
2017-08-27 02:59:59.999,0.500001569070605,0.5
2017-08-27 03:29:59.999,0.5000079574037948,0.5
2017-08-27 03:59:59.999,0.5000541010265513,0.5
2017-08-27 04:29:59.999,0.5001604876396778,0.5
2017-08-27 04:59:59.999,0.5004090069230125,0.5
2017-08-27 05:29:59.999,0.5013546937291565,0.5
2017-08-27 05:59:59.999,0.5033023598965078,0.5
2017-08-27 06:29:59.999,0.5085561034289379,0.5
2017-08-27 06:59:59.999,0.5182856058448292,0.5
2017-08-27 07:29:59.999,0.5190449262346062,0.5
2017-08-27 07:59:59.999,0.536100403196341,0.5
2017-08-27 08:29:59.999,0.5613572393413125,0.5
2017-08-27 08:59:59.999,0.6102853379398083,0.5
2017-08-27 09:29:59.999,0.5903720539430743,0.5
2017-08-27 09:59:59.999,0.594249055947863,0.5
2017-08-27 10:29:59.999,0.6425758881643722,0.5
2017-08-27 10:59:59.999,0.6720164116043862,0.5
2017-08-27 11:29:59.999,0.6946735952477238,0.5
2017-08-27 11:59:59.999,0.6760583246359028,0.5
2017-08-27 12:29:59.999,0.6507092448675288,0.5
2017-08-27 12:59:59.999,0.6817734232183765,0.5
2017-08-27 13:29:59.999,0.6535434491535005,0.5
2017-08-27 13:59:59.999,0.6580433401036577,0.5
2017-08-27 14:29:59.999,0.6668934572752431,0.5
2017-08-27 14:59:59.999,0.6684388221177996,0.5
2017-08-27 15:29:59.999,0.6436954990217828,0.5
2017-08-27 15:59:59.999,0.6217284671301051,0.5
2017-08-27 16:29:59.999,0.5759232728774016,0.5
2017-08-27 16:59:59.999,0.6111593350864325,0.5
2017-08-27 17:29:59.999,0.5250239672180597,0.5
2017-08-27 17:59:59.999,0.5177852657908666,0.5
2017-08-27 18:29:59.999,0.5166970465245622,0.5
2017-08-27 18:59:59.999,0.5046630104402975,0.5
2017-08-27 19:29:59.999,0.5062987280092114,0.5
2017-08-27 19:59:59.999,0.5023134462754453,0.5
2017-08-27 20:29:59.999,0.5027364628976586,0.5
2017-08-27 20:59:59.999,0.5032842925567682,0.5
2017-08-27 21:29:59.999,0.5052010650382875,0.5
2017-08-27 21:59:59.999,0.502277018127768,0.5
2017-08-27 22:29:59.999,0.5011844575600487,0.5
2017-08-27 22:59:59.999,0.5066075552686,0.5
2017-08-27 23:29:59.999,0.5253047390131962,0.5
2017-08-27 23:59:59.999,0.5738392852977412,0.5
2017-08-28 00:29:59.999,0.5949248283059286,0.5
2017-08-28 00:59:59.999,0.6962845838624353,0.5
2017-08-28 01:29:59.999,0.7235081237571426,0.5
2017-08-28 01:59:59.999,0.728920891412392,0.5
2017-08-28 02:29:59.999,0.7300633552512915,0.5
2017-08-28 02:59:59.999,0.7301971251444048,0.5
2017-08-28 03:29:59.999,0.730965003970821,0.5
2017-08-28 03:59:59.999,0.7310406950839162,0.5
2017-08-28 04:29:59.999,0.7310577817383167,0.5
2017-08-28 04:59:59.999,0.7310582504983141,0.5
2017-08-28 05:29:59.999,0.7310585551920353,0.5
2017-08-28 05:59:59.999,0.7310585786300049,0.5
2017-08-28 06:29:59.999,0.7310585317540645,0.5
2017-08-28 06:59:59.999,0.7310585317540645,0.5
2017-08-28 07:29:59.999,0.731058062994377,0.5
2017-08-28 07:59:59.999,0.7310559535693922,0.5
2017-08-28 08:29:59.999,0.7310408122786702,0.5
2017-08-28 08:59:59.999,0.7310215098675671,0.5
2017-08-28 09:29:59.999,0.7310088755142146,0.5
2017-08-28 09:59:59.999,0.7310217442676104,0.5
2017-08-28 10:29:59.999,0.730950058717758,0.5
2017-08-28 10:59:59.999,0.7300805632909916,0.5
2017-08-28 11:29:59.999,0.7258989823592196,0.5
2017-08-28 11:59:59.999,0.6932619197785148,0.5
2017-08-28 12:29:59.999,0.6517770466578163,0.5
2017-08-28 12:59:59.999,0.6298565284438917,0.5
2017-08-28 13:29:59.999,0.5325262632519072,0.5
2017-08-28 13:59:59.999,0.5031535647336255,0.5
2017-08-28 14:29:59.999,0.5016894729073044,0.5
2017-08-28 14:59:59.999,0.502759901017633,0.5
2017-08-28 15:29:59.999,0.5039981137961881,0.5
2017-08-28 15:59:59.999,0.5115273495755409,0.5
2017-08-28 16:29:59.999,0.5198423460976964,0.5
2017-08-28 16:59:59.999,0.5068301966104993,0.5
2017-08-28 17:29:59.999,0.5010533915614368,0.5
2017-08-28 17:59:59.999,0.5006767055544558,0.5
2017-08-28 18:29:59.999,0.5005393647824975,0.5
2017-08-28 18:59:59.999,0.5007323475439758,0.5
2017-08-28 19:29:59.999,0.5001496544965324,0.5
2017-08-28 19:59:59.999,0.5002203827173691,0.5
2017-08-28 20:29:59.999,0.5003234516028808,0.5
2017-08-28 20:59:59.999,0.5006749113065859,0.5
2017-08-28 21:29:59.999,0.5006856914036377,0.5
2017-08-28 21:59:59.999,0.5006632174666554,0.5
2017-08-28 22:29:59.999,0.5002150815284164,0.5
2017-08-28 22:59:59.999,0.5001323935253804,0.5
2017-08-28 23:29:59.999,0.5000369253756854,0.5
2017-08-28 23:59:59.999,0.5000109187449181,0.5
2017-08-29 00:29:59.999,0.5000164762295694,0.5
2017-08-29 00:59:59.999,0.5000310785580551,0.5
2017-08-29 01:29:59.999,0.5000642887458621,0.5
2017-08-29 01:59:59.999,0.5001095899188571,0.5
2017-08-29 02:29:59.999,0.5004680098006421,0.5
2017-08-29 02:59:59.999,0.5023476888655398,0.5
2017-08-29 03:29:59.999,0.5005963556551027,0.5
2017-08-29 03:59:59.999,0.5002857934721567,0.5
2017-08-29 04:29:59.999,0.5003559656014436,0.5
2017-08-29 04:59:59.999,0.5003807889434526,0.5
2017-08-29 05:29:59.999,0.5004438090835241,0.5
2017-08-29 05:59:59.999,0.5006724019206715,0.5
2017-08-29 06:29:59.999,0.5002786254629333,0.5
2017-08-29 06:59:59.999,0.5004202045267694,0.5
2017-08-29 07:29:59.999,0.5006959399487232,0.5
2017-08-29 07:59:59.999,0.5037170224584662,0.5
2017-08-29 08:29:59.999,0.5065942075518879,0.5
2017-08-29 08:59:59.999,0.5094209133463194,0.5
2017-08-29 09:29:59.999,0.5154461916538463,0.5
2017-08-29 09:59:59.999,0.5112421393589454,0.5
2017-08-29 10:29:59.999,0.5311290268392356,0.5
2017-08-29 10:59:59.999,0.542173548082002,0.5
2017-08-29 11:29:59.999,0.5324532924806319,0.5
2017-08-29 11:59:59.999,0.5215915432224462,0.5
2017-08-29 12:29:59.999,0.5158778557036872,0.5
2017-08-29 12:59:59.999,0.5028500576557258,0.5
2017-08-29 13:29:59.999,0.5002430000267525,0.5
2017-08-29 13:59:59.999,0.5000001442418522,0.5
2017-08-29 14:29:59.999,0.5000000004143327,0.5
2017-08-29 14:59:59.999,0.500000000024502,0.5
2017-08-29 15:29:59.999,0.5000000000008424,0.5
2017-08-29 15:59:59.999,0.5000000000001308,0.5
2017-08-29 16:29:59.999,0.5000000000001034,0.5
2017-08-29 16:59:59.999,0.5000000000006359,0.5
2017-08-29 17:29:59.999,0.5000000000013828,0.5
2017-08-29 17:59:59.999,0.5000000000011801,0.5
2017-08-29 18:29:59.999,0.5000000000062759,0.5
2017-08-29 18:59:59.999,0.5000000000143657,0.5
2017-08-29 19:29:59.999,0.5000000000362518,0.5
2017-08-29 19:59:59.999,0.5000000000459782,0.5
2017-08-29 20:29:59.999,0.5000000000150205,0.5
2017-08-29 20:59:59.999,0.5000000000165119,0.5
2017-08-29 21:29:59.999,0.5000000000066794,0.5
2017-08-29 21:59:59.999,0.500000000003002,0.5
2017-08-29 22:29:59.999,0.5000000000104764,0.5
2017-08-29 22:59:59.999,0.5000000000214724,0.5
2017-08-29 23:29:59.999,0.5000000000166406,0.5
2017-08-29 23:59:59.999,0.5000000000623431,0.5
2017-08-30 00:29:59.999,0.5000000003290664,0.5
2017-08-30 00:59:59.999,0.5000000016932596,0.5
2017-08-30 01:29:59.999,0.5000000046871684,0.5
2017-08-30 01:59:59.999,0.5000000086245739,0.5
2017-08-30 02:29:59.999,0.5000000379587277,0.5
2017-08-30 02:59:59.999,0.5000000500144779,0.5
2017-08-30 03:29:59.999,0.5000000467132821,0.5
2017-08-30 03:59:59.999,0.5000001864204933,0.5
2017-08-30 04:29:59.999,0.5000004975091201,0.5
2017-08-30 04:59:59.999,0.5000018976644469,0.5
2017-08-30 05:29:59.999,0.500013909096193,0.5
2017-08-30 05:59:59.999,0.5000215881336637,0.5
2017-08-30 06:29:59.999,0.5000067147084333,0.5
2017-08-30 06:59:59.999,0.5000168745682394,0.5
2017-08-30 07:29:59.999,0.5000407786318652,0.5
2017-08-30 07:59:59.999,0.500375789723149,0.5
2017-08-30 08:29:59.999,0.5007971756506965,0.5
2017-08-30 08:59:59.999,0.5039524818747297,0.5
2017-08-30 09:29:59.999,0.511064819070821,0.5
2017-08-30 09:59:59.999,0.6661374727887763,0.5
2017-08-30 10:29:59.999,0.7287962193652061,0.5
2017-08-30 10:59:59.999,0.7308470570091062,0.5
2017-08-30 11:29:59.999,0.7307589007848209,0.5
2017-08-30 11:59:59.999,0.7309435529731256,0.5
2017-08-30 12:29:59.999,0.7307577280598567,0.5
2017-08-30 12:59:59.999,0.7288642374711056,0.5
2017-08-30 13:29:59.999,0.718614725606012,0.5
2017-08-30 13:59:59.999,0.6684569857268561,0.5
2017-08-30 14:29:59.999,0.6526329243327155,0.5
2017-08-30 14:59:59.999,0.6337091074339886,0.5
2017-08-30 15:29:59.999,0.6188616562639591,0.5
2017-08-30 15:59:59.999,0.6323551753563431,0.5
2017-08-30 16:29:59.999,0.610886772264493,0.5
2017-08-30 16:59:59.999,0.5411482965542794,0.5
2017-08-30 17:29:59.999,0.5113643762745145,0.5
2017-08-30 17:59:59.999,0.5037307812877717,0.5
2017-08-30 18:29:59.999,0.5022968364903722,0.5
2017-08-30 18:59:59.999,0.5063114166582577,0.5
2017-08-30 19:29:59.999,0.5143889596715979,0.5
2017-08-30 19:59:59.999,0.5511265756522365,0.5
2017-08-30 20:29:59.999,0.6216959659656178,0.5
2017-08-30 20:59:59.999,0.6462423983473176,0.5
2017-08-30 21:29:59.999,0.6685569360454038,0.5
2017-08-30 21:59:59.999,0.6792863175060563,0.5
2017-08-30 22:29:59.999,0.6862718339836492,0.5
2017-08-30 22:59:59.999,0.6898921635870232,0.5
2017-08-30 23:29:59.999,0.686204084357466,0.5
2017-08-30 23:59:59.999,0.6780087365921957,0.5
2017-08-31 00:29:59.999,0.620447074217205,0.5
2017-08-31 00:59:59.999,0.5911816791764292,0.5
2017-08-31 01:29:59.999,0.5416346485737772,0.5
2017-08-31 01:59:59.999,0.5312236561257613,0.5
2017-08-31 02:29:59.999,0.513331688245559,0.5
2017-08-31 02:59:59.999,0.5058452459563916,0.5
2017-08-31 03:29:59.999,0.5031534089761208,0.5
2017-08-31 03:59:59.999,0.5022764500327767,0.5
2017-08-31 04:29:59.999,0.5024510258055577,0.5
2017-08-31 04:59:59.999,0.5022514673512629,0.5
2017-08-31 05:29:59.999,0.5021392782063404,0.5
2017-08-31 05:59:59.999,0.5017195772104088,0.5
2017-08-31 06:29:59.999,0.5032620479390791,0.5
2017-08-31 06:59:59.999,0.5070829658886364,0.5
2017-08-31 07:29:59.999,0.5135255353599517,0.5
2017-08-31 07:59:59.999,0.5111767105279746,0.5
2017-08-31 08:29:59.999,0.5041770498793661,0.5
2017-08-31 08:59:59.999,0.5059697128791933,0.5
2017-08-31 09:29:59.999,0.5033500182200564,0.5
2017-08-31 09:59:59.999,0.5062831988013744,0.5
2017-08-31 10:29:59.999,0.5032273529777227,0.5
2017-08-31 10:59:59.999,0.5009733076369867,0.5
2017-08-31 11:29:59.999,0.5003141801740051,0.5
2017-08-31 11:59:59.999,0.5000711415554835,0.5
2017-08-31 12:29:59.999,0.5000122344499662,0.5
2017-08-31 12:59:59.999,0.5000035130985907,0.5
2017-08-31 13:29:59.999,0.5000074344538911,0.5
2017-08-31 13:59:59.999,0.5000019290378077,0.5
2017-08-31 14:29:59.999,0.5000031066197151,0.5
2017-08-31 14:59:59.999,0.5000012669867147,0.5
2017-08-31 15:29:59.999,0.5000009113617807,0.5
2017-08-31 15:59:59.999,0.5000026938414521,0.5
2017-08-31 16:29:59.999,0.5000017117876041,0.5
2017-08-31 16:59:59.999,0.5000014052706092,0.5
2017-08-31 17:29:59.999,0.5000014093170648,0.5
2017-08-31 17:59:59.999,0.5000060930055948,0.5
2017-08-31 18:29:59.999,0.5000083205750335,0.5
2017-08-31 18:59:59.999,0.5000044941780287,0.5
2017-08-31 19:29:59.999,0.5000037642125789,0.5
2017-08-31 19:59:59.999,0.5000032733003081,0.5
2017-08-31 20:29:59.999,0.5000041516632335,0.5
2017-08-31 20:59:59.999,0.5000123847157713,0.5
2017-08-31 21:29:59.999,0.5000251897399508,0.5
2017-08-31 21:59:59.999,0.5000084584944481,0.5
2017-08-31 22:29:59.999,0.5000185204189534,0.5
2017-08-31 22:59:59.999,0.5000245654136763,0.5
2017-08-31 23:29:59.999,0.5000315108008673,0.5
2017-08-31 23:59:59.999,0.50001544719998,0.5
2017-09-01 00:29:59.999,0.5000167977905158,0.5
2017-09-01 00:59:59.999,0.5000136618509681,0.5
2017-09-01 01:29:59.999,0.5000116200399114,0.5
2017-09-01 01:59:59.999,0.5000109968550515,0.5
2017-09-01 02:29:59.999,0.5000097012061803,0.5
2017-09-01 02:59:59.999,0.5000078377461243,0.5
2017-09-01 03:29:59.999,0.5000144388859513,0.5
2017-09-01 03:59:59.999,0.5000308302951062,0.5
2017-09-01 04:29:59.999,0.5000566524356449,0.5
2017-09-01 04:59:59.999,0.5005801138193365,0.5
2017-09-01 05:29:59.999,0.5030112782556981,0.5
2017-09-01 05:59:59.999,0.518693954997,0.5
2017-09-01 06:29:59.999,0.5823090839202621,0.5
2017-09-01 06:59:59.999,0.6414487967133239,0.5
2017-09-01 07:29:59.999,0.600788271138953,0.5
2017-09-01 07:59:59.999,0.5665710843690601,0.5
2017-09-01 08:29:59.999,0.5062871046166484,0.5
2017-09-01 08:59:59.999,0.5013905482138965,0.5
2017-09-01 09:29:59.999,0.5004470821268033,0.5
2017-09-01 09:59:59.999,0.5002644099921779,0.5
2017-09-01 10:29:59.999,0.500075603747397,0.5
2017-09-01 10:59:59.999,0.5000371780915199,0.5
2017-09-01 11:29:59.999,0.5000196621258409,0.5
2017-09-01 11:59:59.999,0.5000093837079465,0.5
2017-09-01 12:29:59.999,0.5000048576666811,0.5
2017-09-01 12:59:59.999,0.5000019762601369,0.5
2017-09-01 13:29:59.999,0.5000020520590169,0.5
2017-09-01 13:59:59.999,0.5000024525086246,0.5
2017-09-01 14:29:59.999,0.5000136359885766,0.5
2017-09-01 14:59:59.999,0.5001017183953601,0.5
2017-09-01 15:29:59.999,0.5002353359276572,0.5
2017-09-01 15:59:59.999,0.5000534715798275,0.5
2017-09-01 16:29:59.999,0.500069388755501,0.5
2017-09-01 16:59:59.999,0.5000609563500511,0.5
2017-09-01 17:29:59.999,0.5000556389275038,0.5
2017-09-01 17:59:59.999,0.5000385976526701,0.5
2017-09-01 18:29:59.999,0.5000474839724511,0.5
2017-09-01 18:59:59.999,0.5000975850840748,0.5
2017-09-01 19:29:59.999,0.5002604186357609,0.5
2017-09-01 19:59:59.999,0.5000845859750487,0.5
2017-09-01 20:29:59.999,0.5001530896067744,0.5
2017-09-01 20:59:59.999,0.500051728333162,0.5
2017-09-01 21:29:59.999,0.5000266340975689,0.5
2017-09-01 21:59:59.999,0.5001088227928546,0.5
2017-09-01 22:29:59.999,0.5001137391644469,0.5
2017-09-01 22:59:59.999,0.5000238897882627,0.5
2017-09-01 23:29:59.999,0.5000129041154622,0.5
2017-09-01 23:59:59.999,0.5000074518156902,0.5
2017-09-02 00:29:59.999,0.5000246756644428,0.5
2017-09-02 00:59:59.999,0.5000021480807391,0.5
2017-09-02 01:29:59.999,0.5000001750836134,0.5
2017-09-02 01:59:59.999,0.5000000096081862,0.5
2017-09-02 02:29:59.999,0.5000000013176861,0.5
2017-09-02 02:59:59.999,0.5000000115847989,0.5
2017-09-02 03:29:59.999,0.5000003814205343,0.5
2017-09-02 03:59:59.999,0.5000105122244334,0.5
2017-09-02 04:29:59.999,0.5001773828478852,0.5
2017-09-02 04:59:59.999,0.5012394332085756,0.5
2017-09-02 05:29:59.999,0.674975199973012,0.5
2017-09-02 05:59:59.999,0.7310583676882327,0.5
2017-09-02 06:29:59.999,0.7310585317540645,0.5
2017-09-02 06:59:59.999,0.7310585551920353,0.5
2017-09-02 07:29:59.999,0.7310583911262125,0.5
2017-09-02 07:59:59.999,0.7310584614401443,0.5
2017-09-02 08:29:59.999,0.7310585786300049,0.5
2017-09-02 08:59:59.999,0.7310585786300049,0.5
2017-09-02 09:29:59.999,0.7310585786300049,0.5
2017-09-02 09:59:59.999,0.7310585786300049,0.5
2017-09-02 10:29:59.999,0.7310585786300049,0.5
2017-09-02 10:59:59.999,0.7310585786300049,0.5
2017-09-02 11:29:59.999,0.7310585786300049,0.5
2017-09-02 11:59:59.999,0.7310585786300049,0.5
2017-09-02 12:29:59.999,0.7310585786300049,0.5
2017-09-02 12:59:59.999,0.7310585786300049,0.5
2017-09-02 13:29:59.999,0.7310585786300049,0.5
2017-09-02 13:59:59.999,0.7310585786300049,0.5
2017-09-02 14:29:59.999,0.7310585786300049,0.5
2017-09-02 14:59:59.999,0.7310585786300049,0.5
2017-09-02 15:29:59.999,0.7310585786300049,0.5
2017-09-02 15:59:59.999,0.7310585786300049,0.5
2017-09-02 16:29:59.999,0.7310585786300049,0.5
2017-09-02 16:59:59.999,0.7310585786300049,0.5
2017-09-02 17:29:59.999,0.7310585786300049,0.5
2017-09-02 17:59:59.999,0.7310585786300049,0.5
2017-09-02 18:29:59.999,0.7310585786300049,0.5
2017-09-02 18:59:59.999,0.7310585786300049,0.5
2017-09-02 19:29:59.999,0.7310585786300049,0.5
2017-09-02 19:59:59.999,0.7310585786300049,0.5
2017-09-02 20:29:59.999,0.7310585786300049,0.5
2017-09-02 20:59:59.999,0.7310585786300049,0.5
2017-09-02 21:29:59.999,0.7310585786300049,0.5
2017-09-02 21:59:59.999,0.7310585786300049,0.5
2017-09-02 22:29:59.999,0.7310585786300049,0.5
2017-09-02 22:59:59.999,0.7310585786300049,0.5
2017-09-02 23:29:59.999,0.7310585786300049,0.5
2017-09-02 23:59:59.999,0.7310585786300049,0.5
2017-09-03 00:29:59.999,0.7310585786300049,0.5
2017-09-03 00:59:59.999,0.7310579692423776,0.5
2017-09-03 01:29:59.999,0.7310280144208491,0.5
2017-09-03 01:59:59.999,0.7299793841965787,0.5
2017-09-03 02:29:59.999,0.7298384360818353,0.5
2017-09-03 02:59:59.999,0.7033858267216466,0.5
2017-09-03 03:29:59.999,0.531867120641486,0.5
2017-09-03 03:59:59.999,0.5062554269381543,0.5
2017-09-03 04:29:59.999,0.5000609318882819,0.5
2017-09-03 04:59:59.999,0.5000004319760762,0.5
2017-09-03 05:29:59.999,0.5000000276877401,0.5
2017-09-03 05:59:59.999,0.5000000026742055,0.5
2017-09-03 06:29:59.999,0.5000000012998925,0.5
2017-09-03 06:59:59.999,0.5000000057282779,0.5
2017-09-03 07:29:59.999,0.5000000101437774,0.5
2017-09-03 07:59:59.999,0.5000000230006609,0.5
2017-09-03 08:29:59.999,0.5000000273478964,0.5
2017-09-03 08:59:59.999,0.5000000706737779,0.5
2017-09-03 09:29:59.999,0.5000013671808574,0.5
2017-09-03 09:59:59.999,0.5000944286937425,0.5
2017-09-03 10:29:59.999,0.5047207310587006,0.5
2017-09-03 10:59:59.999,0.5755650947717805,0.5
2017-09-03 11:29:59.999,0.7205235218632442,0.5
2017-09-03 11:59:59.999,0.7302136585020464,0.5
2017-09-03 12:29:59.999,0.730996064975233,0.5
2017-09-03 12:59:59.999,0.7310129307371475,0.5
2017-09-03 13:29:59.999,0.731057312977803,0.5
2017-09-03 13:59:59.999,0.7310585786300049,0.5
2017-09-03 14:29:59.999,0.7310585786300049,0.5
2017-09-03 14:59:59.999,0.7310585786300049,0.5
2017-09-03 15:29:59.999,0.7310585786300049,0.5
2017-09-03 15:59:59.999,0.7310585786300049,0.5
2017-09-03 16:29:59.999,0.7310585786300049,0.5
2017-09-03 16:59:59.999,0.7310585786300049,0.5
2017-09-03 17:29:59.999,0.7310585786300049,0.5
2017-09-03 17:59:59.999,0.7310585083160924,0.5
2017-09-03 18:29:59.999,0.7310584614401443,0.5
2017-09-03 18:59:59.999,0.7310572661017232,0.5
2017-09-03 19:29:59.999,0.7310386558900301,0.5
2017-09-03 19:59:59.999,0.730454881223246,0.5
2017-09-03 20:29:59.999,0.7240282247705795,0.5
2017-09-03 20:59:59.999,0.706825221522335,0.5
2017-09-03 21:29:59.999,0.7069897531632326,0.5
2017-09-03 21:59:59.999,0.5777930363812772,0.5
2017-09-03 22:29:59.999,0.5176257498331953,0.5
2017-09-03 22:59:59.999,0.5093662258361514,0.5
2017-09-03 23:29:59.999,0.5007411892102626,0.5
2017-09-03 23:59:59.999,0.5013611490275537,0.5
2017-09-04 00:29:59.999,0.514894704969979,0.5
2017-09-04 00:59:59.999,0.6253807567499526,0.5
2017-09-04 01:29:59.999,0.7234843833222397,0.5
2017-09-04 01:59:59.999,0.7304208583897381,0.5
2017-09-04 02:29:59.999,0.7306760398293425,0.5
2017-09-04 02:59:59.999,0.7309991123479108,0.5
2017-09-04 03:29:59.999,0.7310534925603585,0.5
2017-09-04 03:59:59.999,0.7310583911262125,0.5
2017-09-04 04:29:59.999,0.7310569614070787,0.5
2017-09-04 04:59:59.999,0.7310571254734527,0.5
2017-09-04 05:29:59.999,0.7310466719752139,0.5
2017-09-04 05:59:59.999,0.7310520159481052,0.5
2017-09-04 06:29:59.999,0.7310542191454589,0.5
2017-09-04 06:59:59.999,0.7310224709069241,0.5
2017-09-04 07:29:59.999,0.7310585786300049,0.5
2017-09-04 07:59:59.999,0.7310585786300049,0.5
2017-09-04 08:29:59.999,0.7310585786300049,0.5
2017-09-04 08:59:59.999,0.7310585786300049,0.5
2017-09-04 09:29:59.999,0.7310585786300049,0.5
2017-09-04 09:59:59.999,0.7310585786300049,0.5
2017-09-04 10:29:59.999,0.7310585786300049,0.5
2017-09-04 10:59:59.999,0.7310585786300049,0.5
2017-09-04 11:29:59.999,0.7310585786300049,0.5
2017-09-04 11:59:59.999,0.7310585786300049,0.5
2017-09-04 12:29:59.999,0.7310585786300049,0.5
2017-09-04 12:59:59.999,0.7310585786300049,0.5
2017-09-04 13:29:59.999,0.7310585786300049,0.5
2017-09-04 13:59:59.999,0.7310585786300049,0.5
2017-09-04 14:29:59.999,0.7310585786300049,0.5
2017-09-04 14:59:59.999,0.7310585786300049,0.5
2017-09-04 15:29:59.999,0.7310585786300049,0.5
2017-09-04 15:59:59.999,0.7310585786300049,0.5
2017-09-04 16:29:59.999,0.7310585786300049,0.5
2017-09-04 16:59:59.999,0.7310585786300049,0.5
2017-09-04 17:29:59.999,0.7310585786300049,0.5
2017-09-04 17:59:59.999,0.7310585786300049,0.5
2017-09-04 18:29:59.999,0.7310585786300049,0.5
2017-09-04 18:59:59.999,0.7310585786300049,0.5
2017-09-04 19:29:59.999,0.7310585786300049,0.5
2017-09-04 19:59:59.999,0.7310585786300049,0.5
2017-09-04 20:29:59.999,0.7310585786300049,0.5
2017-09-04 20:59:59.999,0.7310585786300049,0.5
2017-09-04 21:29:59.999,0.7310584614401443,0.5
2017-09-04 21:59:59.999,0.7310357963143271,0.5
2017-09-04 22:29:59.999,0.730848675029537,0.5
2017-09-04 22:59:59.999,0.7309895950962924,0.5
2017-09-04 23:29:59.999,0.7310063907920554,0.5
2017-09-04 23:59:59.999,0.7310505158923152,0.5
2017-09-05 00:29:59.999,0.731058484878119,0.5
2017-09-05 00:59:59.999,0.7310585786300049,0.5
2017-09-05 01:29:59.999,0.7310585786300049,0.5
2017-09-05 01:59:59.999,0.7310585786300049,0.5
2017-09-05 02:29:59.999,0.7310585786300049,0.5
2017-09-05 02:59:59.999,0.7310585786300049,0.5
2017-09-05 03:29:59.999,0.7310585786300049,0.5
2017-09-05 03:59:59.999,0.7310585786300049,0.5
2017-09-05 04:29:59.999,0.7310585786300049,0.5
2017-09-05 04:59:59.999,0.7310585786300049,0.5
2017-09-05 05:29:59.999,0.7310585786300049,0.5
2017-09-05 05:59:59.999,0.7310585786300049,0.5
2017-09-05 06:29:59.999,0.7310585786300049,0.5
2017-09-05 06:59:59.999,0.7310585786300049,0.5
2017-09-05 07:29:59.999,0.7310585083160924,0.5
2017-09-05 07:59:59.999,0.7308777866225687,0.5
2017-09-05 08:29:59.999,0.6977092455571754,0.5
2017-09-05 08:59:59.999,0.6489624021920483,0.5
2017-09-05 09:29:59.999,0.6023406638908277,0.5
2017-09-05 09:59:59.999,0.5212054659565128,0.5
2017-09-05 10:29:59.999,0.5018743799972303,0.5
2017-09-05 10:59:59.999,0.5001031151972645,0.5
2017-09-05 11:29:59.999,0.500005598577445,0.5
2017-09-05 11:59:59.999,0.5000000659359856,0.5
2017-09-05 12:29:59.999,0.5000000005769537,0.5
2017-09-05 12:59:59.999,0.5000000001962297,0.5
2017-09-05 13:29:59.999,0.5000000000356832,0.5
2017-09-05 13:59:59.999,0.5000000000079035,0.5
2017-09-05 14:29:59.999,0.5000000000055299,0.5
2017-09-05 14:59:59.999,0.5000000000111656,0.5
2017-09-05 15:29:59.999,0.5000000000710686,0.5
2017-09-05 15:59:59.999,0.5000000029221376,0.5
2017-09-05 16:29:59.999,0.5000000213554721,0.5
2017-09-05 16:59:59.999,0.5000005239950269,0.5
2017-09-05 17:29:59.999,0.500000113452046,0.5
2017-09-05 17:59:59.999,0.5000000023915478,0.5
2017-09-05 18:29:59.999,0.5000000000197115,0.5
2017-09-05 18:59:59.999,0.5000000000003112,0.5
2017-09-05 19:29:59.999,0.5000000000000039,0.5
2017-09-05 19:59:59.999,0.5000000000000001,0.5
2017-09-05 20:29:59.999,0.5000000000000001,0.5
2017-09-05 20:59:59.999,0.5,0.5
2017-09-05 21:29:59.999,0.5,0.5
2017-09-05 21:59:59.999,0.5000000000000001,0.5
2017-09-05 22:29:59.999,0.5000000000000002,0.5
2017-09-05 22:59:59.999,0.5000000000000002,0.5
2017-09-05 23:29:59.999,0.5000000000000001,0.5
2017-09-05 23:59:59.999,0.5000000000000036,0.5
2017-09-06 00:29:59.999,0.5000000000000099,0.5
2017-09-06 00:59:59.999,0.500000000000011,0.5
2017-09-06 01:29:59.999,0.5000000000000278,0.5
2017-09-06 01:59:59.999,0.5000000000000047,0.5
2017-09-06 02:29:59.999,0.5000000000000159,0.5
2017-09-06 02:59:59.999,0.5000000000000555,0.5
2017-09-06 03:29:59.999,0.5000000000001085,0.5
2017-09-06 03:59:59.999,0.5000000000009,0.5
2017-09-06 04:29:59.999,0.5000000000065827,0.5
2017-09-06 04:59:59.999,0.5000000002025615,0.5
2017-09-06 05:29:59.999,0.5000000093273087,0.5
2017-09-06 05:59:59.999,0.5000000312607646,0.5
2017-09-06 06:29:59.999,0.5000003473983838,0.5
2017-09-06 06:59:59.999,0.5000024616260816,0.5
2017-09-06 07:29:59.999,0.5000008660653634,0.5
2017-09-06 07:59:59.999,0.500000344805386,0.5
2017-09-06 08:29:59.999,0.5000000537982991,0.5
2017-09-06 08:59:59.999,0.500000007081268,0.5
2017-09-06 09:29:59.999,0.5000000004468467,0.5
2017-09-06 09:59:59.999,0.5000000005747208,0.5
2017-09-06 10:29:59.999,0.5000000014451289,0.5
2017-09-06 10:59:59.999,0.5000000006263884,0.5
2017-09-06 11:29:59.999,0.5000000010183978,0.5
2017-09-06 11:59:59.999,0.5000000003064394,0.5
2017-09-06 12:29:59.999,0.5000000001157858,0.5
2017-09-06 12:59:59.999,0.5000000002051636,0.5
2017-09-06 13:29:59.999,0.5000000068749957,0.5
2017-09-06 13:59:59.999,0.5000000200890629,0.5
2017-09-06 14:29:59.999,0.5000000197945571,0.5
2017-09-06 14:59:59.999,0.5000000369223194,0.5
2017-09-06 15:29:59.999,0.500000016227558,0.5
2017-09-06 15:59:59.999,0.5000000008718315,0.5
2017-09-06 16:00:00.000,0.500000000110165,0.5
2017-09-06 23:29:59.999,0.5000000000276275,0.5
2017-09-06 23:59:59.999,0.5000000000120801,0.5
2017-09-07 00:29:59.999,0.5000000000038983,0.5
2017-09-07 00:59:59.999,0.5000000000098946,0.5
2017-09-07 01:29:59.999,0.5000000086369871,0.5
2017-09-07 01:59:59.999,0.5000020297036372,0.5
2017-09-07 02:29:59.999,0.5000092854952516,0.5
2017-09-07 02:59:59.999,0.5000990228059677,0.5
2017-09-07 03:29:59.999,0.5000408662926019,0.5
2017-09-07 03:59:59.999,0.5007094045182524,0.5
2017-09-07 04:29:59.999,0.5053196595647338,0.5
2017-09-07 04:59:59.999,0.5038840757763065,0.5
2017-09-07 05:29:59.999,0.5017822514242289,0.5
2017-09-07 05:59:59.999,0.504212104256478,0.5
2017-09-07 06:29:59.999,0.5098296068350217,0.5
2017-09-07 06:59:59.999,0.5354994478703854,0.5
2017-09-07 07:29:59.999,0.6704469339274381,0.5
2017-09-07 07:59:59.999,0.6732036453548738,0.5
2017-09-07 08:29:59.999,0.7008890867409688,0.5
2017-09-07 08:59:59.999,0.6650847594876145,0.5
2017-09-07 09:29:59.999,0.5867484303798883,0.5
2017-09-07 09:59:59.999,0.516414807948712,0.5
2017-09-07 10:29:59.999,0.5021607960165382,0.5
2017-09-07 10:59:59.999,0.500377310542947,0.5
2017-09-07 11:29:59.999,0.5000253592188311,0.5
2017-09-07 11:59:59.999,0.5000052963582673,0.5
2017-09-07 12:29:59.999,0.5000022127069315,0.5
2017-09-07 12:59:59.999,0.5000000971442873,0.5
2017-09-07 13:29:59.999,0.5000000073679476,0.5
2017-09-07 13:59:59.999,0.5000000003938184,0.5
2017-09-07 14:29:59.999,0.5000000001091783,0.5
2017-09-07 14:59:59.999,0.5000000001122827,0.5
2017-09-07 15:29:59.999,0.5000000000536138,0.5
2017-09-07 15:59:59.999,0.5000000000038162,0.5
2017-09-07 16:29:59.999,0.5000000000001724,0.5
2017-09-07 16:59:59.999,0.5000000000005462,0.5
2017-09-07 17:29:59.999,0.5000000000004338,0.5
2017-09-07 17:59:59.999,0.5000000000023369,0.5
2017-09-07 18:29:59.999,0.5000000000072817,0.5
2017-09-07 18:59:59.999,0.5000000000238539,0.5
2017-09-07 19:29:59.999,0.5000000002899938,0.5
2017-09-07 19:59:59.999,0.5000000001446968,0.5
2017-09-07 20:29:59.999,0.5000000082077429,0.5
2017-09-07 20:59:59.999,0.5000005792593925,0.5
2017-09-07 21:29:59.999,0.5000703921827959,0.5
2017-09-07 21:59:59.999,0.5003897552462159,0.5
2017-09-07 22:29:59.999,0.5003692732336081,0.5
2017-09-07 22:59:59.999,0.5005278425309356,0.5
2017-09-07 23:29:59.999,0.5003395067529983,0.5
2017-09-07 23:59:59.999,0.5002506691461431,0.5
2017-09-08 00:29:59.999,0.5031059999954166,0.5
2017-09-08 00:59:59.999,0.5291691998771585,0.5
2017-09-08 01:29:59.999,0.6510382651036957,0.5
2017-09-08 01:59:59.999,0.7135113018408135,0.5
2017-09-08 02:29:59.999,0.7101918744142547,0.5
2017-09-08 02:59:59.999,0.7076092709183506,0.5
2017-09-08 03:29:59.999,0.7090696107740857,0.5
2017-09-08 03:59:59.999,0.7242699972445182,0.5
2017-09-08 04:29:59.999,0.7239150565008142,0.5
2017-09-08 04:59:59.999,0.7281285584466605,0.5
2017-09-08 05:29:59.999,0.7281326645412346,0.5
2017-09-08 05:59:59.999,0.7279963521191163,0.5
2017-09-08 06:29:59.999,0.7295238355744438,0.5
2017-09-08 06:59:59.999,0.7298010262313673,0.5
2017-09-08 07:29:59.999,0.7287932505443807,0.5
2017-09-08 07:59:59.999,0.7283102395301132,0.5
2017-09-08 08:29:59.999,0.7259387455186899,0.5
2017-09-08 08:59:59.999,0.6748409967641826,0.5
2017-09-08 09:29:59.999,0.6118610057250923,0.5
2017-09-08 09:59:59.999,0.5622344127630209,0.5
2017-09-08 10:29:59.999,0.5498788582473452,0.5
2017-09-08 10:59:59.999,0.5301750252043282,0.5
2017-09-08 11:29:59.999,0.5313097782912404,0.5
2017-09-08 11:59:59.999,0.5327772414954648,0.5
2017-09-08 12:29:59.999,0.5118348412662331,0.5
2017-09-08 12:59:59.999,0.5165966123912822,0.5
2017-09-08 13:29:59.999,0.7119587278449084,0.5
2017-09-08 13:59:59.999,0.7310581098703691,0.5
2017-09-08 14:29:59.999,0.7310585786300049,0.5
2017-09-08 14:59:59.999,0.7310585786300049,0.5
2017-09-08 15:29:59.999,0.7310585786300049,0.5
2017-09-08 15:59:59.999,0.7310585786300049,0.5
2017-09-08 16:29:59.999,0.7310585786300049,0.5
2017-09-08 16:59:59.999,0.7310585786300049,0.5
2017-09-08 17:29:59.999,0.7310585786300049,0.5
2017-09-08 17:59:59.999,0.7310585786300049,0.5
2017-09-08 18:29:59.999,0.7310585786300049,0.5
2017-09-08 18:59:59.999,0.7310585786300049,0.5
2017-09-08 19:29:59.999,0.7310585786300049,0.5
2017-09-08 19:59:59.999,0.7310585786300049,0.5
2017-09-08 20:29:59.999,0.7310585786300049,0.5
2017-09-08 20:59:59.999,0.7310585786300049,0.5
2017-09-08 21:29:59.999,0.7310585786300049,0.5
2017-09-08 21:59:59.999,0.7310585786300049,0.5
2017-09-08 22:29:59.999,0.7310585786300049,0.5
2017-09-08 22:59:59.999,0.7310585786300049,0.5
2017-09-08 23:29:59.999,0.7310585786300049,0.5
2017-09-08 23:59:59.999,0.7310585786300049,0.5
2017-09-09 00:29:59.999,0.7310585786300049,0.5
2017-09-09 00:59:59.999,0.7310585786300049,0.5
2017-09-09 01:29:59.999,0.7310585786300049,0.5
2017-09-09 01:59:59.999,0.7310585786300049,0.5
2017-09-09 02:29:59.999,0.7310585786300049,0.5
2017-09-09 02:59:59.999,0.7310585786300049,0.5
2017-09-09 03:29:59.999,0.7310585786300049,0.5
2017-09-09 03:59:59.999,0.7310585786300049,0.5
2017-09-09 04:29:59.999,0.7310585786300049,0.5
2017-09-09 04:59:59.999,0.7310585786300049,0.5
2017-09-09 05:29:59.999,0.7310583208122692,0.5
2017-09-09 05:59:59.999,0.7309220071127291,0.5
2017-09-09 06:29:59.999,0.7286662436665093,0.5
2017-09-09 06:59:59.999,0.6965806506808775,0.5
2017-09-09 07:29:59.999,0.6041001005895635,0.5
2017-09-09 07:59:59.999,0.5544158297415593,0.5
2017-09-09 08:29:59.999,0.5294271331922601,0.5
2017-09-09 08:59:59.999,0.5486163580001427,0.5
2017-09-09 09:29:59.999,0.5836452842043806,0.5
2017-09-09 09:59:59.999,0.5616018274113018,0.5
2017-09-09 10:29:59.999,0.5218135798213306,0.5
2017-09-09 10:59:59.999,0.5565017523819956,0.5
2017-09-09 11:29:59.999,0.5299406956844596,0.5
2017-09-09 11:59:59.999,0.5159103632326449,0.5
2017-09-09 12:29:59.999,0.5056571050437577,0.5
2017-09-09 12:59:59.999,0.5046306893539559,0.5
2017-09-09 13:29:59.999,0.5220700517553951,0.5
2017-09-09 13:59:59.999,0.5373800220853665,0.5
2017-09-09 14:29:59.999,0.6409086081637874,0.5
2017-09-09 14:59:59.999,0.6698296090703728,0.5
2017-09-09 15:29:59.999,0.700388743065016,0.5
2017-09-09 15:59:59.999,0.7140421667415179,0.5
2017-09-09 16:29:59.999,0.7205263664587667,0.5
2017-09-09 16:59:59.999,0.7271704841279601,0.5
2017-09-09 17:29:59.999,0.7304399767624767,0.5
2017-09-09 17:59:59.999,0.7309539503949568,0.5
2017-09-09 18:29:59.999,0.731041468568696,0.5
2017-09-09 18:59:59.999,0.73105609419805,0.5
2017-09-09 19:29:59.999,0.7310575942341732,0.5
2017-09-09 19:59:59.999,0.731054711347564,0.5
2017-09-09 20:29:59.999,0.7310457344291897,0.5
2017-09-09 20:59:59.999,0.7309947991370915,0.5
2017-09-09 21:29:59.999,0.7309101200832989,0.5
2017-09-09 21:59:59.999,0.7307277169305011,0.5
2017-09-09 22:29:59.999,0.729852973682562,0.5
2017-09-09 22:59:59.999,0.7273907316185028,0.5
2017-09-09 23:29:59.999,0.721753979527517,0.5
2017-09-09 23:59:59.999,0.719823297365251,0.5
2017-09-10 00:29:59.999,0.7271531125954644,0.5
2017-09-10 00:59:59.999,0.7281774750814232,0.5
2017-09-10 01:29:59.999,0.728747195865366,0.5
2017-09-10 01:59:59.999,0.7295756401748646,0.5
2017-09-10 02:29:59.999,0.7305537656015013,0.5
2017-09-10 02:59:59.999,0.7310482892372504,0.5
2017-09-10 03:29:59.999,0.7310580395563792,0.5
2017-09-10 03:59:59.999,0.7310584614401443,0.5
2017-09-10 04:29:59.999,0.7310585551920353,0.5
2017-09-10 04:59:59.999,0.7310585786300049,0.5
2017-09-10 05:29:59.999,0.7310585786300049,0.5
2017-09-10 05:59:59.999,0.7310585786300049,0.5
2017-09-10 06:29:59.999,0.7310585786300049,0.5
2017-09-10 06:59:59.999,0.7310585786300049,0.5
2017-09-10 07:29:59.999,0.7310585786300049,0.5
2017-09-10 07:59:59.999,0.7310585786300049,0.5
2017-09-10 08:29:59.999,0.7310585786300049,0.5
2017-09-10 08:59:59.999,0.7310585786300049,0.5
2017-09-10 09:29:59.999,0.7310585786300049,0.5
2017-09-10 09:59:59.999,0.7310585786300049,0.5
2017-09-10 10:29:59.999,0.7310585786300049,0.5
2017-09-10 10:59:59.999,0.7310585786300049,0.5
2017-09-10 11:29:59.999,0.7310585786300049,0.5
2017-09-10 11:59:59.999,0.7310585786300049,0.5
2017-09-10 12:29:59.999,0.7310585786300049,0.5
2017-09-10 12:59:59.999,0.7310585786300049,0.5
2017-09-10 13:29:59.999,0.7310585083160924,0.5
2017-09-10 13:59:59.999,0.7310556723119375,0.5
2017-09-10 14:29:59.999,0.7310021479782319,0.5
2017-09-10 14:59:59.999,0.7303466653702293,0.5
2017-09-10 15:29:59.999,0.7229496101842126,0.5
2017-09-10 15:59:59.999,0.7115340130616047,0.5
2017-09-10 16:29:59.999,0.6862341164274393,0.5
2017-09-10 16:59:59.999,0.5853428972028409,0.5
2017-09-10 17:29:59.999,0.5000752402623907,0.5
2017-09-10 17:59:59.999,0.5000009601627653,0.5
2017-09-10 18:29:59.999,0.5000000764466108,0.5
2017-09-10 18:59:59.999,0.5000000085727647,0.5
2017-09-10 19:29:59.999,0.5000000003930402,0.5
2017-09-10 19:59:59.999,0.5000000000506352,0.5
2017-09-10 20:29:59.999,0.5000000000758394,0.5
2017-09-10 20:59:59.999,0.5000000001114546,0.5
2017-09-10 21:29:59.999,0.5000000006104327,0.5
2017-09-10 21:59:59.999,0.5000000040053028,0.5
2017-09-10 22:29:59.999,0.5000000047244528,0.5
2017-09-10 22:59:59.999,0.5000000054762084,0.5
2017-09-10 23:29:59.999,0.5000000591536988,0.5
2017-09-10 23:59:59.999,0.5000041214534575,0.5
2017-09-11 00:29:59.999,0.5000825027010949,0.5
2017-09-11 00:59:59.999,0.5031233165682129,0.5
2017-09-11 01:29:59.999,0.5001739175425318,0.5
2017-09-11 01:59:59.999,0.5000194492204075,0.5
2017-09-11 02:29:59.999,0.5000011180005686,0.5
2017-09-11 02:59:59.999,0.5000002946814561,0.5
2017-09-11 03:29:59.999,0.5000000501542345,0.5
2017-09-11 03:59:59.999,0.5000000076868485,0.5
2017-09-11 04:29:59.999,0.5000003724006206,0.5
2017-09-11 04:59:59.999,0.5000139341354917,0.5
2017-09-11 05:29:59.999,0.5002877817287841,0.5
2017-09-11 05:59:59.999,0.5039948827789518,0.5
2017-09-11 06:29:59.999,0.5032547979007529,0.5
2017-09-11 06:59:59.999,0.5242607145106375,0.5
2017-09-11 07:29:59.999,0.575120142560592,0.5
2017-09-11 07:59:59.999,0.6229483557459733,0.5
2017-09-11 08:29:59.999,0.7099761591607274,0.5
2017-09-11 08:59:59.999,0.7195544426961429,0.5
2017-09-11 09:29:59.999,0.7078761154938196,0.5
2017-09-11 09:59:59.999,0.7209445330019746,0.5
2017-09-11 10:29:59.999,0.7111234114861174,0.5
2017-09-11 10:59:59.999,0.713656329902566,0.5
2017-09-11 11:29:59.999,0.6786294806258878,0.5
2017-09-11 11:59:59.999,0.66785972841206,0.5
2017-09-11 12:29:59.999,0.6863239594700824,0.5
2017-09-11 12:59:59.999,0.6601649198030144,0.5
2017-09-11 13:29:59.999,0.5859890358945494,0.5
2017-09-11 13:59:59.999,0.5096606173811121,0.5
2017-09-11 14:29:59.999,0.5006378124268119,0.5
2017-09-11 14:59:59.999,0.5002021907602122,0.5
2017-09-11 15:29:59.999,0.5003388795657406,0.5
2017-09-11 15:59:59.999,0.5001732898311922,0.5
2017-09-11 16:29:59.999,0.5000543453641191,0.5
2017-09-11 16:59:59.999,0.5000499392843425,0.5
2017-09-11 17:29:59.999,0.5000608936749531,0.5
2017-09-11 17:59:59.999,0.5004841078422688,0.5
2017-09-11 18:29:59.999,0.5026123113722138,0.5
2017-09-11 18:59:59.999,0.5091325056970892,0.5
2017-09-11 19:29:59.999,0.5920213093107463,0.5
2017-09-11 19:59:59.999,0.662320338674348,0.5
2017-09-11 20:29:59.999,0.704881401275211,0.5
2017-09-11 20:59:59.999,0.7239499117183389,0.5
2017-09-11 21:29:59.999,0.727397669440137,0.5
2017-09-11 21:59:59.999,0.7290041627386591,0.5
2017-09-11 22:29:59.999,0.7246421149115412,0.5
2017-09-11 22:59:59.999,0.7154798258901565,0.5
2017-09-11 23:29:59.999,0.6985031330273703,0.5
2017-09-11 23:59:59.999,0.681891827317305,0.5
2017-09-12 00:29:59.999,0.6477242078920304,0.5
2017-09-12 00:59:59.999,0.5619180553805222,0.5
2017-09-12 01:29:59.999,0.5126490774025871,0.5
2017-09-12 01:59:59.999,0.5072360560307184,0.5
2017-09-12 02:29:59.999,0.5035855036753167,0.5
2017-09-12 02:59:59.999,0.5008373312042212,0.5
2017-09-12 03:29:59.999,0.5002101790618221,0.5
2017-09-12 03:59:59.999,0.5000391260981926,0.5
2017-09-12 04:29:59.999,0.5000164692864869,0.5
2017-09-12 04:59:59.999,0.5000060892357393,0.5
2017-09-12 05:29:59.999,0.5000017010925148,0.5
2017-09-12 05:59:59.999,0.5000004321355505,0.5
2017-09-12 06:29:59.999,0.5000001233701283,0.5
2017-09-12 06:59:59.999,0.5000000153473945,0.5
2017-09-12 07:29:59.999,0.500000005710115,0.5
2017-09-12 07:59:59.999,0.500000002482125,0.5
2017-09-12 08:29:59.999,0.5000000277530905,0.5
2017-09-12 08:59:59.999,0.5000001792383273,0.5
2017-09-12 09:29:59.999,0.5000009667857057,0.5
2017-09-12 09:59:59.999,0.5000012553023225,0.5
2017-09-12 10:29:59.999,0.5000033805879411,0.5
2017-09-12 10:59:59.999,0.5000032474465569,0.5
2017-09-12 11:29:59.999,0.5000015306274008,0.5
2017-09-12 11:59:59.999,0.5000015356364429,0.5
2017-09-12 12:29:59.999,0.5000017660341882,0.5
2017-09-12 12:59:59.999,0.5000060535580811,0.5
2017-09-12 13:29:59.999,0.5001174619807208,0.5
2017-09-12 13:59:59.999,0.5017242869692246,0.5
2017-09-12 14:29:59.999,0.5201362368788716,0.5
2017-09-12 14:59:59.999,0.5526131948081556,0.5
2017-09-12 15:29:59.999,0.6159775287848158,0.5
2017-09-12 15:59:59.999,0.6783504656469438,0.5
2017-09-12 16:29:59.999,0.7259419235703213,0.5
2017-09-12 16:59:59.999,0.7227043519827053,0.5
2017-09-12 17:29:59.999,0.7293901732229628,0.5
2017-09-12 17:59:59.999,0.7308806707075276,0.5
2017-09-12 18:29:59.999,0.7310583442502515,0.5
2017-09-12 18:59:59.999,0.7310585786300049,0.5
2017-09-12 19:29:59.999,0.7310585786300049,0.5
2017-09-12 19:59:59.999,0.7310585786300049,0.5
2017-09-12 20:29:59.999,0.7310585786300049,0.5
2017-09-12 20:59:59.999,0.7310585786300049,0.5
2017-09-12 21:29:59.999,0.7310585786300049,0.5
2017-09-12 21:59:59.999,0.7310585786300049,0.5
2017-09-12 22:29:59.999,0.7310585317540645,0.5
2017-09-12 22:59:59.999,0.7310584614401443,0.5
2017-09-12 23:29:59.999,0.7310585317540645,0.5
2017-09-12 23:59:59.999,0.7310584614401443,0.5
2017-09-13 00:29:59.999,0.7310585786300049,0.5
2017-09-13 00:59:59.999,0.7310585786300049,0.5
2017-09-13 01:29:59.999,0.7310585786300049,0.5
2017-09-13 01:59:59.999,0.7310585786300049,0.5
2017-09-13 02:29:59.999,0.7310585786300049,0.5
2017-09-13 02:59:59.999,0.7310585786300049,0.5
2017-09-13 03:29:59.999,0.7310585786300049,0.5
2017-09-13 03:59:59.999,0.7310585786300049,0.5
2017-09-13 04:29:59.999,0.7310585786300049,0.5
2017-09-13 04:59:59.999,0.7310585786300049,0.5
2017-09-13 05:29:59.999,0.7310585786300049,0.5
2017-09-13 05:59:59.999,0.7310585786300049,0.5
2017-09-13 06:29:59.999,0.7310585786300049,0.5
2017-09-13 06:59:59.999,0.7310585786300049,0.5
2017-09-13 07:29:59.999,0.7310585786300049,0.5
2017-09-13 07:59:59.999,0.7310585786300049,0.5
2017-09-13 08:29:59.999,0.7310585786300049,0.5
2017-09-13 08:59:59.999,0.7310585786300049,0.5
2017-09-13 09:29:59.999,0.7310585786300049,0.5
2017-09-13 09:59:59.999,0.7310585786300049,0.5
2017-09-13 10:29:59.999,0.7310585786300049,0.5
2017-09-13 10:59:59.999,0.7310585786300049,0.5
2017-09-13 11:29:59.999,0.7310585786300049,0.5
2017-09-13 11:59:59.999,0.7310585786300049,0.5
2017-09-13 12:29:59.999,0.7310585786300049,0.5
2017-09-13 12:59:59.999,0.7310585786300049,0.5
2017-09-13 13:29:59.999,0.7310585786300049,0.5
2017-09-13 13:59:59.999,0.7310585786300049,0.5
2017-09-13 14:29:59.999,0.7310585786300049,0.5
2017-09-13 14:59:59.999,0.7310585786300049,0.5
2017-09-13 15:29:59.999,0.7310585786300049,0.5
2017-09-13 15:59:59.999,0.7310585786300049,0.5
2017-09-13 16:29:59.999,0.7310585786300049,0.5
2017-09-13 16:59:59.999,0.7310585786300049,0.5
2017-09-13 17:29:59.999,0.7310585551920353,0.5
2017-09-13 17:59:59.999,0.7310577817383167,0.5
2017-09-13 18:29:59.999,0.7309708998753622,0.5
2017-09-13 18:59:59.999,0.7309047508823329,0.5
2017-09-13 19:29:59.999,0.7307185220078019,0.5
2017-09-13 19:59:59.999,0.7308318262112997,0.5
2017-09-13 20:29:59.999,0.731011172697268,0.5
2017-09-13 20:59:59.999,0.7309700090481036,0.5
2017-09-13 21:29:59.999,0.7309065562544035,0.5
2017-09-13 21:59:59.999,0.7310084066998233,0.5
2017-09-13 22:29:59.999,0.7306049413299176,0.5
2017-09-13 22:59:59.999,0.7252251439026718,0.5
2017-09-13 23:29:59.999,0.7029643989461638,0.5
2017-09-13 23:59:59.999,0.6297078143412275,0.5
2017-09-14 00:29:59.999,0.5856169849232951,0.5
2017-09-14 00:59:59.999,0.6111289727012121,0.5
2017-09-14 01:29:59.999,0.5731794872813254,0.5
2017-09-14 01:59:59.999,0.5494314519806813,0.5
2017-09-14 02:29:59.999,0.5865574621156139,0.5
2017-09-14 02:59:59.999,0.7055862874791355,0.5
2017-09-14 03:29:59.999,0.7305095538432163,0.5
2017-09-14 03:59:59.999,0.7310247562966777,0.5
2017-09-14 04:29:59.999,0.7310506799611748,0.5
2017-09-14 04:59:59.999,0.7310529066037283,0.5
2017-09-14 05:29:59.999,0.7310351400155528,0.5
2017-09-14 05:59:59.999,0.7310276628259161,0.5
2017-09-14 06:29:59.999,0.7310082426146641,0.5
2017-09-14 06:59:59.999,0.731048382991383,0.5
2017-09-14 07:29:59.999,0.7310363119769396,0.5
2017-09-14 07:59:59.999,0.7309816130992722,0.5
2017-09-14 08:29:59.999,0.7310337805363003,0.5
2017-09-14 08:59:59.999,0.7310488283232299,0.5
2017-09-14 09:29:59.999,0.7310535394368539,0.5
2017-09-14 09:59:59.999,0.731058062994377,0.5
2017-09-14 10:29:59.999,0.7310585317540645,0.5
2017-09-14 10:59:59.999,0.7310585786300049,0.5
2017-09-14 11:29:59.999,0.7310585786300049,0.5
2017-09-14 11:59:59.999,0.7310585786300049,0.5
2017-09-14 12:29:59.999,0.7310585786300049,0.5
2017-09-14 12:59:59.999,0.7310585786300049,0.5
2017-09-14 13:29:59.999,0.7310585786300049,0.5
2017-09-14 13:59:59.999,0.7310585786300049,0.5
2017-09-14 14:29:59.999,0.7310585786300049,0.5
2017-09-14 14:59:59.999,0.7310585786300049,0.5
2017-09-14 15:29:59.999,0.7310585786300049,0.5
2017-09-14 15:59:59.999,0.7310585786300049,0.5
2017-09-14 16:29:59.999,0.7310585786300049,0.5
2017-09-14 16:59:59.999,0.7310585786300049,0.5
2017-09-14 17:29:59.999,0.7310585786300049,0.5
2017-09-14 17:59:59.999,0.7310585786300049,0.5
2017-09-14 18:29:59.999,0.7310585786300049,0.5
2017-09-14 18:59:59.999,0.7310585786300049,0.5
2017-09-14 19:29:59.999,0.7310585786300049,0.5
2017-09-14 19:59:59.999,0.7310585786300049,0.5
2017-09-14 20:29:59.999,0.7310585786300049,0.5
2017-09-14 20:59:59.999,0.7310585786300049,0.5
2017-09-14 21:29:59.999,0.7310585786300049,0.5
2017-09-14 21:59:59.999,0.7310585786300049,0.5
2017-09-14 22:29:59.999,0.7310585786300049,0.5
2017-09-14 22:59:59.999,0.7310585786300049,0.5
2017-09-14 23:29:59.999,0.7310585786300049,0.5
2017-09-14 23:59:59.999,0.7310585786300049,0.5
2017-09-15 00:29:59.999,0.7310585786300049,0.5
2017-09-15 00:59:59.999,0.7310585786300049,0.5
2017-09-15 01:29:59.999,0.7310585786300049,0.5
2017-09-15 01:59:59.999,0.7310585786300049,0.5
2017-09-15 02:29:59.999,0.7310585786300049,0.5
2017-09-15 02:59:59.999,0.7310585786300049,0.5
2017-09-15 03:29:59.999,0.7310585786300049,0.5
2017-09-15 03:59:59.999,0.7310585786300049,0.5
2017-09-15 04:29:59.999,0.7310585786300049,0.5
2017-09-15 04:59:59.999,0.7310585786300049,0.5
2017-09-15 05:29:59.999,0.7310585786300049,0.5
2017-09-15 05:59:59.999,0.7310585786300049,0.5
2017-09-15 06:29:59.999,0.7310585786300049,0.5
2017-09-15 06:59:59.999,0.7310585786300049,0.5
2017-09-15 07:29:59.999,0.7310585786300049,0.5
2017-09-15 07:59:59.999,0.7310585786300049,0.5
2017-09-15 08:29:59.999,0.7310585786300049,0.5
2017-09-15 08:59:59.999,0.7310585786300049,0.5
2017-09-15 09:29:59.999,0.7310585786300049,0.5
2017-09-15 09:59:59.999,0.7310585786300049,0.5
2017-09-15 10:29:59.999,0.7310585786300049,0.5
2017-09-15 10:59:59.999,0.7310585786300049,0.5
2017-09-15 11:29:59.999,0.7310585786300049,0.5
2017-09-15 11:59:59.999,0.7310585786300049,0.5
2017-09-15 12:29:59.999,0.7310585786300049,0.5
2017-09-15 12:59:59.999,0.7310585786300049,0.5
2017-09-15 13:29:59.999,0.7310585786300049,0.5
2017-09-15 13:59:59.999,0.7310582973742854,0.5
2017-09-15 14:29:59.999,0.5000447397977666,0.5
2017-09-15 14:59:59.999,0.5000000000001007,0.5
2017-09-15 15:29:59.999,0.5,0.5
2017-09-15 15:59:59.999,0.5,0.5
2017-09-15 16:29:59.999,0.5,0.5
2017-09-15 16:59:59.999,0.5,0.5
2017-09-15 17:29:59.999,0.5,0.5
2017-09-15 17:59:59.999,0.5,0.5
2017-09-15 18:29:59.999,0.5,0.5
2017-09-15 18:59:59.999,0.5,0.5
2017-09-15 19:29:59.999,0.5,0.5
2017-09-15 19:59:59.999,0.5,0.5
2017-09-15 20:29:59.999,0.5,0.5
2017-09-15 20:59:59.999,0.5,0.5
2017-09-15 21:29:59.999,0.5,0.5
2017-09-15 21:59:59.999,0.5,0.5
2017-09-15 22:29:59.999,0.5,0.5
2017-09-15 22:59:59.999,0.5,0.5
2017-09-15 23:29:59.999,0.5,0.5
2017-09-15 23:59:59.999,0.5,0.5
2017-09-16 00:29:59.999,0.5,0.5
2017-09-16 00:59:59.999,0.5,0.5
2017-09-16 01:29:59.999,0.5,0.5
2017-09-16 01:59:59.999,0.5,0.5
2017-09-16 02:29:59.999,0.5,0.5
2017-09-16 02:59:59.999,0.5,0.5
2017-09-16 03:29:59.999,0.5,0.5
2017-09-16 03:59:59.999,0.5,0.5
2017-09-16 04:29:59.999,0.5,0.5
2017-09-16 04:59:59.999,0.5,0.5
2017-09-16 05:29:59.999,0.5,0.5
2017-09-16 05:59:59.999,0.5,0.5
2017-09-16 06:29:59.999,0.5000000000000004,0.5
2017-09-16 06:59:59.999,0.5000000000000047,0.5
2017-09-16 07:29:59.999,0.5000000000000134,0.5
2017-09-16 07:59:59.999,0.5000000000000147,0.5
2017-09-16 08:29:59.999,0.5000000000000303,0.5
2017-09-16 08:59:59.999,0.500000000000076,0.5
2017-09-16 09:29:59.999,0.5000000000015091,0.5
2017-09-16 09:59:59.999,0.5000000000891717,0.5
2017-09-16 10:29:59.999,0.5000004825419069,0.5
2017-09-16 10:59:59.999,0.5785497924995465,0.5
2017-09-16 11:29:59.999,0.7270465978174193,0.5
2017-09-16 11:59:59.999,0.7308141676533771,0.5
2017-09-16 12:29:59.999,0.731052484714455,0.5
2017-09-16 12:59:59.999,0.7310567739025735,0.5
2017-09-16 13:29:59.999,0.7310585317540645,0.5
2017-09-16 13:59:59.999,0.7310582504983141,0.5
2017-09-16 14:29:59.999,0.7310110320537638,0.5
2017-09-16 14:59:59.999,0.7310429452175528,0.5
2017-09-16 15:29:59.999,0.7310575473581243,0.5
2017-09-16 15:59:59.999,0.731058484878119,0.5
2017-09-16 16:29:59.999,0.7310585551920353,0.5
2017-09-16 16:59:59.999,0.7310584145641912,0.5
2017-09-16 17:29:59.999,0.7310584145641912,0.5
2017-09-16 17:59:59.999,0.7310582973742854,0.5
2017-09-16 18:29:59.999,0.7310546644711975,0.5
2017-09-16 18:59:59.999,0.731005898534057,0.5
2017-09-16 19:29:59.999,0.7294009966785551,0.5
2017-09-16 19:59:59.999,0.7275026806274857,0.5
2017-09-16 20:29:59.999,0.7188042125210313,0.5
2017-09-16 20:59:59.999,0.714332805374503,0.5
2017-09-16 21:29:59.999,0.727717540216714,0.5
2017-09-16 21:59:59.999,0.7203689628814224,0.5
2017-09-16 22:29:59.999,0.7161528465867533,0.5
2017-09-16 22:59:59.999,0.6361160199882037,0.5
2017-09-16 23:29:59.999,0.5995045804824662,0.5
2017-09-16 23:59:59.999,0.5241621347388221,0.5
2017-09-17 00:29:59.999,0.5334376842567228,0.5
2017-09-17 00:59:59.999,0.5423396226234345,0.5
2017-09-17 01:29:59.999,0.6826887642843196,0.5
2017-09-17 01:59:59.999,0.7250532649184855,0.5
2017-09-17 02:29:59.999,0.7289117401254371,0.5
2017-09-17 02:59:59.999,0.7288829423387723,0.5
2017-09-17 03:29:59.999,0.7305499054685078,0.5
2017-09-17 03:59:59.999,0.7309822460384203,0.5
2017-09-17 04:29:59.999,0.731048078290377,0.5
2017-09-17 04:59:59.999,0.731056539521826,0.5
2017-09-17 05:29:59.999,0.731058062994377,0.5
2017-09-17 05:59:59.999,0.7310583442502515,0.5
2017-09-17 06:29:59.999,0.7310582270603264,0.5
2017-09-17 06:59:59.999,0.7310582973742854,0.5
2017-09-17 07:29:59.999,0.7310583208122692,0.5
2017-09-17 07:59:59.999,0.7310583208122692,0.5
2017-09-17 08:29:59.999,0.731058484878119,0.5
2017-09-17 08:59:59.999,0.7310585083160924,0.5
2017-09-17 09:29:59.999,0.7310585317540645,0.5
2017-09-17 09:59:59.999,0.731058484878119,0.5
2017-09-17 10:29:59.999,0.7310579458043746,0.5
2017-09-17 10:59:59.999,0.7310557191881928,0.5
2017-09-17 11:29:59.999,0.731054992605654,0.5
2017-09-17 11:59:59.999,0.7310579223663701,0.5
2017-09-17 12:29:59.999,0.7310577583003033,0.5
2017-09-17 12:59:59.999,0.7310572895397637,0.5
2017-09-17 13:29:59.999,0.7310479376590698,0.5
2017-09-17 13:59:59.999,0.7304628848214353,0.5
2017-09-17 14:29:59.999,0.7205669570258793,0.5
2017-09-17 14:59:59.999,0.6131593916899246,0.5
2017-09-17 15:29:59.999,0.5350014390909075,0.5
2017-09-17 15:59:59.999,0.5083332689261157,0.5
2017-09-17 16:29:59.999,0.5001055879531797,0.5
2017-09-17 16:59:59.999,0.5000079993797037,0.5
2017-09-17 17:29:59.999,0.5000008076307267,0.5
2017-09-17 17:59:59.999,0.5000003377201949,0.5
2017-09-17 18:29:59.999,0.5000000418547081,0.5
2017-09-17 18:59:59.999,0.500000017489004,0.5
2017-09-17 19:29:59.999,0.5000000057870082,0.5
2017-09-17 19:59:59.999,0.500000004513955,0.5
2017-09-17 20:29:59.999,0.5000000022577729,0.5
2017-09-17 20:59:59.999,0.5000000105540972,0.5
2017-09-17 21:29:59.999,0.5000000313120871,0.5
2017-09-17 21:59:59.999,0.500000037445222,0.5
2017-09-17 22:29:59.999,0.5000001125562719,0.5
2017-09-17 22:59:59.999,0.5000001444472417,0.5
2017-09-17 23:29:59.999,0.5000001703672012,0.5
2017-09-17 23:59:59.999,0.5000006054073651,0.5
2017-09-18 00:29:59.999,0.5000011268497246,0.5
2017-09-18 00:59:59.999,0.5000010593219031,0.5
2017-09-18 01:29:59.999,0.500000594565222,0.5
2017-09-18 01:59:59.999,0.5000006043799772,0.5
2017-09-18 02:29:59.999,0.50000014910826,0.5
2017-09-18 02:59:59.999,0.5000000045079411,0.5
2017-09-18 03:29:59.999,0.5000000010042205,0.5
2017-09-18 03:59:59.999,0.50000000025388,0.5
2017-09-18 04:29:59.999,0.5000000009739831,0.5
2017-09-18 04:59:59.999,0.5000000042266364,0.5
2017-09-18 05:29:59.999,0.5000000022449509,0.5
2017-09-18 05:59:59.999,0.5000000005239794,0.5
2017-09-18 06:29:59.999,0.5000000004609098,0.5
2017-09-18 06:59:59.999,0.5000000000048468,0.5
2017-09-18 07:29:59.999,0.5000000000001812,0.5
2017-09-18 07:59:59.999,0.5000000000000188,0.5
2017-09-18 08:29:59.999,0.5000000000000056,0.5
2017-09-18 08:59:59.999,0.5000000000000024,0.5
2017-09-18 09:29:59.999,0.5000000000000026,0.5
2017-09-18 09:59:59.999,0.500000000000016,0.5
2017-09-18 10:29:59.999,0.5000000000008373,0.5
2017-09-18 10:59:59.999,0.5000000000010593,0.5
2017-09-18 11:29:59.999,0.5000000000004795,0.5
2017-09-18 11:59:59.999,0.5000000000013533,0.5
2017-09-18 12:29:59.999,0.500000000000125,0.5
2017-09-18 12:59:59.999,0.5000000000000117,0.5
2017-09-18 13:29:59.999,0.5000000000000001,0.5
2017-09-18 13:59:59.999,0.5,0.5
2017-09-18 14:29:59.999,0.5,0.5
2017-09-18 14:59:59.999,0.5000000000000001,0.5
2017-09-18 15:29:59.999,0.5000000000000013,0.5
2017-09-18 15:59:59.999,0.5000000000000052,0.5
2017-09-18 16:29:59.999,0.5000000000000897,0.5
2017-09-18 16:59:59.999,0.5000000000030871,0.5
2017-09-18 17:29:59.999,0.5000000000954072,0.5
2017-09-18 17:59:59.999,0.5000000025240177,0.5
2017-09-18 18:29:59.999,0.5000000187963831,0.5
2017-09-18 18:59:59.999,0.5000000740735402,0.5
2017-09-18 19:29:59.999,0.5000004808179028,0.5
2017-09-18 19:59:59.999,0.5000020322545424,0.5
2017-09-18 20:29:59.999,0.5000073238115869,0.5
2017-09-18 20:59:59.999,0.50004462744243,0.5
2017-09-18 21:29:59.999,0.500010154056325,0.5
2017-09-18 21:59:59.999,0.5000016866590613,0.5
2017-09-18 22:29:59.999,0.5000001967939767,0.5
2017-09-18 22:59:59.999,0.5000002040195284,0.5
2017-09-18 23:29:59.999,0.5000003288801054,0.5
2017-09-18 23:59:59.999,0.5000003453407942,0.5
2017-09-19 00:29:59.999,0.5000000982364483,0.5
2017-09-19 00:59:59.999,0.5000013004321318,0.5
2017-09-19 01:29:59.999,0.5000278035331289,0.5
2017-09-19 01:59:59.999,0.5002574498421236,0.5
2017-09-19 02:29:59.999,0.5044270048669659,0.5
2017-09-19 02:59:59.999,0.5198715193277011,0.5
2017-09-19 03:29:59.999,0.550738572107349,0.5
2017-09-19 03:59:59.999,0.5813001311801326,0.5
2017-09-19 04:29:59.999,0.6065886886387376,0.5
2017-09-19 04:59:59.999,0.7130844416753336,0.5
2017-09-19 05:29:59.999,0.7308560732910496,0.5
2017-09-19 05:59:59.999,0.7310494846008917,0.5
2017-09-19 06:29:59.999,0.7310448437585532,0.5
2017-09-19 06:59:59.999,0.7309760572596962,0.5
2017-09-19 07:29:59.999,0.7310032497074338,0.5
2017-09-19 07:59:59.999,0.730962261116625,0.5
2017-09-19 08:29:59.999,0.7308536580248703,0.5
2017-09-19 08:59:59.999,0.7307907038557279,0.5
2017-09-19 09:29:59.999,0.7305335728478279,0.5
2017-09-19 09:59:59.999,0.7301728171305216,0.5
2017-09-19 10:29:59.999,0.7302738331199062,0.5
2017-09-19 10:59:59.999,0.7176021132516581,0.5
2017-09-19 11:29:59.999,0.5961840166045964,0.5
2017-09-19 11:59:59.999,0.5735934397548619,0.5
2017-09-19 12:29:59.999,0.5146320813810865,0.5
2017-09-19 12:59:59.999,0.502777164647724,0.5
2017-09-19 13:29:59.999,0.5042779063004724,0.5
2017-09-19 13:59:59.999,0.5292015421720082,0.5
2017-09-19 14:29:59.999,0.5305664856230075,0.5
2017-09-19 14:59:59.999,0.5676586357264123,0.5
2017-09-19 15:29:59.999,0.6558331809132525,0.5
2017-09-19 15:59:59.999,0.6401314197998543,0.5
2017-09-19 16:29:59.999,0.637963328588796,0.5
2017-09-19 16:59:59.999,0.6320914922692171,0.5
2017-09-19 17:29:59.999,0.5507607783778252,0.5
2017-09-19 17:59:59.999,0.5657019031502367,0.5
2017-09-19 18:29:59.999,0.5320539782699503,0.5
2017-09-19 18:59:59.999,0.5484835009243575,0.5
2017-09-19 19:29:59.999,0.6361894573523683,0.5
2017-09-19 19:59:59.999,0.7217330433157785,0.5
2017-09-19 20:29:59.999,0.729925983297903,0.5
2017-09-19 20:59:59.999,0.7310239007419508,0.5
2017-09-19 21:29:59.999,0.7310296317537986,0.5
2017-09-19 21:59:59.999,0.7310555785594112,0.5
2017-09-19 22:29:59.999,0.7310570551593002,0.5
2017-09-19 22:59:59.999,0.7310570785973524,0.5
2017-09-19 23:29:59.999,0.731052367522916,0.5
2017-09-19 23:59:59.999,0.7310417732744352,0.5
2017-09-20 00:29:59.999,0.7310304286982089,0.5
2017-09-20 00:59:59.999,0.7310413513741226,0.5
2017-09-20 01:29:59.999,0.7310427342680298,0.5
2017-09-20 01:59:59.999,0.7310533519308409,0.5
2017-09-20 02:29:59.999,0.731047656396316,0.5
2017-09-20 02:59:59.999,0.7310456172357913,0.5
2017-09-20 03:29:59.999,0.7310409763512715,0.5
2017-09-20 03:59:59.999,0.731034741547946,0.5
2017-09-20 04:29:59.999,0.7310527894123056,0.5
2017-09-20 04:59:59.999,0.7310540785161814,0.5
2017-09-20 05:29:59.999,0.7310572192256383,0.5
2017-09-20 05:59:59.999,0.7310566332741405,0.5
2017-09-20 06:29:59.999,0.7310392184272506,0.5
2017-09-20 06:59:59.999,0.7301220711703279,0.5
2017-09-20 07:29:59.999,0.7120886444228274,0.5
2017-09-20 07:59:59.999,0.6835749374454183,0.5
2017-09-20 08:29:59.999,0.6302400889544768,0.5
2017-09-20 08:59:59.999,0.5393038498796151,0.5
2017-09-20 09:29:59.999,0.5079273978814572,0.5
2017-09-20 09:59:59.999,0.5058065771057659,0.5
2017-09-20 10:29:59.999,0.5229975176482105,0.5
2017-09-20 10:59:59.999,0.5142958658926108,0.5
2017-09-20 11:29:59.999,0.5100541902615044,0.5
2017-09-20 11:59:59.999,0.5080563959331044,0.5
2017-09-20 12:29:59.999,0.5025560169875293,0.5
2017-09-20 12:59:59.999,0.5054819361590449,0.5
2017-09-20 13:29:59.999,0.5035815068769673,0.5
2017-09-20 13:59:59.999,0.5003559264277077,0.5
2017-09-20 14:29:59.999,0.500007567969987,0.5
2017-09-20 14:59:59.999,0.5000015156688278,0.5
2017-09-20 15:29:59.999,0.5000004466913879,0.5
2017-09-20 15:59:59.999,0.5000003009934346,0.5
2017-09-20 16:29:59.999,0.5000001556195741,0.5
2017-09-20 16:59:59.999,0.5000001136564975,0.5
2017-09-20 17:29:59.999,0.5000000933466922,0.5
2017-09-20 17:59:59.999,0.500000148501158,0.5
2017-09-20 18:29:59.999,0.5000003506296196,0.5
2017-09-20 18:59:59.999,0.500000429788372,0.5
2017-09-20 19:29:59.999,0.500000587551483,0.5
2017-09-20 19:59:59.999,0.500006894533271,0.5
2017-09-20 20:29:59.999,0.5000361429082939,0.5
2017-09-20 20:59:59.999,0.5000805766241984,0.5
2017-09-20 21:29:59.999,0.5004977381424612,0.5
2017-09-20 21:59:59.999,0.5022212344313558,0.5
2017-09-20 22:29:59.999,0.5035006220761848,0.5
2017-09-20 22:59:59.999,0.5080133156966518,0.5
2017-09-20 23:29:59.999,0.5742756021523896,0.5
2017-09-20 23:59:59.999,0.706662452085874,0.5
2017-09-21 00:29:59.999,0.7274999038173714,0.5
2017-09-21 00:59:59.999,0.7310164702354088,0.5
2017-09-21 01:29:59.999,0.7310544066510898,0.5
2017-09-21 01:59:59.999,0.7310582504983141,0.5
2017-09-21 02:29:59.999,0.7310582973742854,0.5
2017-09-21 02:59:59.999,0.7310583911262125,0.5
2017-09-21 03:29:59.999,0.7310584145641912,0.5
2017-09-21 03:59:59.999,0.7310585317540645,0.5
2017-09-21 04:29:59.999,0.7310585551920353,0.5
2017-09-21 04:59:59.999,0.7310585317540645,0.5
2017-09-21 05:29:59.999,0.7310585551920353,0.5
2017-09-21 05:59:59.999,0.7310585083160924,0.5
2017-09-21 06:29:59.999,0.7310582504983141,0.5
2017-09-21 06:59:59.999,0.7310578520523492,0.5
2017-09-21 07:29:59.999,0.731056656712216,0.5
2017-09-21 07:59:59.999,0.7310501408775414,0.5
2017-09-21 08:29:59.999,0.7310275690672183,0.5
2017-09-21 08:59:59.999,0.7310036716455219,0.5
2017-09-21 09:29:59.999,0.7310206894663989,0.5
2017-09-21 09:59:59.999,0.7310099537853552,0.5
2017-09-21 10:29:59.999,0.7309626596520927,0.5
2017-09-21 10:59:59.999,0.730870083909706,0.5
2017-09-21 11:29:59.999,0.7304312333525586,0.5
2017-09-21 11:59:59.999,0.7303248545630574,0.5
2017-09-21 12:29:59.999,0.7305724908576803,0.5
2017-09-21 12:59:59.999,0.7305348752564541,0.5
2017-09-21 13:29:59.999,0.7296787133380775,0.5
2017-09-21 13:59:59.999,0.729790330387012,0.5
2017-09-21 14:29:59.999,0.7289741935072684,0.5
2017-09-21 14:59:59.999,0.7309496601704948,0.5
2017-09-21 15:29:59.999,0.7310573364158408,0.5
2017-09-21 15:59:59.999,0.7310585317540645,0.5
2017-09-21 16:29:59.999,0.7310585786300049,0.5
2017-09-21 16:59:59.999,0.7310585786300049,0.5
2017-09-21 17:29:59.999,0.7310585786300049,0.5
2017-09-21 17:59:59.999,0.7310585786300049,0.5
2017-09-21 18:29:59.999,0.7310585786300049,0.5
2017-09-21 18:59:59.999,0.7310585786300049,0.5
2017-09-21 19:29:59.999,0.7310585786300049,0.5
2017-09-21 19:59:59.999,0.7310585786300049,0.5
2017-09-21 20:29:59.999,0.7310585786300049,0.5
2017-09-21 20:59:59.999,0.7310585786300049,0.5
2017-09-21 21:29:59.999,0.7310585786300049,0.5
2017-09-21 21:59:59.999,0.7310585786300049,0.5
2017-09-21 22:29:59.999,0.7310585786300049,0.5
2017-09-21 22:59:59.999,0.7310585786300049,0.5
2017-09-21 23:29:59.999,0.7310585786300049,0.5
2017-09-21 23:59:59.999,0.7310585786300049,0.5
2017-09-22 00:29:59.999,0.7310585786300049,0.5
2017-09-22 00:59:59.999,0.7310585786300049,0.5
2017-09-22 01:29:59.999,0.7310585786300049,0.5
2017-09-22 01:59:59.999,0.7310585786300049,0.5
2017-09-22 02:29:59.999,0.7310585786300049,0.5
2017-09-22 02:59:59.999,0.7310585786300049,0.5
2017-09-22 03:29:59.999,0.7310585317540645,0.5
2017-09-22 03:59:59.999,0.7310572895397637,0.5
2017-09-22 04:29:59.999,0.731013094820499,0.5
2017-09-22 04:59:59.999,0.7298360033066684,0.5
2017-09-22 05:29:59.999,0.726586367850543,0.5
2017-09-22 05:59:59.999,0.7092905051686249,0.5
2017-09-22 06:29:59.999,0.6896994370498573,0.5
2017-09-22 06:59:59.999,0.5930474369600535,0.5
2017-09-22 07:29:59.999,0.6211629650013983,0.5
2017-09-22 07:59:59.999,0.685403978033614,0.5
2017-09-22 08:29:59.999,0.7206232761593585,0.5
2017-09-22 08:59:59.999,0.7272072352354966,0.5
2017-09-22 09:29:59.999,0.7302034543958448,0.5
2017-09-22 09:59:59.999,0.7309376449675525,0.5
2017-09-22 10:29:59.999,0.7310365463688298,0.5
2017-09-22 10:59:59.999,0.7310563988933154,0.5
2017-09-22 11:29:59.999,0.7310578286143397,0.5
2017-09-22 11:59:59.999,0.7310585317540645,0.5
2017-09-22 12:29:59.999,0.7310585551920353,0.5
2017-09-22 12:59:59.999,0.7310585317540645,0.5
2017-09-22 13:29:59.999,0.7310585317540645,0.5
2017-09-22 13:59:59.999,0.7310585551920353,0.5
2017-09-22 14:29:59.999,0.7310582036223375,0.5
2017-09-22 14:59:59.999,0.7310577583003033,0.5
2017-09-22 15:29:59.999,0.7310584380021684,0.5
2017-09-22 15:59:59.999,0.7310585551920353,0.5
2017-09-22 16:29:59.999,0.7310585551920353,0.5
2017-09-22 16:59:59.999,0.7310585551920353,0.5
2017-09-22 17:29:59.999,0.7310585551920353,0.5
2017-09-22 17:59:59.999,0.7310585083160924,0.5
2017-09-22 18:29:59.999,0.7310582739363003,0.5
2017-09-22 18:59:59.999,0.7310579458043746,0.5
2017-09-22 19:29:59.999,0.731056539521826,0.5
2017-09-22 19:59:59.999,0.7310465079048089,0.5
2017-09-22 20:29:59.999,0.7309271416441278,0.5
2017-09-22 20:59:59.999,0.7303141835313745,0.5
2017-09-22 21:29:59.999,0.7296098712976643,0.5
2017-09-22 21:59:59.999,0.7207680203116853,0.5
2017-09-22 22:29:59.999,0.6955606118213145,0.5
2017-09-22 22:59:59.999,0.6866676491175637,0.5
2017-09-22 23:29:59.999,0.6523739379623971,0.5
2017-09-22 23:59:59.999,0.6518175757240252,0.5
2017-09-23 00:29:59.999,0.6735287264134026,0.5
2017-09-23 00:59:59.999,0.6608810185378358,0.5
2017-09-23 01:29:59.999,0.6991760231086384,0.5
2017-09-23 01:59:59.999,0.7029719783671988,0.5
2017-09-23 02:29:59.999,0.705230466668869,0.5
2017-09-23 02:59:59.999,0.6554243280868621,0.5
2017-09-23 03:29:59.999,0.5996315696629679,0.5
2017-09-23 03:59:59.999,0.5856259021011522,0.5
2017-09-23 04:29:59.999,0.5084716932746746,0.5
2017-09-23 04:59:59.999,0.5008072471217153,0.5
2017-09-23 05:29:59.999,0.5000905137993985,0.5
2017-09-23 05:59:59.999,0.5000216625175973,0.5
2017-09-23 06:29:59.999,0.5000020292372938,0.5
2017-09-23 06:59:59.999,0.5000009389892739,0.5
2017-09-23 07:29:59.999,0.5000007309445209,0.5
2017-09-23 07:59:59.999,0.5000006428512052,0.5
2017-09-23 08:29:59.999,0.5000001381682608,0.5
2017-09-23 08:59:59.999,0.5000000408064196,0.5
2017-09-23 09:29:59.999,0.5000000332084973,0.5
2017-09-23 09:59:59.999,0.5000000259439794,0.5
2017-09-23 10:29:59.999,0.5000000210273932,0.5
2017-09-23 10:59:59.999,0.5000000048743578,0.5
2017-09-23 11:29:59.999,0.5000000020940334,0.5
2017-09-23 11:59:59.999,0.5000000004068771,0.5
2017-09-23 12:29:59.999,0.5000000004236699,0.5
2017-09-23 12:59:59.999,0.5000000005954897,0.5
2017-09-23 13:29:59.999,0.500000002947484,0.5
2017-09-23 13:59:59.999,0.500000002637425,0.5
2017-09-23 14:29:59.999,0.5000000064921779,0.5
2017-09-23 14:59:59.999,0.5000000108973675,0.5
2017-09-23 15:29:59.999,0.5000001343793627,0.5
2017-09-23 15:59:59.999,0.5000004219508867,0.5
2017-09-23 16:29:59.999,0.5000026646218885,0.5
2017-09-23 16:59:59.999,0.5000050028561417,0.5
2017-09-23 17:29:59.999,0.5000132349523452,0.5
2017-09-23 17:59:59.999,0.5000198864254238,0.5
2017-09-23 18:29:59.999,0.5000506190152099,0.5
2017-09-23 18:59:59.999,0.5001440416195863,0.5
2017-09-23 19:29:59.999,0.500354317015799,0.5
2017-09-23 19:59:59.999,0.5001350719507057,0.5
2017-09-23 20:29:59.999,0.5000824030277542,0.5
2017-09-23 20:59:59.999,0.5000511964352001,0.5
2017-09-23 21:29:59.999,0.5001824646525111,0.5
2017-09-23 21:59:59.999,0.500874149071701,0.5
2017-09-23 22:29:59.999,0.5015381439962125,0.5
2017-09-23 22:59:59.999,0.5044314716051508,0.5
2017-09-23 23:29:59.999,0.5031539970829288,0.5
2017-09-23 23:59:59.999,0.5013194490096955,0.5
2017-09-24 00:29:59.999,0.5009635421161422,0.5
2017-09-24 00:59:59.999,0.5019078987484868,0.5
2017-09-24 01:29:59.999,0.5025430249097586,0.5
2017-09-24 01:59:59.999,0.5022843023157298,0.5
2017-09-24 02:29:59.999,0.5030487467807842,0.5
2017-09-24 02:59:59.999,0.5032786024209311,0.5
2017-09-24 03:29:59.999,0.5026281497074372,0.5
2017-09-24 03:59:59.999,0.5015860388875679,0.5
2017-09-24 04:29:59.999,0.5125493309378321,0.5
2017-09-24 04:59:59.999,0.6559091770072351,0.5
2017-09-24 05:29:59.999,0.7256466107736776,0.5
2017-09-24 05:59:59.999,0.7298292220199653,0.5
2017-09-24 06:29:59.999,0.730877974205924,0.5
2017-09-24 06:59:59.999,0.7310459922545524,0.5
2017-09-24 07:29:59.999,0.7310575004820704,0.5
2017-09-24 07:59:59.999,0.7310575004820704,0.5
2017-09-24 08:29:59.999,0.7310577817383167,0.5
2017-09-24 08:59:59.999,0.7310581801843474,0.5
2017-09-24 09:29:59.999,0.7310583676882327,0.5
2017-09-24 09:59:59.999,0.7310581333083631,0.5
2017-09-24 10:29:59.999,0.7310573364158408,0.5
2017-09-24 10:59:59.999,0.7310573598538775,0.5
2017-09-24 11:29:59.999,0.7310529769185666,0.5
2017-09-24 11:59:59.999,0.7310374604959672,0.5
2017-09-24 12:29:59.999,0.7310048436935718,0.5
2017-09-24 12:59:59.999,0.7309511136940071,0.5
2017-09-24 13:29:59.999,0.7302610239738447,0.5
2017-09-24 13:59:59.999,0.7259795485349487,0.5
2017-09-24 14:29:59.999,0.7219523167486327,0.5
2017-09-24 14:59:59.999,0.7232002828480424,0.5
2017-09-24 15:29:59.999,0.720895737088492,0.5
2017-09-24 15:59:59.999,0.7149218597606394,0.5
2017-09-24 16:29:59.999,0.6897070397151669,0.5
2017-09-24 16:59:59.999,0.6845343229385246,0.5
2017-09-24 17:29:59.999,0.6988236779122652,0.5
2017-09-24 17:59:59.999,0.7068592980768015,0.5
2017-09-24 18:29:59.999,0.7275945771471926,0.5
2017-09-24 18:59:59.999,0.7294776354223753,0.5
2017-09-24 19:29:59.999,0.7300908290550061,0.5
2017-09-24 19:59:59.999,0.7281656062842111,0.5
2017-09-24 20:29:59.999,0.7290166914975781,0.5
2017-09-24 20:59:59.999,0.7295017005813982,0.5
2017-09-24 21:29:59.999,0.729733696737601,0.5
2017-09-24 21:59:59.999,0.7287373457239672,0.5
2017-09-24 22:29:59.999,0.7290094733754567,0.5
2017-09-24 22:59:59.999,0.7274561342258026,0.5
2017-09-24 23:29:59.999,0.7232767230869261,0.5
2017-09-24 23:59:59.999,0.7235256748912532,0.5
2017-09-25 00:29:59.999,0.7242757226586836,0.5
2017-09-25 00:59:59.999,0.7246610010189729,0.5
2017-09-25 01:29:59.999,0.720713266736154,0.5
2017-09-25 01:59:59.999,0.7156257708408731,0.5
2017-09-25 02:29:59.999,0.5383799548675032,0.5
2017-09-25 02:59:59.999,0.504673989310574,0.5
2017-09-25 03:29:59.999,0.5006757450133923,0.5
2017-09-25 03:59:59.999,0.5001396306288453,0.5
2017-09-25 04:29:59.999,0.5000044053340388,0.5
2017-09-25 04:59:59.999,0.5000005548664035,0.5
2017-09-25 05:29:59.999,0.500000167634596,0.5
2017-09-25 05:59:59.999,0.500000127824606,0.5
2017-09-25 06:29:59.999,0.500000137451849,0.5
2017-09-25 06:59:59.999,0.5000002164865549,0.5
2017-09-25 07:29:59.999,0.5000004212761837,0.5
2017-09-25 07:59:59.999,0.50000043523832,0.5
2017-09-25 08:29:59.999,0.5000012074775668,0.5
2017-09-25 08:59:59.999,0.5000025430206279,0.5
2017-09-25 09:29:59.999,0.5000073575115488,0.5
2017-09-25 09:59:59.999,0.5000154680128567,0.5
2017-09-25 10:29:59.999,0.5000244600632673,0.5
2017-09-25 10:59:59.999,0.5000105405424604,0.5
2017-09-25 11:29:59.999,0.5000154806748419,0.5
2017-09-25 11:59:59.999,0.5000193608611784,0.5
2017-09-25 12:29:59.999,0.5000388177758526,0.5
2017-09-25 12:59:59.999,0.5000320204234884,0.5
2017-09-25 13:29:59.999,0.5000329527537792,0.5
2017-09-25 13:59:59.999,0.5000574308066664,0.5
2017-09-25 14:29:59.999,0.5000022812150746,0.5
2017-09-25 14:59:59.999,0.5000000182055402,0.5
2017-09-25 15:29:59.999,0.5000000034339445,0.5
2017-09-25 15:59:59.999,0.5000000004905198,0.5
2017-09-25 16:29:59.999,0.5000000000339717,0.5
2017-09-25 16:59:59.999,0.5000000000215075,0.5
2017-09-25 17:29:59.999,0.5000000000308449,0.5
2017-09-25 17:59:59.999,0.500000000067274,0.5
2017-09-25 18:29:59.999,0.5000000000927706,0.5
2017-09-25 18:59:59.999,0.5000000001529635,0.5
2017-09-25 19:29:59.999,0.5000000001344774,0.5
2017-09-25 19:59:59.999,0.5000000001296268,0.5
2017-09-25 20:29:59.999,0.5000000001631033,0.5
2017-09-25 20:59:59.999,0.5000000001750464,0.5
2017-09-25 21:29:59.999,0.5000000001857887,0.5
2017-09-25 21:59:59.999,0.500000000289592,0.5
2017-09-25 22:29:59.999,0.5000000004981732,0.5
2017-09-25 22:59:59.999,0.5000000022493527,0.5
2017-09-25 23:29:59.999,0.5000000087864453,0.5
2017-09-25 23:59:59.999,0.5000000314038324,0.5
2017-09-26 00:29:59.999,0.5000000770064474,0.5
2017-09-26 00:59:59.999,0.5000000813644192,0.5
2017-09-26 01:29:59.999,0.5000001145582971,0.5
2017-09-26 01:59:59.999,0.5000003141432785,0.5
2017-09-26 02:29:59.999,0.5000004166120675,0.5
2017-09-26 02:59:59.999,0.500000498423276,0.5
2017-09-26 03:29:59.999,0.5000014864070863,0.5
2017-09-26 03:59:59.999,0.5000166455411028,0.5
2017-09-26 04:29:59.999,0.5000565771367605,0.5
2017-09-26 04:59:59.999,0.5002052605735315,0.5
2017-09-26 05:29:59.999,0.50195800815991,0.5
2017-09-26 05:59:59.999,0.5330053109170209,0.5
2017-09-26 06:29:59.999,0.5859406576710582,0.5
2017-09-26 06:59:59.999,0.6614060204756473,0.5
2017-09-26 07:29:59.999,0.6965124796519062,0.5
2017-09-26 07:59:59.999,0.6384817988902437,0.5
2017-09-26 08:29:59.999,0.6055866671299414,0.5
2017-09-26 08:59:59.999,0.5808973937265874,0.5
2017-09-26 09:29:59.999,0.6084126631073492,0.5
2017-09-26 09:59:59.999,0.6295770768099811,0.5
2017-09-26 10:29:59.999,0.5641929373470159,0.5
2017-09-26 10:59:59.999,0.5240811235725733,0.5
2017-09-26 11:29:59.999,0.5132289241549987,0.5
2017-09-26 11:59:59.999,0.5040887921414391,0.5
2017-09-26 12:29:59.999,0.5007539984176941,0.5
2017-09-26 12:59:59.999,0.5006579052701693,0.5
2017-09-26 13:29:59.999,0.5006327862616141,0.5
2017-09-26 13:59:59.999,0.5010764668361872,0.5
2017-09-26 14:29:59.999,0.5011067989365274,0.5
2017-09-26 14:59:59.999,0.503786777618064,0.5
2017-09-26 15:29:59.999,0.5149812220511225,0.5
2017-09-26 15:59:59.999,0.5210395401522605,0.5
2017-09-26 16:29:59.999,0.558575051733993,0.5
2017-09-26 16:59:59.999,0.6098964714995304,0.5
2017-09-26 17:29:59.999,0.6246389942567879,0.5
2017-09-26 17:59:59.999,0.6739744599723365,0.5
2017-09-26 18:29:59.999,0.6887329005081767,0.5
2017-09-26 18:59:59.999,0.6976478564723363,0.5
2017-09-26 19:29:59.999,0.6874857798574738,0.5
2017-09-26 19:59:59.999,0.6880481991530445,0.5
2017-09-26 20:29:59.999,0.7135773952586388,0.5
2017-09-26 20:59:59.999,0.7194251238331432,0.5
2017-09-26 21:29:59.999,0.6878269069706285,0.5
2017-09-26 21:59:59.999,0.6410133772100616,0.5
2017-09-26 22:29:59.999,0.5846686028549043,0.5
2017-09-26 22:59:59.999,0.6079219084503765,0.5
2017-09-26 23:29:59.999,0.6591052482007058,0.5
2017-09-26 23:59:59.999,0.698592951325562,0.5
2017-09-27 00:29:59.999,0.7120941556336474,0.5
2017-09-27 00:59:59.999,0.7099830443737445,0.5
2017-09-27 01:29:59.999,0.6975090481132085,0.5
2017-09-27 01:59:59.999,0.669018356823878,0.5
2017-09-27 02:29:59.999,0.6607657925349607,0.5
2017-09-27 02:59:59.999,0.6512620851028499,0.5
2017-09-27 03:29:59.999,0.5703903530044934,0.5
2017-09-27 03:59:59.999,0.5249703047623915,0.5
2017-09-27 04:29:59.999,0.5157571598622513,0.5
2017-09-27 04:59:59.999,0.5092874345012032,0.5
2017-09-27 05:29:59.999,0.5076068586175769,0.5
2017-09-27 05:59:59.999,0.5046339151784488,0.5
2017-09-27 06:29:59.999,0.503093404341698,0.5
2017-09-27 06:59:59.999,0.5020668796345507,0.5
2017-09-27 07:29:59.999,0.5021202111195565,0.5
2017-09-27 07:59:59.999,0.5008521311000486,0.5
2017-09-27 08:29:59.999,0.5006559192282072,0.5
2017-09-27 08:59:59.999,0.5012688833057305,0.5
2017-09-27 09:29:59.999,0.5021722045038796,0.5
2017-09-27 09:59:59.999,0.5010305863645987,0.5
2017-09-27 10:29:59.999,0.5000866961627659,0.5
2017-09-27 10:59:59.999,0.5000015729765437,0.5
2017-09-27 11:29:59.999,0.5000002103053873,0.5
2017-09-27 11:59:59.999,0.5000000207965734,0.5
2017-09-27 12:29:59.999,0.5000000015150773,0.5
2017-09-27 12:59:59.999,0.5000000002593971,0.5
2017-09-27 13:29:59.999,0.5000000001577349,0.5
2017-09-27 13:59:59.999,0.5000000003609472,0.5
2017-09-27 14:29:59.999,0.50000000042665,0.5
2017-09-27 14:59:59.999,0.5000000002429922,0.5
2017-09-27 15:29:59.999,0.5000000002437958,0.5
2017-09-27 15:59:59.999,0.500000000330956,0.5
2017-09-27 16:29:59.999,0.5000000008480467,0.5
2017-09-27 16:59:59.999,0.5000000006358074,0.5
2017-09-27 17:29:59.999,0.5000000008039382,0.5
2017-09-27 17:59:59.999,0.5000000017164801,0.5
2017-09-27 18:29:59.999,0.5000000004818018,0.5
2017-09-27 18:59:59.999,0.5000000001626334,0.5
2017-09-27 19:29:59.999,0.5000000001683591,0.5
2017-09-27 19:59:59.999,0.5000000000313001,0.5
2017-09-27 20:29:59.999,0.5000000000228103,0.5
2017-09-27 20:59:59.999,0.500000000009088,0.5
2017-09-27 21:29:59.999,0.5000000000047845,0.5
2017-09-27 21:59:59.999,0.5000000000028587,0.5
2017-09-27 22:29:59.999,0.5000000000034169,0.5
2017-09-27 22:59:59.999,0.5000000000038344,0.5
2017-09-27 23:29:59.999,0.5000000000051422,0.5
2017-09-27 23:59:59.999,0.500000000016658,0.5
2017-09-28 00:29:59.999,0.5000000000416087,0.5
2017-09-28 00:59:59.999,0.5000000007167921,0.5
2017-09-28 01:29:59.999,0.5000000013880848,0.5
2017-09-28 01:59:59.999,0.5000000042780983,0.5
2017-09-28 02:29:59.999,0.5000000323118279,0.5
2017-09-30 04:29:59.999,0.5004641694080314,0.5
2017-10-02 06:29:59.999,0.5000002033933981,0.5
2017-10-04 08:29:59.999,0.503895522202097,0.5
2017-10-06 10:29:59.999,0.5000009830419003,0.5
2017-10-08 12:29:59.999,0.5000244190687032,0.5
2017-10-10 14:29:59.999,0.5002583338416348,0.5
2017-10-12 16:29:59.999,0.5,0.5
2017-10-14 18:29:59.999,0.5000005474577733,0.5
2017-10-16 20:29:59.999,0.5031266582559025,0.5
2017-10-18 22:29:59.999,0.5000000149911852,0.5
2017-10-21 00:29:59.999,0.5000000000000023,0.5
2017-10-23 02:29:59.999,0.5000315577089658,0.5
2017-10-25 04:29:59.999,0.7310585786300049,0.5
2017-10-27 06:29:59.999,0.5347672283413436,0.5
2017-10-29 08:29:59.999,0.5000138229497644,0.5
2017-10-31 10:29:59.999,0.5195451701982293,0.5
2017-11-02 12:29:59.999,0.5000000000000019,0.5
2017-11-04 14:29:59.999,0.5000363988037219,0.5
2017-11-06 16:29:59.999,0.7310576176721956,0.5
2017-11-08 18:29:59.999,0.5000000003913645,0.5
2017-11-10 20:29:59.999,0.7310585786300049,0.5
2017-11-12 22:29:59.999,0.7310585786300049,0.5
2017-11-15 00:29:59.999,0.5000000272949521,0.5
2017-11-17 02:29:59.999,0.5,0.5
2017-11-19 04:29:59.999,0.5000035126797684,0.5
2017-11-21 06:29:59.999,0.7310585786300049,0.5
2017-11-23 08:29:59.999,0.7233411150941553,0.5
2017-11-25 10:29:59.999,0.5000000000001245,0.5
2017-11-27 12:29:59.999,0.500000000010028,0.5
2017-11-29 14:29:59.999,0.5,0.5
2017-12-01 16:29:59.999,0.5,0.5
2017-12-03 18:29:59.999,0.5,0.5
2017-12-05 20:29:59.999,0.5000003365434509,0.5
2017-12-07 22:29:59.999,0.5,0.5
2017-12-10 00:29:59.999,0.7310585786300049,0.5
2017-12-12 02:29:59.999,0.5,0.5
2017-12-14 04:29:59.999,0.7310034137945178,0.5
2017-12-16 06:29:59.999,0.7288644612746903,0.5
2017-12-18 08:29:59.999,0.7310312022016502,0.5
2017-12-20 11:29:59.999,0.5000000033893253,0.5
2017-12-22 13:29:59.999,0.7310585786300049,0.5
2017-12-24 15:29:59.999,0.7310585786300049,0.5
2017-12-26 17:29:59.999,0.5,0.5
2017-12-28 19:29:59.999,0.7310585786300049,0.5
2017-12-30 21:29:59.999,0.7310585786300049,0.5
2018-01-01 23:29:59.999,0.5000000026142113,0.5
2018-01-04 01:29:59.999,0.6381580214801971,0.5
2018-01-06 04:59:59.999,0.5,0.5
2018-01-08 06:59:59.999,0.7310585786300049,0.5
2018-01-10 08:59:59.999,0.7310585786300049,0.5
2018-01-12 10:59:59.999,0.5000000000000001,0.5
2018-01-14 12:59:59.999,0.7310585786300049,0.5
2018-01-16 14:59:59.999,0.7310585786300049,0.5
2018-01-18 16:59:59.999,0.5,0.5
2018-01-20 18:59:59.999,0.5,0.5
2018-01-22 20:59:59.999,0.7310585786300049,0.5
2018-01-24 22:59:59.999,0.5000000001580807,0.5
2018-01-27 00:59:59.999,0.5000024745456813,0.5
2018-01-29 02:59:59.999,0.7310585786300049,0.5
2018-01-31 04:59:59.999,0.7310585786300049,0.5
2018-02-02 06:59:59.999,0.7310585786300049,0.5
2018-02-04 08:59:59.999,0.5000978341546463,0.5
2018-02-06 10:59:59.999,0.7310585786300049,0.5
2018-02-09 22:29:59.999,0.5,0.5
2018-02-12 00:29:59.999,0.7293266152219515,0.5
2018-02-14 02:29:59.999,0.5024646015995125,0.5
2018-02-16 04:29:59.999,0.5,0.5
2018-02-18 06:29:59.999,0.7310585786300049,0.5
2018-02-20 08:29:59.999,0.5,0.5
2018-02-22 10:29:59.999,0.7310585786300049,0.5
2018-02-24 12:29:59.999,0.7310585786300049,0.5
2018-02-26 14:29:59.999,0.5,0.5
2018-02-28 16:29:59.999,0.7310585786300049,0.5
2018-03-02 18:29:59.999,0.7310582504983141,0.5
2018-03-04 20:29:59.999,0.5000000041789643,0.5
2018-03-06 22:29:59.999,0.7310585786300049,0.5
2018-03-09 00:29:59.999,0.7310585786300049,0.5
2018-03-11 02:29:59.999,0.7310585786300049,0.5
2018-03-13 04:29:59.999,0.7310585786300049,0.5
2018-03-15 06:29:59.999,0.7310585786300049,0.5
2018-03-17 08:29:59.999,0.7310585786300049,0.5
2018-03-19 10:29:59.999,0.5,0.5
2018-03-21 12:29:59.999,0.5000000000300292,0.5
2018-03-23 14:29:59.999,0.7310585786300049,0.5
2018-03-25 16:29:59.999,0.7310261861240258,0.5
2018-03-27 18:29:59.999,0.5115395806427598,0.5
2018-03-29 20:29:59.999,0.7310585786300049,0.5
2018-03-31 22:29:59.999,0.7310277800242594,0.5
2018-04-03 00:29:59.999,0.5000508334231267,0.5
2018-04-05 02:29:59.999,0.7310585786300049,0.5
2018-04-07 04:29:59.999,0.5000000000000188,0.5
2018-04-09 06:29:59.999,0.5000000893798244,0.5
2018-04-11 08:29:59.999,0.5171213834273911,0.5
2018-04-13 10:29:59.999,0.5,0.5
2018-04-15 12:29:59.999,0.5000000000001544,0.5
2018-04-17 14:29:59.999,0.5000291752021109,0.5
2018-04-19 16:29:59.999,0.5000252540994337,0.5
2018-04-21 18:29:59.999,0.5080469370805498,0.5
2018-04-23 20:29:59.999,0.7203264454915396,0.5
2018-04-25 22:29:59.999,0.7310576411102168,0.5
2018-04-28 00:29:59.999,0.7310585786300049,0.5
2018-04-30 02:29:59.999,0.5000008111126704,0.5
2018-05-02 04:29:59.999,0.5010626915906075,0.5
2018-05-04 06:29:59.999,0.5000002498195215,0.5
2018-05-06 08:29:59.999,0.7310585786300049,0.5
2018-05-08 10:29:59.999,0.730772855964281,0.5
2018-05-10 12:29:59.999,0.5002507813122775,0.5
2018-05-12 14:29:59.999,0.5000000309412087,0.5
2018-05-14 16:29:59.999,0.5000000000000002,0.5
2018-05-16 18:29:59.999,0.7285460836028536,0.5
2018-05-18 20:29:59.999,0.5000001624376722,0.5
2018-05-20 22:29:59.999,0.5000000000000485,0.5
2018-05-23 00:29:59.999,0.7310585786300049,0.5
2018-05-25 02:29:59.999,0.5006599591821251,0.5
2018-05-27 04:29:59.999,0.7310585786300049,0.5
2018-05-29 06:29:59.999,0.7310582973742854,0.5
2018-05-31 08:29:59.999,0.5000000000138738,0.5
2018-06-02 10:29:59.999,0.5000000000106596,0.5
2018-06-04 12:29:59.999,0.7310585786300049,0.5
2018-06-06 14:29:59.999,0.5008979324144287,0.5
2018-06-08 16:29:59.999,0.7298846209346714,0.5
2018-06-10 18:29:59.999,0.7310585786300049,0.5
2018-06-12 20:29:59.999,0.7310585786300049,0.5
2018-06-14 22:29:59.999,0.5000000000006913,0.5
2018-06-17 00:29:59.999,0.5000891473746027,0.5
2018-06-19 02:29:59.999,0.5000000000214452,0.5
2018-06-21 04:29:59.999,0.5001073100413018,0.5
2018-06-23 06:29:59.999,0.7310585786300049,0.5
2018-06-25 08:29:59.999,0.5000113799324006,0.5
2018-06-27 21:59:59.999,0.5049634807979007,0.5
2018-06-29 23:59:59.999,0.5000000000000017,0.5
2018-07-02 01:59:59.999,0.6494122219862809,0.5
2018-07-04 11:29:59.999,0.7310247328568452,0.5
2018-07-06 13:29:59.999,0.5047300243622117,0.5
2018-07-08 15:29:59.999,0.5000614039815087,0.5
2018-07-10 17:29:59.999,0.7310585786300049,0.5
2018-07-12 19:29:59.999,0.7310527425357275,0.5
2018-07-14 21:29:59.999,0.5010199345238546,0.5
2018-07-16 23:29:59.999,0.5000000001356832,0.5
2018-07-19 01:29:59.999,0.731015767026177,0.5
2018-07-21 03:29:59.999,0.7310585786300049,0.5
2018-07-23 05:29:59.999,0.50000000000221,0.5
2018-07-25 07:29:59.999,0.5000000012057083,0.5
2018-07-27 09:29:59.999,0.7310585551920353,0.5
2018-07-29 11:29:59.999,0.7309627065385937,0.5
2018-07-31 13:29:59.999,0.7310585786300049,0.5
2018-08-02 15:29:59.999,0.7310577114242726,0.5
2018-08-04 17:29:59.999,0.7310585786300049,0.5
2018-08-06 19:29:59.999,0.7310573832919128,0.5
2018-08-08 21:29:59.999,0.7310585786300049,0.5
2018-08-10 23:29:59.999,0.7310585786300049,0.5
2018-08-13 01:29:59.999,0.5152901610611076,0.5
2018-08-15 03:29:59.999,0.5000000000077357,0.5
2018-08-17 05:29:59.999,0.500000552298502,0.5
2018-08-19 07:29:59.999,0.7225510604073437,0.5
2018-08-21 09:29:59.999,0.5001631653227666,0.5
2018-08-23 11:29:59.999,0.724022508085231,0.5
2018-08-25 13:29:59.999,0.5061166131399977,0.5
2018-08-27 15:29:59.999,0.5073135452193162,0.5
2018-08-29 17:29:59.999,0.7309384889733674,0.5
2018-08-31 19:29:59.999,0.5000009923510333,0.5
2018-09-02 21:29:59.999,0.5000202370447259,0.5
2018-09-04 23:29:59.999,0.5075874343171455,0.5
2018-09-07 01:29:59.999,0.5050307281429222,0.5
2018-09-09 03:29:59.999,0.7310585786300049,0.5
2018-09-11 05:29:59.999,0.5003562277104077,0.5
2018-09-13 07:29:59.999,0.5000121655175438,0.5
2018-09-15 09:29:59.999,0.5306567172571683,0.5
2018-09-17 11:29:59.999,0.7026440695128277,0.5
2018-09-19 13:29:59.999,0.7301367988054531,0.5
2018-09-21 15:29:59.999,0.5000000000015007,0.5
2018-09-23 17:29:59.999,0.7283866594355571,0.5
2018-09-25 19:29:59.999,0.7310578286143397,0.5
2018-09-27 21:29:59.999,0.5000000000495595,0.5
2018-09-29 23:29:59.999,0.5034436020402457,0.5
2018-10-02 01:29:59.999,0.6168439503739699,0.5
2018-10-04 03:29:59.999,0.5000003346708013,0.5
2018-10-06 05:29:59.999,0.5237953890296563,0.5
2018-10-08 07:29:59.999,0.5413167000751163,0.5
2018-10-10 09:29:59.999,0.7310217911476036,0.5
2018-10-12 11:29:59.999,0.5558973168307005,0.5
2018-10-14 13:29:59.999,0.5103828982437814,0.5
2018-10-16 15:29:59.999,0.726921528683622,0.5
2018-10-18 17:29:59.999,0.7272770987414305,0.5
2018-10-20 22:59:59.999,0.5259538464635056,0.5
2018-10-23 00:59:59.999,0.6544843917284586,0.5
2018-10-25 02:59:59.999,0.7308594616753772,0.5
2018-10-27 04:59:59.999,0.5910894296927535,0.5
2018-10-29 06:59:59.999,0.5537326979545504,0.5
2018-10-31 08:59:59.999,0.6822830258238759,0.5
2018-11-02 10:59:59.999,0.5906951921089673,0.5
2018-11-04 12:59:59.999,0.5069164785148279,0.5
2018-11-06 14:59:59.999,0.5095850983390828,0.5
2018-11-08 16:59:59.999,0.7209840791584138,0.5
2018-11-10 18:59:59.999,0.5260215824753337,0.5
2018-11-12 20:59:59.999,0.5773586749561553,0.5
2018-11-15 05:59:59.999,0.7310585786300049,0.5
2018-11-17 07:59:59.999,0.7237589250988582,0.5
2018-11-19 09:59:59.999,0.7310585786300049,0.5
2018-11-21 11:59:59.999,0.5000087274529497,0.5
2018-11-23 13:59:59.999,0.7298802847058622,0.5
2018-11-25 15:59:59.999,0.7271963923250325,0.5
2018-11-27 17:59:59.999,0.7292796878165628,0.5
2018-11-29 19:59:59.999,0.6146068381801931,0.5
2018-12-01 21:59:59.999,0.500000068379677,0.5
2018-12-03 23:59:59.999,0.7310585083160924,0.5
2018-12-06 01:59:59.999,0.7310402731825346,0.5
2018-12-08 03:59:59.999,0.5001861026162722,0.5
2018-12-10 05:59:59.999,0.5158569741508259,0.5
2018-12-12 07:59:59.999,0.532034003686337,0.5
2018-12-14 09:59:59.999,0.7300132776845446,0.5
2018-12-16 11:59:59.999,0.5047417323648125,0.5
2018-12-18 13:59:59.999,0.5137400995978914,0.5
2018-12-20 15:59:59.999,0.5000000000000265,0.5
2018-12-22 17:59:59.999,0.724627390802131,0.5
2018-12-24 19:59:59.999,0.7310527894123056,0.5
2018-12-26 21:59:59.999,0.5478396500891443,0.5
2018-12-28 23:59:59.999,0.5000000000006861,0.5
2018-12-31 01:59:59.999,0.5787833919809795,0.5
2019-01-02 03:59:59.999,0.5000046490654312,0.5
2019-01-04 05:59:59.999,0.6805676705814697,0.5
2019-01-06 07:59:59.999,0.722506846921716,0.5
2019-01-08 09:59:59.999,0.6566181693693058,0.5
2019-01-10 11:59:59.999,0.7310585786300049,0.5
2019-01-12 13:59:59.999,0.6904614889263812,0.5
2019-01-14 15:59:59.999,0.5019721600863251,0.5
2019-01-16 17:59:59.999,0.5530160322432093,0.5
2019-01-18 19:59:59.999,0.7078726273660197,0.5
2019-01-20 21:59:59.999,0.73105668015029,0.5
2019-01-22 23:59:59.999,0.5043374757896703,0.5
2019-01-25 01:59:59.999,0.5222610512659709,0.5
2019-01-27 03:59:59.999,0.6340138923653863,0.5
2019-01-29 05:59:59.999,0.7301583960717226,0.5
2019-01-31 07:59:59.999,0.5330778853503128,0.5
2019-02-02 09:59:59.999,0.6748189058016324,0.5
2019-02-04 11:59:59.999,0.7005455160865129,0.5
2019-02-06 13:59:59.999,0.7289785271044589,0.5
2019-02-08 15:59:59.999,0.5000457308413933,0.5
2019-02-10 17:59:59.999,0.6903825527279389,0.5
2019-02-12 19:59:59.999,0.5255308798438731,0.5
2019-02-14 21:59:59.999,0.6491102175310214,0.5
2019-02-16 23:59:59.999,0.6114697156348003,0.5
2019-02-19 01:59:59.999,0.5000002604265319,0.5
2019-02-21 03:59:59.999,0.5488167024951798,0.5
2019-02-23 05:59:59.999,0.682190532464575,0.5
2019-02-25 07:59:59.999,0.7310142199617768,0.5
2019-02-27 09:59:59.999,0.5391580103585579,0.5
2019-03-01 11:59:59.999,0.5807253404710484,0.5
2019-03-03 13:59:59.999,0.616602526799419,0.5
2019-03-05 15:59:59.999,0.5000001996837966,0.5
2019-03-07 17:59:59.999,0.5248953153363448,0.5
2019-03-09 19:59:59.999,0.5160633068328517,0.5
2019-03-11 21:59:59.999,0.7190585148956652,0.5
2019-03-14 05:59:59.999,0.6269669042432157,0.5
2019-03-16 07:59:59.999,0.500000778829417,0.5
2019-03-18 09:59:59.999,0.7147139022106148,0.5
2019-03-20 11:59:59.999,0.5541603387344606,0.5
2019-03-22 13:59:59.999,0.5976254164094809,0.5
2019-03-24 15:59:59.999,0.6092689092065924,0.5
2019-03-26 17:59:59.999,0.6212742840706313,0.5
2019-03-28 19:59:59.999,0.589175850432774,0.5
2019-03-30 21:59:59.999,0.6150372779941459,0.5
2019-04-01 23:59:59.999,0.551277887789906,0.5
2019-04-04 01:59:59.999,0.6929789555843883,0.5
2019-04-06 03:59:59.999,0.5198077125911068,0.5
2019-04-08 05:59:59.999,0.5000001353693904,0.5
2019-04-10 07:59:59.999,0.5006600146539293,0.5
2019-04-12 09:59:59.999,0.7278519802231891,0.5
2019-04-14 11:59:59.999,0.6163641041340776,0.5
2019-04-16 13:59:59.999,0.7198843355797662,0.5
2019-04-18 15:59:59.999,0.5705975608995021,0.5
2019-04-20 17:59:59.999,0.5458061523539726,0.5
2019-04-22 19:59:59.999,0.5000008603080346,0.5
2019-04-24 21:59:59.999,0.7310165405562682,0.5
2019-04-26 23:59:59.999,0.6326829017966076,0.5
2019-04-29 01:59:59.999,0.5771826043842755,0.5
2019-05-01 03:59:59.999,0.5000474467231865,0.5
2019-05-03 05:59:59.999,0.5000000821565393,0.5
2019-05-05 07:59:59.999,0.5078072395284892,0.5
2019-05-07 09:59:59.999,0.5000000005263433,0.5
2019-05-09 11:59:59.999,0.5000025797705803,0.5
2019-05-11 13:59:59.999,0.5000000000000012,0.5
2019-05-13 15:59:59.999,0.5,0.5
2019-05-16 03:59:59.999,0.5000000000000019,0.5
2019-05-18 05:59:59.999,0.5000000000280882,0.5
2019-05-20 07:59:59.999,0.7307264737510133,0.5
2019-05-22 09:59:59.999,0.7295991824491123,0.5
2019-05-24 11:59:59.999,0.5000000000620216,0.5
2019-05-26 13:59:59.999,0.7309194281009981,0.5
2019-05-28 15:59:59.999,0.7308571050510687,0.5
2019-05-30 17:59:59.999,0.7176971519479751,0.5
2019-06-01 19:59:59.999,0.6218504015810998,0.5
2019-06-03 21:59:59.999,0.7120575189551068,0.5
2019-06-05 23:59:59.999,0.6320879992475285,0.5
2019-06-08 02:29:59.999,0.5001946555614151,0.5
2019-06-10 04:29:59.999,0.7310575942341732,0.5
2019-06-12 06:29:59.999,0.5000017367405007,0.5
2019-06-14 08:29:59.999,0.5001401686713168,0.5
2019-06-16 10:29:59.999,0.5,0.5
2019-06-18 12:29:59.999,0.7307439365722379,0.5
2019-06-20 14:29:59.999,0.5002090168878686,0.5
2019-06-22 16:29:59.999,0.5,0.5
2019-06-24 18:29:59.999,0.500000000000386,0.5
2019-06-26 20:29:59.999,0.5,0.5
2019-06-28 22:29:59.999,0.5,0.5
2019-07-01 00:29:59.999,0.7310585786300049,0.5
2019-07-03 02:29:59.999,0.5,0.5
2019-07-05 04:29:59.999,0.7310585786300049,0.5
2019-07-07 06:29:59.999,0.7310585786300049,0.5
2019-07-09 08:29:59.999,0.5,0.5
2019-07-11 10:29:59.999,0.7310585786300049,0.5
2019-07-13 12:29:59.999,0.7310585786300049,0.5
2019-07-15 14:29:59.999,0.5174192520098349,0.5
2019-07-17 16:29:59.999,0.5000000106058771,0.5
2019-07-19 18:29:59.999,0.7278389454362898,0.5
2019-07-21 20:29:59.999,0.7310585786300049,0.5
2019-07-23 22:29:59.999,0.5000215719173733,0.5
2019-07-26 00:29:59.999,0.7310585786300049,0.5
2019-07-28 02:29:59.999,0.7310585786300049,0.5
2019-07-30 04:29:59.999,0.7310575239200979,0.5
2019-08-01 06:29:59.999,0.6347444655661348,0.5
2019-08-03 08:29:59.999,0.5,0.5
2019-08-05 10:29:59.999,0.5,0.5
2019-08-07 12:29:59.999,0.5000181202776651,0.5
2019-08-09 14:29:59.999,0.7308705763247413,0.5
2019-08-11 16:29:59.999,0.5135760038870817,0.5
2019-08-13 18:29:59.999,0.7310585786300049,0.5
2019-08-16 04:29:59.999,0.5000000008628634,0.5
2019-08-18 06:29:59.999,0.7310581567463559,0.5
2019-08-20 08:29:59.999,0.5002994285247435,0.5
2019-08-22 10:29:59.999,0.7310475626420235,0.5
2019-08-24 12:29:59.999,0.7310585786300049,0.5
2019-08-26 14:29:59.999,0.5000003727378157,0.5
2019-08-28 16:29:59.999,0.5000079429910322,0.5
2019-08-30 18:29:59.999,0.5017052849525794,0.5
2019-09-01 20:29:59.999,0.5193502919237043,0.5
2019-09-03 22:29:59.999,0.5000000000000032,0.5
2019-09-06 00:29:59.999,0.5256238185520935,0.5
2019-09-08 02:29:59.999,0.5000672192105,0.5
2019-09-10 04:29:59.999,0.52559167745706,0.5
2019-09-12 06:29:59.999,0.6491095387347173,0.5
2019-09-14 08:29:59.999,0.5046799967468236,0.5
2019-09-16 10:29:59.999,0.6705032970119985,0.5
2019-09-18 12:29:59.999,0.7284817409352073,0.5
2019-09-20 14:29:59.999,0.5009747534515893,0.5
2019-09-22 16:29:59.999,0.5058346401049731,0.5
2019-09-24 18:29:59.999,0.7310585786300049,0.5
2019-09-26 20:29:59.999,0.7310585786300049,0.5
2019-09-28 22:29:59.999,0.6912392867893893,0.5
2019-10-01 00:29:59.999,0.5000000000475147,0.5
2019-10-03 02:29:59.999,0.5000011017061752,0.5
2019-10-05 04:29:59.999,0.72028004527367,0.5
2019-10-07 06:29:59.999,0.7310567270264343,0.5
2019-10-09 08:29:59.999,0.6625069699040107,0.5
2019-10-11 10:29:59.999,0.7310585786300049,0.5
2019-10-13 12:29:59.999,0.5090025712037101,0.5
2019-10-15 14:29:59.999,0.6961608163608848,0.5
2019-10-17 16:29:59.999,0.5000084206840248,0.5
2019-10-19 18:29:59.999,0.5005599175916883,0.5
2019-10-21 20:29:59.999,0.7266968065620121,0.5
2019-10-23 22:29:59.999,0.7310585786300049,0.5
2019-10-26 00:29:59.999,0.5,0.5
2019-10-28 02:29:59.999,0.5,0.5
2019-10-30 04:29:59.999,0.7310407419618218,0.5
2019-11-01 06:29:59.999,0.7310557191881928,0.5
2019-11-03 08:29:59.999,0.7304660885657789,0.5
2019-11-05 10:29:59.999,0.7310479142205141,0.5
2019-11-07 12:29:59.999,0.7310585551920353,0.5
2019-11-09 14:29:59.999,0.5984482897404688,0.5
2019-11-11 16:29:59.999,0.7310585786300049,0.5
2019-11-13 20:29:59.999,0.5258287021167166,0.5
2019-11-15 22:29:59.999,0.7310585551920353,0.5
2019-11-18 00:29:59.999,0.6840971097417844,0.5
2019-11-20 02:29:59.999,0.5166875818091998,0.5
2019-11-22 04:29:59.999,0.7310585786300049,0.5
2019-11-24 06:29:59.999,0.7310365698080116,0.5
2019-11-26 10:29:59.999,0.5024624023346417,0.5
2019-11-28 12:29:59.999,0.5752216633990602,0.5
2019-11-30 14:29:59.999,0.7310545472802589,0.5
2019-12-02 16:29:59.999,0.7108501622994807,0.5
2019-12-04 18:29:59.999,0.5000000000000002,0.5
2019-12-06 20:29:59.999,0.5000284026081921,0.5
2019-12-08 22:29:59.999,0.5011620516920915,0.5
2019-12-11 00:29:59.999,0.7310518284414207,0.5
2019-12-13 02:29:59.999,0.5158283331000261,0.5
2019-12-15 04:29:59.999,0.7310477735891526,0.5
2019-12-17 06:29:59.999,0.7310584614401443,0.5
2019-12-19 08:29:59.999,0.5000000118398615,0.5
2019-12-21 10:29:59.999,0.7300754068246849,0.5
2019-12-23 12:29:59.999,0.5000002715289611,0.5
2019-12-25 14:29:59.999,0.7307114849432319,0.5
2019-12-27 16:29:59.999,0.5179211994662598,0.5
2019-12-29 18:29:59.999,0.5000034027118544,0.5
2019-12-31 20:29:59.999,0.7310475626420235,0.5
2020-01-02 22:29:59.999,0.7310585786300049,0.5
2020-01-05 00:29:59.999,0.502977941595853,0.5
2020-01-07 02:29:59.999,0.5,0.5
2020-01-09 04:29:59.999,0.7310585786300049,0.5
2020-01-11 06:29:59.999,0.5000001467383157,0.5
2020-01-13 08:29:59.999,0.7304304235511769,0.5
2020-01-15 10:29:59.999,0.591266691110867,0.5
2020-01-17 12:29:59.999,0.5000000002343148,0.5
2020-01-19 14:29:59.999,0.7310585786300049,0.5
2020-01-21 16:29:59.999,0.6540114882689719,0.5
2020-01-23 18:29:59.999,0.7310585786300049,0.5
2020-01-25 20:29:59.999,0.5779981595967616,0.5
2020-01-27 22:29:59.999,0.5000000000000001,0.5
2020-01-30 00:29:59.999,0.6505902356062935,0.5
2020-02-01 02:29:59.999,0.5000070792348192,0.5
2020-02-03 04:29:59.999,0.7168508327343945,0.5
2020-02-05 06:29:59.999,0.5000828226540462,0.5
2020-02-07 08:29:59.999,0.5015593695653549,0.5
2020-02-09 11:29:59.999,0.5000000000005859,0.5
2020-02-11 13:29:59.999,0.5025387795854395,0.5
2020-02-13 15:29:59.999,0.7310582504983141,0.5
2020-02-15 17:29:59.999,0.7310585786300049,0.5
2020-02-17 19:29:59.999,0.7310585786300049,0.5
2020-02-20 02:59:59.999,0.7310585786300049,0.5
2020-02-22 04:59:59.999,0.7295301277262589,0.5
2020-02-24 06:59:59.999,0.7310585786300049,0.5
2020-02-26 08:59:59.999,0.7310585786300049,0.5
2020-02-28 10:59:59.999,0.7310585786300049,0.5
2020-03-01 12:59:59.999,0.6757666383419099,0.5
2020-03-03 14:59:59.999,0.7308249317219779,0.5
2020-03-05 18:59:59.999,0.5000000000272352,0.5
2020-03-07 20:59:59.999,0.7310585786300049,0.5
2020-03-09 22:59:59.999,0.730820651923342,0.5
2020-03-12 00:59:59.999,0.5000003802467177,0.5
2020-03-14 02:59:59.999,0.5000000005450301,0.5
2020-03-16 04:59:59.999,0.7310061095018403,0.5
2020-03-18 06:59:59.999,0.7299621368449618,0.5
2020-03-20 08:59:59.999,0.5,0.5
2020-03-22 10:59:59.999,0.5003329891277382,0.5
2020-03-24 12:59:59.999,0.5000000000000002,0.5
2020-03-26 14:59:59.999,0.729617443874303,0.5
2020-03-28 16:59:59.999,0.7310576411102168,0.5
2020-03-30 18:59:59.999,0.5000000000015615,0.5
2020-04-01 20:59:59.999,0.7309493085108348,0.5
2020-04-03 22:59:59.999,0.7310582504983141,0.5
2020-04-06 00:59:59.999,0.5036207866284951,0.5
2020-04-08 02:59:59.999,0.7310582739363003,0.5
2020-04-10 04:59:59.999,0.7310585551920353,0.5
2020-04-12 06:59:59.999,0.7167011165879758,0.5
2020-04-14 08:59:59.999,0.520396729395077,0.5
2020-04-16 10:59:59.999,0.5,0.5
2020-04-18 12:59:59.999,0.5042272557955539,0.5
2020-04-20 14:59:59.999,0.7310585551920353,0.5
2020-04-22 16:59:59.999,0.5000000000000778,0.5
2020-04-24 18:59:59.999,0.5974040506872732,0.5
2020-04-26 23:29:59.999,0.5006375343110604,0.5
2020-04-29 01:29:59.999,0.5065944738638135,0.5
2020-05-01 03:29:59.999,0.731058484878119,0.5
2020-05-03 05:29:59.999,0.5000000000000097,0.5
2020-05-05 07:29:59.999,0.500000000000375,0.5
2020-05-07 09:29:59.999,0.5000071762451621,0.5
2020-05-09 11:29:59.999,0.7310585786300049,0.5
2020-05-11 13:29:59.999,0.5000000000016198,0.5
2020-05-13 15:29:59.999,0.500000000000024,0.5
2020-05-15 17:29:59.999,0.7310585083160924,0.5
2020-05-17 19:29:59.999,0.5000000000000144,0.5
2020-05-19 21:29:59.999,0.6419976544843127,0.5
2020-05-21 23:29:59.999,0.7310585786300049,0.5
2020-05-24 01:29:59.999,0.5247221256101515,0.5
2020-05-26 03:29:59.999,0.50019122007302,0.5
2020-05-28 05:29:59.999,0.5000048171259549,0.5
2020-05-30 07:29:59.999,0.5000000085063583,0.5
2020-06-01 09:29:59.999,0.5012052293108841,0.5
2020-06-03 11:29:59.999,0.7137473930875029,0.5
2020-06-05 13:29:59.999,0.7310575707961493,0.5
2020-06-07 15:29:59.999,0.7310585786300049,0.5
2020-06-09 17:29:59.999,0.5121736444751138,0.5
2020-06-11 19:29:59.999,0.7310585786300049,0.5
2020-06-13 21:29:59.999,0.6873611126644849,0.5
2020-06-15 23:29:59.999,0.5000000000000092,0.5
2020-06-18 01:29:59.999,0.6342281998425646,0.5
2020-06-20 03:29:59.999,0.7099578472146083,0.5
2020-06-22 05:29:59.999,0.5000549846188336,0.5
2020-06-24 07:29:59.999,0.6058467907256797,0.5
2020-06-26 09:29:59.999,0.7310585551920353,0.5
2020-06-28 14:59:59.999,0.5000391052489361,0.5
2020-06-30 16:59:59.999,0.5136949933004294,0.5
2020-07-02 18:59:59.999,0.7310585786300049,0.5
2020-07-04 20:59:59.999,0.5001039249967603,0.5
2020-07-06 22:59:59.999,0.5000026492971301,0.5
2020-07-09 00:59:59.999,0.5000075560205909,0.5
2020-07-11 02:59:59.999,0.5000117299505269,0.5
2020-07-13 04:59:59.999,0.5014586322307403,0.5
2020-07-15 06:59:59.999,0.6100756728598559,0.5
2020-07-17 08:59:59.999,0.6936647204536575,0.5
2020-07-19 10:59:59.999,0.7259324486396803,0.5
2020-07-21 12:59:59.999,0.5000000000064662,0.5
2020-07-23 14:59:59.999,0.5028370069889347,0.5
2020-07-25 16:59:59.999,0.5037347543212594,0.5
2020-07-27 18:59:59.999,0.5,0.5
2020-07-29 20:59:59.999,0.5000000000015655,0.5
2020-07-31 22:59:59.999,0.5000000000039769,0.5
2020-08-03 00:59:59.999,0.7310585786300049,0.5
2020-08-05 02:59:59.999,0.7299551930626125,0.5
2020-08-07 04:59:59.999,0.5001616068710177,0.5
2020-08-09 06:59:59.999,0.729062069876598,0.5
2020-08-11 08:59:59.999,0.7310585551920353,0.5
2020-08-13 10:59:59.999,0.7310585786300049,0.5
2020-08-15 12:59:59.999,0.6803247800359847,0.5
2020-08-17 14:59:59.999,0.5000000000000089,0.5
2020-08-19 16:59:59.999,0.7310585786300049,0.5
2020-08-21 18:59:59.999,0.7310585551920353,0.5
2020-08-23 20:59:59.999,0.5000015623976424,0.5
2020-08-25 22:59:59.999,0.7310585786300049,0.5
2020-08-28 00:59:59.999,0.7154656657377465,0.5
2020-08-30 02:59:59.999,0.5000013740969962,0.5
2020-09-01 04:59:59.999,0.6398314450881459,0.5
2020-09-03 06:59:59.999,0.7310585786300049,0.5
2020-09-05 08:59:59.999,0.7310528597271632,0.5
2020-09-07 10:59:59.999,0.7310585317540645,0.5
2020-09-09 12:59:59.999,0.5000000168161876,0.5
2020-09-11 14:59:59.999,0.6920801765284469,0.5
2020-09-13 16:59:59.999,0.7310585786300049,0.5
2020-09-15 18:59:59.999,0.5003240635397634,0.5
2020-09-17 20:59:59.999,0.5014402275886854,0.5
2020-09-19 22:59:59.999,0.5001316441745579,0.5
2020-09-22 00:59:59.999,0.7310585786300049,0.5
2020-09-24 02:59:59.999,0.7310585786300049,0.5
2020-09-26 04:59:59.999,0.5007251025682269,0.5
2020-09-28 06:59:59.999,0.5000000003259468,0.5
2020-09-30 08:59:59.999,0.7308310757961034,0.5
2020-10-02 10:59:59.999,0.7310585786300049,0.5
2020-10-04 12:59:59.999,0.5016726860076616,0.5
2020-10-06 14:59:59.999,0.7308965328257494,0.5
2020-10-08 16:59:59.999,0.5,0.5
2020-10-10 18:59:59.999,0.5000036118854041,0.5
2020-10-12 20:59:59.999,0.5000000000007899,0.5
2020-10-14 22:59:59.999,0.7079249713629707,0.5
2020-10-17 00:59:59.999,0.7300565188279206,0.5
2020-10-19 02:59:59.999,0.5020533670718847,0.5
2020-10-21 04:59:59.999,0.5,0.5
2020-10-23 06:59:59.999,0.7306060675492932,0.5
2020-10-25 08:59:59.999,0.7310307099723502,0.5
2020-10-27 10:59:59.999,0.5000000038037204,0.5
2020-10-29 12:59:59.999,0.7310585786300049,0.5
2020-10-31 14:59:59.999,0.5,0.5
2020-11-02 16:59:59.999,0.7310585786300049,0.5
2020-11-04 18:59:59.999,0.5,0.5
2020-11-06 20:59:59.999,0.7310058047705642,0.5
2020-11-08 22:59:59.999,0.5000000000000002,0.5
2020-11-11 00:59:59.999,0.5000001999370625,0.5
2020-11-13 02:59:59.999,0.5,0.5
2020-11-15 04:59:59.999,0.7248611586355834,0.5
2020-11-17 06:59:59.999,0.5000208902601905,0.5
2020-11-19 08:59:59.999,0.7310585786300049,0.5
2020-11-21 10:59:59.999,0.5001389858480835,0.5
2020-11-23 12:59:59.999,0.5000000000000335,0.5
2020-11-25 14:59:59.999,0.5000000000000165,0.5
2020-11-27 16:59:59.999,0.7310585786300049,0.5
2020-11-29 18:59:59.999,0.500000000000007,0.5
2020-12-01 21:59:59.999,0.7310585786300049,0.5
2020-12-03 23:59:59.999,0.5000000000200009,0.5
2020-12-06 01:59:59.999,0.500000000000284,0.5
2020-12-08 03:59:59.999,0.5056568862109683,0.5
2020-12-10 05:59:59.999,0.5001770365705539,0.5
2020-12-12 07:59:59.999,0.5,0.5
2020-12-14 09:59:59.999,0.5081692518223137,0.5
2020-12-16 11:59:59.999,0.5,0.5
2020-12-18 13:59:59.999,0.7310578989283645,0.5
2020-12-20 15:59:59.999,0.5000000055443858,0.5
2020-12-22 21:59:59.999,0.5,0.5
2020-12-24 23:59:59.999,0.5,0.5
2020-12-27 02:59:59.999,0.5,0.5
2020-12-29 04:59:59.999,0.7310585786300049,0.5
2020-12-31 06:59:59.999,0.5,0.5
2021-01-02 08:59:59.999,0.5,0.5
2021-01-04 10:59:59.999,0.7310585786300049,0.5
2021-01-06 12:59:59.999,0.5,0.5
2021-01-08 14:59:59.999,0.5,0.5
2021-01-10 16:59:59.999,0.7310585786300049,0.5
2021-01-12 18:59:59.999,0.7309980106079993,0.5
2021-01-14 20:59:59.999,0.5,0.5
2021-01-16 22:59:59.999,0.7310585786300049,0.5
2021-01-19 00:59:59.999,0.5,0.5
2021-01-21 02:59:59.999,0.7310585786300049,0.5
2021-01-23 04:59:59.999,0.5021369615837991,0.5
2021-01-25 06:59:59.999,0.5,0.5
2021-01-27 08:59:59.999,0.7310585786300049,0.5
2021-01-29 10:59:59.999,0.5,0.5
2021-01-31 12:59:59.999,0.7310585786300049,0.5
2021-02-02 14:59:59.999,0.5,0.5
2021-02-04 16:59:59.999,0.7310585786300049,0.5
2021-02-06 18:59:59.999,0.5,0.5
2021-02-08 20:59:59.999,0.5,0.5
2021-02-10 22:59:59.999,0.7310585786300049,0.5
2021-02-13 01:59:59.999,0.5000000315463531,0.5
2021-02-15 03:59:59.999,0.7310585786300049,0.5
2021-02-17 05:59:59.999,0.5,0.5
2021-02-19 07:59:59.999,0.7310578989283645,0.5
2021-02-21 09:59:59.999,0.5000000000045642,0.5
2021-02-23 11:59:59.999,0.7310585786300049,0.5
2021-02-25 13:59:59.999,0.5,0.5
2021-02-27 15:59:59.999,0.7310323976132941,0.5
2021-03-01 17:59:59.999,0.5,0.5
2021-03-03 19:59:59.999,0.5,0.5
2021-03-05 21:59:59.999,0.5,0.5
2021-03-08 01:29:59.999,0.5,0.5
2021-03-10 03:29:59.999,0.5,0.5
2021-03-12 05:29:59.999,0.500181856120601,0.5
2021-03-14 07:29:59.999,0.5,0.5
2021-03-16 09:29:59.999,0.7310585786300049,0.5
2021-03-18 11:29:59.999,0.5,0.5
2021-03-20 13:29:59.999,0.5,0.5
2021-03-22 15:29:59.999,0.7310585786300049,0.5
2021-03-24 17:29:59.999,0.5,0.5
2021-03-26 19:29:59.999,0.5,0.5
2021-03-28 21:29:59.999,0.7310585786300049,0.5
2021-03-30 23:29:59.999,0.5,0.5
2021-04-02 01:29:59.999,0.7292995396276442,0.5
2021-04-04 03:29:59.999,0.7310585786300049,0.5
2021-04-06 05:29:59.999,0.5,0.5
2021-04-08 07:29:59.999,0.5,0.5
2021-04-10 09:29:59.999,0.5,0.5
2021-04-12 11:29:59.999,0.500000000000133,0.5
2021-04-14 13:29:59.999,0.5,0.5
2021-04-16 15:29:59.999,0.7310585786300049,0.5
2021-04-18 17:29:59.999,0.7310585786300049,0.5
2021-04-20 21:59:59.999,0.5,0.5
2021-04-22 23:59:59.999,0.7310585786300049,0.5
2021-04-25 01:59:59.999,0.5000000000315507,0.5
2021-04-27 07:59:59.999,0.5,0.5
2021-04-29 09:59:59.999,0.7310585786300049,0.5
2021-05-01 11:59:59.999,0.5,0.5
2021-05-03 13:59:59.999,0.5,0.5
2021-05-05 15:59:59.999,0.5,0.5
2021-05-07 17:59:59.999,0.5,0.5
2021-05-09 19:59:59.999,0.7310585786300049,0.5
2021-05-11 21:59:59.999,0.5,0.5
2021-05-13 23:59:59.999,0.7310585786300049,0.5
2021-05-16 01:59:59.999,0.7310585786300049,0.5
2021-05-18 03:59:59.999,0.5,0.5
2021-05-20 05:59:59.999,0.5,0.5
2021-05-22 07:59:59.999,0.7310585786300049,0.5
2021-05-24 09:59:59.999,0.5,0.5
2021-05-26 11:59:59.999,0.5,0.5
2021-05-28 13:59:59.999,0.7310585786300049,0.5
2021-05-30 15:59:59.999,0.5,0.5
2021-06-01 17:59:59.999,0.7310585786300049,0.5
2021-06-03 19:59:59.999,0.5000000000000002,0.5
2021-06-05 21:59:59.999,0.7310585786300049,0.5
2021-06-07 23:59:59.999,0.7310585786300049,0.5
2021-06-10 01:59:59.999,0.5,0.5
2021-06-12 03:59:59.999,0.7310585786300049,0.5
2021-06-14 05:59:59.999,0.5,0.5
2021-06-16 07:59:59.999,0.5000000025913605,0.5
2021-06-18 09:59:59.999,0.7310585786300049,0.5
2021-06-20 11:59:59.999,0.7310585786300049,0.5
2021-06-22 13:59:59.999,0.7310585786300049,0.5
2021-06-24 15:59:59.999,0.5,0.5
2021-06-26 17:59:59.999,0.7310585786300049,0.5
2021-06-28 19:59:59.999,0.5000000125407853,0.5
2021-06-30 21:59:59.999,0.7310585786300049,0.5
2021-07-02 23:59:59.999,0.5,0.5
2021-07-05 01:59:59.999,0.7310585786300049,0.5
2021-07-07 03:59:59.999,0.5000000000000024,0.5
2021-07-09 05:59:59.999,0.5000000000006536,0.5
2021-07-11 07:59:59.999,0.7310569614070787,0.5
2021-07-13 09:59:59.999,0.5489680379827349,0.5
2021-07-15 11:59:59.999,0.7310585786300049,0.5
2021-07-17 13:59:59.999,0.7310565160837441,0.5
2021-07-19 15:59:59.999,0.7310585786300049,0.5
2021-07-21 17:59:59.999,0.5,0.5
2021-07-23 19:59:59.999,0.7310585786300049,0.5
2021-07-25 21:59:59.999,0.5000000000000036,0.5
2021-07-27 23:59:59.999,0.5,0.5
2021-07-30 01:59:59.999,0.5000000000004498,0.5
2021-08-01 03:59:59.999,0.5,0.5
2021-08-03 05:59:59.999,0.7310585786300049,0.5
2021-08-05 07:59:59.999,0.7310585786300049,0.5
2021-08-07 09:59:59.999,0.5,0.5
2021-08-09 11:59:59.999,0.5,0.5
2021-08-11 13:59:59.999,0.5,0.5
2021-08-13 20:29:59.999,0.5,0.5
2021-08-15 22:29:59.999,0.5,0.5
2021-08-18 00:29:59.999,0.7310585786300049,0.5
2021-08-20 02:29:59.999,0.5,0.5
2021-08-22 04:29:59.999,0.7310585786300049,0.5
2021-08-24 06:29:59.999,0.7310585083160924,0.5
2021-08-26 08:29:59.999,0.7310585786300049,0.5
2021-08-28 10:29:59.999,0.5,0.5
2021-08-30 12:29:59.999,0.7310585786300049,0.5
2021-09-01 14:29:59.999,0.5,0.5
2021-09-03 16:29:59.999,0.5,0.5
2021-09-05 18:29:59.999,0.5,0.5
2021-09-07 20:29:59.999,0.7310585786300049,0.5
2021-09-09 22:29:59.999,0.7309609717346148,0.5
2021-09-12 00:29:59.999,0.7310585786300049,0.5
2021-09-14 02:29:59.999,0.5,0.5
2021-09-16 04:29:59.999,0.5000000159079523,0.5
2021-09-18 06:29:59.999,0.5,0.5
2021-09-20 08:29:59.999,0.7310585786300049,0.5
2021-09-22 10:29:59.999,0.5,0.5
2021-09-24 12:29:59.999,0.7310585786300049,0.5
2021-09-26 14:29:59.999,0.5,0.5
2021-09-28 16:29:59.999,0.7310585786300049,0.5
2021-09-30 20:29:59.999,0.5,0.5
2021-10-02 22:29:59.999,0.5,0.5
2021-10-05 00:29:59.999,0.5,0.5
2021-10-07 02:29:59.999,0.5,0.5
2021-10-09 04:29:59.999,0.5828984429156044,0.5
2021-10-11 06:29:59.999,0.5,0.5
2021-10-13 08:29:59.999,0.7310585786300049,0.5
2021-10-15 10:29:59.999,0.5,0.5
2021-10-17 12:29:59.999,0.500008612389137,0.5
2021-10-19 14:29:59.999,0.5000000000048462,0.5
2021-10-21 16:29:59.999,0.7310585786300049,0.5
2021-10-23 18:29:59.999,0.5000000000017081,0.5
2021-10-25 20:29:59.999,0.5,0.5
2021-10-27 22:29:59.999,0.7310585786300049,0.5
2021-10-30 00:29:59.999,0.5,0.5
2021-11-01 02:29:59.999,0.5,0.5
2021-11-03 04:29:59.999,0.5000000000035687,0.5
2021-11-05 06:29:59.999,0.5,0.5
2021-11-07 08:29:59.999,0.5,0.5
2021-11-09 10:29:59.999,0.5,0.5
2021-11-11 12:29:59.999,0.7310585786300049,0.5
2021-11-13 14:29:59.999,0.5023095981328134,0.5
2021-11-15 16:29:59.999,0.7310585786300049,0.5
2021-11-17 18:29:59.999,0.5,0.5
2021-11-19 20:29:59.999,0.5,0.5
2021-11-21 22:29:59.999,0.5,0.5
2021-11-24 00:29:59.999,0.5,0.5
2021-11-26 02:29:59.999,0.5,0.5
2021-11-28 04:29:59.999,0.7310585786300049,0.5
2021-11-30 06:29:59.999,0.7310585786300049,0.5
2021-12-02 08:29:59.999,0.7310585786300049,0.5
2021-12-04 10:29:59.999,0.7310585786300049,0.5
2021-12-06 12:29:59.999,0.7310585786300049,0.5
2021-12-08 14:29:59.999,0.7310585786300049,0.5
2021-12-10 16:29:59.999,0.5000062437666198,0.5
2021-12-12 18:29:59.999,0.5,0.5
2021-12-14 20:29:59.999,0.7310585786300049,0.5
2021-12-16 22:29:59.999,0.7310585786300049,0.5
2021-12-19 00:29:59.999,0.5000024001881229,0.5
2021-12-21 02:29:59.999,0.5,0.5
2021-12-23 04:29:59.999,0.7310585786300049,0.5
2021-12-25 06:29:59.999,0.7310353978473348,0.5
2021-12-27 08:29:59.999,0.5,0.5
2021-12-29 10:29:59.999,0.7310585786300049,0.5
2021-12-31 12:29:59.999,0.5,0.5
2022-01-02 14:29:59.999,0.7310526487825555,0.5
2022-01-04 16:29:59.999,0.5,0.5
2022-01-06 18:29:59.999,0.7310585786300049,0.5
2022-01-08 20:29:59.999,0.7310585786300049,0.5
2022-01-10 22:29:59.999,0.5000000037468713,0.5
2022-01-13 00:29:59.999,0.5,0.5
2022-01-15 02:29:59.999,0.5,0.5
2022-01-17 04:29:59.999,0.7310585786300049,0.5
2022-01-19 06:29:59.999,0.7310585786300049,0.5
2022-01-21 08:29:59.999,0.7310585786300049,0.5
2022-01-23 10:29:59.999,0.5,0.5
2022-01-25 12:29:59.999,0.5,0.5
2022-01-27 14:29:59.999,0.5000000000004494,0.5
2022-01-29 16:29:59.999,0.5000085165775082,0.5
2022-01-31 18:29:59.999,0.5,0.5
2022-02-02 20:29:59.999,0.7310585786300049,0.5
2022-02-04 22:29:59.999,0.5,0.5
2022-02-07 00:29:59.999,0.5,0.5
2022-02-09 02:29:59.999,0.5000000000000004,0.5
2022-02-11 04:29:59.999,0.7310585786300049,0.5
2022-02-13 06:29:59.999,0.7310585551920353,0.5
2022-02-15 08:29:59.999,0.5,0.5
2022-02-17 10:29:59.999,0.7310585786300049,0.5
2022-02-19 12:29:59.999,0.7310585786300049,0.5
2022-02-21 14:29:59.999,0.7310585786300049,0.5
2022-02-23 16:29:59.999,0.5,0.5
2022-02-25 18:29:59.999,0.5,0.5
2022-02-27 20:29:59.999,0.7310585786300049,0.5
2022-03-01 22:29:59.999,0.5,0.5
2022-03-04 00:29:59.999,0.7310585786300049,0.5
2022-03-06 02:29:59.999,0.5000000000000002,0.5
2022-03-08 04:29:59.999,0.5,0.5
2022-03-10 06:29:59.999,0.7310585786300049,0.5
2022-03-12 08:29:59.999,0.5000000047638236,0.5
2022-03-14 10:29:59.999,0.5,0.5
2022-03-16 12:29:59.999,0.5,0.5
2022-03-18 14:29:59.999,0.7310585786300049,0.5
2022-03-20 16:29:59.999,0.7310585786300049,0.5
2022-03-22 18:29:59.999,0.5,0.5
2022-03-24 20:29:59.999,0.5,0.5
2022-03-26 22:29:59.999,0.5000000209188276,0.5
2022-03-29 00:29:59.999,0.5000000000005111,0.5
2022-03-31 02:29:59.999,0.5006742956452772,0.5
2022-04-02 04:29:59.999,0.5,0.5
2022-04-04 06:29:59.999,0.7310585786300049,0.5
2022-04-06 08:29:59.999,0.7310585786300049,0.5
2022-04-08 10:29:59.999,0.5000000089113916,0.5
2022-04-10 12:29:59.999,0.7228358823300223,0.5
2022-04-12 14:29:59.999,0.5000000000000059,0.5
2022-04-14 16:29:59.999,0.7310585786300049,0.5
2022-04-16 18:29:59.999,0.7310585786300049,0.5
2022-04-18 20:29:59.999,0.5,0.5
2022-04-20 22:29:59.999,0.7310442812287695,0.5
2022-04-23 00:29:59.999,0.7310585786300049,0.5
2022-04-25 02:29:59.999,0.7310585786300049,0.5
2022-04-27 04:29:59.999,0.7310585786300049,0.5
2022-04-29 06:29:59.999,0.7310585786300049,0.5
2022-05-01 08:29:59.999,0.7310585786300049,0.5
2022-05-03 10:29:59.999,0.727434980498756,0.5
2022-05-05 12:29:59.999,0.5054496394237621,0.5
2022-05-07 14:29:59.999,0.5662155684096927,0.5
2022-05-09 16:29:59.999,0.7310585786300049,0.5
2022-05-11 18:29:59.999,0.7310585786300049,0.5
2022-05-13 20:29:59.999,0.7310585786300049,0.5
2022-05-15 22:29:59.999,0.5,0.5
2022-05-18 00:29:59.999,0.5000000000000002,0.5
2022-05-20 02:29:59.999,0.5,0.5
2022-05-22 04:29:59.999,0.5496316099644282,0.5
2022-05-24 06:29:59.999,0.7310585786300049,0.5
2022-05-26 08:29:59.999,0.7310585786300049,0.5
2022-05-28 10:29:59.999,0.500017861497319,0.5
2022-05-30 12:29:59.999,0.5,0.5
2022-06-01 14:29:59.999,0.7310460860091909,0.5
2022-06-03 16:29:59.999,0.7310585786300049,0.5
2022-06-05 18:29:59.999,0.5,0.5
2022-06-07 20:29:59.999,0.5,0.5
2022-06-09 22:29:59.999,0.7310585786300049,0.5
2022-06-12 00:29:59.999,0.7310585786300049,0.5
2022-06-14 02:29:59.999,0.7310585786300049,0.5
2022-06-16 04:29:59.999,0.5,0.5
2022-06-18 06:29:59.999,0.7310585786300049,0.5
2022-06-20 08:29:59.999,0.5,0.5
2022-06-22 10:29:59.999,0.7310585786300049,0.5
2022-06-24 12:29:59.999,0.5,0.5
2022-06-26 14:29:59.999,0.5000003375270126,0.5
2022-06-28 16:29:59.999,0.7310585551920353,0.5
2022-06-30 18:29:59.999,0.7310585786300049,0.5
2022-07-02 20:29:59.999,0.5010600815708532,0.5
2022-07-04 22:29:59.999,0.5,0.5
2022-07-07 00:29:59.999,0.5,0.5
2022-07-09 02:29:59.999,0.7310585786300049,0.5
2022-07-11 04:29:59.999,0.7310585786300049,0.5
2022-07-13 06:29:59.999,0.7310585786300049,0.5
2022-07-15 08:29:59.999,0.5,0.5
2022-07-17 10:29:59.999,0.5000000000000059,0.5
2022-07-19 12:29:59.999,0.5093837546129696,0.5
2022-07-21 14:29:59.999,0.7310585786300049,0.5
2022-07-23 16:29:59.999,0.7310585786300049,0.5
2022-07-25 18:29:59.999,0.7310585786300049,0.5
2022-07-27 20:29:59.999,0.5,0.5
2022-07-29 22:29:59.999,0.5002241754259413,0.5
2022-08-01 00:29:59.999,0.7310585786300049,0.5
2022-08-03 02:29:59.999,0.7310585786300049,0.5
2022-08-05 04:29:59.999,0.5,0.5
2022-08-07 06:29:59.999,0.7310585786300049,0.5
2022-08-09 08:29:59.999,0.6748188534834505,0.5
2022-08-11 10:29:59.999,0.5,0.5
2022-08-13 12:29:59.999,0.500179129514048,0.5
2022-08-15 14:29:59.999,0.7310585786300049,0.5
2022-08-17 16:29:59.999,0.7310585786300049,0.5
2022-08-19 18:29:59.999,0.7310585786300049,0.5
2022-08-21 20:29:59.999,0.5000000000019895,0.5
2022-08-23 22:29:59.999,0.5000000001152961,0.5
2022-08-26 00:29:59.999,0.7287909532285477,0.5
2022-08-28 02:29:59.999,0.7310519221947733,0.5
2022-08-30 04:29:59.999,0.5000000000001085,0.5
2022-09-01 06:29:59.999,0.7310571254734527,0.5
2022-09-03 08:29:59.999,0.7310585786300049,0.5
2022-09-05 10:29:59.999,0.7310560473218359,0.5
2022-09-07 12:29:59.999,0.7310585786300049,0.5
2022-09-09 14:29:59.999,0.5,0.5
2022-09-11 16:29:59.999,0.5000931558232103,0.5
2022-09-13 18:29:59.999,0.7310585786300049,0.5
2022-09-15 20:29:59.999,0.7310585786300049,0.5
2022-09-17 22:29:59.999,0.5000000000414732,0.5
2022-09-20 00:29:59.999,0.5,0.5
2022-09-22 02:29:59.999,0.7310585786300049,0.5
2022-09-24 04:29:59.999,0.5000000000000918,0.5
2022-09-26 06:29:59.999,0.7310585786300049,0.5
2022-09-28 08:29:59.999,0.7310585786300049,0.5
2022-09-30 10:29:59.999,0.5000000013297875,0.5
2022-10-02 12:29:59.999,0.7310585551920353,0.5
2022-10-04 14:29:59.999,0.5,0.5
2022-10-06 16:29:59.999,0.7310585786300049,0.5
2022-10-08 18:29:59.999,0.7213536898082009,0.5
2022-10-10 20:29:59.999,0.7310585786300049,0.5
2022-10-12 22:29:59.999,0.500033707346978,0.5
2022-10-15 00:29:59.999,0.7310585786300049,0.5
2022-10-17 02:29:59.999,0.5000667169147752,0.5
2022-10-19 04:29:59.999,0.7310585786300049,0.5
2022-10-21 06:29:59.999,0.7309126405363887,0.5
2022-10-23 08:29:59.999,0.6938911351293978,0.5
2022-10-25 10:29:59.999,0.7301748956958367,0.5
2022-10-27 12:29:59.999,0.7310585317540645,0.5
2022-10-29 14:29:59.999,0.50000000482604,0.5
2022-10-31 16:29:59.999,0.7310585786300049,0.5
2022-11-02 18:29:59.999,0.5000037301854263,0.5
2022-11-04 20:29:59.999,0.5,0.5
2022-11-06 22:29:59.999,0.7310373198611508,0.5
2022-11-09 00:29:59.999,0.7310585786300049,0.5
2022-11-11 02:29:59.999,0.5000000000000004,0.5
2022-11-13 04:29:59.999,0.5010528865540111,0.5
2022-11-15 06:29:59.999,0.5000000000000858,0.5
2022-11-17 08:29:59.999,0.7303553635572169,0.5
2022-11-19 10:29:59.999,0.728528684440791,0.5
2022-11-21 12:29:59.999,0.7310585786300049,0.5
2022-11-23 14:29:59.999,0.5000000009824164,0.5
2022-11-25 16:29:59.999,0.5181701990603413,0.5
2022-11-27 18:29:59.999,0.5207243985258784,0.5
2022-11-29 20:29:59.999,0.5089607375897365,0.5
2022-12-01 22:29:59.999,0.7310585786300049,0.5
2022-12-04 00:29:59.999,0.7308629790008431,0.5
2022-12-06 02:29:59.999,0.731058484878119,0.5
2022-12-08 04:29:59.999,0.6728059463730593,0.5
2022-12-10 06:29:59.999,0.6338500801528602,0.5
2022-12-12 08:29:59.999,0.7310585786300049,0.5
2022-12-14 10:29:59.999,0.5000000097234647,0.5
2022-12-16 12:29:59.999,0.7310585786300049,0.5
2022-12-18 14:29:59.999,0.7010989103264024,0.5
2022-12-20 16:29:59.999,0.5000000000233485,0.5
2022-12-22 18:29:59.999,0.7310585786300049,0.5
2022-12-24 20:29:59.999,0.5132364141892761,0.5
2022-12-26 22:29:59.999,0.6033569492671217,0.5
2022-12-29 00:29:59.999,0.7310585083160924,0.5
2022-12-31 02:29:59.999,0.5002632929583722,0.5
2023-01-02 04:29:59.999,0.500298561580152,0.5
2023-01-04 06:29:59.999,0.5000000000033852,0.5
2023-01-06 08:29:59.999,0.7275326808643829,0.5
2023-01-08 10:29:59.999,0.5265646543304017,0.5
2023-01-10 12:29:59.999,0.5009383145997038,0.5
2023-01-12 14:29:59.999,0.5,0.5
2023-01-14 16:29:59.999,0.5,0.5
2023-01-16 18:29:59.999,0.5000001245559957,0.5
2023-01-18 20:29:59.999,0.7310585786300049,0.5
2023-01-20 22:29:59.999,0.5,0.5
2023-01-23 00:29:59.999,0.7310585786300049,0.5
2023-01-25 02:29:59.999,0.7310585786300049,0.5
2023-01-27 04:29:59.999,0.7310585786300049,0.5
2023-01-29 06:29:59.999,0.500000000000176,0.5
2023-01-31 08:29:59.999,0.7310575004820704,0.5
2023-02-02 10:29:59.999,0.5000000000000002,0.5
2023-02-04 12:29:59.999,0.7301010593370126,0.5
2023-02-06 14:29:59.999,0.7310552973017084,0.5
2023-02-08 16:29:59.999,0.7310585786300049,0.5
2023-02-10 18:29:59.999,0.7310585786300049,0.5
2023-02-12 20:29:59.999,0.5000000000159216,0.5
2023-02-14 22:29:59.999,0.5,0.5
2023-02-17 00:29:59.999,0.7310585786300049,0.5
2023-02-19 02:29:59.999,0.5000007884241313,0.5
2023-02-21 04:29:59.999,0.5000000000195494,0.5
2023-02-23 06:29:59.999,0.5,0.5
2023-02-25 08:29:59.999,0.7310585786300049,0.5
2023-02-27 10:29:59.999,0.7234331898424075,0.5
2023-03-01 12:29:59.999,0.5,0.5
2023-03-03 14:29:59.999,0.7310585786300049,0.5
2023-03-05 16:29:59.999,0.5000230869591014,0.5
2023-03-07 18:29:59.999,0.7310585786300049,0.5
2023-03-09 20:29:59.999,0.7310585786300049,0.5
2023-03-11 22:29:59.999,0.5000000000000749,0.5
2023-03-14 00:29:59.999,0.5,0.5
2023-03-16 02:29:59.999,0.7310585786300049,0.5
2023-03-18 04:29:59.999,0.5,0.5
2023-03-20 06:29:59.999,0.7310585786300049,0.5
2023-03-22 08:29:59.999,0.5000000008017577,0.5
2023-03-24 10:29:59.999,0.7222581668546404,0.5
2023-03-26 13:29:59.999,0.5,0.5
2023-03-28 15:29:59.999,0.7310582270603264,0.5
2023-03-30 17:29:59.999,0.7310585786300049,0.5
2023-04-01 19:29:59.999,0.731021955227539,0.5
2023-04-03 21:29:59.999,0.7310585786300049,0.5
2023-04-05 23:29:59.999,0.7310585786300049,0.5
2023-04-08 01:29:59.999,0.6978545623039158,0.5
2023-04-10 03:29:59.999,0.5,0.5
2023-04-12 05:29:59.999,0.7310585786300049,0.5
2023-04-14 07:29:59.999,0.5,0.5
2023-04-16 09:29:59.999,0.5061262080494416,0.5
2023-04-18 11:29:59.999,0.5,0.5
2023-04-20 13:29:59.999,0.7310585786300049,0.5
2023-04-22 15:29:59.999,0.6907652564915758,0.5
2023-04-24 17:29:59.999,0.7310585786300049,0.5
2023-04-26 19:29:59.999,0.5,0.5
2023-04-28 21:29:59.999,0.5116998901148708,0.5
2023-04-30 23:29:59.999,0.5001547877714648,0.5
2023-05-03 01:29:59.999,0.5,0.5
2023-05-05 03:29:59.999,0.5,0.5
2023-05-07 05:29:59.999,0.7310583676882327,0.5
2023-05-09 07:29:59.999,0.7310585786300049,0.5
2023-05-11 09:29:59.999,0.7310585786300049,0.5
2023-05-13 11:29:59.999,0.5000000000043205,0.5
2023-05-15 13:29:59.999,0.5,0.5
2023-05-17 15:29:59.999,0.7310585786300049,0.5
2023-05-19 17:29:59.999,0.5304617717423123,0.5
2023-05-21 19:29:59.999,0.7310585786300049,0.5
2023-05-23 21:29:59.999,0.7278866669094726,0.5
2023-05-25 23:29:59.999,0.500000000001703,0.5
2023-05-28 01:29:59.999,0.5,0.5
2023-05-30 03:29:59.999,0.500891834424782,0.5
2023-06-01 05:29:59.999,0.7310585786300049,0.5
2023-06-03 07:29:59.999,0.500102318545423,0.5
2023-06-05 09:29:59.999,0.7310585786300049,0.5
2023-06-07 11:29:59.999,0.7310582504983141,0.5
2023-06-09 13:29:59.999,0.5000000000854464,0.5
2023-06-11 15:29:59.999,0.6383456512710881,0.5
2023-06-13 17:29:59.999,0.7310585786300049,0.5
2023-06-15 19:29:59.999,0.5000000000337332,0.5
2023-06-17 21:29:59.999,0.5000564951985649,0.5
2023-06-19 23:29:59.999,0.5,0.5
2023-06-22 01:29:59.999,0.5,0.5
2023-06-24 03:29:59.999,0.5000000002031109,0.5
2023-06-26 05:29:59.999,0.7310585786300049,0.5
2023-06-28 07:29:59.999,0.7310585786300049,0.5
2023-06-30 09:29:59.999,0.5,0.5
2023-07-02 11:29:59.999,0.7201731651667396,0.5
2023-07-04 13:29:59.999,0.6528867009242535,0.5
2023-07-06 15:29:59.999,0.7310585786300049,0.5
2023-07-08 17:29:59.999,0.6307672022999973,0.5
2023-07-10 19:29:59.999,0.5,0.5
2023-07-12 21:29:59.999,0.7310585786300049,0.5
2023-07-14 23:29:59.999,0.7310585786300049,0.5
2023-07-17 01:29:59.999,0.7307047057945465,0.5
2023-07-19 03:29:59.999,0.5000000018002801,0.5
2023-07-21 05:29:59.999,0.7230547872960984,0.5
2023-07-23 07:29:59.999,0.5000040027057365,0.5
2023-07-25 09:29:59.999,0.6938324383809785,0.5
2023-07-27 11:29:59.999,0.5000000076829201,0.5
2023-07-29 13:29:59.999,0.7245628273135895,0.5
2023-07-31 15:29:59.999,0.7081304240329235,0.5
2023-08-02 17:29:59.999,0.7310585786300049,0.5
2023-08-04 19:29:59.999,0.731030944367326,0.5
2023-08-06 21:29:59.999,0.5000103485826898,0.5
2023-08-08 23:29:59.999,0.5,0.5
2023-08-11 01:29:59.999,0.7269845409314636,0.5
2023-08-13 03:29:59.999,0.5087438046584177,0.5
2023-08-15 05:29:59.999,0.729044326486339,0.5
2023-08-17 07:29:59.999,0.7310585786300049,0.5
2023-08-19 09:29:59.999,0.7310585786300049,0.5
2023-08-21 11:29:59.999,0.7310585786300049,0.5
2023-08-23 13:29:59.999,0.7310544066510898,0.5
2023-08-25 15:29:59.999,0.7310563285790428,0.5
2023-08-27 17:29:59.999,0.5000000368939475,0.5
2023-08-29 19:29:59.999,0.5,0.5
2023-08-31 21:29:59.999,0.7310585786300049,0.5
2023-09-02 23:29:59.999,0.5002046169133252,0.5
2023-09-05 01:29:59.999,0.7310585551920353,0.5
2023-09-07 03:29:59.999,0.5000059785620576,0.5
2023-09-09 05:29:59.999,0.7285979822310779,0.5
2023-09-11 07:29:59.999,0.501369622952053,0.5
2023-09-13 09:29:59.999,0.5701142078767004,0.5
2023-09-15 11:29:59.999,0.500464174239263,0.5
2023-09-17 13:29:59.999,0.5001029980980075,0.5
2023-09-19 15:29:59.999,0.5,0.5
2023-09-21 17:29:59.999,0.7310585786300049,0.5
2023-09-23 19:29:59.999,0.5003881338728021,0.5
2023-09-25 21:29:59.999,0.5000000030792953,0.5
2023-09-27 23:29:59.999,0.7303406551835178,0.5
2023-09-30 01:29:59.999,0.6915926099258739,0.5
2023-10-02 03:29:59.999,0.5,0.5
2023-10-04 05:29:59.999,0.7280625960274738,0.5
2023-10-06 07:29:59.999,0.7263221397816123,0.5
2023-10-08 09:29:59.999,0.7252848606162148,0.5
2023-10-10 11:29:59.999,0.5026319503297033,0.5
2023-10-12 13:29:59.999,0.730386328135771,0.5
2023-10-14 15:29:59.999,0.5035136247950407,0.5
2023-10-16 17:29:59.999,0.5,0.5
2023-10-18 19:29:59.999,0.7310585786300049,0.5
2023-10-20 21:29:59.999,0.5000000000003924,0.5
2023-10-22 23:29:59.999,0.5710389716899935,0.5
2023-10-25 01:29:59.999,0.5000000000236857,0.5
2023-10-27 03:29:59.999,0.7310585786300049,0.5
2023-10-29 05:29:59.999,0.7310553676161515,0.5
2023-10-31 07:29:59.999,0.7310585786300049,0.5
2023-11-02 09:29:59.999,0.5000000000000004,0.5
2023-11-04 11:29:59.999,0.5000000013566903,0.5
2023-11-06 13:29:59.999,0.5000000000000072,0.5
2023-11-08 15:29:59.999,0.5000105078142936,0.5
2023-11-10 17:29:59.999,0.5,0.5
2023-11-12 19:29:59.999,0.5000017612036345,0.5
2023-11-14 21:29:59.999,0.7310585786300049,0.5
2023-11-16 23:29:59.999,0.7310585786300049,0.5
2023-11-19 01:29:59.999,0.6537372659439771,0.5
2023-11-21 03:29:59.999,0.5000000000000278,0.5
2023-11-23 05:29:59.999,0.5,0.5
2023-11-25 07:29:59.999,0.5000384480044129,0.5
2023-11-27 09:29:59.999,0.7310585317540645,0.5
2023-11-29 11:29:59.999,0.5,0.5
2023-12-01 13:29:59.999,0.5,0.5
2023-12-03 15:29:59.999,0.5000000000000001,0.5
2023-12-05 17:29:59.999,0.5,0.5
2023-12-07 19:29:59.999,0.7310585786300049,0.5
2023-12-09 21:29:59.999,0.7283499017284276,0.5
2023-12-11 23:29:59.999,0.7310585786300049,0.5
2023-12-14 01:29:59.999,0.5,0.5
2023-12-16 03:29:59.999,0.7310585786300049,0.5
2023-12-18 05:29:59.999,0.7310585786300049,0.5
2023-12-20 07:29:59.999,0.5,0.5
2023-12-22 09:29:59.999,0.7310585551920353,0.5
2023-12-24 11:29:59.999,0.7310584380021684,0.5
2023-12-26 13:29:59.999,0.7310585786300049,0.5
2023-12-28 15:29:59.999,0.7310585786300049,0.5
2023-12-30 17:29:59.999,0.5,0.5
2024-01-01 19:29:59.999,0.5,0.5
2024-01-03 21:29:59.999,0.7310585786300049,0.5
2024-01-05 23:29:59.999,0.5000000000000013,0.5
2024-01-08 01:29:59.999,0.7310585786300049,0.5
2024-01-10 03:29:59.999,0.7310585786300049,0.5
2024-01-12 05:29:59.999,0.7310585786300049,0.5
2024-01-14 07:29:59.999,0.5534453637399476,0.5
2024-01-16 09:29:59.999,0.500000000000008,0.5
2024-01-18 11:29:59.999,0.7305778290477889,0.5
2024-01-20 13:29:59.999,0.500005250268259,0.5
2024-01-22 15:29:59.999,0.7310585786300049,0.5
2024-01-24 17:29:59.999,0.5,0.5
2024-01-26 19:29:59.999,0.5,0.5
2024-01-28 21:29:59.999,0.7310585786300049,0.5
2024-01-30 23:29:59.999,0.6976010838853526,0.5
2024-02-02 01:29:59.999,0.5,0.5
2024-02-04 03:29:59.999,0.730447299964087,0.5
2024-02-06 05:29:59.999,0.5000004096382611,0.5
2024-02-08 07:29:59.999,0.5,0.5
2024-02-10 09:29:59.999,0.5755803180308052,0.5
2024-02-12 11:29:59.999,0.7310585786300049,0.5
2024-02-14 13:29:59.999,0.5,0.5
2024-02-16 15:29:59.999,0.500000003069883,0.5
2024-02-18 17:29:59.999,0.5000000000000451,0.5
2024-02-20 19:29:59.999,0.7310585786300049,0.5
2024-02-22 21:29:59.999,0.5000000000000003,0.5
2024-02-24 23:29:59.999,0.5,0.5
2024-02-27 01:29:59.999,0.5,0.5
2024-02-29 03:29:59.999,0.5,0.5
2024-03-02 05:29:59.999,0.6204302303357643,0.5
2024-03-04 07:29:59.999,0.5,0.5
2024-03-06 09:29:59.999,0.5,0.5
2024-03-08 11:29:59.999,0.5000000000001992,0.5
2024-03-10 13:29:59.999,0.5,0.5
2024-03-12 15:29:59.999,0.5000005609927598,0.5
2024-03-14 17:29:59.999,0.7310585786300049,0.5
2024-03-16 19:29:59.999,0.7310585786300049,0.5
2024-03-18 21:29:59.999,0.7310585786300049,0.5
2024-03-20 23:29:59.999,0.5,0.5
2024-03-23 01:29:59.999,0.7310585786300049,0.5
2024-03-25 03:29:59.999,0.5,0.5
2024-03-27 05:29:59.999,0.5000000000000139,0.5
2024-03-29 07:29:59.999,0.7310585786300049,0.5
2024-03-31 09:29:59.999,0.5,0.5
2024-04-02 11:29:59.999,0.7310585786300049,0.5
2024-04-04 13:29:59.999,0.5,0.5
2024-04-06 15:29:59.999,0.5000000011763256,0.5
2024-04-08 17:29:59.999,0.5,0.5
2024-04-10 19:29:59.999,0.5,0.5
2024-04-12 21:29:59.999,0.7310585786300049,0.5
2024-04-14 23:29:59.999,0.5,0.5
2024-04-17 01:29:59.999,0.5,0.5
2024-04-19 03:29:59.999,0.7310585786300049,0.5
2024-04-21 05:29:59.999,0.5,0.5
2024-04-23 07:29:59.999,0.5033569138878586,0.5
2024-04-25 09:29:59.999,0.7310585786300049,0.5
2024-04-27 11:29:59.999,0.7310585786300049,0.5
2024-04-29 13:29:59.999,0.7310585786300049,0.5
2024-05-01 15:29:59.999,0.7310585786300049,0.5
2024-05-03 17:29:59.999,0.5,0.5
2024-05-05 19:29:59.999,0.5,0.5
2024-05-07 21:29:59.999,0.7310585786300049,0.5
2024-05-09 23:29:59.999,0.5,0.5
2024-05-12 01:29:59.999,0.6360952003139727,0.5
2024-05-14 03:29:59.999,0.5082982962640107,0.5
2024-05-16 05:29:59.999,0.5,0.5
2024-05-18 07:29:59.999,0.5,0.5
2024-05-20 09:29:59.999,0.5,0.5
2024-05-22 11:29:59.999,0.5002592635923535,0.5
2024-05-24 13:29:59.999,0.7310585786300049,0.5
2024-05-26 15:29:59.999,0.5000001321449332,0.5
2024-05-28 17:29:59.999,0.7310585786300049,0.5
2024-05-30 19:29:59.999,0.5,0.5
2024-06-01 21:29:59.999,0.5000001610458895,0.5
2024-06-03 23:29:59.999,0.5025782468385419,0.5
2024-06-06 01:29:59.999,0.5000333439347248,0.5
2024-06-08 03:29:59.999,0.7310585786300049,0.5
2024-06-10 05:29:59.999,0.5000001383032497,0.5
2024-06-12 07:29:59.999,0.5000000074406783,0.5
2024-06-14 09:29:59.999,0.5000001150695255,0.5
2024-06-16 11:29:59.999,0.5,0.5
2024-06-18 13:29:59.999,0.7310585786300049,0.5
2024-06-20 15:29:59.999,0.7310585786300049,0.5
2024-06-22 17:29:59.999,0.5000193583873528,0.5
2024-06-24 19:29:59.999,0.7310585786300049,0.5
2024-06-26 21:29:59.999,0.7310585786300049,0.5
2024-06-28 23:29:59.999,0.7310585786300049,0.5
2024-07-01 01:29:59.999,0.5,0.5
2024-07-03 03:29:59.999,0.7310585786300049,0.5
2024-07-05 05:29:59.999,0.7310585786300049,0.5
2024-07-07 07:29:59.999,0.5960401594041,0.5
2024-07-09 09:29:59.999,0.5,0.5
2024-07-11 11:29:59.999,0.5,0.5
2024-07-13 13:29:59.999,0.5,0.5
2024-07-15 15:29:59.999,0.5,0.5
2024-07-17 17:29:59.999,0.7310585786300049,0.5
2024-07-19 19:29:59.999,0.5,0.5
2024-07-21 21:29:59.999,0.5,0.5
2024-07-23 23:29:59.999,0.7310585786300049,0.5
2024-07-26 01:29:59.999,0.5,0.5
2024-07-28 03:29:59.999,0.7310585786300049,0.5
2024-07-30 05:29:59.999,0.7310585786300049,0.5
2024-08-01 07:29:59.999,0.7310585786300049,0.5
2024-08-03 09:29:59.999,0.7310585786300049,0.5
2024-08-05 11:29:59.999,0.7310585786300049,0.5
2024-08-07 13:29:59.999,0.5,0.5
2024-08-09 15:29:59.999,0.7310585786300049,0.5
2024-08-11 17:29:59.999,0.7310585786300049,0.5
2024-08-13 19:29:59.999,0.5,0.5
2024-08-15 21:29:59.999,0.7310585786300049,0.5
2024-08-17 23:29:59.999,0.5000001976437147,0.5
2024-08-20 01:29:59.999,0.5,0.5
2024-08-22 03:29:59.999,0.5,0.5
2024-08-24 05:29:59.999,0.5,0.5
2024-08-26 07:29:59.999,0.7310585786300049,0.5
2024-08-28 09:29:59.999,0.7310585786300049,0.5
2024-08-30 11:29:59.999,0.5000000000391244,0.5
2024-09-01 13:29:59.999,0.7310585786300049,0.5
2024-09-03 15:29:59.999,0.7310585786300049,0.5
2024-09-05 17:29:59.999,0.7310585786300049,0.5
2024-09-07 19:29:59.999,0.5000005459457952,0.5
2024-09-09 21:29:59.999,0.5,0.5
2024-09-11 23:29:59.999,0.5,0.5
2024-09-14 01:29:59.999,0.5,0.5
2024-09-16 03:29:59.999,0.7310585786300049,0.5
2024-09-18 05:29:59.999,0.5,0.5
2024-09-20 07:29:59.999,0.5,0.5
2024-09-22 09:29:59.999,0.7310585786300049,0.5
2024-09-24 11:29:59.999,0.5,0.5
2024-09-26 13:29:59.999,0.5,0.5
2024-09-28 15:29:59.999,0.7310585786300049,0.5
2024-09-30 17:29:59.999,0.7310585786300049,0.5
2024-10-02 19:29:59.999,0.7310585786300049,0.5
2024-10-04 21:29:59.999,0.5,0.5
2024-10-06 23:29:59.999,0.5,0.5
2024-10-09 01:29:59.999,0.7310585786300049,0.5
2024-10-11 03:29:59.999,0.5000004413020918,0.5
2024-10-13 05:29:59.999,0.7310585786300049,0.5
2024-10-15 07:29:59.999,0.5006196810019411,0.5
2024-10-17 09:29:59.999,0.7310585786300049,0.5
2024-10-19 11:29:59.999,0.7307788248889427,0.5
2024-10-21 13:29:59.999,0.7310585786300049,0.5
2024-10-23 15:29:59.999,0.7310585786300049,0.5
2024-10-25 17:29:59.999,0.7310219786675245,0.5
2024-10-27 19:29:59.999,0.5,0.5
2024-10-29 21:29:59.999,0.5,0.5
2024-10-31 23:29:59.999,0.7310585786300049,0.5
2024-11-03 01:29:59.999,0.7310585786300049,0.5
2024-11-05 03:29:59.999,0.7310585786300049,0.5
2024-11-07 05:29:59.999,0.5,0.5
2024-11-09 07:29:59.999,0.5000000000070505,0.5
2024-11-11 09:29:59.999,0.5,0.5
2024-11-13 11:29:59.999,0.7310585786300049,0.5
2024-11-15 13:29:59.999,0.5,0.5
2024-11-17 15:29:59.999,0.7310585786300049,0.5
2024-11-19 17:29:59.999,0.5,0.5
2024-11-21 19:29:59.999,0.5,0.5
2024-11-23 21:29:59.999,0.7310585786300049,0.5
2024-11-25 23:29:59.999,0.7310585786300049,0.5
2024-11-28 01:29:59.999,0.5,0.5
2024-11-30 03:29:59.999,0.7310585786300049,0.5
2024-12-02 05:29:59.999,0.7310585786300049,0.5
2024-12-04 07:29:59.999,0.5,0.5
2024-12-06 09:29:59.999,0.7310585786300049,0.5
2024-12-08 11:29:59.999,0.7310585786300049,0.5
2024-12-10 13:29:59.999,0.5000005085335602,0.5
2024-12-12 15:29:59.999,0.5,0.5
2024-12-14 17:29:59.999,0.7310532581778032,0.5
2024-12-16 19:29:59.999,0.5,0.5
2024-12-18 21:29:59.999,0.7310585786300049,0.5
2024-12-20 23:29:59.999,0.5,0.5
2024-12-23 01:29:59.999,0.7310585786300049,0.5
2024-12-25 03:29:59.999,0.5,0.5
2024-12-27 05:29:59.999,0.5000000044649413,0.5
2024-12-29 07:29:59.999,0.5000000000000002,0.5
2024-12-31 09:29:59.999,0.5,0.5
2025-01-02 11:29:59.999,0.5,0.5
2025-01-04 13:29:59.999,0.7310548754148056,0.5
2025-01-06 15:29:59.999,0.5,0.5
2025-01-08 17:29:59.999,0.7310585786300049,0.5
2025-01-10 19:29:59.999,0.5,0.5
2025-01-12 21:29:59.999,0.5,0.5
2025-01-14 23:29:59.999,0.5,0.5
2025-01-17 01:29:59.999,0.5,0.5
2025-01-19 03:29:59.999,0.5,0.5
2025-01-21 05:29:59.999,0.7310585786300049,0.5
2025-01-23 07:29:59.999,0.7310585786300049,0.5
2025-01-25 09:29:59.999,0.7310585786300049,0.5
2025-01-27 11:29:59.999,0.7310585786300049,0.5
2025-01-29 13:29:59.999,0.5,0.5
2025-01-31 15:29:59.999,0.5000000000000034,0.5
2025-02-02 17:29:59.999,0.7310585786300049,0.5
2025-02-04 19:29:59.999,0.5000000000000001,0.5
2025-02-06 21:29:59.999,0.7310585786300049,0.5
2025-02-08 23:29:59.999,0.5,0.5
2025-02-11 01:29:59.999,0.5,0.5
2025-02-13 03:29:59.999,0.5,0.5
2025-02-15 05:29:59.999,0.5,0.5
2025-02-17 07:29:59.999,0.7310585786300049,0.5
2025-02-19 09:29:59.999,0.5,0.5
2025-02-21 11:29:59.999,0.5,0.5
2025-02-23 13:29:59.999,0.7310585786300049,0.5
2025-02-25 15:29:59.999,0.7310585786300049,0.5
2025-02-27 17:29:59.999,0.7310585786300049,0.5
2025-03-01 19:29:59.999,0.5,0.5
2025-03-03 21:29:59.999,0.7310585786300049,0.5
2025-03-05 23:29:59.999,0.5,0.5
2025-03-08 01:29:59.999,0.7310585786300049,0.5
2025-03-10 03:29:59.999,0.7310585786300049,0.5
2025-03-12 05:29:59.999,0.5000000000000212,0.5
2025-03-14 07:29:59.999,0.5,0.5
2025-03-16 09:29:59.999,0.7153628311294989,0.5
2025-03-18 11:29:59.999,0.7310585786300049,0.5
2025-03-20 13:29:59.999,0.7310585786300049,0.5
2025-03-22 15:29:59.999,0.7310583676882327,0.5
2025-03-24 17:29:59.999,0.5,0.5
2025-03-26 19:29:59.999,0.7310585786300049,0.5
2025-03-28 21:29:59.999,0.7310585786300049,0.5
2025-03-30 23:29:59.999,0.7310585786300049,0.5
2025-04-02 01:29:59.999,0.5,0.5
2025-04-04 03:29:59.999,0.5,0.5
2025-04-06 05:29:59.999,0.5,0.5
2025-04-08 07:29:59.999,0.5,0.5
2025-04-10 09:29:59.999,0.5,0.5
2025-04-12 11:29:59.999,0.5,0.5
2025-04-14 13:29:59.999,0.5,0.5
2025-04-16 15:29:59.999,0.5,0.5
2025-04-18 17:29:59.999,0.7310585786300049,0.5
2025-04-20 19:29:59.999,0.7310585786300049,0.5
2025-04-22 21:29:59.999,0.5,0.5
2025-04-24 23:29:59.999,0.5,0.5
2025-04-27 01:29:59.999,0.5,0.5
2025-04-29 03:29:59.999,0.5,0.5
2025-05-01 05:29:59.999,0.5,0.5
2025-05-03 07:29:59.999,0.7310585786300049,0.5
2025-05-05 09:29:59.999,0.7310585786300049,0.5
2025-05-07 11:29:59.999,0.5,0.5
2025-05-09 13:29:59.999,0.5,0.5
2025-05-11 15:29:59.999,0.5,0.5
2025-05-13 17:29:59.999,0.5,0.5
2025-05-15 19:29:59.999,0.5,0.5
2025-05-17 21:29:59.999,0.5001458515138906,0.5
2025-05-19 23:29:59.999,0.5,0.5
2025-05-22 01:29:59.999,0.5,0.5
2025-05-24 03:29:59.999,0.7310585786300049,0.5
2025-05-26 05:29:59.999,0.5,0.5
2025-05-28 07:29:59.999,0.7310585786300049,0.5
2025-05-30 09:29:59.999,0.7310585786300049,0.5
2025-06-01 11:29:59.999,0.7310585786300049,0.5
2025-06-03 13:29:59.999,0.5000001341007874,0.5
2025-06-05 15:29:59.999,0.6357434653965992,0.5
2025-06-07 17:29:59.999,0.5,0.5
2025-06-09 19:29:59.999,0.5,0.5
2025-06-11 21:29:59.999,0.7310585786300049,0.5
2025-06-13 23:29:59.999,0.5,0.5
2025-06-16 01:29:59.999,0.5286331581224654,0.5
2025-06-18 03:29:59.999,0.7310585786300049,0.5
2025-06-20 05:29:59.999,0.632516151377898,0.5
2025-06-22 07:29:59.999,0.728643180709399,0.5
2025-06-24 09:29:59.999,0.5,0.5
2025-06-26 11:29:59.999,0.7308060064789742,0.5
2025-06-28 13:29:59.999,0.5000000000004541,0.5
2025-06-30 15:29:59.999,0.7310585786300049,0.5
2025-07-02 17:29:59.999,0.5,0.5
2025-07-04 19:29:59.999,0.7310585786300049,0.5
2025-07-06 21:29:59.999,0.5,0.5
2025-07-08 23:29:59.999,0.5,0.5
2025-07-11 01:29:59.999,0.5,0.5
2025-07-13 03:29:59.999,0.5000002057024489,0.5
2025-07-15 05:29:59.999,0.7310585786300049,0.5
2025-07-17 07:29:59.999,0.7310585786300049,0.5
2025-07-19 09:29:59.999,0.500000000962478,0.5
2025-07-21 11:29:59.999,0.5,0.5
2025-07-23 13:29:59.999,0.7310585786300049,0.5
2025-07-25 15:29:59.999,0.7310585786300049,0.5
2025-07-27 17:29:59.999,0.5,0.5
2025-07-29 19:29:59.999,0.7310585786300049,0.5
2025-07-31 21:29:59.999,0.7310585786300049,0.5
2025-08-02 23:29:59.999,0.7310585786300049,0.5
2025-08-05 01:29:59.999,0.5,0.5
2025-08-07 03:29:59.999,0.5000304935346852,0.5
2025-08-09 05:29:59.999,0.5342589727516046,0.5
2025-08-11 07:29:59.999,0.5,0.5
2025-08-13 09:29:59.999,0.5000000000000027,0.5
2025-08-15 11:29:59.999,0.5000000001098891,0.5
2025-08-17 13:29:59.999,0.5,0.5
2025-08-19 15:29:59.999,0.7310585786300049,0.5
2025-08-21 17:29:59.999,0.7310585786300049,0.5
2025-08-23 19:29:59.999,0.7310585786300049,0.5
2025-08-25 21:29:59.999,0.7310585786300049,0.5
2025-08-27 23:29:59.999,0.5000000000472206,0.5
2025-08-30 01:29:59.999,0.7310585786300049,0.5
2025-09-01 03:29:59.999,0.7310585786300049,0.5
2025-09-03 05:29:59.999,0.5,0.5
2025-09-05 07:29:59.999,0.5,0.5
2025-09-07 09:29:59.999,0.5,0.5
2025-09-09 11:29:59.999,0.5,0.5
2025-09-11 13:29:59.999,0.5000000000000294,0.5
2025-09-13 15:29:59.999,0.5000061532732613,0.5
2025-09-15 17:29:59.999,0.7310585786300049,0.5
2025-09-17 19:29:59.999,0.7310585786300049,0.5
2025-09-19 21:29:59.999,0.7310585786300049,0.5
2025-09-21 23:29:59.999,0.7310585786300049,0.5
2025-09-24 01:29:59.999,0.7310585786300049,0.5
2025-09-26 03:29:59.999,0.7310585786300049,0.5
2025-09-28 05:29:59.999,0.5074262759454843,0.5
2025-09-30 07:29:59.999,0.5,0.5
2025-10-02 09:29:59.999,0.5,0.5
2025-10-04 11:29:59.999,0.5,0.5
2025-10-06 13:29:59.999,0.5,0.5
