time,p_long,p_short
2017-08-17 23:59:59.999,0.5000000000000001,0.7310585786300049
2017-08-18 23:59:59.999,0.5000000000000001,0.7310585786300049
2017-08-19 23:59:59.999,0.5000000000000001,0.7310585786300049
2017-08-20 23:59:59.999,0.5000000000000001,0.7310585786300049
2017-08-21 23:59:59.999,0.5000000000000001,0.7310585786300049
2017-08-22 23:59:59.999,0.5000000000000001,0.7310585786300049
2017-08-23 23:59:59.999,0.5000000000000001,0.7310585786300049
2017-08-24 23:59:59.999,0.5000000000000001,0.7310585786300049
2017-08-25 23:59:59.999,0.5000000000000001,0.7310585786300049
2017-08-26 23:59:59.999,0.5000000000000001,0.7310585786300049
2017-08-27 23:59:59.999,0.5000000000000001,0.7310585786300049
2017-08-28 23:59:59.999,0.5000000000000001,0.7310585786300049
2017-08-29 23:59:59.999,0.5000000000000001,0.7310585786300049
2017-08-30 23:59:59.999,0.5000000000000001,0.7310585786300049
2017-08-31 23:59:59.999,0.5000000000000001,0.7310585786300049
2017-09-01 23:59:59.999,0.5,0.7310585786300049
2017-09-02 23:59:59.999,0.5000000000051877,0.7310585786300049
2017-09-03 23:59:59.999,0.5000000000024952,0.7310585786300049
2017-09-04 23:59:59.999,0.5000000061256387,0.7310585551920353
2017-09-05 23:59:59.999,0.5000000000482423,0.7310585786300049
2017-09-06 23:59:59.999,0.5000000000013871,0.7310585786300049
2017-09-07 23:59:59.999,0.5000000000005703,0.7310585786300049
2017-09-08 23:59:59.999,0.5000000002345089,0.7310585786300049
2017-09-09 23:59:59.999,0.5000000003160667,0.7310585786300049
2017-09-10 23:59:59.999,0.500000001537619,0.7310585786300049
2017-09-11 23:59:59.999,0.500000000458182,0.7310585786300049
2017-09-12 23:59:59.999,0.500000000012099,0.7310585786300049
2017-09-13 23:59:59.999,0.5000000000000483,0.7310585317540645
2017-09-14 23:59:59.999,0.5,0.7310492033391606
2017-09-15 23:59:59.999,0.5,0.7310585083160924
2017-09-16 23:59:59.999,0.5,0.7310585083160924
2017-09-17 23:59:59.999,0.5,0.7310585083160924
2017-09-18 23:59:59.999,0.5,0.7310585786300049
2017-09-19 23:59:59.999,0.5,0.7310585786300049
2017-09-20 23:59:59.999,0.5,0.7310585786300049
2017-09-21 23:59:59.999,0.5,0.7310585083160924
2017-09-22 23:59:59.999,0.5,0.731058484878119
2017-09-23 23:59:59.999,0.5,0.7310585551920353
2017-09-24 23:59:59.999,0.5,0.7310585317540645
2017-09-25 23:59:59.999,0.5,0.7310585786300049
2017-09-26 23:59:59.999,0.5,0.7310585786300049
2017-09-27 23:59:59.999,0.5,0.7310585786300049
2017-09-28 23:59:59.999,0.5,0.7310585786300049
2017-09-29 23:59:59.999,0.5000000000000001,0.7310585786300049
2017-09-30 23:59:59.999,0.5000000000001515,0.7310585786300049
2017-10-01 23:59:59.999,0.5000000003218528,0.7310585786300049
2017-10-02 23:59:59.999,0.5000001204028024,0.7310585786300049
2017-10-03 23:59:59.999,0.5000070184942156,0.7310585786300049
2017-10-04 23:59:59.999,0.5000296369907681,0.7310585786300049
2017-10-05 23:59:59.999,0.5000449371908571,0.7310585786300049
2017-10-06 23:59:59.999,0.5002457694592857,0.7310585786300049
2017-10-07 23:59:59.999,0.5026272593876466,0.7310585786300049
2017-10-08 23:59:59.999,0.6137486921366672,0.7310585786300049
2017-10-09 23:59:59.999,0.7308260925366633,0.7310585786300049
2017-10-10 23:59:59.999,0.731058062994377,0.7310585786300049
2017-10-11 23:59:59.999,0.7310585786300049,0.7310585786300049
2017-10-13 23:59:59.999,0.7310585786300049,0.7310585786300049
2017-10-15 23:59:59.999,0.7310585786300049,0.7310585786300049
2017-10-17 23:59:59.999,0.7310585786300049,0.7310585786300049
2017-10-19 23:59:59.999,0.7310585786300049,0.7310585786300049
2017-10-21 23:59:59.999,0.7310585786300049,0.7310585786300049
2017-10-23 23:59:59.999,0.7310585786300049,0.7310585786300049
2017-10-25 23:59:59.999,0.7310585786300049,0.7310585786300049
2017-10-27 23:59:59.999,0.7310585786300049,0.7310585786300049
2017-10-29 23:59:59.999,0.7310585786300049,0.7310585786300049
2017-10-31 23:59:59.999,0.7310585786300049,0.7310585786300049
2017-11-02 23:59:59.999,0.7310585786300049,0.7310585786300049
2017-11-04 23:59:59.999,0.7310585786300049,0.7310585786300049
2017-11-06 23:59:59.999,0.7310585786300049,0.7310585786300049
2017-11-08 23:59:59.999,0.7310585786300049,0.7310585786300049
2017-11-10 23:59:59.999,0.7310585786300049,0.7310585786300049
2017-11-12 23:59:59.999,0.7310585786300049,0.7310585786300049
2017-11-14 23:59:59.999,0.7310585786300049,0.7310585786300049
2017-11-16 23:59:59.999,0.7310585786300049,0.7310585786300049
2017-11-18 23:59:59.999,0.7310585786300049,0.7310585786300049
2017-11-20 23:59:59.999,0.7310585786300049,0.7310585786300049
2017-11-22 23:59:59.999,0.7310585786300049,0.7310585786300049
2017-11-24 23:59:59.999,0.7310585786300049,0.7310585786300049
2017-11-26 23:59:59.999,0.7310585786300049,0.7310585786300049
2017-11-28 23:59:59.999,0.7310585786300049,0.7310585786300049
2017-11-30 23:59:59.999,0.7310585786300049,0.7310585786300049
2017-12-02 23:59:59.999,0.7310585786300049,0.7310585786300049
2017-12-04 23:59:59.999,0.7310585786300049,0.7310585786300049
2017-12-06 23:59:59.999,0.7310585786300049,0.7310585786300049
2017-12-08 23:59:59.999,0.7310585786300049,0.7310585786300049
2017-12-10 23:59:59.999,0.7310585786300049,0.7310585786300049
2017-12-12 23:59:59.999,0.7310585786300049,0.7310585786300049
2017-12-14 23:59:59.999,0.7310585786300049,0.7310585786300049
2017-12-16 23:59:59.999,0.7310585786300049,0.7310585786300049
2017-12-18 23:59:59.999,0.7310585786300049,0.7310585786300049
2017-12-20 23:59:59.999,0.7310585786300049,0.7310585786300049
2017-12-22 23:59:59.999,0.7310585786300049,0.7310585786300049
2017-12-24 23:59:59.999,0.7310585786300049,0.7310585786300049
2017-12-26 23:59:59.999,0.7310585786300049,0.7310585786300049
2017-12-28 23:59:59.999,0.7310585786300049,0.7310585786300049
2017-12-30 23:59:59.999,0.7310585786300049,0.7310585786300049
2018-01-01 23:59:59.999,0.6757846474639989,0.7310585786300049
2018-01-02 23:59:59.999,0.7304349654608279,0.7310585786300049
2018-01-03 23:59:59.999,0.7310585551920353,0.7310585786300049
2018-01-04 23:59:59.999,0.7310585786300049,0.7310585786300049
2018-01-06 23:59:59.999,0.7310585786300049,0.7310585786300049
2018-01-08 23:59:59.999,0.7310585786300049,0.7310585786300049
2018-01-10 23:59:59.999,0.7310585786300049,0.7310585786300049
2018-01-12 23:59:59.999,0.5000571221496346,0.7310585786300049
2018-01-13 23:59:59.999,0.5000000002699052,0.7310585786300049
2018-01-14 23:59:59.999,0.5,0.7310585786300049
2018-01-15 23:59:59.999,0.5,0.7310585786300049
2018-01-16 23:59:59.999,0.5,0.7310558363788087
2018-01-17 23:59:59.999,0.5,0.7310494846008917
2018-01-18 23:59:59.999,0.5,0.7310316944303807
2018-01-19 23:59:59.999,0.5,0.7310454531649796
2018-01-20 23:59:59.999,0.5,0.731058062994377
2018-01-21 23:59:59.999,0.5,0.7310536097515876
2018-01-22 23:59:59.999,0.5,0.7310321397796941
2018-01-23 23:59:59.999,0.5,0.7310226584265455
2018-01-24 23:59:59.999,0.5,0.7310488048847232
2018-01-25 23:59:59.999,0.5,0.7310461797638087
2018-01-26 23:59:59.999,0.5,0.7310450312683159
2018-01-27 23:59:59.999,0.5,0.7310550629201474
2018-01-28 23:59:59.999,0.5,0.7310578051763288
2018-01-29 23:59:59.999,0.5,0.7310562348266613
2018-01-30 23:59:59.999,0.5,0.731037507374229
2018-01-31 23:59:59.999,0.5,0.7310353978473348
2018-02-01 23:59:59.999,0.5,0.7307949839551238
2018-02-02 23:59:59.999,0.5,0.7301797573854587
2018-02-03 23:59:59.999,0.5,0.7306329316929006
2018-02-04 23:59:59.999,0.5,0.7271327601797444
2018-02-05 23:59:59.999,0.5,0.6820909290279635
2018-02-06 23:59:59.999,0.5,0.7201544744971707
2018-02-07 23:59:59.999,0.5,0.7165043303953358
2018-02-08 00:28:14.788,0.5,0.7229151784579355
2018-02-09 23:59:59.999,0.5,0.7307362431676134
2018-02-10 23:59:59.999,0.5,0.7308113886503316
2018-02-11 23:59:59.999,0.5,0.7306013984120837
2018-02-12 23:59:59.999,0.5,0.7310390543539715
2018-02-13 23:59:59.999,0.5,0.7310336633396096
2018-02-14 23:59:59.999,0.5,0.7310577114242726
2018-02-15 23:59:59.999,0.5,0.7310585083160924
2018-02-16 23:59:59.999,0.5,0.7310585551920353
2018-02-17 23:59:59.999,0.5,0.7310585786300049
2018-02-18 23:59:59.999,0.5,0.7310585786300049
2018-02-19 23:59:59.999,0.5,0.7310585786300049
2018-02-20 23:59:59.999,0.5000000000000007,0.7310585786300049
2018-02-21 23:59:59.999,0.5000000000889288,0.7310585786300049
2018-02-22 23:59:59.999,0.500000000000695,0.7310585786300049
2018-02-23 23:59:59.999,0.5000000000015373,0.7310585786300049
2018-02-24 23:59:59.999,0.5000000000000016,0.7310585786300049
2018-02-25 23:59:59.999,0.5,0.7310585786300049
2018-02-26 23:59:59.999,0.5000000000000004,0.7310585786300049
2018-02-27 23:59:59.999,0.5000000001136132,0.7310585786300049
2018-02-28 23:59:59.999,0.5000000377398415,0.7310585786300049
2018-03-01 23:59:59.999,0.5794567082766041,0.7310585786300049
2018-03-02 23:59:59.999,0.731058484878119,0.7310585786300049
2018-03-03 23:59:59.999,0.7310585786300049,0.7310585786300049
2018-03-05 23:59:59.999,0.7310585786300049,0.7310585786300049
2018-03-07 23:59:59.999,0.7310585786300049,0.7310585786300049
2018-03-09 23:59:59.999,0.5000000000004989,0.7310585551920353
2018-03-10 23:59:59.999,0.5,0.7310583911262125
2018-03-11 23:59:59.999,0.5,0.7310585551920353
2018-03-12 23:59:59.999,0.5,0.7310585083160924
2018-03-13 23:59:59.999,0.5,0.7310585083160924
2018-03-14 23:59:59.999,0.5,0.7310568207787076
2018-03-15 23:59:59.999,0.5,0.7310563285790428
2018-03-16 23:59:59.999,0.5,0.7310556019975447
2018-03-17 23:59:59.999,0.5,0.7310445859324947
2018-03-18 23:59:59.999,0.5,0.7310552738635582
2018-03-19 23:59:59.999,0.5,0.731058062994377
2018-03-20 23:59:59.999,0.5,0.7310584614401443
2018-03-21 23:59:59.999,0.5,0.731058484878119
2018-03-22 23:59:59.999,0.5,0.7310584614401443
2018-03-23 23:59:59.999,0.5,0.7310585317540645
2018-03-24 23:59:59.999,0.5,0.7310584380021684
2018-03-25 23:59:59.999,0.5,0.7310583911262125
2018-03-26 23:59:59.999,0.5,0.7310578754903574
2018-03-27 23:59:59.999,0.5,0.7310558129406881
2018-03-28 23:59:59.999,0.5,0.7310572661017232
2018-03-29 23:59:59.999,0.5,0.7310310850042494
2018-03-30 23:59:59.999,0.5,0.7309732207060448
2018-03-31 23:59:59.999,0.5,0.7309867117489984
2018-04-01 23:59:59.999,0.5,0.7309336476395097
2018-04-02 23:59:59.999,0.5,0.7310298661493684
2018-04-03 23:59:59.999,0.5,0.731055508245003
2018-04-04 23:59:59.999,0.5,0.7310342024441193
2018-04-05 23:59:59.999,0.5,0.7310312256411264
2018-04-06 23:59:59.999,0.5,0.7310087817513777
2018-04-07 23:59:59.999,0.5,0.7310514299894417
2018-04-08 23:59:59.999,0.5,0.731055859816928
2018-04-09 23:59:59.999,0.5,0.7310526722208504
2018-04-10 23:59:59.999,0.5,0.7310552035490996
2018-04-11 23:59:59.999,0.5,0.7310572895397637
2018-04-12 23:59:59.999,0.5,0.7310585786300049
2018-04-13 23:59:59.999,0.5,0.7310585786300049
2018-04-14 23:59:59.999,0.5,0.7310585786300049
2018-04-15 23:59:59.999,0.5,0.7310585786300049
2018-04-16 23:59:59.999,0.5,0.7310585786300049
2018-04-17 23:59:59.999,0.5,0.7310585786300049
2018-04-18 23:59:59.999,0.5000000000000001,0.7310585786300049
2018-04-19 23:59:59.999,0.5000000000180781,0.7310585786300049
2018-04-20 23:59:59.999,0.5059748339569526,0.7310585786300049
2018-04-21 23:59:59.999,0.7310585083160924,0.7310585786300049
2018-04-22 23:59:59.999,0.7310585786300049,0.7310585786300049
2018-04-25 23:59:59.999,0.7310585786300049,0.7310585786300049
2018-04-27 23:59:59.999,0.7310585786300049,0.7310585786300049
2018-04-29 23:59:59.999,0.7310585786300049,0.7310585786300049
2018-05-01 23:59:59.999,0.7310585786300049,0.7310585786300049
2018-05-03 23:59:59.999,0.7310585786300049,0.7310585786300049
2018-05-05 23:59:59.999,0.7310585786300049,0.7310585786300049
2018-05-07 23:59:59.999,0.7310585786300049,0.7310585786300049
2018-05-09 23:59:59.999,0.7310585786300049,0.7310585786300049
2018-05-11 23:59:59.999,0.7310585786300049,0.7310585786300049
2018-05-13 23:59:59.999,0.5470396211273253,0.7310585786300049
2018-05-14 23:59:59.999,0.5000092529571691,0.7310585786300049
2018-05-15 23:59:59.999,0.5000000003418181,0.7310585786300049
2018-05-16 23:59:59.999,0.5000000000000049,0.7310585551920353
2018-05-17 23:59:59.999,0.5,0.7310584614401443
2018-05-18 23:59:59.999,0.5,0.7310585551920353
2018-05-19 23:59:59.999,0.5,0.7310585317540645
2018-05-20 23:59:59.999,0.5,0.7310585786300049
2018-05-21 23:59:59.999,0.5,0.7310585786300049
2018-05-22 23:59:59.999,0.5,0.7310584614401443
2018-05-23 23:59:59.999,0.5,0.7310571020354032
2018-05-24 23:59:59.999,0.5,0.7310574536060113
2018-05-25 23:59:59.999,0.5,0.7310561410742589
2018-05-26 23:59:59.999,0.5,0.7310532816160645
2018-05-27 23:59:59.999,0.5,0.731052555029363
2018-05-28 23:59:59.999,0.5,0.7310370385913786
2018-05-29 23:59:59.999,0.5,0.7310576879862553
2018-05-30 23:59:59.999,0.5,0.7310572426636812
2018-05-31 23:59:59.999,0.5,0.7310581098703691
2018-06-01 23:59:59.999,0.5,0.7310582739363003
2018-06-02 23:59:59.999,0.5,0.731058484878119
2018-06-03 23:59:59.999,0.5,0.7310585317540645
2018-06-04 23:59:59.999,0.5,0.7310584145641912
2018-06-05 23:59:59.999,0.5,0.7310585317540645
2018-06-06 23:59:59.999,0.5,0.7310585551920353
2018-06-07 23:59:59.999,0.5,0.7310585551920353
2018-06-08 23:59:59.999,0.5,0.7310585551920353
2018-06-09 23:59:59.999,0.5,0.7310585083160924
2018-06-10 23:59:59.999,0.5,0.7310515706195946
2018-06-11 23:59:59.999,0.5,0.7310556488738079
2018-06-12 23:59:59.999,0.5,0.7310388902806291
2018-06-13 23:59:59.999,0.5,0.7309851880209959
2018-06-14 23:59:59.999,0.5,0.7310555551212763
2018-06-15 23:59:59.999,0.5,0.7310477501505879
2018-06-16 23:59:59.999,0.5,0.7310537972574871
2018-06-17 23:59:59.999,0.5,0.7310528362888786
2018-06-18 23:59:59.999,0.5,0.7310581333083631
2018-06-19 23:59:59.999,0.5,0.7310582973742854
2018-06-20 23:59:59.999,0.5,0.7310583911262125
2018-06-21 23:59:59.999,0.5,0.7310583442502515
2018-06-22 23:59:59.999,0.5,0.7310465782207045
2018-06-23 23:59:59.999,0.5,0.7310537738192542
2018-06-24 23:59:59.999,0.5,0.7310531409864772
2018-06-25 23:59:59.999,0.5,0.731056984845136
2018-06-26 23:59:59.999,0.5,0.7310540316397452
2018-06-27 23:59:59.999,0.5,0.731056352017135
2018-06-28 23:59:59.999,0.5,0.7310471876246467
2018-06-29 23:59:59.999,0.5,0.7310582504983141
2018-06-30 23:59:59.999,0.5,0.7310585317540645
2018-07-01 23:59:59.999,0.5,0.7310585317540645
2018-07-02 23:59:59.999,0.5,0.7310585786300049
2018-07-03 23:59:59.999,0.5,0.7310585786300049
2018-07-04 23:59:59.999,0.5,0.7310585786300049
2018-07-05 23:59:59.999,0.5,0.7310585786300049
2018-07-06 23:59:59.999,0.5,0.7310585786300049
2018-07-07 23:59:59.999,0.5,0.7310585786300049
2018-07-08 23:59:59.999,0.5,0.7310585786300049
2018-07-09 23:59:59.999,0.5,0.7310585786300049
2018-07-10 23:59:59.999,0.5,0.7310585551920353
2018-07-11 23:59:59.999,0.5,0.7310585786300049
2018-07-12 23:59:59.999,0.5,0.7310585551920353
2018-07-13 23:59:59.999,0.5,0.7310585317540645
2018-07-14 23:59:59.999,0.5,0.7310585551920353
2018-07-15 23:59:59.999,0.5,0.7310585786300049
2018-07-16 23:59:59.999,0.5,0.7310585786300049
2018-07-17 23:59:59.999,0.500000000000005,0.7310585786300049
2018-07-18 23:59:59.999,0.5000002042486642,0.7310585786300049
2018-07-19 23:59:59.999,0.6806964052198387,0.7310585786300049
2018-07-20 23:59:59.999,0.7310575004820704,0.7310585786300049
2018-07-21 23:59:59.999,0.7310585786300049,0.7310585786300049
2018-07-23 23:59:59.999,0.7310585786300049,0.7310585786300049
2018-07-25 23:59:59.999,0.7310585786300049,0.7310585786300049
2018-07-27 23:59:59.999,0.7310585786300049,0.7310585786300049
2018-07-30 23:59:59.999,0.7310585786300049,0.7310585786300049
2018-08-01 23:59:59.999,0.7310585786300049,0.7310585786300049
2018-08-03 23:59:59.999,0.7310585786300049,0.7310585786300049
2018-08-05 23:59:59.999,0.7310475157648694,0.7310585786300049
2018-08-06 23:59:59.999,0.5025845847853819,0.7310585551920353
2018-08-07 23:59:59.999,0.5000000007585982,0.731058484878119
2018-08-08 23:59:59.999,0.5,0.7310568207787076
2018-08-09 23:59:59.999,0.5,0.7310583442502515
2018-08-10 23:59:59.999,0.5,0.7310562582647585
2018-08-11 23:59:59.999,0.5,0.7310571957875938
2018-08-12 23:59:59.999,0.5,0.7310577583003033
2018-08-13 23:59:59.999,0.5,0.7310572661017232
2018-08-14 23:59:59.999,0.5,0.731056539521826
2018-08-15 23:59:59.999,0.5,0.7310576645482366
2018-08-16 23:59:59.999,0.5,0.7310580395563792
2018-08-17 23:59:59.999,0.5,0.7310585551920353
2018-08-18 23:59:59.999,0.5,0.7310584614401443
2018-08-19 23:59:59.999,0.5,0.7310585317540645
2018-08-20 23:59:59.999,0.5,0.7310583911262125
2018-08-21 23:59:59.999,0.5,0.7310585551920353
2018-08-22 23:59:59.999,0.5,0.7310585317540645
2018-08-23 23:59:59.999,0.5,0.7310585786300049
2018-08-24 23:59:59.999,0.5,0.7310585786300049
2018-08-25 23:59:59.999,0.5,0.7310585786300049
2018-08-26 23:59:59.999,0.5,0.7310585786300049
2018-08-27 23:59:59.999,0.5,0.7310585786300049
2018-08-28 23:59:59.999,0.5000000000000001,0.7310585786300049
2018-08-29 23:59:59.999,0.5000000000003497,0.7310585786300049
2018-08-30 23:59:59.999,0.5000000001671394,0.7310585786300049
2018-08-31 23:59:59.999,0.5000000151547681,0.7310585786300049
2018-09-01 23:59:59.999,0.5000047228254515,0.7310585786300049
2018-09-02 23:59:59.999,0.5059669756465541,0.7310585786300049
2018-09-03 23:59:59.999,0.711585001917565,0.7310585786300049
2018-09-04 23:59:59.999,0.730893191630444,0.7310585786300049
2018-09-05 23:59:59.999,0.7304227479662098,0.7310585786300049
2018-09-06 23:59:59.999,0.501447228747768,0.7310585786300049
2018-09-07 23:59:59.999,0.5000000121634116,0.7310585551920353
2018-09-08 23:59:59.999,0.5000000000000285,0.7310583911262125
2018-09-09 23:59:59.999,0.5,0.7310584614401443
2018-09-10 23:59:59.999,0.5,0.7310585083160924
2018-09-11 23:59:59.999,0.5,0.731058484878119
2018-09-12 23:59:59.999,0.5,0.7310585317540645
2018-09-13 23:59:59.999,0.5,0.7310585786300049
2018-09-14 23:59:59.999,0.5,0.7310585786300049
2018-09-15 23:59:59.999,0.5,0.7310585786300049
2018-09-16 23:59:59.999,0.5,0.7310585786300049
2018-09-17 23:59:59.999,0.5,0.731058484878119
2018-09-18 23:59:59.999,0.5,0.7310585551920353
2018-09-19 23:59:59.999,0.5,0.7310585551920353
2018-09-20 23:59:59.999,0.5,0.7310585786300049
2018-09-21 23:59:59.999,0.5,0.7310585786300049
2018-09-22 23:59:59.999,0.5,0.7310585786300049
2018-09-23 23:59:59.999,0.5000000000000003,0.7310585786300049
2018-09-24 23:59:59.999,0.5000000000000089,0.7310585786300049
2018-09-25 23:59:59.999,0.5000000000000088,0.7310585786300049
2018-09-26 23:59:59.999,0.5000000000000021,0.7310585786300049
2018-09-27 23:59:59.999,0.5000000000000034,0.7310585786300049
2018-09-28 23:59:59.999,0.500000000000076,0.7310585786300049
2018-09-29 23:59:59.999,0.5000000000003522,0.7310585786300049
2018-09-30 23:59:59.999,0.5000000000008317,0.7310585786300049
2018-10-01 23:59:59.999,0.5000000000023864,0.7310585786300049
2018-10-02 23:59:59.999,0.5000000000033439,0.7310585786300049
2018-10-03 23:59:59.999,0.5000000000011594,0.7310585786300049
2018-10-04 23:59:59.999,0.5000000000004486,0.7310585786300049
2018-10-05 23:59:59.999,0.5000000000009516,0.7310585786300049
2018-10-06 23:59:59.999,0.500000000003458,0.7310585786300049
2018-10-07 23:59:59.999,0.5000000000045247,0.7310585786300049
2018-10-08 23:59:59.999,0.5000000000079022,0.7310585786300049
2018-10-09 23:59:59.999,0.5000000000357226,0.7310585786300049
2018-10-10 23:59:59.999,0.5000000000908531,0.7310585786300049
2018-10-11 23:59:59.999,0.5000000000475373,0.7310584380021684
2018-10-12 23:59:59.999,0.5000000000000636,0.7310585083160924
2018-10-13 23:59:59.999,0.5000000000000009,0.7310585317540645
2018-10-14 23:59:59.999,0.5000000000000001,0.7310585551920353
2018-10-15 23:59:59.999,0.5,0.7310585786300049
2018-10-16 23:59:59.999,0.5000000000000122,0.7310585786300049
2018-10-17 23:59:59.999,0.5000000000015878,0.7310585786300049
2018-10-18 23:59:59.999,0.5000000000489027,0.7310585786300049
2018-10-19 23:59:59.999,0.5000000000682417,0.7310585786300049
2018-10-20 23:59:59.999,0.500000000023677,0.7310585786300049
2018-10-21 23:59:59.999,0.5000000000263363,0.7310585786300049
2018-10-22 23:59:59.999,0.5000000000289866,0.7310585786300049
2018-10-23 23:59:59.999,0.500000000027274,0.7310585786300049
2018-10-24 23:59:59.999,0.5000000000146354,0.7310585786300049
2018-10-25 23:59:59.999,0.5000000000130272,0.7310585786300049
2018-10-26 23:59:59.999,0.5000000000051799,0.7310585786300049
2018-10-27 23:59:59.999,0.5000000000038846,0.7310585786300049
2018-10-28 23:59:59.999,0.5000000000016955,0.7310585786300049
2018-10-29 23:59:59.999,0.5000000000009703,0.7310585083160924
2018-10-30 23:59:59.999,0.5000000000000392,0.731058484878119
2018-10-31 23:59:59.999,0.5000000000000016,0.7310585551920353
2018-11-01 23:59:59.999,0.5000000000000003,0.7310585786300049
2018-11-02 23:59:59.999,0.5000000000000002,0.7310585786300049
2018-11-03 23:59:59.999,0.5000000000000004,0.7310585551920353
2018-11-04 23:59:59.999,0.5000000000000001,0.7310585786300049
2018-11-05 23:59:59.999,0.5000000000000004,0.7310585786300049
2018-11-06 23:59:59.999,0.5000000000000008,0.7310585786300049
2018-11-07 23:59:59.999,0.500000000000003,0.7310585786300049
2018-11-08 23:59:59.999,0.5000000000001164,0.7310585786300049
2018-11-09 23:59:59.999,0.5000000000002437,0.7310585786300049
2018-11-10 23:59:59.999,0.5000000000000975,0.7310585786300049
2018-11-11 23:59:59.999,0.5000000000000575,0.7310585786300049
2018-11-12 23:59:59.999,0.5000000000000624,0.7310585786300049
2018-11-13 23:59:59.999,0.5000000000000719,0.7310585786300049
2018-11-14 23:59:59.999,0.5000000000000506,0.7310459922545524
2018-11-15 23:59:59.999,0.5,0.7309927597232786
2018-11-16 23:59:59.999,0.5,0.7308872008602514
2018-11-17 23:59:59.999,0.5,0.7307974699109312
2018-11-18 23:59:59.999,0.5,0.7309369885174286
2018-11-19 23:59:59.999,0.5,0.7243922503759058
2018-11-20 23:59:59.999,0.5,0.7050931349764772
2018-11-21 23:59:59.999,0.5,0.7239494709824132
2018-11-22 23:59:59.999,0.5,0.7084941749086276
2018-11-23 23:59:59.999,0.5,0.7175722171611597
2018-11-24 23:59:59.999,0.5,0.6742173644408822
2018-11-25 23:59:59.999,0.5,0.7210431162071211
2018-11-26 23:59:59.999,0.5,0.7082316035548117
2018-11-27 23:59:59.999,0.5,0.70920828830653
2018-11-28 23:59:59.999,0.5,0.7309189357424375
2018-11-29 23:59:59.999,0.5,0.7309787062555427
2018-11-30 23:59:59.999,0.5,0.7308036143809972
2018-12-01 23:59:59.999,0.5,0.7310201034645962
2018-12-02 23:59:59.999,0.5,0.7310208301067116
2018-12-03 23:59:59.999,0.5,0.7309089946668694
2018-12-04 23:59:59.999,0.5,0.7309987607290999
2018-12-05 23:59:59.999,0.5,0.7309134376998423
2018-12-06 23:59:59.999,0.5,0.7305578720876453
2018-12-07 23:59:59.999,0.5,0.7302242028808665
2018-12-08 23:59:59.999,0.5,0.7302874402159854
2018-12-09 23:59:59.999,0.5,0.7309454050691064
2018-12-10 23:59:59.999,0.5,0.7308691576989308
2018-12-11 23:59:59.999,0.5,0.7308261628889668
2018-12-12 23:59:59.999,0.5,0.7309786124860597
2018-12-13 23:59:59.999,0.5,0.7308898855798175
2018-12-14 23:59:59.999,0.5,0.7308127371139883
2018-12-15 23:59:59.999,0.5,0.7308123853412719
2018-12-16 23:59:59.999,0.5,0.7308925585589061
2018-12-17 23:59:59.999,0.5,0.7310569614070787
2018-12-18 23:59:59.999,0.5,0.7310583911262125
2018-12-19 23:59:59.999,0.5,0.7310584614401443
2018-12-20 23:59:59.999,0.5,0.7310585786300049
2018-12-21 23:59:59.999,0.5,0.7310585786300049
2018-12-22 23:59:59.999,0.5,0.7310585786300049
2018-12-23 23:59:59.999,0.5,0.7310585786300049
2018-12-24 23:59:59.999,0.5,0.7310585786300049
2018-12-25 23:59:59.999,0.5,0.7310585786300049
2018-12-26 23:59:59.999,0.5,0.7310585786300049
2018-12-27 23:59:59.999,0.5,0.7310585317540645
2018-12-28 23:59:59.999,0.5,0.7310585786300049
2018-12-29 23:59:59.999,0.5,0.7310585786300049
2018-12-30 23:59:59.999,0.5,0.7310585786300049
2018-12-31 23:59:59.999,0.5,0.7310585786300049
2019-01-01 23:59:59.999,0.5,0.7310585786300049
2019-01-02 23:59:59.999,0.5,0.7310585786300049
2019-01-03 23:59:59.999,0.5,0.7310585786300049
2019-01-04 23:59:59.999,0.5,0.7310585786300049
2019-01-05 23:59:59.999,0.5000000000000001,0.7310585786300049
2019-01-06 23:59:59.999,0.5000000000000009,0.7310585786300049
2019-01-07 23:59:59.999,0.5000000000000763,0.7310585786300049
2019-01-08 23:59:59.999,0.5000000000020378,0.7310585786300049
2019-01-09 23:59:59.999,0.500000000021337,0.7310585786300049
2019-01-10 23:59:59.999,0.5000000000128575,0.7310585551920353
2019-01-11 23:59:59.999,0.5000000000000839,0.7310585551920353
2019-01-12 23:59:59.999,0.5000000000000019,0.7310585551920353
2019-01-13 23:59:59.999,0.5,0.7310585083160924
2019-01-14 23:59:59.999,0.5,0.7310585786300049
2019-01-15 23:59:59.999,0.5,0.7310585551920353
2019-01-16 23:59:59.999,0.5,0.7310585786300049
2019-01-17 23:59:59.999,0.5,0.7310585786300049
2019-01-18 23:59:59.999,0.5,0.7310585786300049
2019-01-19 23:59:59.999,0.5,0.7310585786300049
2019-01-20 23:59:59.999,0.5,0.7310585551920353
2019-01-21 23:59:59.999,0.5,0.7310585551920353
2019-01-22 23:59:59.999,0.5,0.7310585786300049
2019-01-23 23:59:59.999,0.5,0.7310585786300049
2019-01-24 23:59:59.999,0.5,0.7310585786300049
2019-01-25 23:59:59.999,0.5,0.7310585786300049
2019-01-26 23:59:59.999,0.5,0.7310585786300049
2019-01-27 23:59:59.999,0.5,0.7310585786300049
2019-01-28 23:59:59.999,0.5,0.731058484878119
2019-01-29 23:59:59.999,0.5,0.7310584380021684
2019-01-30 23:59:59.999,0.5,0.7310585317540645
2019-01-31 23:59:59.999,0.5,0.7310585083160924
2019-02-01 23:59:59.999,0.5,0.7310585551920353
2019-02-02 23:59:59.999,0.5,0.7310585786300049
2019-02-03 23:59:59.999,0.5,0.7310585551920353
2019-02-04 23:59:59.999,0.5,0.7310585551920353
2019-02-05 23:59:59.999,0.5,0.7310585551920353
2019-02-06 23:59:59.999,0.5,0.7310585083160924
2019-02-07 23:59:59.999,0.5,0.7310585083160924
2019-02-08 23:59:59.999,0.5,0.7310585786300049
2019-02-09 23:59:59.999,0.5000000000000001,0.7310585786300049
2019-02-10 23:59:59.999,0.5000000000000021,0.7310585786300049
2019-02-11 23:59:59.999,0.5000000000001246,0.7310585786300049
2019-02-12 23:59:59.999,0.5000000000007091,0.7310585786300049
2019-02-13 23:59:59.999,0.5000000000041286,0.7310585786300049
2019-02-14 23:59:59.999,0.5000000000114251,0.7310585786300049
2019-02-15 23:59:59.999,0.5000000000111954,0.7310585786300049
2019-02-16 23:59:59.999,0.5000000000116694,0.7310585786300049
2019-02-17 23:59:59.999,0.5000000000086002,0.7310585786300049
2019-02-18 23:59:59.999,0.5000000000097381,0.7310585786300049
2019-02-19 23:59:59.999,0.5000000012939458,0.7310585786300049
2019-02-20 23:59:59.999,0.5000000678734295,0.7310585786300049
2019-02-21 23:59:59.999,0.5000076126602829,0.7310585786300049
2019-02-22 23:59:59.999,0.5000668800126382,0.7310585786300049
2019-02-23 23:59:59.999,0.5007915271935381,0.7310585786300049
2019-02-24 23:59:59.999,0.7134250803787674,0.7310585786300049
2019-02-25 23:59:59.999,0.5456227895435782,0.7310585786300049
2019-02-26 23:59:59.999,0.5089154692940497,0.7310585786300049
2019-02-27 23:59:59.999,0.5011811462611652,0.7310585786300049
2019-02-28 23:59:59.999,0.50022525005556,0.7310585786300049
2019-03-01 23:59:59.999,0.5000429417485829,0.7310585786300049
2019-03-02 23:59:59.999,0.50001195756249,0.7310585786300049
2019-03-03 23:59:59.999,0.5000039149431359,0.7310585786300049
2019-03-04 23:59:59.999,0.5000025874358016,0.7310585786300049
2019-03-05 23:59:59.999,0.5000000547751569,0.7310585786300049
2019-03-06 23:59:59.999,0.5000000617856699,0.7310585786300049
2019-03-07 23:59:59.999,0.5000000601877161,0.7310585786300049
2019-03-08 23:59:59.999,0.5000000760592229,0.7310585786300049
2019-03-09 23:59:59.999,0.5000000367603121,0.7310585786300049
2019-03-10 23:59:59.999,0.5000001682903701,0.7310585786300049
2019-03-11 23:59:59.999,0.5000004468797385,0.7310585786300049
2019-03-12 23:59:59.999,0.5000001792706286,0.7310585786300049
2019-03-13 23:59:59.999,0.5000001398425411,0.7310585786300049
2019-03-14 23:59:59.999,0.5000000491487633,0.7310585786300049
2019-03-15 23:59:59.999,0.5000000137193998,0.7310585786300049
2019-03-16 23:59:59.999,0.5000000077459852,0.7310585786300049
2019-03-17 23:59:59.999,0.5000000633327844,0.7310585786300049
2019-03-18 23:59:59.999,0.5000000992995908,0.7310585786300049
2019-03-19 23:59:59.999,0.5000001045686702,0.7310585786300049
2019-03-20 23:59:59.999,0.5000001410295454,0.7310585786300049
2019-03-21 23:59:59.999,0.5000021819098492,0.7310585786300049
2019-03-22 23:59:59.999,0.5000009718626188,0.7310585786300049
2019-03-23 23:59:59.999,0.5000003782214151,0.7310585786300049
2019-03-24 23:59:59.999,0.5000004404573701,0.7310585786300049
2019-03-25 23:59:59.999,0.5000013576260471,0.7310585786300049
2019-03-26 23:59:59.999,0.5000001871301407,0.7310585786300049
2019-03-27 23:59:59.999,0.5000000098201589,0.7310585786300049
2019-03-28 23:59:59.999,0.5000000220780443,0.7310585786300049
2019-03-29 23:59:59.999,0.5000000084893239,0.7310585786300049
2019-03-30 23:59:59.999,0.5000000263590216,0.7310585786300049
2019-03-31 23:59:59.999,0.5000000668539144,0.7310585786300049
2019-04-01 23:59:59.999,0.5000000589823941,0.7310585786300049
2019-04-02 23:59:59.999,0.500066965257756,0.7310585786300049
2019-04-03 23:59:59.999,0.7304332167726476,0.7310585786300049
2019-04-04 23:59:59.999,0.7310585786300049,0.7310585786300049
2019-04-06 23:59:59.999,0.7310585786300049,0.7310585786300049
2019-04-08 23:59:59.999,0.7310585786300049,0.7310585786300049
2019-04-10 23:59:59.999,0.7310585786300049,0.7310585786300049
2019-04-12 23:59:59.999,0.7310585786300049,0.7310585786300049
2019-04-14 23:59:59.999,0.7310585786300049,0.7310585786300049
2019-04-16 23:59:59.999,0.7310585786300049,0.7310585786300049
2019-04-18 23:59:59.999,0.7310585786300049,0.7310585786300049
2019-04-20 23:59:59.999,0.7310585786300049,0.7310585786300049
2019-04-22 23:59:59.999,0.7310585786300049,0.7310585786300049
2019-04-24 23:59:59.999,0.7310585786300049,0.7310585786300049
2019-04-26 23:59:59.999,0.7310585786300049,0.7310585786300049
2019-04-30 23:59:59.999,0.7310585551920353,0.7310585786300049
2019-05-01 23:59:59.999,0.7310583911262125,0.7310585786300049
2019-05-02 23:59:59.999,0.7310582270603264,0.7310585786300049
2019-05-03 23:59:59.999,0.7310585551920353,0.7310585786300049
2019-05-04 23:59:59.999,0.7310585786300049,0.7310585786300049
2019-05-06 23:59:59.999,0.7310585786300049,0.7310585786300049
2019-05-08 23:59:59.999,0.7310585786300049,0.7310585786300049
2019-05-10 23:59:59.999,0.7310585786300049,0.7310585786300049
2019-05-12 23:59:59.999,0.7310585786300049,0.7310585786300049
2019-05-14 23:59:59.999,0.7310585786300049,0.7310585786300049
2019-05-16 23:59:59.999,0.7310585786300049,0.7310585786300049
2019-05-18 23:59:59.999,0.7310585786300049,0.7310585786300049
2019-05-20 23:59:59.999,0.7310585786300049,0.7310585786300049
2019-05-22 23:59:59.999,0.7310585786300049,0.7310585786300049
2019-05-24 23:59:59.999,0.7310585786300049,0.7310585786300049
2019-05-26 23:59:59.999,0.7310585786300049,0.7310585786300049
2019-05-28 23:59:59.999,0.7310585786300049,0.7310585786300049
2019-05-30 23:59:59.999,0.7310585786300049,0.7310585786300049
2019-06-01 23:59:59.999,0.7310585786300049,0.7310585786300049
2019-06-03 23:59:59.999,0.7310585786300049,0.7310585786300049
2019-06-05 23:59:59.999,0.7310585786300049,0.7310585786300049
2019-06-07 23:59:59.999,0.7310585786300049,0.7310585786300049
2019-06-09 23:59:59.999,0.7310585786300049,0.7310585786300049
2019-06-11 23:59:59.999,0.7310585786300049,0.7310585786300049
2019-06-13 23:59:59.999,0.7310585786300049,0.7310585786300049
2019-06-15 23:59:59.999,0.7310585786300049,0.7310585786300049
2019-06-17 23:59:59.999,0.7310585786300049,0.7310585786300049
2019-06-19 23:59:59.999,0.7310585786300049,0.7310585786300049
2019-06-21 23:59:59.999,0.7310585786300049,0.7310585786300049
2019-06-23 23:59:59.999,0.7310585786300049,0.7310585786300049
2019-06-25 23:59:59.999,0.7310585786300049,0.7310585786300049
2019-06-27 23:59:59.999,0.7310585786300049,0.7310585786300049
2019-06-29 23:59:59.999,0.7310585786300049,0.7310585786300049
2019-07-01 23:59:59.999,0.7310585786300049,0.7310585786300049
2019-07-03 23:59:59.999,0.7310585786300049,0.7310585786300049
2019-07-05 23:59:59.999,0.7310585786300049,0.7310585786300049
2019-07-07 23:59:59.999,0.7310585786300049,0.7310585786300049
2019-07-09 23:59:59.999,0.7310585786300049,0.7310585786300049
2019-07-11 23:59:59.999,0.7310585786300049,0.7310585786300049
2019-07-13 23:59:59.999,0.7310585786300049,0.7310585786300049
2019-07-15 23:59:59.999,0.7310585786300049,0.7310585786300049
2019-07-17 23:59:59.999,0.5000032094969811,0.7310585786300049
2019-07-18 23:59:59.999,0.5000000020481916,0.7310585786300049
2019-07-19 23:59:59.999,0.5000000000065506,0.7310585786300049
2019-07-20 23:59:59.999,0.5000000000049052,0.7310585786300049
2019-07-21 23:59:59.999,0.5000000000004106,0.7310585786300049
2019-07-22 23:59:59.999,0.5000000000000003,0.7310585786300049
2019-07-23 23:59:59.999,0.5,0.7310585551920353
2019-07-24 23:59:59.999,0.5,0.7310585551920353
2019-07-25 23:59:59.999,0.5,0.7310585551920353
2019-07-26 23:59:59.999,0.5,0.7310585551920353
2019-07-27 23:59:59.999,0.5,0.731058484878119
2019-07-28 23:59:59.999,0.5,0.731058484878119
2019-07-29 23:59:59.999,0.5,0.7310584614401443
2019-07-30 23:59:59.999,0.5,0.731058484878119
2019-07-31 23:59:59.999,0.5,0.7310585786300049
2019-08-01 23:59:59.999,0.5,0.7310585786300049
2019-08-02 23:59:59.999,0.5,0.7310585786300049
2019-08-03 23:59:59.999,0.5,0.7310585786300049
2019-08-04 23:59:59.999,0.5000000000000001,0.7310585786300049
2019-08-05 23:59:59.999,0.5033916941751128,0.7310585786300049
2019-08-06 23:59:59.999,0.7310585786300049,0.7310585786300049
2019-08-08 23:59:59.999,0.7310585786300049,0.7310585786300049
2019-08-10 23:59:59.999,0.7310585786300049,0.7310585786300049
2019-08-12 23:59:59.999,0.7310585786300049,0.7310585786300049
2019-08-14 23:59:59.999,0.7310585786300049,0.7310585786300049
2019-08-16 23:59:59.999,0.5000102099456839,0.7310585786300049
2019-08-17 23:59:59.999,0.5000000000078695,0.7310585786300049
2019-08-18 23:59:59.999,0.5000000000000003,0.7310585786300049
2019-08-19 23:59:59.999,0.5000000000000057,0.7310585786300049
2019-08-20 23:59:59.999,0.5000000000000673,0.7310585786300049
2019-08-21 23:59:59.999,0.5,0.7310585786300049
2019-08-22 23:59:59.999,0.5,0.7310585551920353
2019-08-23 23:59:59.999,0.5,0.7310585786300049
2019-08-24 23:59:59.999,0.5,0.7310585551920353
2019-08-25 23:59:59.999,0.5,0.7310585551920353
2019-08-26 23:59:59.999,0.5,0.7310585786300049
2019-08-27 23:59:59.999,0.5,0.7310585786300049
2019-08-28 23:59:59.999,0.5,0.731058484878119
2019-08-29 23:59:59.999,0.5,0.7310582270603264
2019-08-30 23:59:59.999,0.5,0.7310583208122692
2019-08-31 23:59:59.999,0.5,0.7310582973742854
2019-09-01 23:59:59.999,0.5,0.7310584614401443
2019-09-02 23:59:59.999,0.5,0.7310585786300049
2019-09-03 23:59:59.999,0.5,0.7310585786300049
2019-09-04 23:59:59.999,0.5,0.7310585786300049
2019-09-05 23:59:59.999,0.5,0.7310585786300049
2019-09-06 23:59:59.999,0.5,0.7310585786300049
2019-09-07 23:59:59.999,0.5,0.7310585786300049
2019-09-08 23:59:59.999,0.5000000000000006,0.7310585786300049
2019-09-09 23:59:59.999,0.5000000000000027,0.7310585786300049
2019-09-10 23:59:59.999,0.5000000000000003,0.7310585786300049
2019-09-11 23:59:59.999,0.5,0.7310585786300049
2019-09-12 23:59:59.999,0.5000000000000004,0.7310585786300049
2019-09-13 23:59:59.999,0.5000000000000073,0.7310585786300049
2019-09-14 23:59:59.999,0.5000000000000385,0.7310585786300049
2019-09-15 23:59:59.999,0.5000000000000961,0.7310585786300049
2019-09-16 23:59:59.999,0.5000000000000879,0.7310585786300049
2019-09-17 23:59:59.999,0.5000000000000276,0.7310585786300049
2019-09-18 23:59:59.999,0.500000000000005,0.7310585786300049
2019-09-19 23:59:59.999,0.5000000000000023,0.7310585786300049
2019-09-20 23:59:59.999,0.5000000000000018,0.7310585786300049
2019-09-21 23:59:59.999,0.5000000000000001,0.7310585551920353
2019-09-22 23:59:59.999,0.5,0.7310585786300049
2019-09-23 23:59:59.999,0.5,0.7310583911262125
2019-09-24 23:59:59.999,0.5,0.7309580881934422
2019-09-25 23:59:59.999,0.5,0.7308145194246225
2019-09-26 23:59:59.999,0.5,0.7296948199594132
2019-09-27 23:59:59.999,0.5,0.730363474662526
2019-09-28 23:59:59.999,0.5,0.7302864540389314
2019-09-29 23:59:59.999,0.5,0.7293623015714915
2019-09-30 23:59:59.999,0.5,0.730922640140494
2019-10-01 23:59:59.999,0.5,0.7309286304122019
2019-10-02 23:59:59.999,0.5,0.7310015619508987
2019-10-03 23:59:59.999,0.5,0.7309546771500101
2019-10-04 23:59:59.999,0.5,0.7309076347847161
2019-10-05 23:59:59.999,0.5,0.7309090650054835
2019-10-06 23:59:59.999,0.5,0.7305127689714964
2019-10-07 23:59:59.999,0.5,0.7310488986387421
2019-10-08 23:59:59.999,0.5,0.7310494377239495
2019-10-09 23:59:59.999,0.5,0.7310584380021684
2019-10-10 23:59:59.999,0.5,0.731058484878119
2019-10-11 23:59:59.999,0.5,0.7310579458043746
2019-10-12 23:59:59.999,0.5,0.7310582270603264
2019-10-13 23:59:59.999,0.5,0.7310582036223375
2019-10-14 23:59:59.999,0.5,0.7310584380021684
2019-10-15 23:59:59.999,0.5,0.731058062994377
2019-10-16 23:59:59.999,0.5,0.7310569614070787
2019-10-17 23:59:59.999,0.5,0.7310579692423776
2019-10-18 23:59:59.999,0.5,0.7310571254734527
2019-10-19 23:59:59.999,0.5,0.731057172349548
2019-10-20 23:59:59.999,0.5,0.7310585317540645
2019-10-21 23:59:59.999,0.5,0.7310585317540645
2019-10-22 23:59:59.999,0.5,0.7310583911262125
2019-10-23 23:59:59.999,0.5,0.7310504455770702
2019-10-24 23:59:59.999,0.5,0.7310453125328048
2019-10-25 23:59:59.999,0.5,0.7310585786300049
2019-10-26 23:59:59.999,0.5,0.7310585786300049
2019-10-27 23:59:59.999,0.5000000000000009,0.7310585786300049
2019-10-28 23:59:59.999,0.5000004658389798,0.7310585786300049
2019-10-29 23:59:59.999,0.7257904544261671,0.7310585786300049
2019-10-30 23:59:59.999,0.7310583442502515,0.7310585786300049
2019-10-31 23:59:59.999,0.7310585786300049,0.7310585786300049
2019-11-02 23:59:59.999,0.7310585786300049,0.7310585786300049
2019-11-04 23:59:59.999,0.7310585786300049,0.7310585786300049
2019-11-06 23:59:59.999,0.7310585786300049,0.7310585786300049
2019-11-08 23:59:59.999,0.7310585786300049,0.7310585786300049
2019-11-10 23:59:59.999,0.7310572895397637,0.7310585786300049
2019-11-11 23:59:59.999,0.7298509053070269,0.7310585786300049
2019-11-12 23:59:59.999,0.539516619629178,0.7310585786300049
2019-11-13 23:59:59.999,0.5001995243259038,0.7310585786300049
2019-11-14 23:59:59.999,0.5000003060122253,0.7310585786300049
2019-11-15 23:59:59.999,0.5000000000635686,0.7310585551920353
2019-11-16 23:59:59.999,0.5000000000000301,0.7310585551920353
2019-11-17 23:59:59.999,0.5000000000000001,0.7310585551920353
2019-11-18 23:59:59.999,0.5,0.7310584145641912
2019-11-19 23:59:59.999,0.5,0.7310582973742854
2019-11-20 23:59:59.999,0.5,0.7310581333083631
2019-11-21 23:59:59.999,0.5,0.7310494142854764
2019-11-22 23:59:59.999,0.5,0.7309895950962924
2019-11-23 23:59:59.999,0.5,0.730998549757674
2019-11-24 23:59:59.999,0.5,0.7306216231503648
2019-11-25 23:59:59.999,0.5,0.7309992061128778
2019-11-26 23:59:59.999,0.5,0.7310177125688788
2019-11-27 23:59:59.999,0.5,0.7310574301679797
2019-11-28 23:59:59.999,0.5,0.731056891092899
2019-11-29 23:59:59.999,0.5,0.7310585083160924
2019-11-30 23:59:59.999,0.5,0.7310583442502515
2019-12-01 23:59:59.999,0.5,0.731058062994377
2019-12-02 23:59:59.999,0.5,0.7310576879862553
2019-12-03 23:59:59.999,0.5,0.7310577348622885
2019-12-04 23:59:59.999,0.5,0.7310570551593002
2019-12-05 23:59:59.999,0.5,0.7310583911262125
2019-12-06 23:59:59.999,0.5,0.7310585317540645
2019-12-07 23:59:59.999,0.5,0.7310585317540645
2019-12-08 23:59:59.999,0.5,0.7310585551920353
2019-12-09 23:59:59.999,0.5,0.7310584614401443
2019-12-10 23:59:59.999,0.5,0.7310582973742854
2019-12-11 23:59:59.999,0.5,0.7310582739363003
2019-12-12 23:59:59.999,0.5,0.7310582504983141
2019-12-13 23:59:59.999,0.5,0.7310584380021684
2019-12-14 23:59:59.999,0.5,0.7310578520523492
2019-12-15 23:59:59.999,0.5,0.7310582504983141
2019-12-16 23:59:59.999,0.5,0.7310564457694909
2019-12-17 23:59:59.999,0.5,0.7310441405962075
2019-12-18 23:59:59.999,0.5,0.7310585786300049
2019-12-19 23:59:59.999,0.5,0.7310585551920353
2019-12-20 23:59:59.999,0.5,0.7310585551920353
2019-12-21 23:59:59.999,0.5,0.7310585551920353
2019-12-22 23:59:59.999,0.5,0.7310585786300049
2019-12-23 23:59:59.999,0.5,0.7310585786300049
2019-12-24 23:59:59.999,0.5,0.7310585786300049
2019-12-25 23:59:59.999,0.5,0.7310585786300049
2019-12-26 23:59:59.999,0.5,0.7310585786300049
2019-12-27 23:59:59.999,0.5,0.7310585786300049
2019-12-28 23:59:59.999,0.5,0.7310585786300049
2019-12-29 23:59:59.999,0.5,0.7310585786300049
2019-12-30 23:59:59.999,0.5,0.7310585786300049
2019-12-31 23:59:59.999,0.5,0.7310585786300049
2020-01-01 23:59:59.999,0.5,0.7310585786300049
2020-01-02 23:59:59.999,0.5,0.7310585317540645
2020-01-03 23:59:59.999,0.5,0.7310585786300049
2020-01-04 23:59:59.999,0.5,0.7310585786300049
2020-01-05 23:59:59.999,0.5000000000000007,0.7310585786300049
2020-01-06 23:59:59.999,0.5000000000006989,0.7310585786300049
2020-01-07 23:59:59.999,0.500001386572194,0.7310585786300049
2020-01-08 23:59:59.999,0.6736805450844663,0.7310585786300049
2020-01-09 23:59:59.999,0.7309810504859059,0.7310585786300049
2020-01-10 23:59:59.999,0.7310585317540645,0.7310585786300049
2020-01-11 23:59:59.999,0.7310585786300049,0.7310585786300049
2020-01-15 23:59:59.999,0.7310585786300049,0.7310585786300049
2020-01-17 23:59:59.999,0.7310585786300049,0.7310585786300049
2020-01-20 23:59:59.999,0.7310585786300049,0.7310585786300049
2020-01-22 23:59:59.999,0.7310585786300049,0.7310585786300049
2020-01-24 23:59:59.999,0.7310585786300049,0.7310585786300049
2020-01-26 23:59:59.999,0.7310585786300049,0.7310585786300049
2020-01-28 23:59:59.999,0.7310585786300049,0.7310585786300049
2020-01-30 23:59:59.999,0.7310585786300049,0.7310585786300049
2020-02-01 23:59:59.999,0.7310585786300049,0.7310585786300049
2020-02-03 23:59:59.999,0.7310585786300049,0.7310585786300049
2020-02-05 23:59:59.999,0.7310585786300049,0.7310585786300049
2020-02-09 23:59:59.999,0.7310585786300049,0.7310585786300049
2020-02-11 23:59:59.999,0.7310585786300049,0.7310585786300049
2020-02-14 23:59:59.999,0.7310585786300049,0.7310585786300049
2020-02-16 23:59:59.999,0.7310585786300049,0.7310585786300049
2020-02-18 23:59:59.999,0.7310585786300049,0.7310585786300049
2020-02-20 23:59:59.999,0.7310585786300049,0.7310585786300049
2020-02-22 23:59:59.999,0.7310585786300049,0.7310585786300049
2020-02-24 23:59:59.999,0.7310585786300049,0.7310585786300049
2020-02-26 23:59:59.999,0.5000028477211345,0.7310585083160924
2020-02-27 23:59:59.999,0.5000000000000634,0.7310585083160924
2020-02-28 23:59:59.999,0.5,0.7310583676882327
2020-02-29 23:59:59.999,0.5,0.7310578989283645
2020-03-01 23:59:59.999,0.5,0.7310577114242726
2020-03-02 23:59:59.999,0.5,0.7310585551920353
2020-03-03 23:59:59.999,0.5,0.731058484878119
2020-03-04 23:59:59.999,0.5,0.731058484878119
2020-03-05 23:59:59.999,0.5,0.7310585786300049
2020-03-06 23:59:59.999,0.5,0.7310585786300049
2020-03-07 23:59:59.999,0.5,0.7310585551920353
2020-03-08 23:59:59.999,0.5,0.7310565160837441
2020-03-09 23:59:59.999,0.5,0.7310539613250814
2020-03-10 23:59:59.999,0.5,0.7310512893592424
2020-03-11 23:59:59.999,0.5,0.7310523909612264
2020-03-12 23:59:59.999,0.5,0.7003787993506562
2020-03-13 23:59:59.999,0.5,0.7294199958904013
2020-03-14 23:59:59.999,0.5,0.7230476019922276
2020-03-15 23:59:59.999,0.5,0.725376545941579
2020-03-16 23:59:59.999,0.5,0.7141672258608248
2020-03-17 23:59:59.999,0.5,0.7259035956865059
2020-03-18 23:59:59.999,0.5,0.7275610840683713
2020-03-19 23:59:59.999,0.5,0.7309995342901003
2020-03-20 23:59:59.999,0.5,0.7310297489515997
2020-03-21 23:59:59.999,0.5,0.7310394059394922
2020-03-22 23:59:59.999,0.5,0.7310122978436274
2020-03-23 23:59:59.999,0.5,0.7310572661017232
2020-03-24 23:59:59.999,0.5,0.7310583676882327
2020-03-25 23:59:59.999,0.5,0.7310584380021684
2020-03-26 23:59:59.999,0.5,0.7310585083160924
2020-03-27 23:59:59.999,0.5,0.7310583442502515
2020-03-28 23:59:59.999,0.5,0.7310582739363003
2020-03-29 23:59:59.999,0.5,0.7310574067299469
2020-03-30 23:59:59.999,0.5,0.7310585083160924
2020-03-31 23:59:59.999,0.5,0.7310585317540645
2020-04-01 23:59:59.999,0.5,0.7310585786300049
2020-04-02 23:59:59.999,0.5,0.7310585786300049
2020-04-03 23:59:59.999,0.5,0.7310585786300049
2020-04-04 23:59:59.999,0.5,0.7310585786300049
2020-04-05 23:59:59.999,0.5,0.7310585786300049
2020-04-06 23:59:59.999,0.5,0.7310585786300049
2020-04-07 23:59:59.999,0.5000000000000001,0.7310585786300049
2020-04-08 23:59:59.999,0.5000000000264521,0.7310585786300049
2020-04-09 23:59:59.999,0.5000004075006927,0.7310585786300049
2020-04-10 23:59:59.999,0.5000008050861311,0.7310585786300049
2020-04-11 23:59:59.999,0.500000120861813,0.7310585786300049
2020-04-12 23:59:59.999,0.5000000400262756,0.7310585786300049
2020-04-13 23:59:59.999,0.5000000071256401,0.7310585786300049
2020-04-14 23:59:59.999,0.5000000016782153,0.7310585786300049
2020-04-15 23:59:59.999,0.5000000000211535,0.7310585786300049
2020-04-16 23:59:59.999,0.5000000000951654,0.7310585786300049
2020-04-17 23:59:59.999,0.500000002770606,0.7310585786300049
2020-04-18 23:59:59.999,0.5000005191225796,0.7310585786300049
2020-04-19 23:59:59.999,0.5000202058836184,0.7310585786300049
2020-04-20 23:59:59.999,0.5000021565313091,0.7310585786300049
2020-04-21 23:59:59.999,0.5000000514274561,0.7310585786300049
2020-04-22 23:59:59.999,0.5000001269178256,0.7310585786300049
2020-04-23 23:59:59.999,0.5003114916214076,0.7310585786300049
2020-04-24 23:59:59.999,0.6979632505697883,0.7310585786300049
2020-04-25 23:59:59.999,0.731016024869697,0.7310585786300049
2020-04-26 23:59:59.999,0.7310585551920353,0.7310585786300049
2020-04-27 23:59:59.999,0.7310585786300049,0.7310585786300049
2020-04-30 23:59:59.999,0.7310585786300049,0.7310585786300049
2020-05-02 23:59:59.999,0.7310585786300049,0.7310585786300049
2020-05-04 23:59:59.999,0.7310585786300049,0.7310585786300049
2020-05-06 23:59:59.999,0.7310585786300049,0.7310585786300049
2020-05-08 23:59:59.999,0.7310585786300049,0.7310585786300049
2020-05-10 23:59:59.999,0.7310585786300049,0.7310585786300049
2020-05-12 23:59:59.999,0.7310585786300049,0.7310585786300049
2020-05-14 23:59:59.999,0.7310585786300049,0.7310585786300049
2020-05-16 23:59:59.999,0.7310585786300049,0.7310585786300049
2020-05-18 23:59:59.999,0.7310585786300049,0.7310585786300049
2020-05-20 23:59:59.999,0.7310585786300049,0.7310585786300049
2020-05-22 23:59:59.999,0.7310585786300049,0.7310585786300049
2020-05-24 23:59:59.999,0.7310585786300049,0.7310585786300049
2020-05-26 23:59:59.999,0.7310585786300049,0.7310585786300049
2020-05-28 23:59:59.999,0.7310585786300049,0.7310585786300049
2020-05-30 23:59:59.999,0.7310585786300049,0.7310585786300049
2020-06-01 23:59:59.999,0.7310585786300049,0.7310585786300049
2020-06-03 23:59:59.999,0.7310585786300049,0.7310585786300049
2020-06-05 23:59:59.999,0.7310585786300049,0.7310585786300049
2020-06-07 23:59:59.999,0.7310585786300049,0.7310585786300049
2020-06-10 23:59:59.999,0.7310585786300049,0.7310585786300049
2020-06-12 23:59:59.999,0.7310585551920353,0.7310585786300049
2020-06-13 23:59:59.999,0.731048125167469,0.7310585786300049
2020-06-14 23:59:59.999,0.7221990845888544,0.7310585786300049
2020-06-15 23:59:59.999,0.5229385462056984,0.7310585786300049
2020-06-16 23:59:59.999,0.5019852861739457,0.7310585786300049
2020-06-17 23:59:59.999,0.5002056883706631,0.7310585786300049
2020-06-18 23:59:59.999,0.5000067334576666,0.7310585786300049
2020-06-19 23:59:59.999,0.5000000842819503,0.7310585786300049
2020-06-20 23:59:59.999,0.5000000023103714,0.7310585786300049
2020-06-21 23:59:59.999,0.5000000000971215,0.7310585786300049
2020-06-22 23:59:59.999,0.5000000004063334,0.7310585786300049
2020-06-23 23:59:59.999,0.500000017017106,0.7310585786300049
2020-06-24 23:59:59.999,0.5000000037126462,0.7310585786300049
2020-06-25 23:59:59.999,0.5000000000363911,0.7310585786300049
2020-06-26 23:59:59.999,0.5000000000002317,0.7310585786300049
2020-06-27 23:59:59.999,0.5000000000000003,0.7310585551920353
2020-06-28 23:59:59.999,0.5,0.7310585786300049
2020-06-29 23:59:59.999,0.5,0.7310585786300049
2020-06-30 23:59:59.999,0.5,0.7310585786300049
2020-07-01 23:59:59.999,0.5,0.7310585786300049
2020-07-02 23:59:59.999,0.5,0.7310585551920353
2020-07-03 23:59:59.999,0.5,0.7310585551920353
2020-07-04 23:59:59.999,0.5,0.7310585786300049
2020-07-05 23:59:59.999,0.5,0.7310585551920353
2020-07-06 23:59:59.999,0.5,0.7310585786300049
2020-07-07 23:59:59.999,0.5,0.7310585786300049
2020-07-08 23:59:59.999,0.5,0.7310585786300049
2020-07-09 23:59:59.999,0.5000000000000007,0.7310585786300049
2020-07-10 23:59:59.999,0.5000000000000018,0.7310585786300049
2020-07-11 23:59:59.999,0.5000000000000049,0.7310585786300049
2020-07-12 23:59:59.999,0.5000000000000111,0.7310585786300049
2020-07-13 23:59:59.999,0.5000000000000318,0.7310585786300049
2020-07-14 23:59:59.999,0.5000000000000412,0.7310585786300049
2020-07-15 23:59:59.999,0.5000000000000444,0.7310585786300049
2020-07-16 23:59:59.999,0.5000000000000161,0.7310585786300049
2020-07-17 23:59:59.999,0.5000000000000038,0.7310585786300049
2020-07-18 23:59:59.999,0.5000000000000019,0.7310585786300049
2020-07-19 23:59:59.999,0.5000000000000017,0.7310585786300049
2020-07-20 23:59:59.999,0.5000000000000029,0.7310585786300049
2020-07-21 23:59:59.999,0.5000000000000042,0.7310585786300049
2020-07-22 23:59:59.999,0.5000000000004626,0.7310585786300049
2020-07-23 23:59:59.999,0.5000000001705303,0.7310585786300049
2020-07-24 23:59:59.999,0.5000000436931842,0.7310585786300049
2020-07-25 23:59:59.999,0.5000031957285955,0.7310585786300049
2020-07-26 23:59:59.999,0.5053032766556472,0.7310585786300049
2020-07-27 23:59:59.999,0.7310585786300049,0.7310585786300049
2020-07-29 23:59:59.999,0.7310585786300049,0.7310585786300049
2020-07-31 23:59:59.999,0.7310585786300049,0.7310585786300049
2020-08-02 23:59:59.999,0.7310585786300049,0.7310585786300049
2020-08-04 23:59:59.999,0.7310585786300049,0.7310585786300049
2020-08-06 23:59:59.999,0.7310585786300049,0.7310585786300049
2020-08-08 23:59:59.999,0.7310585786300049,0.7310585786300049
2020-08-10 23:59:59.999,0.7310585786300049,0.7310585786300049
2020-08-12 23:59:59.999,0.7310585786300049,0.7310585786300049
2020-08-14 23:59:59.999,0.7310585786300049,0.7310585786300049
2020-08-16 23:59:59.999,0.7310585786300049,0.7310585786300049
2020-08-18 23:59:59.999,0.7310585786300049,0.7310585786300049
2020-08-20 23:59:59.999,0.7310585786300049,0.7310585786300049
2020-08-22 23:59:59.999,0.7310585786300049,0.7310585786300049
2020-08-26 23:59:59.999,0.7310585786300049,0.7310585786300049
2020-08-28 23:59:59.999,0.7310578051763288,0.7310585786300049
2020-08-29 23:59:59.999,0.7309815662148534,0.7310585786300049
2020-08-30 23:59:59.999,0.7307872680188118,0.7310585786300049
2020-08-31 23:59:59.999,0.7306936571932676,0.7310585786300049
2020-09-01 23:59:59.999,0.7310303818191672,0.7310585786300049
2020-09-02 23:59:59.999,0.7303819617730669,0.7310585786300049
2020-09-03 23:59:59.999,0.5000000000979486,0.7310581098703691
2020-09-04 23:59:59.999,0.5,0.7310584614401443
2020-09-05 23:59:59.999,0.5,0.7310580395563792
2020-09-06 23:59:59.999,0.5,0.7310581333083631
2020-09-07 23:59:59.999,0.5,0.7310583208122692
2020-09-08 23:59:59.999,0.5,0.7310576411102168
2020-09-09 23:59:59.999,0.5,0.7310579926803794
2020-09-10 23:59:59.999,0.5,0.7310583208122692
2020-09-11 23:59:59.999,0.5,0.7310584145641912
2020-09-12 23:59:59.999,0.5,0.7310584614401443
2020-09-13 23:59:59.999,0.5,0.7310583911262125
2020-09-14 23:59:59.999,0.5,0.7310585551920353
2020-09-15 23:59:59.999,0.5,0.7310585786300049
2020-09-16 23:59:59.999,0.5,0.7310585786300049
2020-09-17 23:59:59.999,0.5,0.7310585786300049
2020-09-18 23:59:59.999,0.5,0.7310585786300049
2020-09-19 23:59:59.999,0.5,0.7310585786300049
2020-09-20 23:59:59.999,0.5,0.7310585786300049
2020-09-21 23:59:59.999,0.5,0.7310585551920353
2020-09-22 23:59:59.999,0.5,0.7310585786300049
2020-09-23 23:59:59.999,0.5,0.7310585083160924
2020-09-24 23:59:59.999,0.5,0.7310585786300049
2020-09-25 23:59:59.999,0.5,0.7310585786300049
2020-09-26 23:59:59.999,0.5,0.7310585786300049
2020-09-27 23:59:59.999,0.5,0.7310585786300049
2020-09-28 23:59:59.999,0.5,0.7310585786300049
2020-09-29 23:59:59.999,0.5,0.7310585786300049
2020-09-30 23:59:59.999,0.5000000000000002,0.7310585786300049
2020-10-01 23:59:59.999,0.5000000000000002,0.7310585786300049
2020-10-02 23:59:59.999,0.5,0.7310585786300049
2020-10-03 23:59:59.999,0.5,0.7310585786300049
2020-10-04 23:59:59.999,0.5,0.7310585786300049
2020-10-05 23:59:59.999,0.5000000000000001,0.7310585786300049
2020-10-06 23:59:59.999,0.5000000000000002,0.7310585786300049
2020-10-07 23:59:59.999,0.5000000000000002,0.7310585786300049
2020-10-08 23:59:59.999,0.500000000000005,0.7310585786300049
2020-10-09 23:59:59.999,0.5000000000037608,0.7310585786300049
2020-10-10 23:59:59.999,0.5000000407327434,0.7310585786300049
2020-10-11 23:59:59.999,0.5008506267856215,0.7310585786300049
2020-10-12 23:59:59.999,0.7289991110966363,0.7310585786300049
2020-10-13 23:59:59.999,0.7310578520523492,0.7310585786300049
2020-10-14 23:59:59.999,0.7310585786300049,0.7310585786300049
2020-10-16 23:59:59.999,0.7310585786300049,0.7310585786300049
2020-10-20 23:59:59.999,0.7310585786300049,0.7310585786300049
2020-10-22 23:59:59.999,0.7310585786300049,0.7310585786300049
2020-10-24 23:59:59.999,0.7310585786300049,0.7310585786300049
2020-10-26 23:59:59.999,0.7310585786300049,0.7310585786300049
2020-10-28 23:59:59.999,0.7310585786300049,0.7310585786300049
2020-10-30 23:59:59.999,0.7310585786300049,0.7310585786300049
2020-11-01 23:59:59.999,0.7310585786300049,0.7310585786300049
2020-11-03 23:59:59.999,0.7310585786300049,0.7310585786300049
2020-11-05 23:59:59.999,0.7310585786300049,0.7310585786300049
2020-11-07 23:59:59.999,0.7310585786300049,0.7310585786300049
2020-11-09 23:59:59.999,0.7310585786300049,0.7310585786300049
2020-11-11 23:59:59.999,0.7310585786300049,0.7310585786300049
2020-11-13 23:59:59.999,0.7310585786300049,0.7310585786300049
2020-11-15 23:59:59.999,0.7310585786300049,0.7310585786300049
2020-11-17 23:59:59.999,0.7310585786300049,0.7310585786300049
2020-11-19 23:59:59.999,0.7310585786300049,0.7310585786300049
2020-11-21 23:59:59.999,0.7310585786300049,0.7310585786300049
2020-11-23 23:59:59.999,0.7310585786300049,0.7310585786300049
2020-11-25 23:59:59.999,0.7310585786300049,0.7310585786300049
2020-11-27 23:59:59.999,0.7310585786300049,0.7310585786300049
2020-11-29 23:59:59.999,0.7310585786300049,0.7310585786300049
2020-12-01 23:59:59.999,0.7310585786300049,0.7310585786300049
2020-12-03 23:59:59.999,0.7310585786300049,0.7310585786300049
2020-12-05 23:59:59.999,0.7310585786300049,0.7310585786300049
2020-12-07 23:59:59.999,0.7310585786300049,0.7310585786300049
2020-12-09 23:59:59.999,0.7310585786300049,0.7310585786300049
2020-12-11 23:59:59.999,0.7310585786300049,0.7310585786300049
2020-12-13 23:59:59.999,0.7310585786300049,0.7310585786300049
2020-12-16 23:59:59.999,0.7310585786300049,0.7310585786300049
2020-12-18 23:59:59.999,0.7310585786300049,0.7310585786300049
2020-12-20 23:59:59.999,0.7310585786300049,0.7310585786300049
2020-12-22 23:59:59.999,0.7310585786300049,0.7310585786300049
2020-12-24 23:59:59.999,0.7310585786300049,0.7310585786300049
2020-12-26 23:59:59.999,0.7310585786300049,0.7310585786300049
2020-12-28 23:59:59.999,0.7310585786300049,0.7310585786300049
2020-12-30 23:59:59.999,0.7310585786300049,0.7310585786300049
2021-01-01 23:59:59.999,0.7310585786300049,0.7310585786300049
2021-01-03 23:59:59.999,0.7310585786300049,0.7310585786300049
2021-01-05 23:59:59.999,0.7310585786300049,0.7310585786300049
2021-01-07 23:59:59.999,0.7310585786300049,0.7310585786300049
2021-01-09 23:59:59.999,0.7310585786300049,0.7310585786300049
2021-01-11 23:59:59.999,0.7310585786300049,0.7310585786300049
2021-01-13 23:59:59.999,0.7310585786300049,0.7310585786300049
2021-01-15 23:59:59.999,0.7310585786300049,0.7310585786300049
2021-01-17 23:59:59.999,0.7310585786300049,0.7310585786300049
2021-01-19 23:59:59.999,0.7310585786300049,0.7310585786300049
2021-01-21 23:59:59.999,0.7310585786300049,0.7310585786300049
2021-01-23 23:59:59.999,0.7310585786300049,0.7310585786300049
2021-01-25 23:59:59.999,0.7310585786300049,0.7310585786300049
2021-01-27 23:59:59.999,0.7310585786300049,0.7310585786300049
2021-01-29 23:59:59.999,0.7310585786300049,0.7310585786300049
2021-01-31 23:59:59.999,0.7310585786300049,0.7310585786300049
2021-02-02 23:59:59.999,0.7310585786300049,0.7310585786300049
2021-02-04 23:59:59.999,0.7310585786300049,0.7310585786300049
2021-02-06 23:59:59.999,0.7310585786300049,0.7310585786300049
2021-02-08 23:59:59.999,0.7310585786300049,0.7310585786300049
2021-02-10 23:59:59.999,0.7310585786300049,0.7310585786300049
2021-02-12 23:59:59.999,0.7310585786300049,0.7310585786300049
2021-02-14 23:59:59.999,0.7310585786300049,0.7310585786300049
2021-02-16 23:59:59.999,0.7310585786300049,0.7310585786300049
2021-02-18 23:59:59.999,0.7310585786300049,0.7310585786300049
2021-02-20 23:59:59.999,0.7310585786300049,0.7310585786300049
2021-02-22 23:59:59.999,0.7310585786300049,0.7310585786300049
2021-02-24 23:59:59.999,0.7310585786300049,0.7310585786300049
2021-02-26 23:59:59.999,0.7310585786300049,0.7310585786300049
2021-02-28 23:59:59.999,0.7310585786300049,0.7310585786300049
2021-03-02 23:59:59.999,0.7310585786300049,0.7310585786300049
2021-03-04 23:59:59.999,0.7310585786300049,0.7310585786300049
2021-03-06 23:59:59.999,0.7310585786300049,0.7310585786300049
2021-03-08 23:59:59.999,0.7310585786300049,0.7310585786300049
2021-03-10 23:59:59.999,0.7310585786300049,0.7310585786300049
2021-03-12 23:59:59.999,0.7310585786300049,0.7310585786300049
2021-03-14 23:59:59.999,0.7310585786300049,0.7310585786300049
2021-03-16 23:59:59.999,0.7310585786300049,0.7310585786300049
2021-03-18 23:59:59.999,0.7310585786300049,0.7310585786300049
2021-03-20 23:59:59.999,0.7310585786300049,0.7310585786300049
2021-03-22 23:59:59.999,0.7310585786300049,0.7310585786300049
2021-03-24 23:59:59.999,0.7310585786300049,0.7310585786300049
2021-03-26 23:59:59.999,0.7310585786300049,0.7310585786300049
2021-03-28 23:59:59.999,0.7310585786300049,0.7310585786300049
2021-03-30 23:59:59.999,0.7310585786300049,0.7310585786300049
2021-04-01 23:59:59.999,0.7310585786300049,0.7310585786300049
2021-04-03 23:59:59.999,0.7310585786300049,0.7310585786300049
2021-04-05 23:59:59.999,0.7310585786300049,0.7310585786300049
2021-04-07 23:59:59.999,0.7310585786300049,0.7310585786300049
2021-04-09 23:59:59.999,0.7310585786300049,0.7310585786300049
2021-04-11 23:59:59.999,0.7310585786300049,0.7310585786300049
2021-04-13 23:59:59.999,0.7310585786300049,0.7310585786300049
2021-04-15 23:59:59.999,0.7310585786300049,0.7310585786300049
2021-04-17 23:59:59.999,0.7310585786300049,0.7310585786300049
2021-04-19 23:59:59.999,0.7310585786300049,0.7310585786300049
2021-04-21 23:59:59.999,0.7261207824212514,0.7310585551920353
2021-04-22 23:59:59.999,0.5,0.73105447696568
2021-04-23 23:59:59.999,0.5,0.7309177282892722
2021-04-24 23:59:59.999,0.5,0.7252518915262203
2021-04-25 23:59:59.999,0.5,0.6247804406943647
2021-04-26 23:59:59.999,0.5,0.7307848406361038
2021-04-27 23:59:59.999,0.5,0.73102995990756
2021-04-28 23:59:59.999,0.5,0.7310469298000084
2021-04-29 23:59:59.999,0.5,0.7310277097052573
2021-04-30 23:59:59.999,0.5,0.7310585317540645
2021-05-01 23:59:59.999,0.5,0.7310585786300049
2021-05-02 23:59:59.999,0.5,0.7310585786300049
2021-05-03 23:59:59.999,0.5,0.7310585786300049
2021-05-04 23:59:59.999,0.5,0.7310584380021684
2021-05-05 23:59:59.999,0.5,0.7310585786300049
2021-05-06 23:59:59.999,0.5,0.7310585786300049
2021-05-07 23:59:59.999,0.5000000000000464,0.7310585786300049
2021-05-08 23:59:59.999,0.7310585786300049,0.7310585786300049
2021-05-10 23:59:59.999,0.7310585786300049,0.7310585786300049
2021-05-12 23:59:59.999,0.5,0.7310578286143397
2021-05-13 23:59:59.999,0.5,0.7310412107405923
2021-05-14 23:59:59.999,0.5,0.7309058059708359
2021-05-15 23:59:59.999,0.5,0.7045776795430264
2021-05-16 23:59:59.999,0.5,0.5622490243329369
2021-05-17 23:59:59.999,0.5,0.5004801301672509
2021-05-18 23:59:59.999,0.5,0.5000157860285929
2021-05-19 23:59:59.999,0.5,0.5000000048858717
2021-05-20 23:59:59.999,0.5,0.5000000272637326
2021-05-21 23:59:59.999,0.5,0.500000000341403
2021-05-22 23:59:59.999,0.5,0.5000000000577681
2021-05-23 23:59:59.999,0.5,0.5000000000013034
2021-05-24 23:59:59.999,0.5,0.5000000000885152
2021-05-25 23:59:59.999,0.5,0.5000000001360738
2021-05-26 23:59:59.999,0.5,0.5000000012340466
2021-05-27 23:59:59.999,0.5,0.5000000025730487
2021-05-28 23:59:59.999,0.5,0.500000000422122
2021-05-29 23:59:59.999,0.5,0.5000000001498723
2021-05-30 23:59:59.999,0.5,0.5000000007066113
2021-05-31 23:59:59.999,0.5,0.5000000183245437
2021-06-01 23:59:59.999,0.5,0.5000000534830278
2021-06-02 23:59:59.999,0.5,0.5000008795814779
2021-06-03 23:59:59.999,0.5,0.5000714656921126
2021-06-04 23:59:59.999,0.5,0.5000421682560864
2021-06-05 23:59:59.999,0.5,0.5000272920151203
2021-06-06 23:59:59.999,0.5,0.5000759858661302
2021-06-07 23:59:59.999,0.5,0.5000120421400401
2021-06-08 23:59:59.999,0.5,0.5000090119219739
2021-06-09 23:59:59.999,0.5,0.5059207392217414
2021-06-10 23:59:59.999,0.5,0.5189604768504874
2021-06-11 23:59:59.999,0.5,0.6277415606577867
2021-06-12 23:59:59.999,0.5,0.5898985377540819
2021-06-13 23:59:59.999,0.5,0.7301073430285546
2021-06-14 23:59:59.999,0.5,0.7310462500797585
2021-06-15 23:59:59.999,0.5,0.7310570317212467
2021-06-16 23:59:59.999,0.5,0.731055766064443
2021-06-17 23:59:59.999,0.5,0.7310567973406412
2021-06-18 23:59:59.999,0.5,0.7310362182201475
2021-06-19 23:59:59.999,0.5,0.7310030152972042
2021-06-20 23:59:59.999,0.5,0.730989431003881
2021-06-21 23:59:59.999,0.5,0.7171700340892451
2021-06-22 23:59:59.999,0.5,0.7132948780072937
2021-06-23 23:59:59.999,0.5,0.7248891644630518
2021-06-24 23:59:59.999,0.5,0.7298157178905865
2021-06-25 23:59:59.999,0.5,0.6957168199852314
2021-06-26 23:59:59.999,0.5,0.7058672666623315
2021-06-27 23:59:59.999,0.5,0.7303825721275248
2021-06-28 23:59:59.999,0.5,0.7307625713931076
2021-06-29 23:59:59.999,0.5,0.731045570358423
2021-06-30 23:59:59.999,0.5,0.7310474923262905
2021-07-01 23:59:59.999,0.5,0.7310138917958781
2021-07-02 23:59:59.999,0.5,0.7310328429618714
2021-07-03 23:59:59.999,0.5,0.7310542660218743
2021-07-04 23:59:59.999,0.5,0.7310578286143397
2021-07-05 23:59:59.999,0.5,0.7310547347857451
2021-07-06 23:59:59.999,0.5,0.731057172349548
2021-07-07 23:59:59.999,0.5,0.7310568207787076
2021-07-08 23:59:59.999,0.5,0.7310513831127138
2021-07-09 23:59:59.999,0.5,0.7310571020354032
2021-07-10 23:59:59.999,0.5,0.7310567504645046
2021-07-11 23:59:59.999,0.5,0.7310582270603264
2021-07-12 23:59:59.999,0.5,0.7310569614070787
2021-07-13 23:59:59.999,0.5,0.7310554613687243
2021-07-14 23:59:59.999,0.5,0.7310556723119375
2021-07-15 23:59:59.999,0.5,0.7310429217787221
2021-07-16 23:59:59.999,0.5,0.7310057344479309
2021-07-17 23:59:59.999,0.5,0.7310016322742214
2021-07-18 23:59:59.999,0.5,0.731023478823918
2021-07-19 23:59:59.999,0.5,0.7308612203417401
2021-07-20 23:59:59.999,0.5,0.7293751140491682
2021-07-21 23:59:59.999,0.5,0.7310486408151405
2021-07-22 23:59:59.999,0.5,0.7310549457293185
2021-07-23 23:59:59.999,0.5,0.731058484878119
2021-07-24 23:59:59.999,0.5,0.7310585786300049
2021-07-25 23:59:59.999,0.5,0.7310585786300049
2021-07-26 23:59:59.999,0.500000000886044,0.7310585786300049
2021-07-27 23:59:59.999,0.7310585786300049,0.7310585786300049
2021-07-29 23:59:59.999,0.7310585786300049,0.7310585786300049
2021-07-31 23:59:59.999,0.7310585786300049,0.7310585786300049
2021-08-02 23:59:59.999,0.7310585786300049,0.7310585786300049
2021-08-04 23:59:59.999,0.7310585786300049,0.7310585786300049
2021-08-06 23:59:59.999,0.7310585786300049,0.7310585786300049
2021-08-08 23:59:59.999,0.7310585786300049,0.7310585786300049
2021-08-10 23:59:59.999,0.7310585786300049,0.7310585786300049
2021-08-12 23:59:59.999,0.7310585786300049,0.7310585786300049
2021-08-14 23:59:59.999,0.7310585786300049,0.7310585786300049
2021-08-16 23:59:59.999,0.7310585786300049,0.7310585786300049
2021-08-18 23:59:59.999,0.7310585786300049,0.7310585786300049
2021-08-20 23:59:59.999,0.7310585786300049,0.7310585786300049
2021-08-22 23:59:59.999,0.7310585786300049,0.7310585786300049
2021-08-24 23:59:59.999,0.7310585786300049,0.7310585786300049
2021-08-26 23:59:59.999,0.7310585786300049,0.7310585786300049
2021-08-28 23:59:59.999,0.7310585786300049,0.7310585786300049
2021-08-30 23:59:59.999,0.7310585786300049,0.7310585786300049
2021-09-01 23:59:59.999,0.7310585786300049,0.7310585786300049
2021-09-03 23:59:59.999,0.7310585786300049,0.7310585786300049
2021-09-05 23:59:59.999,0.7310585786300049,0.7310585786300049
2021-09-07 23:59:59.999,0.7310585786300049,0.7310585786300049
2021-09-09 23:59:59.999,0.7310585786300049,0.7310585786300049
2021-09-11 23:59:59.999,0.7310585786300049,0.7310585786300049
2021-09-13 23:59:59.999,0.5000000000001028,0.7310585786300049
2021-09-14 23:59:59.999,0.500000000001576,0.7310585786300049
2021-09-15 23:59:59.999,0.6320666942874036,0.7310585786300049
2021-09-16 23:59:59.999,0.7310582739363003,0.7310585786300049
2021-09-17 23:59:59.999,0.7310583676882327,0.7310585786300049
2021-09-18 23:59:59.999,0.7310585786300049,0.7310585786300049
2021-09-20 23:59:59.999,0.5,0.7310584380021684
2021-09-21 23:59:59.999,0.5,0.7310353040903413
2021-09-22 23:59:59.999,0.5,0.7310563988933154
2021-09-23 23:59:59.999,0.5,0.731058062994377
2021-09-24 23:59:59.999,0.5,0.7310504924539015
2021-09-25 23:59:59.999,0.5,0.7310377886436914
2021-09-26 23:59:59.999,0.5,0.7310428045845491
2021-09-27 23:59:59.999,0.5,0.7309793626413457
2021-09-28 23:59:59.999,0.5,0.7304378642771453
2021-09-29 23:59:59.999,0.5,0.7305359312605317
2021-09-30 23:59:59.999,0.5,0.731047234501837
2021-10-01 23:59:59.999,0.5,0.7310585786300049
2021-10-02 23:59:59.999,0.5,0.7310585786300049
2021-10-03 23:59:59.999,0.5,0.7310585786300049
2021-10-04 23:59:59.999,0.7310585786300049,0.7310585786300049
2021-10-06 23:59:59.999,0.7310585786300049,0.7310585786300049
2021-10-08 23:59:59.999,0.7310585786300049,0.7310585786300049
2021-10-11 23:59:59.999,0.7310585786300049,0.7310585786300049
2021-10-13 23:59:59.999,0.7310585786300049,0.7310585786300049
2021-10-15 23:59:59.999,0.7310585786300049,0.7310585786300049
2021-10-17 23:59:59.999,0.7310585786300049,0.7310585786300049
2021-10-19 23:59:59.999,0.7310585786300049,0.7310585786300049
2021-10-21 23:59:59.999,0.7310585786300049,0.7310585786300049
2021-10-23 23:59:59.999,0.7310585786300049,0.7310585786300049
2021-10-25 23:59:59.999,0.7310585786300049,0.7310585786300049
2021-10-27 23:59:59.999,0.7310585786300049,0.7310585786300049
2021-10-29 23:59:59.999,0.7310585786300049,0.7310585786300049
2021-10-31 23:59:59.999,0.7310585786300049,0.7310585786300049
2021-11-02 23:59:59.999,0.7310585786300049,0.7310585786300049
2021-11-04 23:59:59.999,0.7310585786300049,0.7310585786300049
2021-11-06 23:59:59.999,0.7310585786300049,0.7310585786300049
2021-11-08 23:59:59.999,0.7310585786300049,0.7310585786300049
2021-11-10 23:59:59.999,0.7310585786300049,0.7310585786300049
2021-11-12 23:59:59.999,0.7310585786300049,0.7310585786300049
2021-11-14 23:59:59.999,0.7310585786300049,0.7310585786300049
2021-11-16 23:59:59.999,0.7310585786300049,0.7310585786300049
2021-11-18 23:59:59.999,0.7310585786300049,0.7310585786300049
2021-11-20 23:59:59.999,0.5,0.7310585786300049
2021-11-21 23:59:59.999,0.5,0.7310585083160924
2021-11-22 23:59:59.999,0.5,0.7310535394368539
2021-11-23 23:59:59.999,0.5,0.7310548051002812
2021-11-24 23:59:59.999,0.5,0.7310439999635989
2021-11-25 23:59:59.999,0.5,0.7310570551593002
2021-11-26 23:59:59.999,0.5,0.7300554263996416
2021-11-27 23:59:59.999,0.5,0.7295250587289247
2021-11-28 23:59:59.999,0.5,0.7309697511767071
2021-11-29 23:59:59.999,0.5,0.7310322804162226
2021-11-30 23:59:59.999,0.5,0.7310188142577898
2021-12-01 23:59:59.999,0.5,0.7310379527174586
2021-12-02 23:59:59.999,0.5,0.7310220021075088
2021-12-03 23:59:59.999,0.5,0.7294967606293036
2021-12-04 23:59:59.999,0.5,0.5473199417395292
2021-12-05 23:59:59.999,0.5,0.5058088329303111
2021-12-06 23:59:59.999,0.5,0.5056795931277133
2021-12-07 23:59:59.999,0.5,0.5034917477044589
2021-12-08 23:59:59.999,0.5,0.5022112860062464
2021-12-09 23:59:59.999,0.5,0.5000589662774468
2021-12-10 23:59:59.999,0.5,0.5000116537867122
2021-12-11 23:59:59.999,0.5,0.5003197121696678
2021-12-12 23:59:59.999,0.5,0.501864468302457
2021-12-13 23:59:59.999,0.5,0.5000753795533202
2021-12-14 23:59:59.999,0.5,0.5007772019741955
2021-12-15 23:59:59.999,0.5,0.5033834900655034
2021-12-16 23:59:59.999,0.5,0.5017298760021405
2021-12-17 23:59:59.999,0.5,0.5003895200292009
2021-12-18 23:59:59.999,0.5,0.5012150118659052
2021-12-19 23:59:59.999,0.5,0.5015391138430747
2021-12-20 23:59:59.999,0.5,0.5039453195195901
2021-12-21 23:59:59.999,0.5,0.6376647179616053
2021-12-22 23:59:59.999,0.5,0.6918280468907768
2021-12-23 23:59:59.999,0.5,0.7308144725218066
2021-12-24 23:59:59.999,0.5,0.7310308740488468
2021-12-25 23:59:59.999,0.5,0.7310494142854764
2021-12-26 23:59:59.999,0.5,0.7310573832919128
2021-12-27 23:59:59.999,0.5,0.7310582270603264
2021-12-28 23:59:59.999,0.5,0.7310297489515997
2021-12-29 23:59:59.999,0.5,0.7308151995148733
2021-12-30 23:59:59.999,0.5,0.7309194749922598
2021-12-31 23:59:59.999,0.5,0.7303525698268444
2022-01-01 23:59:59.999,0.5,0.7310052421891734
2022-01-02 23:59:59.999,0.5,0.7309855865350002
2022-01-03 23:59:59.999,0.5,0.7308261159874324
2022-01-04 23:59:59.999,0.5,0.7303655288254074
2022-01-05 23:59:59.999,0.5,0.7033705183093584
2022-01-06 23:59:59.999,0.5,0.633428242041742
2022-01-07 23:59:59.999,0.5,0.5145702840620453
2022-01-08 23:59:59.999,0.5,0.5057513817315327
2022-01-09 23:59:59.999,0.5,0.5043755984474859
2022-01-10 23:59:59.999,0.5,0.5030156562440898
2022-01-11 23:59:59.999,0.5,0.5273361323040802
2022-01-12 23:59:59.999,0.5,0.6872603242614939
2022-01-13 23:59:59.999,0.5,0.6282335790750635
2022-01-14 23:59:59.999,0.5,0.7005566194776265
2022-01-15 23:59:59.999,0.5,0.7160986108566978
2022-01-16 23:59:59.999,0.5,0.7234013951843729
2022-01-17 23:59:59.999,0.5,0.7121781602125123
2022-01-18 23:59:59.999,0.5,0.7215102862883774
2022-01-19 23:59:59.999,0.5,0.7089893124313078
2022-01-20 23:59:59.999,0.5,0.6504219322889143
2022-01-21 23:59:59.999,0.5,0.5008360298591902
2022-01-22 23:59:59.999,0.5,0.5000260414835558
2022-01-23 23:59:59.999,0.5,0.5000844650922923
2022-01-24 23:59:59.999,0.5,0.5001153705577497
2022-01-25 23:59:59.999,0.5,0.500208512809613
2022-01-26 23:59:59.999,0.5,0.5002065650797509
2022-01-27 23:59:59.999,0.5,0.5007484044412766
2022-01-28 23:59:59.999,0.5,0.5063221582151133
2022-01-29 23:59:59.999,0.5,0.5460068375650305
2022-01-30 23:59:59.999,0.5,0.5714943186810654
2022-01-31 23:59:59.999,0.5,0.6988806414127708
2022-02-01 23:59:59.999,0.5,0.7250480604636309
2022-02-02 23:59:59.999,0.5,0.676909033451353
2022-02-03 23:59:59.999,0.5,0.7153787541189387
2022-02-04 23:59:59.999,0.5,0.7310578520523492
2022-02-05 23:59:59.999,0.5,0.731058484878119
2022-02-06 23:59:59.999,0.5,0.7310585786300049
2022-02-07 23:59:59.999,0.5,0.7310585786300049
2022-02-08 23:59:59.999,0.5019481744748922,0.7310585786300049
2022-02-09 23:59:59.999,0.7310585786300049,0.7310585786300049
2022-02-11 23:59:59.999,0.7310585786300049,0.7310585786300049
2022-02-13 23:59:59.999,0.7310585786300049,0.7310585786300049
2022-02-15 23:59:59.999,0.7310585786300049,0.7310585786300049
2022-02-17 23:59:59.999,0.7310585786300049,0.7310585786300049
2022-02-19 23:59:59.999,0.7310585786300049,0.7310585786300049
2022-02-21 23:59:59.999,0.5,0.7310536331898294
2022-02-22 23:59:59.999,0.5,0.7310567739025735
2022-02-23 23:59:59.999,0.5,0.7310386793290957
2022-02-24 23:59:59.999,0.5,0.7310535628750998
2022-02-25 23:59:59.999,0.5,0.7310576176721956
2022-02-26 23:59:59.999,0.5,0.7310577114242726
2022-02-27 23:59:59.999,0.5,0.7310494846008917
2022-02-28 23:59:59.999,0.5,0.7310585786300049
2022-03-01 23:59:59.999,0.5,0.7310585786300049
2022-03-02 23:59:59.999,0.7310585786300049,0.7310585786300049
2022-03-04 23:59:59.999,0.7310585317540645,0.7310585786300049
2022-03-05 23:59:59.999,0.5000000000946423,0.7310585786300049
2022-03-06 23:59:59.999,0.5,0.7310585551920353
2022-03-07 23:59:59.999,0.5,0.7310584380021684
2022-03-08 23:59:59.999,0.5,0.731058484878119
2022-03-09 23:59:59.999,0.5,0.7310585786300049
2022-03-10 23:59:59.999,0.5,0.7310585786300049
2022-03-11 23:59:59.999,0.5,0.7310585317540645
2022-03-12 23:59:59.999,0.5,0.7310585317540645
2022-03-13 23:59:59.999,0.5,0.7310582504983141
2022-03-14 23:59:59.999,0.5,0.7310585551920353
2022-03-15 23:59:59.999,0.5,0.7310585551920353
2022-03-16 23:59:59.999,0.5,0.7310585786300049
2022-03-17 23:59:59.999,0.5,0.7310585786300049
2022-03-18 23:59:59.999,0.5000000001944859,0.7310585786300049
2022-03-19 23:59:59.999,0.7310585786300049,0.7310585786300049
2022-03-21 23:59:59.999,0.7310585786300049,0.7310585786300049
2022-03-23 23:59:59.999,0.7310585786300049,0.7310585786300049
2022-03-25 23:59:59.999,0.7310585786300049,0.7310585786300049
2022-03-27 23:59:59.999,0.7310585786300049,0.7310585786300049
2022-03-29 23:59:59.999,0.7310585786300049,0.7310585786300049
2022-03-31 23:59:59.999,0.7310585786300049,0.7310585786300049
2022-04-02 23:59:59.999,0.7310585786300049,0.7310585786300049
2022-04-04 23:59:59.999,0.7310585786300049,0.7310585786300049
2022-04-06 23:59:59.999,0.7310585786300049,0.7310585786300049
2022-04-08 23:59:59.999,0.7310585786300049,0.7310585786300049
2022-04-11 23:59:59.999,0.5,0.7310582036223375
2022-04-12 23:59:59.999,0.5,0.7310577817383167
2022-04-13 23:59:59.999,0.5,0.7310583208122692
2022-04-14 23:59:59.999,0.5,0.7310548754148056
2022-04-15 23:59:59.999,0.5,0.7310562817028545
2022-04-16 23:59:59.999,0.5,0.7310539378868575
2022-04-17 23:59:59.999,0.5,0.7310355619220239
2022-04-18 23:59:59.999,0.5,0.7310560238837269
2022-04-19 23:59:59.999,0.5,0.7310581333083631
2022-04-20 23:59:59.999,0.5,0.7310582270603264
2022-04-21 23:59:59.999,0.5,0.7310571254734527
2022-04-22 23:59:59.999,0.5,0.7310518050030793
2022-04-23 23:59:59.999,0.5,0.7310431561669711
2022-04-24 23:59:59.999,0.5,0.7310385621337544
2022-04-25 23:59:59.999,0.5,0.731056984845136
2022-04-26 23:59:59.999,0.5,0.7309512778011886
2022-04-27 23:59:59.999,0.5,0.731046273518406
2022-04-28 23:59:59.999,0.5,0.7310551801109442
2022-04-29 23:59:59.999,0.5,0.7310361947809463
2022-04-30 23:59:59.999,0.5,0.730907025180962
2022-05-01 23:59:59.999,0.5,0.7310284832136409
2022-05-02 23:59:59.999,0.5,0.7310347884265074
2022-05-03 23:59:59.999,0.5,0.7309642537902324
2022-05-04 23:59:59.999,0.5,0.7310576176721956
2022-05-05 23:59:59.999,0.5,0.7309387468636995
2022-05-06 23:59:59.999,0.5,0.7305167702469688
2022-05-07 23:59:59.999,0.5,0.7286110177919657
2022-05-08 23:59:59.999,0.5,0.695411428688452
2022-05-09 23:59:59.999,0.5,0.5026567819545893
2022-05-10 23:59:59.999,0.5,0.5019647547896517
2022-05-11 23:59:59.999,0.5,0.5000552892195194
2022-05-12 23:59:59.999,0.5,0.5000095777886588
2022-05-13 23:59:59.999,0.5,0.5000058568266466
2022-05-14 23:59:59.999,0.5,0.5000239767159471
2022-05-15 23:59:59.999,0.5,0.5005029097715396
2022-05-16 23:59:59.999,0.5,0.5001596384773036
2022-05-17 23:59:59.999,0.5,0.5007958471806228
2022-05-18 23:59:59.999,0.5,0.5001423207393362
2022-05-19 23:59:59.999,0.5,0.5046257574922078
2022-05-20 23:59:59.999,0.5,0.5023610961208728
2022-05-21 23:59:59.999,0.5,0.5062406659180303
2022-05-22 23:59:59.999,0.5,0.5598399258832133
2022-05-23 23:59:59.999,0.5,0.532106032650119
2022-05-24 23:59:59.999,0.5,0.6111108908431451
2022-05-25 23:59:59.999,0.5,0.6481997911157321
2022-05-26 23:59:59.999,0.5,0.6581265858432739
2022-05-27 23:59:59.999,0.5,0.638491443269889
2022-05-28 23:59:59.999,0.5,0.6991672348928702
2022-05-29 23:59:59.999,0.5,0.7248666862416306
2022-05-30 23:59:59.999,0.5,0.7310427811457106
2022-05-31 23:59:59.999,0.5,0.7310563051409493
2022-06-01 23:59:59.999,0.5,0.7310311084437322
2022-06-02 23:59:59.999,0.5,0.7310541253926124
2022-06-03 23:59:59.999,0.5,0.7310489923927403
2022-06-04 23:59:59.999,0.5,0.7310536331898294
2022-06-05 23:59:59.999,0.5,0.7310556019975447
2022-06-06 23:59:59.999,0.5,0.7310585083160924
2022-06-07 23:59:59.999,0.5,0.7310585317540645
2022-06-08 23:59:59.999,0.5,0.7310584145641912
2022-06-09 23:59:59.999,0.5,0.7310584145641912
2022-06-10 23:59:59.999,0.5,0.7310573364158408
2022-06-11 23:59:59.999,0.5,0.7310521800163865
2022-06-12 23:59:59.999,0.5,0.7307682355604934
2022-06-13 23:59:59.999,0.5,0.6032858246593901
2022-06-14 23:59:59.999,0.5,0.5083649744107903
2022-06-15 23:59:59.999,0.5,0.5035781959621146
2022-06-16 23:59:59.999,0.5,0.500071310648735
2022-06-17 23:59:59.999,0.5,0.5000146169077156
2022-06-18 23:59:59.999,0.5,0.5000008180428495
2022-06-19 23:59:59.999,0.5,0.5000133782532398
2022-06-20 23:59:59.999,0.5,0.5000124029893388
2022-06-21 23:59:59.999,0.5,0.5000220738565843
2022-06-22 23:59:59.999,0.5,0.5000120385930108
2022-06-23 23:59:59.999,0.5,0.5003054726023143
2022-06-24 23:59:59.999,0.5,0.5010874049357789
2022-06-25 23:59:59.999,0.5,0.5058024086021196
2022-06-26 23:59:59.999,0.5,0.507811750685585
2022-06-27 23:59:59.999,0.5,0.5107741364769282
2022-06-28 23:59:59.999,0.5,0.5098218966001599
2022-06-29 23:59:59.999,0.5,0.5125801252179715
2022-06-30 23:59:59.999,0.5,0.5151504702346227
2022-07-01 23:59:59.999,0.5,0.5077152712377114
2022-07-02 23:59:59.999,0.5,0.5095351576664517
2022-07-03 23:59:59.999,0.5,0.5169953286610487
2022-07-04 23:59:59.999,0.5,0.6862736562734706
2022-07-05 23:59:59.999,0.5,0.7087019390819785
2022-07-06 23:59:59.999,0.5,0.728551753503835
2022-07-07 23:59:59.999,0.5,0.7310302646215405
2022-07-08 23:59:59.999,0.5,0.7310505627691386
2022-07-09 23:59:59.999,0.5,0.7310560004456167
2022-07-10 23:59:59.999,0.5,0.7310498830546925
2022-07-11 23:59:59.999,0.5,0.7310016557153264
2022-07-12 23:59:59.999,0.5,0.7308156216393107
2022-07-13 23:59:59.999,0.5,0.7310476798348859
2022-07-14 23:59:59.999,0.5,0.7310562582647585
2022-07-15 23:59:59.999,0.5,0.7310579692423776
2022-07-16 23:59:59.999,0.5,0.731058484878119
2022-07-17 23:59:59.999,0.5,0.7310583911262125
2022-07-18 23:59:59.999,0.5,0.7310585786300049
2022-07-19 23:59:59.999,0.5,0.7310585786300049
2022-07-20 23:59:59.999,0.5000000000000157,0.7310585786300049
2022-07-21 23:59:59.999,0.7288822002845233,0.7310585786300049
2022-07-22 23:59:59.999,0.7310585786300049,0.7310585786300049
2022-07-24 23:59:59.999,0.7310585786300049,0.7310585786300049
2022-07-26 23:59:59.999,0.5972993314253645,0.7310585786300049
2022-07-27 23:59:59.999,0.7310585551920353,0.7310585786300049
2022-07-28 23:59:59.999,0.7310585786300049,0.7310585786300049
2022-07-30 23:59:59.999,0.7310585786300049,0.7310585786300049
2022-08-01 23:59:59.999,0.7310585786300049,0.7310585786300049
2022-08-03 23:59:59.999,0.7310585786300049,0.7310585786300049
2022-08-05 23:59:59.999,0.7310585786300049,0.7310585786300049
2022-08-07 23:59:59.999,0.7310585786300049,0.7310585786300049
2022-08-09 23:59:59.999,0.7310585786300049,0.7310585786300049
2022-08-11 23:59:59.999,0.7310585786300049,0.7310585786300049
2022-08-14 23:59:59.999,0.7310585786300049,0.7310585786300049
2022-08-16 23:59:59.999,0.7310585786300049,0.7310585786300049
2022-08-18 23:59:59.999,0.7310585786300049,0.7310585786300049
2022-08-20 23:59:59.999,0.5,0.7310582973742854
2022-08-21 23:59:59.999,0.5,0.7310584380021684
2022-08-22 23:59:59.999,0.5,0.7310582036223375
2022-08-23 23:59:59.999,0.5,0.7310582270603264
2022-08-24 23:59:59.999,0.5,0.7310578051763288
2022-08-25 23:59:59.999,0.5,0.7310581801843474
2022-08-26 23:59:59.999,0.5,0.7310372026654349
2022-08-27 23:59:59.999,0.5,0.7309918455001215
2022-08-28 23:59:59.999,0.5,0.7306877691805597
2022-08-29 23:59:59.999,0.5,0.7310361713417437
2022-08-30 23:59:59.999,0.5,0.730973736444478
2022-08-31 23:59:59.999,0.5,0.7310232209849141
2022-09-01 23:59:59.999,0.5,0.7310348118657861
2022-09-02 23:59:59.999,0.5,0.7310222130673096
2022-09-03 23:59:59.999,0.5,0.731009906904058
2022-09-04 23:59:59.999,0.5,0.7310398278417337
2022-09-05 23:59:59.999,0.5,0.7310279206622287
2022-09-06 23:59:59.999,0.5,0.7305185185931025
2022-09-07 23:59:59.999,0.5,0.7310041873470615
2022-09-08 23:59:59.999,0.5,0.7310143137234157
2022-09-09 23:59:59.999,0.5,0.7310585786300049
2022-09-10 23:59:59.999,0.5,0.7310585786300049
2022-09-11 23:59:59.999,0.5,0.7310585786300049
2022-09-12 23:59:59.999,0.5,0.7310585786300049
2022-09-13 23:59:59.999,0.5,0.7310585551920353
2022-09-14 23:59:59.999,0.5,0.7310585551920353
2022-09-15 23:59:59.999,0.5,0.7310585083160924
2022-09-16 23:59:59.999,0.5,0.7310585083160924
2022-09-17 23:59:59.999,0.5,0.7310585551920353
2022-09-18 23:59:59.999,0.5,0.7310583442502515
2022-09-19 23:59:59.999,0.5,0.7310583911262125
2022-09-20 23:59:59.999,0.5,0.7310571254734527
2022-09-21 23:59:59.999,0.5,0.731052367522916
2022-09-22 23:59:59.999,0.5,0.7310583208122692
2022-09-23 23:59:59.999,0.5,0.7310582739363003
2022-09-24 23:59:59.999,0.5,0.7310577348622885
2022-09-25 23:59:59.999,0.5,0.731057312977803
2022-09-26 23:59:59.999,0.5,0.7310583442502515
2022-09-27 23:59:59.999,0.5,0.7310582504983141
2022-09-28 23:59:59.999,0.5,0.7310585083160924
2022-09-29 23:59:59.999,0.5,0.7310585551920353
2022-09-30 23:59:59.999,0.5,0.7310585551920353
2022-10-01 23:59:59.999,0.5,0.7310585317540645
2022-10-02 23:59:59.999,0.5,0.731058484878119
2022-10-03 23:59:59.999,0.5,0.7310585786300049
2022-10-04 23:59:59.999,0.5,0.7310585786300049
2022-10-05 23:59:59.999,0.5,0.7310585786300049
2022-10-06 23:59:59.999,0.5,0.7310585786300049
2022-10-07 23:59:59.999,0.5,0.7310585786300049
2022-10-08 23:59:59.999,0.5,0.7310585786300049
2022-10-09 23:59:59.999,0.5,0.7310585786300049
2022-10-10 23:59:59.999,0.5,0.7310585551920353
2022-10-11 23:59:59.999,0.5,0.7310585551920353
2022-10-12 23:59:59.999,0.5,0.7310585551920353
2022-10-13 23:59:59.999,0.5,0.7310585786300049
2022-10-14 23:59:59.999,0.5,0.7310585551920353
2022-10-15 23:59:59.999,0.5,0.7310585551920353
2022-10-16 23:59:59.999,0.5,0.7310585786300049
2022-10-17 23:59:59.999,0.5,0.7310585786300049
2022-10-18 23:59:59.999,0.5,0.7310585786300049
2022-10-19 23:59:59.999,0.5,0.7310585551920353
2022-10-20 23:59:59.999,0.5,0.7310585551920353
2022-10-21 23:59:59.999,0.5,0.7310585786300049
2022-10-22 23:59:59.999,0.5,0.7310585786300049
2022-10-23 23:59:59.999,0.5,0.7310585786300049
2022-10-24 23:59:59.999,0.5,0.7310585786300049
2022-10-25 23:59:59.999,0.5000000000000001,0.7310585786300049
2022-10-26 23:59:59.999,0.500046826855259,0.7310585786300049
2022-10-27 23:59:59.999,0.7309962525064893,0.7310585786300049
2022-10-28 23:59:59.999,0.7310585786300049,0.7310585786300049
2022-10-31 23:59:59.999,0.7310585786300049,0.7310585786300049
2022-11-02 23:59:59.999,0.7310585786300049,0.7310585786300049
2022-11-04 23:59:59.999,0.7310585786300049,0.7310585786300049
2022-11-07 23:59:59.999,0.7310585786300049,0.7310585786300049
2022-11-09 23:59:59.999,0.5,0.7310128838561782
2022-11-10 23:59:59.999,0.5,0.7310578520523492
2022-11-11 23:59:59.999,0.5,0.7310536097515876
2022-11-12 23:59:59.999,0.5,0.7310391012320577
2022-11-13 23:59:59.999,0.5,0.7309496601704948
2022-11-14 23:59:59.999,0.5,0.7309819881744365
2022-11-15 23:59:59.999,0.5,0.7310196112224583
2022-11-16 23:59:59.999,0.5,0.7309832892138514
2022-11-17 23:59:59.999,0.5,0.7309850473689052
2022-11-18 23:59:59.999,0.5,0.7309884464480849
2022-11-19 23:59:59.999,0.5,0.7309944709562181
2022-11-20 23:59:59.999,0.5,0.730874562520739
2022-11-21 23:59:59.999,0.5,0.7303596480242064
2022-11-22 23:59:59.999,0.5,0.7309615109312031
2022-11-23 23:59:59.999,0.5,0.731043413993896
2022-11-24 23:59:59.999,0.5,0.7310479376590698
2022-11-25 23:59:59.999,0.5,0.7310488752002393
2022-11-26 23:59:59.999,0.5,0.7310496252316876
2022-11-27 23:59:59.999,0.5,0.7310509846603177
2022-11-28 23:59:59.999,0.5,0.7310452890941045
2022-11-29 23:59:59.999,0.5,0.7310556488738079
2022-11-30 23:59:59.999,0.5,0.7310585317540645
2022-12-01 23:59:59.999,0.5,0.7310585083160924
2022-12-02 23:59:59.999,0.5,0.7310585551920353
2022-12-03 23:59:59.999,0.5,0.7310585317540645
2022-12-04 23:59:59.999,0.5,0.7310585786300049
2022-12-05 23:59:59.999,0.5,0.7310585551920353
2022-12-06 23:59:59.999,0.5,0.7310585786300049
2022-12-07 23:59:59.999,0.5,0.7310585551920353
2022-12-08 23:59:59.999,0.5,0.7310585786300049
2022-12-09 23:59:59.999,0.5,0.7310585786300049
2022-12-10 23:59:59.999,0.5,0.7310585786300049
2022-12-11 23:59:59.999,0.5,0.7310585786300049
2022-12-12 23:59:59.999,0.5,0.7310585786300049
2022-12-13 23:59:59.999,0.5000000000000001,0.7310585786300049
2022-12-14 23:59:59.999,0.5000000001536211,0.7310585786300049
2022-12-15 23:59:59.999,0.5000000373562656,0.7310585786300049
2022-12-16 23:59:59.999,0.5000000000013247,0.7310585551920353
2022-12-17 23:59:59.999,0.5000000000000001,0.7310585786300049
2022-12-18 23:59:59.999,0.5,0.7310585786300049
2022-12-19 23:59:59.999,0.5,0.7310585317540645
2022-12-20 23:59:59.999,0.5,0.7310585786300049
2022-12-21 23:59:59.999,0.5,0.7310585786300049
2022-12-22 23:59:59.999,0.5,0.7310585786300049
2022-12-23 23:59:59.999,0.5,0.7310585786300049
2022-12-24 23:59:59.999,0.5,0.7310585786300049
2022-12-25 23:59:59.999,0.5,0.7310585786300049
2022-12-26 23:59:59.999,0.5,0.7310585786300049
2022-12-27 23:59:59.999,0.5,0.7310585786300049
2022-12-28 23:59:59.999,0.5,0.7310585551920353
2022-12-29 23:59:59.999,0.5,0.7310585551920353
2022-12-30 23:59:59.999,0.5,0.7310585551920353
2022-12-31 23:59:59.999,0.5,0.7310585551920353
2023-01-01 23:59:59.999,0.5,0.7310585551920353
2023-01-02 23:59:59.999,0.5,0.7310585786300049
2023-01-03 23:59:59.999,0.5,0.7310585786300049
2023-01-04 23:59:59.999,0.5,0.7310585786300049
2023-01-05 23:59:59.999,0.5,0.7310585786300049
2023-01-06 23:59:59.999,0.5,0.7310585786300049
2023-01-07 23:59:59.999,0.5,0.7310585786300049
2023-01-08 23:59:59.999,0.5000000000000037,0.7310585786300049
2023-01-09 23:59:59.999,0.5000000000041133,0.7310585786300049
2023-01-10 23:59:59.999,0.500000031170952,0.7310585786300049
2023-01-11 23:59:59.999,0.6482567533039849,0.7310585786300049
2023-01-12 23:59:59.999,0.7310585786300049,0.7310585786300049
2023-01-14 23:59:59.999,0.7310585786300049,0.7310585786300049
2023-01-16 23:59:59.999,0.7310585786300049,0.7310585786300049
2023-01-18 23:59:59.999,0.7310585786300049,0.7310585786300049
2023-01-21 23:59:59.999,0.7310585786300049,0.7310585786300049
2023-01-23 23:59:59.999,0.7310585786300049,0.7310585786300049
2023-01-25 23:59:59.999,0.7310585786300049,0.7310585786300049
2023-01-28 23:59:59.999,0.7310585786300049,0.7310585786300049
2023-01-30 23:59:59.999,0.7310585786300049,0.7310585786300049
2023-02-01 23:59:59.999,0.7310585786300049,0.7310585786300049
2023-02-03 23:59:59.999,0.7310585786300049,0.7310585786300049
2023-02-06 23:59:59.999,0.7310585786300049,0.7310585786300049
2023-02-09 23:59:59.999,0.7310585786300049,0.7310585786300049
2023-02-11 23:59:59.999,0.7310585786300049,0.7310585786300049
2023-02-13 23:59:59.999,0.7310585786300049,0.7310585786300049
2023-02-16 23:59:59.999,0.7310585786300049,0.7310585786300049
2023-02-18 23:59:59.999,0.7310585786300049,0.7310585786300049
2023-02-20 23:59:59.999,0.7310585786300049,0.7310585786300049
2023-02-22 23:59:59.999,0.7310585786300049,0.7310585786300049
2023-02-24 23:59:59.999,0.7310585786300049,0.7310585786300049
2023-02-26 23:59:59.999,0.7310585786300049,0.7310585786300049
2023-02-28 23:59:59.999,0.7310585786300049,0.7310585786300049
2023-03-02 23:59:59.999,0.7310585786300049,0.7310585786300049
2023-03-04 23:59:59.999,0.5413579161545108,0.7310585786300049
2023-03-05 23:59:59.999,0.5000000002396611,0.7310585786300049
2023-03-06 23:59:59.999,0.5000000000000001,0.7310585786300049
2023-03-07 23:59:59.999,0.5,0.7310585551920353
2023-03-08 23:59:59.999,0.5,0.7310582739363003
2023-03-09 23:59:59.999,0.5,0.7310345774729405
2023-03-10 23:59:59.999,0.5,0.7309551460235797
2023-03-11 23:59:59.999,0.5,0.7310138214745812
2023-03-12 23:59:59.999,0.5,0.731058484878119
2023-03-13 23:59:59.999,0.5,0.7310585786300049
2023-03-14 23:59:59.999,0.5,0.7310585786300049
2023-03-15 23:59:59.999,0.5000011022327726,0.7310585786300049
2023-03-16 23:59:59.999,0.7310585786300049,0.7310585786300049
2023-03-18 23:59:59.999,0.7310585786300049,0.7310585786300049
2023-03-20 23:59:59.999,0.7310585786300049,0.7310585786300049
2023-03-23 23:59:59.999,0.7310585786300049,0.7310585786300049
2023-03-25 23:59:59.999,0.7310585786300049,0.7310585786300049
2023-03-28 23:59:59.999,0.7310585786300049,0.7310585786300049
2023-03-30 23:59:59.999,0.7310585786300049,0.7310585786300049
2023-04-01 23:59:59.999,0.7310585786300049,0.7310585786300049
2023-04-03 23:59:59.999,0.7310585786300049,0.7310585786300049
2023-04-06 23:59:59.999,0.7310585786300049,0.7310585786300049
2023-04-11 23:59:59.999,0.7310585786300049,0.7310585786300049
2023-04-13 23:59:59.999,0.7310585786300049,0.7310585786300049
2023-04-15 23:59:59.999,0.7310585786300049,0.7310585786300049
2023-04-18 23:59:59.999,0.7310585786300049,0.7310585786300049
2023-04-20 23:59:59.999,0.7310585786300049,0.7310585786300049
2023-04-22 23:59:59.999,0.7310585786300049,0.7310585786300049
2023-04-24 23:59:59.999,0.731055883255046,0.7310585786300049
2023-04-25 23:59:59.999,0.7138483863083961,0.7310585786300049
2023-04-26 23:59:59.999,0.597331868533721,0.7310585786300049
2023-04-27 23:59:59.999,0.7310585786300049,0.7310585786300049
2023-04-29 23:59:59.999,0.7310585786300049,0.7310585786300049
2023-05-01 23:59:59.999,0.7310585786300049,0.7310585786300049
2023-05-04 23:59:59.999,0.7310585786300049,0.7310585786300049
2023-05-06 23:59:59.999,0.7310585786300049,0.7310585786300049
2023-05-08 23:59:59.999,0.500004472074579,0.7310585786300049
2023-05-09 23:59:59.999,0.5000000000000004,0.7310585551920353
2023-05-10 23:59:59.999,0.5,0.7310585551920353
2023-05-11 23:59:59.999,0.5,0.7310583442502515
2023-05-12 23:59:59.999,0.5,0.7310578754903574
2023-05-13 23:59:59.999,0.5,0.7310573364158408
2023-05-14 23:59:59.999,0.5,0.7310576879862553
2023-05-15 23:59:59.999,0.5,0.7310582504983141
2023-05-16 23:59:59.999,0.5,0.731058062994377
2023-05-17 23:59:59.999,0.5,0.731058484878119
2023-05-18 23:59:59.999,0.5,0.7310579458043746
2023-05-19 23:59:59.999,0.5,0.7310580864323738
2023-05-20 23:59:59.999,0.5,0.7310584145641912
2023-05-21 23:59:59.999,0.5,0.73105801611838
2023-05-22 23:59:59.999,0.5,0.7310582504983141
2023-05-23 23:59:59.999,0.5,0.7310585317540645
2023-05-24 23:59:59.999,0.5,0.7310574301679797
2023-05-25 23:59:59.999,0.5,0.7310579458043746
2023-05-26 23:59:59.999,0.5,0.7310583911262125
2023-05-27 23:59:59.999,0.5,0.7310585083160924
2023-05-28 23:59:59.999,0.5,0.7310585786300049
2023-05-29 23:59:59.999,0.5,0.7310585786300049
2023-05-30 23:59:59.999,0.5,0.7310585786300049
2023-05-31 23:59:59.999,0.5,0.7310585786300049
2023-06-01 23:59:59.999,0.5,0.7310585551920353
2023-06-02 23:59:59.999,0.5,0.7310585786300049
2023-06-03 23:59:59.999,0.5,0.7310585786300049
2023-06-04 23:59:59.999,0.5,0.7310585786300049
2023-06-05 23:59:59.999,0.5,0.7310579458043746
2023-06-06 23:59:59.999,0.5,0.7310585786300049
2023-06-07 23:59:59.999,0.5,0.7310585551920353
2023-06-08 23:59:59.999,0.5,0.7310585551920353
2023-06-09 23:59:59.999,0.5,0.7310585551920353
2023-06-10 23:59:59.999,0.5,0.7310583676882327
2023-06-11 23:59:59.999,0.5,0.7310583911262125
2023-06-12 23:59:59.999,0.5,0.7310583442502515
2023-06-13 23:59:59.999,0.5,0.7310583442502515
2023-06-14 23:59:59.999,0.5,0.7310552269872537
2023-06-15 23:59:59.999,0.5,0.7310580395563792
2023-06-16 23:59:59.999,0.5,0.7310585551920353
2023-06-17 23:59:59.999,0.5,0.7310585786300049
2023-06-18 23:59:59.999,0.5,0.7310585551920353
2023-06-19 23:59:59.999,0.5,0.7310585786300049
2023-06-20 23:59:59.999,0.5,0.7310585786300049
2023-06-21 23:59:59.999,0.7310585786300049,0.7310585786300049
2023-06-23 23:59:59.999,0.7310585786300049,0.7310585786300049
2023-06-26 23:59:59.999,0.7310585786300049,0.7310585786300049
2023-06-29 23:59:59.999,0.7310585786300049,0.7310585786300049
2023-07-01 23:59:59.999,0.7310585786300049,0.7310585786300049
2023-07-06 23:59:59.999,0.7310585786300049,0.7310585786300049
2023-07-11 23:59:59.999,0.7310585786300049,0.7310585786300049
2023-07-13 23:59:59.999,0.7310585786300049,0.7310585786300049
2023-07-15 23:59:59.999,0.7310585786300049,0.7310585786300049
2023-07-18 23:59:59.999,0.7310585786300049,0.7310585786300049
2023-07-20 23:59:59.999,0.7310585786300049,0.7310585786300049
2023-07-25 23:59:59.999,0.5000000000402407,0.7310585786300049
2023-07-26 23:59:59.999,0.5000000000000006,0.7310585786300049
2023-07-27 23:59:59.999,0.5,0.7310585551920353
2023-07-28 23:59:59.999,0.5,0.7310585551920353
2023-07-29 23:59:59.999,0.5,0.7310585786300049
2023-07-30 23:59:59.999,0.5,0.7310585551920353
2023-07-31 23:59:59.999,0.5,0.7310585551920353
2023-08-01 23:59:59.999,0.5,0.7310585786300049
2023-08-02 23:59:59.999,0.5,0.7310585551920353
2023-08-03 23:59:59.999,0.5,0.7310585551920353
2023-08-04 23:59:59.999,0.5,0.7310585551920353
2023-08-05 23:59:59.999,0.5,0.7310585317540645
2023-08-06 23:59:59.999,0.5,0.7310585317540645
2023-08-07 23:59:59.999,0.5,0.7310585551920353
2023-08-08 23:59:59.999,0.5,0.7310585786300049
2023-08-09 23:59:59.999,0.5,0.7310585786300049
2023-08-10 23:59:59.999,0.5,0.7310585786300049
2023-08-11 23:59:59.999,0.5,0.7310585786300049
2023-08-12 23:59:59.999,0.5,0.7310585786300049
2023-08-13 23:59:59.999,0.5,0.7310585786300049
2023-08-14 23:59:59.999,0.5,0.7310585786300049
2023-08-15 23:59:59.999,0.5,0.7310585786300049
2023-08-16 23:59:59.999,0.5,0.7310584145641912
2023-08-17 23:59:59.999,0.5,0.7306569202954993
2023-08-18 23:59:59.999,0.5,0.7268973080798615
2023-08-19 23:59:59.999,0.5,0.7223056207780861
2023-08-20 23:59:59.999,0.5,0.7213302070579117
2023-08-21 23:59:59.999,0.5,0.7128506223940388
2023-08-22 23:59:59.999,0.5,0.7014453371167363
2023-08-23 23:59:59.999,0.5,0.7289929995904936
2023-08-24 23:59:59.999,0.5,0.7267367579647805
2023-08-25 23:59:59.999,0.5,0.724856962363912
2023-08-26 23:59:59.999,0.5,0.7241593192144435
2023-08-27 23:59:59.999,0.5,0.7279828967500326
2023-08-28 23:59:59.999,0.5,0.7288650620100545
2023-08-29 23:59:59.999,0.5,0.7310585317540645
2023-08-30 23:59:59.999,0.5,0.7310584380021684
2023-08-31 23:59:59.999,0.5,0.7310461563251562
2023-09-01 23:59:59.999,0.5,0.7310379527174586
2023-09-02 23:59:59.999,0.5,0.7310428749010568
2023-09-03 23:59:59.999,0.5,0.73104990649314
2023-09-04 23:59:59.999,0.5,0.7310455469197369
2023-09-05 23:59:59.999,0.5,0.7310449609521644
2023-09-06 23:59:59.999,0.5,0.7310446562487078
2023-09-07 23:59:59.999,0.5,0.73105801611838
2023-09-08 23:59:59.999,0.5,0.7310568207787076
2023-09-09 23:59:59.999,0.5,0.7310570551593002
2023-09-10 23:59:59.999,0.5,0.731056891092899
2023-09-11 23:59:59.999,0.5,0.731035069697767
2023-09-12 23:59:59.999,0.5,0.7310581567463559
2023-09-13 23:59:59.999,0.5,0.7310585317540645
2023-09-14 23:59:59.999,0.5,0.7310585786300049
2023-09-15 23:59:59.999,0.5,0.7310585786300049
2023-09-16 23:59:59.999,0.5,0.7310585786300049
2023-09-17 23:59:59.999,0.5,0.7310585786300049
2023-09-18 23:59:59.999,0.5,0.7310585786300049
2023-09-19 23:59:59.999,0.5,0.7310585786300049
2023-09-20 23:59:59.999,0.5000000000000664,0.7310585786300049
2023-09-21 23:59:59.999,0.500000000004035,0.7310585786300049
2023-09-22 23:59:59.999,0.5000000000055881,0.7310585786300049
2023-09-23 23:59:59.999,0.5000000000072006,0.7310585786300049
2023-09-24 23:59:59.999,0.5000000000000548,0.7310585786300049
2023-09-25 23:59:59.999,0.5000000000000006,0.7310585786300049
2023-09-26 23:59:59.999,0.5,0.7310585786300049
2023-09-27 23:59:59.999,0.5,0.7310585786300049
2023-09-28 23:59:59.999,0.5000000000000158,0.7310585786300049
2023-09-29 23:59:59.999,0.5000000002467081,0.7310585786300049
2023-09-30 23:59:59.999,0.5000004995478093,0.7310585786300049
2023-10-01 23:59:59.999,0.7310526956591441,0.7310585786300049
2023-10-02 23:59:59.999,0.7310585786300049,0.7310585786300049
2023-10-06 23:59:59.999,0.7310585786300049,0.7310585786300049
2023-10-10 23:59:59.999,0.7310585786300049,0.7310585786300049
2023-10-12 23:59:59.999,0.7310585786300049,0.7310585786300049
2023-10-14 23:59:59.999,0.5963391635118138,0.7310585786300049
2023-10-15 23:59:59.999,0.5023418663648542,0.7310585786300049
2023-10-16 23:59:59.999,0.7310585551920353,0.7310585786300049
2023-10-17 23:59:59.999,0.7310585786300049,0.7310585786300049
2023-10-19 23:59:59.999,0.7310585786300049,0.7310585786300049
2023-10-21 23:59:59.999,0.7310585786300049,0.7310585786300049
2023-10-23 23:59:59.999,0.7310585786300049,0.7310585786300049
2023-10-25 23:59:59.999,0.7310585786300049,0.7310585786300049
2023-10-27 23:59:59.999,0.7310585786300049,0.7310585786300049
2023-11-02 23:59:59.999,0.7310585786300049,0.7310585786300049
2023-11-04 23:59:59.999,0.7310585786300049,0.7310585786300049
2023-11-06 23:59:59.999,0.7310585786300049,0.7310585786300049
2023-11-09 23:59:59.999,0.7310585786300049,0.7310585786300049
2023-11-12 23:59:59.999,0.7310585786300049,0.7310585786300049
2023-11-14 23:59:59.999,0.7310585786300049,0.7310585786300049
2023-11-16 23:59:59.999,0.7310585786300049,0.7310585786300049
2023-11-18 23:59:59.999,0.7310585786300049,0.7310585786300049
2023-11-21 23:59:59.999,0.7310585786300049,0.7310585786300049
2023-11-23 23:59:59.999,0.7310585786300049,0.7310585786300049
2023-11-25 23:59:59.999,0.7310585786300049,0.7310585786300049
2023-11-27 23:59:59.999,0.7310585786300049,0.7310585786300049
2023-11-29 23:59:59.999,0.7310585786300049,0.7310585786300049
2023-12-02 23:59:59.999,0.7310585786300049,0.7310585786300049
2023-12-05 23:59:59.999,0.7310585786300049,0.7310585786300049
2023-12-07 23:59:59.999,0.7310585786300049,0.7310585786300049
2023-12-09 23:59:59.999,0.7310585786300049,0.7310585786300049
2023-12-12 23:59:59.999,0.7310585786300049,0.7310585786300049
2023-12-14 23:59:59.999,0.7310585786300049,0.7310585786300049
2023-12-16 23:59:59.999,0.7310585786300049,0.7310585786300049
2023-12-18 23:59:59.999,0.7310585786300049,0.7310585786300049
2023-12-20 23:59:59.999,0.7310585786300049,0.7310585786300049
2023-12-22 23:59:59.999,0.7310585786300049,0.7310585786300049
2023-12-24 23:59:59.999,0.7310585786300049,0.7310585786300049
2023-12-27 23:59:59.999,0.7310585786300049,0.7310585786300049
2023-12-29 23:59:59.999,0.7310585786300049,0.7310585786300049
2024-01-01 23:59:59.999,0.7310585786300049,0.7310585786300049
2024-01-03 23:59:59.999,0.7310585786300049,0.7310585786300049
2024-01-05 23:59:59.999,0.7310585786300049,0.7310585786300049
2024-01-07 23:59:59.999,0.7310585786300049,0.7310585786300049
2024-01-09 23:59:59.999,0.7310585786300049,0.7310585786300049
2024-01-11 23:59:59.999,0.7310585786300049,0.7310585786300049
2024-01-13 23:59:59.999,0.7310585786300049,0.7310585786300049
2024-01-15 23:59:59.999,0.7310585786300049,0.7310585786300049
2024-01-17 23:59:59.999,0.7303830298927961,0.7310585786300049
2024-01-18 23:59:59.999,0.5,0.7310585551920353
2024-01-19 23:59:59.999,0.5,0.7310585551920353
2024-01-20 23:59:59.999,0.5,0.7310585317540645
2024-01-21 23:59:59.999,0.5,0.7310584614401443
2024-01-22 23:59:59.999,0.5,0.7310503752618137
2024-01-23 23:59:59.999,0.5,0.7310477970277162
2024-01-24 23:59:59.999,0.5,0.731045570358423
2024-01-25 23:59:59.999,0.5,0.7310335930215799
2024-01-26 23:59:59.999,0.5,0.7310583442502515
2024-01-27 23:59:59.999,0.5,0.7310585083160924
2024-01-28 23:59:59.999,0.5,0.7310585317540645
2024-01-29 23:59:59.999,0.5,0.7310585786300049
2024-01-30 23:59:59.999,0.5,0.7310585786300049
2024-01-31 23:59:59.999,0.5,0.7310585786300049
2024-02-01 23:59:59.999,0.5,0.7310585786300049
2024-02-02 23:59:59.999,0.5000000000002521,0.7310585786300049
2024-02-03 23:59:59.999,0.5000005129699048,0.7310585786300049
2024-02-04 23:59:59.999,0.5000065844415073,0.7310585786300049
2024-02-05 23:59:59.999,0.500162351114092,0.7310585786300049
2024-02-06 23:59:59.999,0.7194143315825209,0.7310585786300049
2024-02-07 23:59:59.999,0.7310585786300049,0.7310585786300049
2024-02-10 23:59:59.999,0.7310585786300049,0.7310585786300049
2024-02-13 23:59:59.999,0.7310585786300049,0.7310585786300049
2024-02-15 23:59:59.999,0.7310585786300049,0.7310585786300049
2024-02-17 23:59:59.999,0.7310585786300049,0.7310585786300049
2024-02-21 23:59:59.999,0.7310585786300049,0.7310585786300049
2024-02-23 23:59:59.999,0.7310585786300049,0.7310585786300049
2024-02-27 23:59:59.999,0.7310585786300049,0.7310585786300049
2024-02-29 23:59:59.999,0.7310585786300049,0.7310585786300049
2024-03-02 23:59:59.999,0.7310585786300049,0.7310585786300049
2024-03-04 23:59:59.999,0.7310585786300049,0.7310585786300049
2024-03-06 23:59:59.999,0.7310585786300049,0.7310585786300049
2024-03-09 23:59:59.999,0.7310585786300049,0.7310585786300049
2024-03-11 23:59:59.999,0.7310585786300049,0.7310585786300049
2024-03-13 23:59:59.999,0.7310585786300049,0.7310585786300049
2024-03-15 23:59:59.999,0.7310585786300049,0.7310585786300049
2024-03-17 23:59:59.999,0.7310585786300049,0.7310585786300049
2024-03-19 23:59:59.999,0.7310585786300049,0.7310585786300049
2024-03-21 23:59:59.999,0.7310585786300049,0.7310585786300049
2024-03-23 23:59:59.999,0.7310585786300049,0.7310585786300049
2024-03-25 23:59:59.999,0.7310585786300049,0.7310585786300049
2024-03-27 23:59:59.999,0.7310585786300049,0.7310585786300049
2024-03-30 23:59:59.999,0.7310585786300049,0.7310585786300049
2024-04-02 23:59:59.999,0.7310585786300049,0.7310585786300049
2024-04-04 23:59:59.999,0.7310585786300049,0.7310585786300049
2024-04-06 23:59:59.999,0.7310585786300049,0.7310585786300049
2024-04-08 23:59:59.999,0.7310585786300049,0.7310585786300049
2024-04-10 23:59:59.999,0.7310585786300049,0.7310585786300049
2024-04-12 23:59:59.999,0.7310585786300049,0.7310585786300049
2024-04-14 23:59:59.999,0.7310585786300049,0.7310585786300049
2024-04-16 23:59:59.999,0.5,0.7310584145641912
2024-04-17 23:59:59.999,0.5,0.7310431092893316
2024-04-18 23:59:59.999,0.5,0.7310532581778032
2024-04-19 23:59:59.999,0.5,0.731052484714455
2024-04-20 23:59:59.999,0.5,0.7310570317212467
2024-04-21 23:59:59.999,0.5,0.7310575239200979
2024-04-22 23:59:59.999,0.5,0.7310585317540645
2024-04-23 23:59:59.999,0.5,0.7310585551920353
2024-04-24 23:59:59.999,0.5,0.7310583208122692
2024-04-25 23:59:59.999,0.5,0.7310583208122692
2024-04-26 23:59:59.999,0.5,0.7310577817383167
2024-04-27 23:59:59.999,0.5,0.7310568442167726
2024-04-28 23:59:59.999,0.5,0.7310544535274847
2024-04-29 23:59:59.999,0.5,0.7310571020354032
2024-04-30 23:59:59.999,0.5,0.7309103545446808
2024-05-01 23:59:59.999,0.5,0.7211458133030003
2024-05-02 23:59:59.999,0.5,0.7137068996975647
2024-05-03 23:59:59.999,0.5,0.7309779326566899
2024-05-04 23:59:59.999,0.5,0.7310523909612264
2024-05-05 23:59:59.999,0.5,0.7310572661017232
2024-05-06 23:59:59.999,0.5,0.7310571020354032
2024-05-07 23:59:59.999,0.5,0.7310556723119375
2024-05-08 23:59:59.999,0.5,0.7310456172357913
2024-05-09 23:59:59.999,0.5,0.7310578989283645
2024-05-10 23:59:59.999,0.5,0.731048547061065
2024-05-11 23:59:59.999,0.5,0.7310443984225358
2024-05-12 23:59:59.999,0.5,0.731053164424745
2024-05-13 23:59:59.999,0.5,0.7310582270603264
2024-05-14 23:59:59.999,0.5,0.7310572661017232
2024-05-15 23:59:59.999,0.5,0.7310585786300049
2024-05-16 23:59:59.999,0.5,0.7310585786300049
2024-05-17 23:59:59.999,0.7299028349669863,0.7310585786300049
2024-05-18 23:59:59.999,0.7310585786300049,0.7310585786300049
2024-05-20 23:59:59.999,0.7310585786300049,0.7310585786300049
2024-05-22 23:59:59.999,0.7310585786300049,0.7310585786300049
2024-05-24 23:59:59.999,0.7310585786300049,0.7310585786300049
2024-05-27 23:59:59.999,0.7310585786300049,0.7310585786300049
2024-05-29 23:59:59.999,0.7310585786300049,0.7310585786300049
2024-05-31 23:59:59.999,0.7310585786300049,0.7310585786300049
2024-06-03 23:59:59.999,0.7310585786300049,0.7310585786300049
2024-06-05 23:59:59.999,0.7310585786300049,0.7310585786300049
2024-06-08 23:59:59.999,0.7310585786300049,0.7310585786300049
2024-06-12 23:59:59.999,0.7310585786300049,0.7310585786300049
2024-06-14 23:59:59.999,0.7310585786300049,0.7310585786300049
2024-06-18 23:59:59.999,0.5,0.7310582739363003
2024-06-19 23:59:59.999,0.5,0.7310573832919128
2024-06-20 23:59:59.999,0.5,0.7310552973017084
2024-06-21 23:59:59.999,0.5,0.7310333117493442
2024-06-22 23:59:59.999,0.5,0.7310204550657746
2024-06-23 23:59:59.999,0.5,0.7305993219200794
2024-06-24 23:59:59.999,0.5,0.6610480456925252
2024-06-25 23:59:59.999,0.5,0.7214625212858302
2024-06-26 23:59:59.999,0.5,0.6709017283063767
2024-06-27 23:59:59.999,0.5,0.7123586686851452
2024-06-28 23:59:59.999,0.5,0.631376409704664
2024-06-29 23:59:59.999,0.5,0.6777218879022827
2024-06-30 23:59:59.999,0.5,0.7300112688211813
2024-07-01 23:59:59.999,0.5,0.7307512545600023
2024-07-02 23:59:59.999,0.5,0.7305453765141747
2024-07-03 23:59:59.999,0.5,0.7228360853345084
2024-07-04 23:59:59.999,0.5,0.5381971194925984
2024-07-05 23:59:59.999,0.5,0.5054268615028371
2024-07-06 23:59:59.999,0.5,0.5505838968601889
2024-07-07 23:59:59.999,0.5,0.5023308134370427
2024-07-08 23:59:59.999,0.5,0.505699040350137
2024-07-09 23:59:59.999,0.5,0.5594309900431257
2024-07-10 23:59:59.999,0.5,0.5680961009554992
2024-07-11 23:59:59.999,0.5,0.5667762911499696
2024-07-12 23:59:59.999,0.5,0.6585247752035103
2024-07-13 23:59:59.999,0.5,0.7280905988301201
2024-07-14 23:59:59.999,0.5,0.7310221193074111
2024-07-15 23:59:59.999,0.5,0.7310585786300049
2024-07-16 23:59:59.999,0.5,0.7310585786300049
2024-07-17 23:59:59.999,0.5,0.7310585786300049
2024-07-18 23:59:59.999,0.500020302224573,0.7310585786300049
2024-07-19 23:59:59.999,0.7310585786300049,0.7310585786300049
2024-07-22 23:59:59.999,0.7310585786300049,0.7310585786300049
2024-07-24 23:59:59.999,0.7310585786300049,0.7310585786300049
2024-07-26 23:59:59.999,0.7310585786300049,0.7310585786300049
2024-07-28 23:59:59.999,0.7310585786300049,0.7310585786300049
2024-07-30 23:59:59.999,0.7310585786300049,0.7310585786300049
2024-08-01 23:59:59.999,0.7310585786300049,0.7310585786300049
2024-08-03 23:59:59.999,0.7310585786300049,0.7310585786300049
2024-08-05 23:59:59.999,0.5,0.7228874067035681
2024-08-06 23:59:59.999,0.5,0.7195946624668218
2024-08-07 23:59:59.999,0.5,0.5968905124668145
2024-08-08 23:59:59.999,0.5,0.7309841331291835
2024-08-09 23:59:59.999,0.5,0.7310100709885754
2024-08-10 23:59:59.999,0.5,0.731041960785551
2024-08-11 23:59:59.999,0.5,0.7309274581543115
2024-08-12 23:59:59.999,0.5,0.7309979637253865
2024-08-13 23:59:59.999,0.5,0.7310512893592424
2024-08-14 23:59:59.999,0.5,0.731015485742159
2024-08-15 23:59:59.999,0.5,0.7308428712320914
2024-08-16 23:59:59.999,0.5,0.7310163061533588
2024-08-17 23:59:59.999,0.5,0.7310470001158343
2024-08-18 23:59:59.999,0.5,0.7310301708634159
2024-08-19 23:59:59.999,0.5,0.7310536800663097
2024-08-20 23:59:59.999,0.5,0.7310536331898294
2024-08-21 23:59:59.999,0.5,0.7310584614401443
2024-08-22 23:59:59.999,0.5,0.731058484878119
2024-08-23 23:59:59.999,0.5,0.7310585786300049
2024-08-24 23:59:59.999,0.5000000037953938,0.7310585786300049
2024-08-25 23:59:59.999,0.7310585786300049,0.7310585786300049
2024-08-27 23:59:59.999,0.7310585786300049,0.7310585786300049
2024-08-29 23:59:59.999,0.5,0.7310585786300049
2024-08-30 23:59:59.999,0.5,0.7310585551920353
2024-08-31 23:59:59.999,0.5,0.7310585083160924
2024-09-01 23:59:59.999,0.5,0.7310568442167726
2024-09-02 23:59:59.999,0.5,0.7310583911262125
2024-09-03 23:59:59.999,0.5,0.7310562817028545
2024-09-04 23:59:59.999,0.5,0.7310567035883628
2024-09-05 23:59:59.999,0.5,0.7310221661873629
2024-09-06 23:59:59.999,0.5,0.7291186742992248
2024-09-07 23:59:59.999,0.5,0.7244991705200244
2024-09-08 23:59:59.999,0.5,0.726457708610447
2024-09-09 23:59:59.999,0.5,0.7309428965321101
2024-09-10 23:59:59.999,0.5,0.7310403200604866
2024-09-11 23:59:59.999,0.5,0.7310474688877103
2024-09-12 23:59:59.999,0.5,0.7310573598538775
2024-09-13 23:59:59.999,0.5,0.7310585786300049
2024-09-14 23:59:59.999,0.5,0.7310585786300049
2024-09-15 23:59:59.999,0.5,0.7310585786300049
2024-09-16 23:59:59.999,0.5,0.7310585786300049
2024-09-17 23:59:59.999,0.5,0.7310585786300049
2024-09-18 23:59:59.999,0.7310488517617353,0.7310585786300049
2024-09-19 23:59:59.999,0.7310585786300049,0.7310585786300049
2025-03-10 23:59:59.999,0.5,0.5000007683015042
2025-09-01 23:59:59.999,0.5,0.6985038485210945
